entry_rva	start_rva	end_exclusive
0x11ec	0x11ec	0x1236
0x1750	0x1750	0x179a
0x1eae	0x1eae	0x1ef9
0x1f64	0x1f64	0x1faf
0x25b2	0x25b2	0x2600
0x5422	0x5422	0x546c
0x16bb0	0x16bb0	0x16bd3
0x16be0	0x16be0	0x16c03
0x172d0	0x172d0	0x172f5
0x17330	0x17330	0x17355
0x17b30	0x17b30	0x17b51
0x19d90	0x19d90	0x19db1
0x2f5f4	0x2f5f4	0x2f642
0x2f642	0x2f642	0x2f681
0x35d10	0x35d10	0x35d38
0x35e70	0x35e70	0x35e9b
0x382f0	0x382f0	0x3830f
0x387d0	0x387d0	0x387eb
0x3a210	0x3a210	0x3a24b
0x3b810	0x3b810	0x3b84e
0x3fd80	0x3fd80	0x3fd85
0x408c0	0x408c0	0x408c9
0x40ef8	0x40ef8	0x40f1e
0x40f4c	0x40f4c	0x40f64
0x41024	0x41024	0x41037
0x41a06	0x41a06	0x41a0b
0x41a0b	0x41a0b	0x41a10
0x41b85	0x41b85	0x41ba6
0x41d62	0x41d62	0x41d97
0x41e65	0x41e65	0x41e6a
0x41e6a	0x41e6a	0x41e9f
0x41eb9	0x41eb9	0x41ebe
0x41ebe	0x41ebe	0x41ec3
0x41fcf	0x41fcf	0x42004
0x42068	0x42068	0x42070
0x42091	0x42091	0x420d6
0x420dc	0x420dc	0x420e4
0x421d5	0x421d5	0x421f2
0x43f94	0x43f94	0x43f99
0x441f7	0x441f7	0x44235
0x44360	0x44360	0x443ba
0x4450e	0x4450e	0x44545
0x4455a	0x4455a	0x4457c
0x4481a	0x4481a	0x4488c
0x448b9	0x448b9	0x448c4
0x448c4	0x448c4	0x448cf
0x44fd5	0x44fd5	0x44ff2
0x45086	0x45086	0x450a3
0x450a3	0x450a3	0x450ce
0x450ce	0x450ce	0x45127
0x4538c	0x4538c	0x453ac
0x453d6	0x453d6	0x453f5
0x466fa	0x466fa	0x46734
0x46734	0x46734	0x46791
0x46791	0x46791	0x467b2
0x49f2b	0x49f2b	0x49f35
0x49f35	0x49f35	0x49f4f
0x49f4f	0x49f4f	0x49f66
0x4c45d	0x4c45d	0x4c492
0x4c6c6	0x4c6c6	0x4c6d4
0x4c755	0x4c755	0x4c75a
0x4c75a	0x4c75a	0x4c75f
0x4c75f	0x4c75f	0x4c7a8
0x4c7a8	0x4c7a8	0x4c7f0
0x4c912	0x4c912	0x4c91a
0x4ce2e	0x4ce2e	0x4ce36
0x4e3a1	0x4e3a1	0x4e3a6
0x4e3a6	0x4e3a6	0x4e3b2
0x4e3b2	0x4e3b2	0x4e3f1
0x4f7f4	0x4f7f4	0x4f82b
0x4fa17	0x4fa17	0x4fa1f
0x500e5	0x500e5	0x50100
0x51155	0x51155	0x5116b
0x51173	0x51173	0x5117b
0x512bc	0x512bc	0x512c4
0x514bb	0x514bb	0x514dd
0x515b3	0x515b3	0x515c7
0x5164f	0x5164f	0x5168c
0x5181b	0x5181b	0x51840
0x51840	0x51840	0x51846
0x5185e	0x5185e	0x51888
0x518a4	0x518a4	0x518b2
0x51a46	0x51a46	0x51a6b
0x51c9a	0x51c9a	0x51ca2
0x51ca2	0x51ca2	0x51cba
0x51d57	0x51d57	0x51d62
0x51dee	0x51dee	0x51df9
0x51e4d	0x51e4d	0x51e6a
0x527e2	0x527e2	0x527fb
0x531f6	0x531f6	0x5320f
0x53281	0x53281	0x5329c
0x5329c	0x5329c	0x532b7
0x533cb	0x533cb	0x53448
0x56acb	0x56acb	0x56b0a
0x579de	0x579de	0x57a35
0x581f0	0x581f0	0x581f5
0x5925e	0x5925e	0x592b3
0x5bd20	0x5bd20	0x5bd28
0x5bd28	0x5bd28	0x5bd30
0x5d41d	0x5d41d	0x5d425
0x5dabb	0x5dabb	0x5dacf
0x5dacf	0x5dacf	0x5dae6
0x5dae6	0x5dae6	0x5dafc
0x62972	0x62972	0x62977
0x62977	0x62977	0x6297c
0x62a1c	0x62a1c	0x62a29
0x62a29	0x62a29	0x62a36
0x62aca	0x62aca	0x62aec
0x62aec	0x62aec	0x62af1
0x62b75	0x62b75	0x62b97
0x62b97	0x62b97	0x62b9c
0x62b9c	0x62b9c	0x62c0f
0x62c45	0x62c45	0x62c95
0x62d94	0x62d94	0x62db3
0x62db3	0x62db3	0x62dd2
0x62dd2	0x62dd2	0x62df1
0x62df1	0x62df1	0x62e10
0x62e10	0x62e10	0x62e2f
0x62e4a	0x62e4a	0x62e4f
0x62e4f	0x62e4f	0x62e64
0x62e6a	0x62e6a	0x62e72
0x62ef8	0x62ef8	0x62f64
0x62f64	0x62f64	0x62fff
0x62fff	0x62fff	0x63082
0x6341b	0x6341b	0x63426
0x63672	0x63672	0x6367d
0x6367d	0x6367d	0x63688
0x63688	0x63688	0x63693
0x636a8	0x636a8	0x636b3
0x63a1d	0x63a1d	0x63a77
0x63c33	0x63c33	0x63c48
0x64801	0x64801	0x64809
0x665b0	0x665b0	0x665b9
0x6692c	0x6692c	0x66962
0x6820f	0x6820f	0x68223
0x6820f	0xea644	0xea6a7
0x69bcc	0x69bcc	0x69c5f
0x6bf62	0x6bf62	0x6c6a3
0x6ce95	0x6ce95	0x6ce9a
0x6cebf	0x6cebf	0x6cecd
0x6cecd	0x6cecd	0x6ceeb
0x6ceee	0x6ceee	0x6cf00
0x6cf0c	0x6cf0c	0x6cf20
0x6cf2c	0x6cf2c	0x6cf40
0x6cf52	0x6cf52	0x6cf66
0x6cf6f	0x6cf6f	0x6cf83
0x6cfa9	0x6cfa9	0x6cfbd
0x6cfc6	0x6cfc6	0x6cfda
0x6cfe3	0x6cfe3	0x6cff7
0x6d000	0x6d000	0x6d014
0x6d05a	0x6d05a	0x6d062
0x6d062	0x6d062	0x6d06d
0x6d5a7	0x6d5a7	0x6d6d9
0x6dd63	0x6dd63	0x6dd67
0x6dd67	0x6dd67	0x6dd6f
0x6ed55	0x6ed55	0x6ed6f
0x6ee06	0x6ee06	0x6ee1b
0x6ee22	0x6ee22	0x6ee27
0x6ee46	0x6ee46	0x6ee5d
0x6f02e	0x6f02e	0x6f039
0x6f796	0x6f796	0x6f7a1
0x723c7	0x723c7	0x723e4
0x724a0	0x724a0	0x724ae
0x72559	0x72559	0x72566
0x72566	0x72566	0x72583
0x72723	0x72723	0x72740
0x72740	0x72740	0x7274b
0x7274b	0x7274b	0x72756
0x72760	0x72760	0x7280a
0x72899	0x72899	0x728b6
0x729eb	0x729eb	0x729f4
0x72a08	0x72a08	0x72a19
0x72a19	0x72a19	0x72a28
0x72a28	0x72a28	0x72a37
0x72a37	0x72a37	0x72a44
0x72a44	0x72a44	0x72a51
0x72a51	0x72a51	0x72a94
0x72ade	0x72ade	0x72aed
0x72f49	0x72f49	0x72f64
0x72f64	0x72f64	0x72f7c
0x74626	0x74626	0x74643
0x78257	0x78257	0x78274
0x7827b	0x7827b	0x78298
0x782f0	0x782f0	0x7831c
0x7831c	0x7831c	0x7832f
0x7832f	0x7832f	0x78363
0x78363	0x78363	0x78375
0x783f8	0x783f8	0x78429
0x78ac6	0x78ac6	0x78ace
0x78adb	0x78adb	0x78ae3
0x791dd	0x79167	0x79176
0x791dd	0x791dd	0x791e5
0x791e5	0x79186	0x791c1
0x791e5	0x791e5	0x791ed
0x7c3f8	0x7c3f8	0x7c3fc
0x7c3fc	0x7c3fc	0x7c404
0x7dff2	0x7dff2	0x7e00f
0x7e0a2	0x7e0a2	0x7e0bd
0x7e103	0x7e103	0x7e10a
0x7e5ee	0x7e5ee	0x7e60b
0x7e7e2	0x7e7e2	0x7e81f
0x7e865	0x7e865	0x7e89c
0x800d6	0x800d6	0x800fa
0x800fa	0x800fa	0x80131
0x80131	0x80131	0x80168
0x80168	0x80168	0x80221
0x80637	0x80637	0x80664
0x80664	0x80664	0x80691
0x822fd	0x822fd	0x82305
0x82305	0x82305	0x8230d
0x82e12	0x82e12	0x82e1d
0x851a6	0x851a6	0x851b7
0x851b7	0x851b7	0x851cd
0x851cd	0x851cd	0x851e2
0x851e2	0x851e2	0x851f3
0x85241	0x85241	0x8525e
0x858e4	0x858e4	0x858ee
0x85b36	0x85b36	0x85b41
0x85ec7	0x85ec7	0x85f05
0x85f2c	0x85f2c	0x85f6a
0x8605a	0x8605a	0x86065
0x86065	0x86065	0x86093
0x86093	0x86093	0x860af
0x8615b	0x8615b	0x86166
0x86166	0x86166	0x86191
0x86191	0x86191	0x8619f
0x86702	0x86702	0x86761
0x8690a	0x8690a	0x8691f
0x86a1e	0x86a1e	0x86a82
0x86a82	0x86a82	0x86a94
0x875a2	0x875a2	0x875ce
0x875d6	0x875d6	0x875f2
0x875f2	0x875f2	0x87642
0x87952	0x87952	0x87973
0x87da0	0x87da0	0x88d05
0x88d05	0x88d05	0x88d0a
0x88eb4	0x88eb4	0x88f38
0x88ff6	0x88ff6	0x8907a
0x8907a	0x8907a	0x890fe
0x8ad96	0x8ad96	0x8adea
0x8bb27	0x8bb27	0x8bb38
0x8bb3c	0x8bb3c	0x8bb46
0x8bb4a	0x8bb4a	0x8bb58
0x8bb5c	0x8bb5c	0x8bb6a
0x8bb6f	0x8bb6f	0x8bb7d
0x8bb85	0x8bb85	0x8bb8f
0x8bb93	0x8bb93	0x8bba1
0x8bba1	0x8bba1	0x8bbb8
0x8bbb8	0x8bbb8	0x8bbc7
0x8bbc7	0x8bbc7	0x8bbdd
0x8bbe0	0x8bbe0	0x8bbf6
0x8bbf6	0x8bbf6	0x8bc2b
0x8bc2b	0x8bc2b	0x8bc37
0x8bc3e	0x8bc3e	0x8bc5d
0x8bc6b	0x8bc6b	0x8bc7c
0x8bc7c	0x8bc7c	0x8bc8d
0x8bd2b	0x8bd2b	0x8bd36
0x8bd43	0x8bd43	0x8bd4e
0x8bd4e	0x8bd4e	0x8bd59
0x8bd59	0x8bd59	0x8bd5e
0x8d134	0x8d134	0x8d139
0x8d139	0x8d139	0x8d1dd
0x8d1dd	0x8d1dd	0x8d218
0x8d218	0x8d218	0x8d253
0x8d2b8	0x8d2b8	0x8d3c1
0x8d3c1	0x8d3c1	0x8d477
0x8d55d	0x8d55d	0x8d807
0x8dae4	0x8dae4	0x8db18
0x8db18	0x8db18	0x8de1c
0x8de53	0x8de53	0x8de5e
0x8de7a	0x8de7a	0x8e10e
0x8e52b	0x8e52b	0x8e533
0x8e5f4	0x8e5f4	0x8e623
0x8ef81	0x8ef81	0x8ef95
0x8efd8	0x8efd8	0x8f00d
0x8f0bb	0x8f0bb	0x8f0c0
0x8f0c0	0x8f0c0	0x8f0c5
0x8f0c5	0x8f0c5	0x8f0ca
0x8f179	0x8f179	0x8f32c
0x8f371	0x8f371	0x8f379
0x8fc63	0x8fc63	0x8fc9d
0x8fcae	0x8fcae	0x8fce3
0x8fce3	0x8fce3	0x8fd0e
0x8fd0e	0x8fd0e	0x8fd3d
0x8fd3d	0x8fd3d	0x8fd68
0x8fd68	0x8fd68	0x8fd97
0x8fd97	0x8fd97	0x8fdc6
0x8fe84	0x8fe84	0x8feaf
0x8feaf	0x8feaf	0x8fede
0x8fede	0x8fede	0x8ff0d
0x8ff0d	0x8ff0d	0x8ff12
0x8ff56	0x8ff56	0x8ff78
0x8ffe0	0x8ffe0	0x90000
0x900e3	0x900e3	0x90109
0x90109	0x90109	0x90125
0x90125	0x90125	0x9014a
0x90417	0x90417	0x90430
0x90430	0x90430	0x9045e
0x906de	0x906de	0x906fb
0x907b7	0x907b7	0x907bc
0x907bc	0x907bc	0x907c1
0x90838	0x90838	0x90840
0x909b7	0x909b7	0x90f72
0x90f72	0x90f72	0x90f7d
0x90f7d	0x90f7d	0x90f88
0x910c7	0x910c7	0x910d8
0x910e1	0x910e1	0x910ee
0x910ee	0x910ee	0x910fb
0x910fb	0x910fb	0x910ff
0x9116f	0x9116f	0x91189
0x91d32	0x91d32	0x91d3d
0x91d3d	0x91d3d	0x91d61
0x91db2	0x91db2	0x91dc4
0x91de3	0x91de3	0x91dfb
0x91dfb	0x68420	0x6842b
0x91dfb	0x91dfb	0x91e0a
0x91e0a	0x68415	0x68420
0x91e0a	0x91e0a	0x91e19
0x91e19	0x91e19	0x91e38
0x91e38	0x91e38	0x91e45
0x91e45	0x91e45	0x91e64
0x91e64	0x91e64	0x91e83
0x91edd	0x68283	0x68295
0x91edd	0x91edd	0x91eec
0x91edd	0xea2c0	0xea327
0x91eec	0x91eec	0x91f2a
0x91f2a	0x6819b	0x681af
0x91f2a	0x91f2a	0x91f3b
0x91f3b	0x682e1	0x682fa
0x91f3b	0x91f3b	0x91f51
0x91f3b	0xd3c4b	0xd3c74
0x91f51	0x681af	0x681d3
0x91f51	0x91f51	0x91f62
0x91f62	0x681d3	0x681e7
0x91f62	0x91f62	0x91f73
0x91f73	0x681e7	0x681fb
0x91f73	0x91f73	0x91f84
0x91f84	0x681fb	0x6820f
0x91f84	0x91f84	0x91f95
0x91f84	0xea6a7	0xea746
0x91f95	0x91f95	0x91fab
0x91fab	0x68061	0x68073
0x91fab	0x91fab	0x91fba
0x92014	0x92014	0x92024
0x92032	0x92032	0x9203a
0x92832	0x92832	0x9292b
0x94c58	0x94c58	0x94c70
0x94c70	0x94c70	0x94ca9
0x94ca9	0x94ca9	0x94cea
0x94cea	0x94cea	0x94d3a
0x94da8	0x94da8	0x94db3
0x9520c	0x9520c	0x95224
0x95343	0x95343	0x95360
0x98560	0x98560	0x98565
0x9862e	0x9862e	0x9864b
0x98bc3	0x98bc3	0x98bc8
0x98bc8	0x98bc8	0x98bd4
0x99109	0x99109	0x9910e
0x9aa01	0x9aa01	0x9aa0b
0x9ac2f	0x9ac2f	0x9ac4e
0x9ac4e	0x9ac4e	0x9ac77
0x9ac77	0x9ac77	0x9aca0
0x9aca7	0x9aca7	0x9acb8
0x9ad06	0x9ad06	0x9ad24
0x9ad24	0x9ad24	0x9ad42
0x9ad42	0x9ad42	0x9ad4d
0x9ad42	0x210e9d	0x210eac
0x9ad4d	0x9ad4d	0x9ad78
0x9ad78	0x9ad78	0x9ada0
0x9af90	0x9af90	0x9afa5
0x9afa5	0x9afa5	0x9afce
0x9afce	0x9afce	0x9b023
0x9b023	0x9b023	0x9b0ab
0x9b0ab	0x9b0ab	0x9b0b7
0x9c144	0x9c144	0x9c18a
0x9dde6	0x9dde6	0x9de01
0x9df9a	0x9df9a	0x9dfdd
0x9fd78	0x9fd78	0x9fd8a
0x9fd8d	0x9fd8d	0x9fda5
0x9fda5	0x9fda5	0x9fdbd
0xa086d	0xa086d	0xa087f
0xa087f	0xa087f	0xa0891
0xa08a9	0xa08a9	0xa08c1
0xa08c1	0xa08c1	0xa08d9
0xa0c42	0xa0c42	0xa0c54
0xa0c54	0xa0c54	0xa0c66
0xa0cff	0xa0cff	0xa0d22
0xa0d22	0xa0d22	0xa0d3a
0xa12e6	0xa12e6	0xa12f8
0xa12f8	0xa12f8	0xa12fe
0xa1316	0xa1316	0xa132e
0xa132e	0xa132e	0xa1346
0xa15ec	0xa15ec	0xa15fe
0xa1616	0xa1616	0xa162e
0xa162e	0xa162e	0xa1646
0xa1cfb	0xa1cfb	0xa1d0d
0xa1d0d	0xa1d0d	0xa1d1f
0xa214f	0xa214f	0xa2167
0xa2167	0xa2167	0xa217f
0xa260a	0xa260a	0xa261c
0xa261c	0xa261c	0xa262e
0xa26af	0xa26af	0xa26c7
0xa26df	0xa26df	0xa26f7
0xa3131	0xa3131	0xa3143
0xa3143	0xa3143	0xa3155
0xa331f	0xa331f	0xa3337
0xa3337	0xa3337	0xa334f
0xa3da8	0xa3da8	0xa3dba
0xa3dba	0xa3dba	0xa3dcc
0xa3dfb	0xa3dfb	0xa3e13
0xa3e13	0xa3e13	0xa3e2b
0xa4328	0xa4328	0xa433a
0xa433a	0xa433a	0xa434c
0xa4374	0xa4374	0xa438c
0xa438c	0xa438c	0xa43a4
0xa4783	0xa4783	0xa4795
0xa4795	0xa4795	0xa47a7
0xa492e	0xa492e	0xa4946
0xa4946	0xa4946	0xa495e
0xa495e	0xa495e	0xa4969
0xa4981	0xa4981	0xa4999
0xa6007	0xa6007	0xa6019
0xa6097	0xa6097	0xa60a9
0xa6130	0xa6130	0xa6135
0xa8e9c	0xa8e9c	0xa8eb9
0xa8ec9	0xa8ec9	0xa8ee6
0xa8ef6	0xa8ef6	0xa8f13
0xa91d3	0xa91d3	0xa91d8
0xa91d8	0xa91d8	0xa91dd
0xa91f1	0xa91f1	0xa91fd
0xa91fd	0xa91fd	0xa9211
0xa923e	0xa923e	0xa925d
0xa98dc	0xa98dc	0xa994c
0xa994c	0xa994c	0xa99b8
0xaa87e	0xaa87e	0xaa8ae
0xaa8ae	0xaa8ae	0xaa8c3
0xaa8c3	0xaa8c3	0xaa8d1
0xab469	0xab469	0xab485
0xabd68	0xabd68	0xabd70
0xad770	0xad770	0xad77b
0xaf012	0xaf012	0xaf01a
0xb197c	0xb197c	0xb1984
0xb23d8	0xb23d8	0xb23dd
0xb2d5e	0xb2d5e	0xb2d93
0xb2d93	0xb2d93	0xb2dbb
0xb2dbb	0xb2dbb	0xb2de3
0xb2de3	0xb2de3	0xb2e0b
0xb2e29	0xb2e29	0xb2e4c
0xb3133	0xb3133	0xb3148
0xb314b	0xb314b	0xb316b
0xb316b	0xb316b	0xb318d
0xb318d	0xb318d	0xb3198
0xb3198	0xb3198	0xb31b9
0xb31b9	0xb31b9	0xb31cb
0xb3266	0xb3266	0xb3271
0xb32c2	0xb32c2	0xb32d7
0xb32d7	0xb32d7	0xb32ef
0xb32ef	0xb32ef	0xb330c
0xb330c	0xb330c	0xb333d
0xb333d	0xb333d	0xb3348
0xb373d	0xb373d	0xb3779
0xb3779	0xb3779	0xb377e
0xb377e	0xb377e	0xb37f0
0xb37f0	0xb37f0	0xb3809
0xb3a80	0xb3a80	0xb3aab
0xb5766	0xb5766	0xb57a7
0xb5fb3	0xb5fb3	0xb5fbe
0xb5fbe	0xb5fbe	0xb5fd5
0xb5fd5	0xb5fd5	0xb5fe6
0xb694c	0xb694c	0xb696b
0xb6e9e	0xb6e9e	0xb6ebe
0xb6ebe	0xb6ebe	0xb6ede
0xb7c18	0xb7c18	0xb7c24
0xb82c2	0xb82c2	0xb82f9
0xb901d	0xb901d	0xb9074
0xbbf55	0xbbf55	0xbbfd6
0xbc057	0xbc057	0xbc07e
0xbd691	0xbd691	0xbd6a8
0xbd6a8	0xbd6a8	0xbd6c2
0xbf953	0xbf953	0xbf9fc
0xbfb76	0xbfb76	0xbfd77
0xc199d	0xc199d	0xc19c3
0xc2ca4	0xc2ca4	0xc2cbf
0xc4b61	0xc4b61	0xc4b8a
0xc4b8a	0xc4b8a	0xc4bae
0xc9353	0xc9353	0xc9360
0xca132	0xca132	0xca137
0xcc781	0xcc781	0xcc7a1
0xcc7a1	0xcc7a1	0xcc80e
0xce129	0xce129	0xce147
0xce3de	0xce3de	0xce3e3
0xceb7a	0xceb7a	0xcebbf
0xcf370	0xcf370	0xcf3ba
0xcf3ba	0xcf3ba	0xcf418
0xcf4ae	0xcf4ae	0xcf4c2
0xcf4c2	0xcf4c2	0xcf4d6
0xcfa99	0xcfa99	0xcfab1
0xd0459	0xd0459	0xd0461
0xd0461	0xd0461	0xd0469
0xd3945	0xd3945	0xd397d
0xd3991	0xd3991	0xd3996
0xd4f2f	0xd4f2f	0xd4f4f
0xdd97f	0xdd97f	0xdda6e
0xe1185	0xe1185	0xe1271
0xe1271	0xe1271	0xe1276
0xe132c	0xe132c	0xe1341
0xe13a7	0xe13a7	0xe13ba
0xe1657	0xe1657	0xe1669
0xe188f	0xe188f	0xe190e
0xe1933	0xe1933	0xe196b
0xe3bd9	0xe3bd9	0xe3be1
0xe3be1	0xe3be1	0xe3bec
0xe4886	0xe4886	0xe488f
0xe6878	0xe6878	0xe68c5
0xe68c5	0xe68c5	0xe69e6
0xe7529	0xe7529	0xe7546
0xeaf80	0xeaf80	0xeafa4
0xef7b8	0xef7b8	0xef876
0xef961	0xef961	0xef966
0xef9d6	0xef9d6	0xef9f3
0xefa0e	0xefa0e	0xefa2b
0xefd4b	0xefd4b	0xefd77
0xf0a75	0xf0a75	0xf0ab2
0xf168b	0xf168b	0xf1698
0xf1c0d	0xf1c0d	0xf1c16
0xf1ca1	0xf1ca1	0xf1ca6
0xf1eba	0xf1eba	0xf1ec2
0xf1ec2	0xf1ec2	0xf1ecd
0xf42f7	0xf42f7	0xf42ff
0xf5ad4	0xf5ad4	0xf5b43
0xf5b5f	0xf5b5f	0xf5d1b
0xf6329	0xf6329	0xf6335
0xf6335	0xf6335	0xf633a
0xf63fb	0xf63fb	0xf6425
0xf6425	0xf6425	0xf6476
0xf6476	0xf6476	0xf6490
0xf6499	0xf6499	0xf6544
0xf6544	0xf6544	0xf685e
0xf6d4f	0xf6d4f	0xf6d56
0xf8348	0xf8348	0xf839b
0xf839b	0xf839b	0xf83a9
0xf8735	0xf8735	0xf884c
0xfa83b	0xfa83b	0xfa8ae
0xfb0bc	0xfb0bc	0xfb10b
0xfb10b	0xfb10b	0xfb2c1
0xfb2c1	0xfb2c1	0xfb85d
0xfb85d	0xfb85d	0xfb86c
0xfb86c	0xfb86c	0xfb87b
0xfb87b	0xfb87b	0xfb8b6
0xfb8b6	0xfb8b6	0xfb8eb
0xfba0f	0xfba0f	0xfba20
0xfba20	0xfba20	0xfba47
0xfba57	0xfba57	0xfbc67
0xfc04c	0xfc04c	0xfc34f
0xfc5aa	0xfc5aa	0xfc5b7
0xfc5b7	0xfc5b7	0xfc63d
0xfc8b4	0xfc8b4	0xfc903
0xfc91c	0xfc91c	0xfc943
0xfc946	0xfc946	0xfc95e
0xfc95e	0xfc95e	0xfcf54
0xfcf54	0xfcf54	0xfd257
0xfd4a5	0xfd4a5	0xfd4b3
0xfd4e1	0xfd4e1	0xfd551
0xfd551	0xfd551	0xfd58a
0xfd58a	0xfd58a	0xfd5b7
0xfd5b7	0xfd5b7	0xfdb21
0xfdcf1	0xfdcf1	0xfdd1c
0xfddb8	0xfddb8	0xfdf3f
0x1017e7	0x10004d	0x1001d5
0x1017e7	0x1017e7	0x10185a
0x101cb0	0x101cb0	0x101cbe
0x101cbe	0x101cbe	0x101ccc
0x101ccc	0x101ccc	0x101cda
0x101ce8	0x101ce8	0x101cf6
0x1040e7	0x1040e7	0x1040ec
0x1040ec	0x1040ec	0x1040f1
0x1042c7	0x1042c7	0x1042cf
0x104d7a	0x104d7a	0x104d97
0x104de6	0x104de6	0x104e03
0x104e45	0x104e45	0x104e68
0x104e68	0x104e68	0x104e8e
0x105dc0	0x105dc0	0x105e05
0x105e05	0x105e05	0x105e35
0x105e35	0x105e35	0x105e65
0x105e65	0x105e65	0x105e79
0x105e79	0x105e79	0x105e9c
0x105f6e	0x105f6e	0x105f94
0x105f94	0x105f94	0x105fc6
0x105fe4	0x105fe4	0x106036
0x106036	0x106036	0x106088
0x106153	0x106153	0x10615f
0x1066b3	0x1066b3	0x10670b
0x10713a	0x10713a	0x107152
0x1074c8	0x1074c8	0x1074d5
0x108475	0x108475	0x108492
0x108790	0x108790	0x1087a6
0x108d0f	0x108d0f	0x108d17
0x1091a8	0x1091a8	0x109236
0x109643	0x109643	0x109648
0x109da6	0x109da6	0x109db3
0x10bb04	0x10bb04	0x10bb11
0x10c065	0x10c065	0x10c145
0x112dbe	0x112dbe	0x112ed3
0x1164b6	0x1164b6	0x1164d3
0x125ce0	0x125ce0	0x125d0f
0x129950	0x129950	0x12998f
0x12a550	0x12a550	0x12a578
0x12d780	0x12d780	0x12d79f
0x130f40	0x130f40	0x130f61
0x130f70	0x130f70	0x130f9f
0x130fa0	0x130fa0	0x130fa8
0x131c40	0x131c40	0x131c63
0x131c63	0x131c63	0x131ca5
0x131ca5	0x131ca5	0x131cd3
0x131cd3	0x131cd3	0x131cdb
0x131cdb	0x131cdb	0x131cea
0x131cf2	0x131cf2	0x131d07
0x131d54	0x131d54	0x131d7d
0x1326ea	0x1326ea	0x13270c
0x133ee0	0x133ee0	0x133ee8
0x135e60	0x135e60	0x135e6d
0x13676d	0x13676d	0x136777
0x13bac0	0x13bac0	0x13baf0
0x13bd70	0x13bd70	0x13be20
0x13bef0	0x13bef0	0x13bef8
0x13c3b0	0x13c3b0	0x13c5b7
0x13c600	0x13c600	0x13c630
0x13c660	0x13c660	0x13c690
0x13c6d0	0x13c6d0	0x13c70c
0x13d2b0	0x13d2b0	0x13d2ec
0x13efa0	0x13efa0	0x13f0a5
0x140c00	0x140c00	0x140c1f
0x140cc0	0x140cc0	0x140cc9
0x140e90	0x140e90	0x140ea1
0x141830	0x141830	0x14185a
0x141ca0	0x141ca0	0x141ca8
0x1428e0	0x1428e0	0x1428e8
0x1428f0	0x1428f0	0x1428f8
0x143a20	0x143a20	0x143a6b
0x143c20	0x143c20	0x143c56
0x1460b0	0x1460b0	0x1460b5
0x149940	0x149940	0x14994b
0x149950	0x149950	0x14995b
0x149980	0x149980	0x1499a5
0x149a50	0x149a50	0x149a6c
0x149a70	0x149a70	0x149a8c
0x14a070	0x14a070	0x14a07f
0x14a140	0x14a140	0x14a148
0x14a630	0x14a630	0x14a697
0x14b240	0x14b240	0x14b5e0
0x14b5e0	0x14b5e0	0x14b648
0x14cdbb	0x14cdbb	0x14cdcb
0x14dfe5	0x14dfe5	0x14e321
0x14f00a	0x14f00a	0x14f3ab
0x15140a	0x15140a	0x151415
0x151415	0x151415	0x15142a
0x1518b2	0x1518b2	0x1518d1
0x151cee	0x151cee	0x151d1a
0x151d5f	0x151d5f	0x151d85
0x151d85	0x151d85	0x151dab
0x1524be	0x1524be	0x1524ca
0x1566e0	0x1566e0	0x15670f
0x1567d0	0x1567d0	0x1567ff
0x157b50	0x157b50	0x157b7f
0x15e750	0x15e750	0x15e758
0x1673c0	0x1673c0	0x1673c8
0x16814c	0x16814c	0x168157
0x1684b2	0x1684b2	0x1684ba
0x169ff0	0x169ff0	0x169ff8
0x172930	0x172930	0x172938
0x175e50	0x175e50	0x175f43
0x176940	0x176940	0x17695f
0x1769b0	0x1769b0	0x176a29
0x17ece0	0x17ece0	0x17ed54
0x17fafb	0x17fafb	0x17fb0c
0x17fec1	0x17fec1	0x17fed0
0x17fef0	0x17fef0	0x17ff45
0x18036c	0x149f20	0x149f3a
0x18036c	0x18036c	0x18037b
0x18077e	0x18077e	0x180782
0x180794	0x180794	0x180815
0x180aa6	0x180aa6	0x180ab5
0x180fe0	0x180fe0	0x181005
0x181010	0x181010	0x18103f
0x1811a0	0x1811a0	0x1811a8
0x182150	0x182150	0x182155
0x183740	0x183740	0x183844
0x1849a0	0x1849a0	0x184aab
0x184ad0	0x184ad0	0x184fc2
0x184fd0	0x184fd0	0x1854d8
0x1854e0	0x1854e0	0x185976
0x185980	0x185980	0x185e72
0x185e80	0x185e80	0x186375
0x186f10	0x186f10	0x18739e
0x187690	0x187690	0x187841
0x187850	0x187850	0x187aca
0x187ad0	0x187ad0	0x187cab
0x188170	0x188170	0x188175
0x18ba10	0x18ba10	0x18bd7b
0x18d1b0	0x18d1b0	0x18d1b5
0x18d540	0x18d540	0x18d72b
0x18e570	0x18e570	0x18e5d2
0x18e6b0	0x18e6b0	0x18e6c8
0x18e6f0	0x18e6f0	0x18e722
0x18e730	0x18e730	0x18e738
0x18e740	0x18e740	0x18e748
0x18f640	0x18f640	0x18f676
0x18faa0	0x18faa0	0x18faa8
0x190610	0x190610	0x190c55
0x190c60	0x190c60	0x190f05
0x191120	0x191120	0x19113f
0x196b40	0x196b40	0x196b48
0x1977a0	0x1977a0	0x1977a8
0x19b6f0	0x19b6f0	0x19b755
0x19b9c0	0x19b9c0	0x19ba17
0x19ba20	0x19ba20	0x19ba66
0x19ba70	0x19ba70	0x19bac7
0x19ebf0	0x19ebf0	0x19ebf8
0x19f030	0x19f030	0x19f038
0x1a0560	0x1a0560	0x1a085d
0x1a0560	0x1a0860	0x1a09e4
0x1a1450	0x1a1450	0x1a1475
0x1a14b0	0x1a14b0	0x1a14d5
0x1a14e0	0x1a14e0	0x1a14fb
0x1a1500	0x1a1500	0x1a151a
0x1a1860	0x1a1860	0x1a18a0
0x1a22c0	0x1a22c0	0x1a22c8
0x1a2660	0x1a2660	0x1a2665
0x1a3190	0x1a3190	0x1a3296
0x1a3350	0x1a3350	0x1a33e1
0x1a3460	0x1a3460	0x1a34c8
0x1a3880	0x1a3880	0x1a38d7
0x1a3960	0x1a3960	0x1a39c5
0x1a4697	0x1a4697	0x1a46b4
0x1a4ec0	0x1a4ec0	0x1a4ed2
0x1a4ee0	0x1a4ee0	0x1a4ef2
0x1a54b0	0x1a54b0	0x1a54b8
0x1a5e70	0x1a5e70	0x1a5eaf
0x1a5eb0	0x1a5eb0	0x1a5ef7
0x1a5f00	0x1a5f00	0x1a5f47
0x1a5f50	0x1a5f50	0x1a5fa3
0x1a5fb0	0x1a5fb0	0x1a6000
0x1a6000	0x1a6000	0x1a6051
0x1a6060	0x1a6060	0x1a60b1
0x1a60c0	0x1a60c0	0x1a611d
0x1a6140	0x1a6140	0x1a6148
0x1a61a0	0x1a61a0	0x1a6486
0x1a8540	0x1a8540	0x1a8548
0x1b21d3	0x1b21d3	0x1b21de
0x1b21de	0x1b21de	0x1b21f7
0x1b21f7	0x1b21f7	0x1b2210
0x1b2eea	0x1b2eea	0x1b2efc
0x1b4cd0	0x1b4cd0	0x1b4cd8
0x1b69c0	0x1b69c0	0x1b6b9b
0x1b7aa0	0x1b7aa0	0x1b7ce6
0x1b7d60	0x1b7d60	0x1b7f22
0x1b7f30	0x1b7f30	0x1b7fbe
0x1b8560	0x1b8560	0x1b8755
0x1b8560	0x1b8760	0x1b8941
0x1b8b70	0x1b8b70	0x1b8e6e
0x1b9c10	0x1b9c10	0x1b9d07
0x1bd670	0x1bd670	0x1bd975
0x1bd980	0x1bd980	0x1bdab5
0x1bd980	0x1bdac0	0x1bde79
0x1bd980	0x1bde80	0x1be138
0x1be770	0x1be770	0x1bed6a
0x1be770	0x1bed70	0x1bf084
0x1bf090	0x1bf090	0x1bf1fa
0x1bf090	0x1bf200	0x1bf8cb
0x1c1ad0	0x1c1ad0	0x1c1df9
0x1c1ad0	0x1c1e00	0x1c22be
0x1c22c0	0x1c22c0	0x1c28b6
0x1c7680	0x1c7680	0x1c76cd
0x1c7680	0x1c76d0	0x1c8a24
0x1c8a30	0x1c8a30	0x1c9ff4
0x1cb090	0x1cb090	0x1cdb66
0x1cb090	0x1cdb70	0x1cdd64
0x1cde70	0x1cde70	0x1cdf58
0x1d1330	0x1d1330	0x1d153c
0x1d35e0	0x1d35e0	0x1d3f26
0x1d3f30	0x1d3f30	0x1d45ec
0x1d4650	0x1d4650	0x1d4d41
0x1d4d50	0x1d4d50	0x1d515a
0x1d56f0	0x1d56f0	0x1d5789
0x1d5790	0x1d5790	0x1d5975
0x1d5c60	0x1d5c60	0x1d5d94
0x1d6190	0x1d6190	0x1d6598
0x1d6660	0x1d6660	0x1d6c59
0x1d7330	0x1d7330	0x1d7516
0x1d7620	0x1d7620	0x1d7623
0x1d80c0	0x1d80c0	0x1d85b8
0x1d8fad	0x1d8fad	0x1d8fe5
0x1dad3e	0x1dad3e	0x1dad68
0x1db080	0x1db080	0x1db09d
0x1dbb5c	0x1dbb5c	0x1dbb82
0x1dbc10	0x1dbc10	0x1dbc2d
0x1dbeb6	0x1dbeb6	0x1dbfd1
0x1dc19f	0x1dc19f	0x1dc1b3
0x1dcb2f	0x1dcb2f	0x1dcb64
0x1dcc45	0x1dcc45	0x1dcc73
0x1dcc73	0x1dcc73	0x1dcc9f
0x1de156	0x1de156	0x1de2da
0x1dee74	0x1dee74	0x1dee92
0x1df0f1	0x1df0f1	0x1df0f9
0x1dfbc7	0x1dfbc7	0x1dfbe8
0x1dfc09	0x1dfc09	0x1dfc2a
0x1dff1f	0x1dff1f	0x1dff5d
0x1dff5d	0x1dff5d	0x1dfffa
0x1e0301	0x1e0301	0x1e0321
0x1e0373	0x1e0373	0x1e03b4
0x1e04bc	0x1e04bc	0x1e04de
0x1e0760	0x1e0760	0x1e079e
0x1e079e	0x1e079e	0x1e07df
0x1e0802	0x1e0802	0x1e0829
0x1e0878	0x1e0878	0x1e08d9
0x1e0915	0x1e0915	0x1e0965
0x1e0c77	0x1e0c77	0x1e0c90
0x1e0d2d	0x1e0d2d	0x1e0d73
0x1e0d73	0x1e0d73	0x1e0db9
0x1e0db9	0x1e0db9	0x1e0deb
0x1e129b	0x1e129b	0x1e12ad
0x1e1709	0x1e1709	0x1e171c
0x1e19ce	0x1e19ce	0x1e19e8
0x1e28e2	0x1e28e2	0x1e28ea
0x1e30f5	0x1e30f5	0x1e311e
0x1e311e	0x1e311e	0x1e323b
0x1e38f9	0x1e38f9	0x1e392e
0x1e3934	0x1e3934	0x1e3955
0x1eb722	0x1eb3d1	0x1eb435
0x1eb722	0x1eb722	0x1eb72f
0x1ed413	0x1ed413	0x1ed41b
0x1eddbb	0x1eddbb	0x1eddc6
0x1ede3a	0x1edcb1	0x1edd1c
0x1ede3a	0x1ede3a	0x1ede45
0x1ee630	0x1ee630	0x1eea6d
0x1f010b	0x1f010b	0x1f0128
0x1f0132	0x1f0132	0x1f0163
0x1f0163	0x1f0163	0x1f017b
0x1f01b9	0x1f01b9	0x1f01c8
0x1f01e8	0x1f01e8	0x1f01eb
0x1f04d9	0x1f04d9	0x1f050b
0x1f3574	0x1f3574	0x1f35bf
0x1f36c3	0x1f36c3	0x1f370e
0x1f3fea	0x1f3fea	0x1f4002
0x1f4a12	0x1f4540	0x1f458b
0x1f4a12	0x1f4a12	0x1f4a1a
0x1f4a40	0x1f4a40	0x1f4a90
0x1f9ea7	0x1f9ea7	0x1f9eaf
0x1fc052	0x1fc052	0x1fc0a0
0x1fd57a	0x1fd57a	0x1fd5b2
0x1ff223	0x1ff223	0x1ff282
0x1ff354	0x1ff354	0x1ff36a
0x1ff625	0x1ff625	0x1ff65d
0x1ff8fb	0x1ff8fb	0x1ff909
0x2007a7	0x2007a7	0x2007be
0x200893	0x200893	0x2008c8
0x200bd9	0x200bd9	0x200beb
0x201085	0x201085	0x201095
0x201153	0x201153	0x201165
0x203665	0x203665	0x203671
0x203671	0x203671	0x203688
0x203d04	0x203d04	0x203d29
0x203d29	0x203d29	0x203d4e
0x203e76	0x203e76	0x203e93
0x204316	0x204316	0x204386
0x204c21	0x204c21	0x204c68
0x204c68	0x204c68	0x204c78
0x204c78	0x204c78	0x204d66
0x2055e4	0x2055e4	0x20561c
0x205af8	0x205af8	0x205afd
0x20d7ac	0x20d7ac	0x20d7b9
0x20ddfb	0x20ddfb	0x20de03
0x20e20c	0x20e20c	0x20e229
0x20e39d	0x20e39d	0x20e3ad
0x20e6fb	0x20e6fb	0x20e72a
0x20e779	0x20e779	0x20e794
0x20eb07	0x20eb07	0x20eb41
0x210cd3	0x210cd3	0x210cdd
0x210f27	0x210f27	0x210f3d
0x211216	0x211216	0x21122a
0x214058	0x214058	0x214060
0x2146e1	0x2146e1	0x2146f7
0x21494b	0x21494b	0x214983
0x214ac7	0x214ac7	0x214acc
0x2150be	0x2150be	0x2150ce
0x2156ce	0x2156ce	0x21570d
0x215e42	0x215e42	0x215e5f
0x216035	0x216035	0x216094
0x216d2d	0x216d2d	0x216d5c
0x219440	0x219440	0x219453
0x21c3e7	0x21c3e7	0x21c3f7
0x222471	0x222471	0x222479
0x224252	0x224252	0x224296
0x224710	0x224710	0x224818
0x2255ad	0x2255ad	0x225614
0x225ad5	0x225ad5	0x225aff
0x225aff	0x225aff	0x225b4a
0x225f76	0x225f76	0x225f81
0x22634f	0x22634f	0x2264b3
0x229708	0x229708	0x229811
0x22c4cb	0x22c4cb	0x22c4cf
0x22c4cf	0x22c4cf	0x22c4d4
0x22c4d4	0x22c4d4	0x22c4d9
0x22c9d2	0x22c9d2	0x22c9da
0x23054c	0x23054c	0x2306b8
0x2326fb	0x2326fb	0x232763
0x232e01	0x232e01	0x232e1e
0x232e1e	0x232e1e	0x232e2f
0x232e2f	0x232e2f	0x232e3d
0x233138	0x233138	0x233186
0x233186	0x233186	0x233196
0x2339aa	0x2339aa	0x2339f3
0x235736	0x235736	0x23576a
0x23624a	0x23624a	0x236285
0x238e4c	0x238e4c	0x238ebf
0x238ebf	0x238ebf	0x238ef2
0x238ef2	0x238ef2	0x238f15
0x238f15	0x238f15	0x238f29
0x238f29	0x238f29	0x238f34
0x238f29	0x2cedf1	0x2cee1b
0x238f34	0x238f34	0x238f3f
0x238f34	0x2cedd7	0x2cedf1
0x238f3f	0x238f3f	0x238f5c
0x238f5c	0x238f5c	0x238f79
0x239911	0x239911	0x239949
0x239949	0x239949	0x239982
0x239982	0x239982	0x23998e
0x239c21	0x239c21	0x239c38
0x239dfe	0x239dfe	0x239e0b
0x23a1aa	0x23a1aa	0x23a1bb
0x23b270	0x23b270	0x23b278
0x23b278	0x23b278	0x23b383
0x23c7f5	0x23c7f5	0x23c83b
0x23daf7	0x23daf7	0x23db0e
0x23dbf9	0x23dbf9	0x23dc7f
0x23dc7f	0x23dc7f	0x23dc86
0x23dc86	0x23dc86	0x23dc8e
0x24002e	0x24002e	0x240035
0x243edf	0x243edf	0x243ee7
0x248e2f	0x248e2f	0x248e41
0x248e2f	0x44446d	0x4444a9
0x248e6f	0x248e6f	0x248e87
0x248e87	0x248e87	0x248e98
0x248f6e	0x248f6e	0x24900d
0x24a839	0x24a839	0x24a847
0x24e301	0x24e301	0x24e30e
0x251c08	0x251c08	0x251c11
0x251c11	0x251c11	0x251c24
0x251c24	0x251c24	0x251c2c
0x251c2c	0x251c2c	0x251c31
0x253328	0x253328	0x253330
0x253376	0x253376	0x253390
0x25363a	0x25363a	0x253682
0x256646	0x256646	0x256653
0x2567ea	0x2567ea	0x2567fa
0x256e8e	0x256e8e	0x256e96
0x25c238	0x25c238	0x25c25a
0x25c25a	0x25c25a	0x25c262
0x25c6bd	0x25c6bd	0x25c6e2
0x25dbae	0x25dbae	0x25dbcd
0x25dbcd	0x25dbcd	0x25dbdc
0x25dbdc	0x25dbdc	0x25dbfb
0x25dbfb	0x25dbfb	0x25dc08
0x25dc08	0x25dc08	0x25dc17
0x25dc17	0x25dc17	0x25dc26
0x25dc17	0x4cfc81	0x4cfcd1
0x25dc30	0x25dc30	0x25dc38
0x25dc30	0x4cf3b9	0x4cf3e1
0x25dc38	0x25dc38	0x25dc47
0x25dc47	0x25dc47	0x25dc56
0x25dc56	0x25dc56	0x25dc5e
0x25dc5e	0x25dc5e	0x25dc6d
0x25dc5e	0x4cf940	0x4cf9cd
0x25dc6d	0x25dc6d	0x25dc7a
0x25dc6d	0x4d02f6	0x4d0381
0x25dc7a	0x25dc7a	0x25dc95
0x25dc95	0x25dc95	0x25dcb0
0x25dcb0	0x25dcb0	0x25dccb
0x25dce2	0x25dce2	0x25dcf1
0x25dcf1	0x25dcf1	0x25dd01
0x25dd01	0x25dd01	0x25dd11
0x25dd25	0x25dd25	0x25dd45
0x25de5c	0x25de5c	0x25de73
0x25de76	0x25de76	0x25dea2
0x25dea2	0x25dea2	0x25debb
0x25debb	0x25debb	0x25decc
0x25decc	0x25decc	0x25dedd
0x25dedd	0x25dedd	0x25dee5
0x25e20f	0x25e20f	0x25e233
0x25e27f	0x25e27f	0x25e28e
0x25e28e	0x25e28e	0x25e29d
0x25e29d	0x25e29d	0x25e2e3
0x25ead5	0x25ead5	0x25eafb
0x25ebb9	0x25ebb9	0x25ec22
0x25ed90	0x25ed90	0x25eda1
0x25eda1	0x25eda1	0x25edb2
0x25edb2	0x25edb2	0x25edc3
0x25edc3	0x25edc3	0x25edd4
0x25eef5	0x25eef5	0x25ef01
0x25ef01	0x25ef01	0x25ef04
0x25ef04	0x25ef04	0x25ef07
0x25ef07	0x25ef07	0x25ef0a
0x25ef0a	0x25ef0a	0x25ef18
0x25fcba	0x25fcba	0x25fce8
0x260e01	0x260e01	0x260e0d
0x260e1e	0x260e1e	0x260e2a
0x260e44	0x260e44	0x260e6a
0x260ee0	0x260ee0	0x260f1b
0x260f1b	0x260f1b	0x260f3b
0x260f77	0x260f77	0x260f9e
0x2610de	0x2610de	0x2610f2
0x2610f2	0x2610f2	0x261102
0x26118b	0x26118b	0x26119d
0x26119d	0x26119d	0x2611af
0x2611af	0x2611af	0x2611bf
0x2611bf	0x2611bf	0x2611dd
0x2611dd	0x2611dd	0x2611f2
0x261353	0x261353	0x261368
0x261368	0x261368	0x26137e
0x2613a3	0x2613a3	0x2613af
0x261409	0x261409	0x26144c
0x26144c	0x26144c	0x261478
0x26149c	0x26149c	0x2614bc
0x2614df	0x2614df	0x2614ec
0x26156c	0x26156c	0x26157e
0x261603	0x261603	0x26163a
0x2616d1	0x2616d1	0x2616eb
0x2616eb	0x2616eb	0x26170a
0x261750	0x261750	0x26176e
0x26176e	0x26176e	0x261790
0x261c58	0x261c58	0x261c72
0x261c72	0x261c72	0x261c89
0x261d01	0x261d01	0x261d10
0x2621b8	0x2621b8	0x2621c9
0x262513	0x262513	0x262552
0x2628b1	0x2628b1	0x2628b6
0x262b39	0x262b39	0x262b53
0x262ba9	0x262ba9	0x262bec
0x262c13	0x262c13	0x262c35
0x262c9b	0x262c9b	0x262cb6
0x262d7b	0x262d7b	0x262d8f
0x262d8f	0x262d8f	0x262da3
0x262da3	0x262da3	0x262dab
0x262dab	0x262dab	0x262dbf
0x262dbf	0x262dbf	0x262dd3
0x262eff	0x262eff	0x262f19
0x26412b	0x26412b	0x26417f
0x264656	0x264656	0x264688
0x26472f	0x26472f	0x264775
0x26488b	0x26488b	0x2648f1
0x264963	0x264963	0x2649a3
0x264b86	0x264b86	0x264bc2
0x26731c	0x26731c	0x26734c
0x267cfa	0x267cfa	0x267d65
0x267e8e	0x267e8e	0x267edd
0x2697fc	0x2697fc	0x2698e6
0x26be86	0x26be86	0x26bee6
0x26dd89	0x26dd89	0x26ddbb
0x26ddbb	0x26ddbb	0x26dded
0x26de77	0x26de77	0x26dee4
0x26e988	0x26e988	0x26e999
0x26e999	0x26e999	0x26e9aa
0x26e9aa	0x26e9aa	0x26e9b8
0x26e9b8	0x26e9b8	0x26e9bd
0x26ef1e	0x26ef1e	0x26ef34
0x26f16d	0x26f16d	0x26f1a5
0x26fbbc	0x26f93c	0x26f952
0x26fbbc	0x26fbbc	0x26fbef
0x271095	0x271095	0x2710ae
0x271b3c	0x271b3c	0x271b5c
0x271c38	0x271c38	0x271c68
0x272349	0x272349	0x272366
0x272971	0x272971	0x27299a
0x27299a	0x27299a	0x2729b5
0x2729b5	0x2729b5	0x2729cb
0x2729cb	0x2729cb	0x2729e9
0x2729e9	0x2729e9	0x272a02
0x2788aa	0x2788aa	0x2788c7
0x27966f	0x27966f	0x279677
0x27ce9a	0x27ce9a	0x27cebc
0x27cebc	0x27cebc	0x27cede
0x27ea91	0x27ea91	0x27eab6
0x27f30a	0x27f30a	0x27f337
0x27f337	0x27f337	0x27f383
0x281d4c	0x281d4c	0x281d87
0x281ea5	0x281ea5	0x281eca
0x2820a0	0x2820a0	0x2820dd
0x28333f	0x28333f	0x28339b
0x284182	0x284182	0x28418a
0x285635	0x285635	0x285652
0x285703	0x285703	0x285708
0x2859d7	0x2859d7	0x2859ea
0x285be4	0x285be4	0x285bec
0x285cd1	0x285cd1	0x285ced
0x286297	0x286297	0x2862ad
0x286351	0x286351	0x286356
0x286f87	0x286f87	0x286f8f
0x287010	0x287010	0x287015
0x288739	0x288739	0x288750
0x288b91	0x288b91	0x288b9e
0x289874	0x289874	0x2898ac
0x28b569	0x28b569	0x28b595
0x28c0e3	0x28c0e3	0x28c0f2
0x28e84a	0x28e84a	0x28e868
0x28e868	0x28e868	0x28e8d4
0x28f976	0x28f976	0x28f982
0x299c89	0x299c89	0x299c91
0x299c91	0x299c91	0x299ca0
0x299ca0	0x299ca0	0x299cb2
0x299cb2	0x299cb2	0x299cbe
0x299cc6	0x299cc6	0x299cd5
0x299cd5	0x299cd5	0x299ce4
0x29a60c	0x29a60c	0x29a61a
0x29a79f	0x29a79f	0x29a7c4
0x29a7c4	0x29a7c4	0x29a7ea
0x29a7f1	0x29a7f1	0x29a83a
0x29a841	0x29a841	0x29a854
0x29a85b	0x29a85b	0x29a872
0x29a872	0x29a872	0x29a889
0x29a889	0x29a889	0x29a94f
0x29a9b4	0x29a9b4	0x29a9bb
0x29a9c2	0x29a9c2	0x29a9ff
0x29aa62	0x29aa62	0x29aac8
0x29aae0	0x29aae0	0x29aafc
0x29ab0b	0x29ab0b	0x29ab22
0x29ac03	0x29ac03	0x29ac98
0x29ac98	0x29ac98	0x29aca0
0x29ace3	0x29ace3	0x29acfb
0x29acfb	0x29acfb	0x29ad12
0x29b068	0x29b068	0x29b0a9
0x29b1ea	0x29b1ea	0x29b210
0x29b45c	0x29b45c	0x29b4c4
0x29b558	0x29b558	0x29b563
0x29b563	0x29b563	0x29b56e
0x29b56e	0x29b56e	0x29b5cd
0x29b5cd	0x29b5cd	0x29b5d8
0x29b5d8	0x29b5d8	0x29b5e3
0x29c096	0x29c096	0x29c0a9
0x29c0d6	0x29c0d6	0x29c107
0x29c107	0x29c107	0x29c138
0x29d612	0x29d612	0x29d64f
0x29d64f	0x29d64f	0x29d735
0x29d735	0x29d735	0x29d777
0x29e20b	0x29e20b	0x29e25a
0x29e25a	0x29e25a	0x29e2a9
0x29f7c8	0x29f7c8	0x29f7ea
0x29f7ea	0x29f7ea	0x29f8b8
0x2a0d19	0x2a0d19	0x2a0e16
0x2a1575	0x2a1575	0x2a1582
0x2a2184	0x2a2184	0x2a21e1
0x2a3805	0x2a3805	0x2a3908
0x2a3d98	0x2a3d98	0x2a3dd3
0x2a583e	0x2a583e	0x2a5876
0x2a5b2b	0x2a5b2b	0x2a5b30
0x2a5ede	0x2a5ede	0x2a5ee6
0x2a79a5	0x2a79a5	0x2a79a9
0x2a7ab6	0x2a7ab6	0x2a7ace
0x2a7ace	0x2a7ace	0x2a7ae6
0x2a7ae6	0x2a7ae6	0x2a7afe
0x2a7ecd	0x2a7ecd	0x2a7ed5
0x2a92ea	0x2a92ea	0x2a92f2
0x2a9844	0x2a9844	0x2a9861
0x2a9b92	0x2a9b92	0x2a9bbd
0x2a9c0d	0x2a9c0d	0x2a9c26
0x2a9c26	0x2a9c26	0x2a9c48
0x2a9c48	0x2a9c48	0x2a9c5f
0x2a9f53	0x2a9f53	0x2a9f5e
0x2ad7e9	0x2ad7e9	0x2ad826
0x2b1182	0x2b1182	0x2b118a
0x2b118a	0x2b118a	0x2b1192
0x2b1192	0x2b1192	0x2b11a7
0x2b22a5	0x2b22a5	0x2b22af
0x2b2420	0x2b2420	0x2b242a
0x2b2535	0x2b2535	0x2b254f
0x2b3105	0x2b3105	0x2b3150
0x2b89bb	0x2b89bb	0x2b89e1
0x2b9647	0x2b9647	0x2b964f
0x2b98ad	0x2b98ad	0x2b99f8
0x2ba392	0x2ba392	0x2ba3f2
0x2bed74	0x2bed74	0x2bed91
0x2bef43	0x2bef43	0x2bef4b
0x2c0c71	0x2c0c71	0x2c0c92
0x2c0c92	0x2c0c92	0x2c0cb3
0x2c0d3d	0x2c0d3d	0x2c0d9c
0x2c0e04	0x2c0e04	0x2c0e1b
0x2c0e1b	0x2c0e1b	0x2c0e2d
0x2c1173	0x2c1173	0x2c124c
0x2c1283	0x2c1283	0x2c12a0
0x2c12a0	0x2c12a0	0x2c12dc
0x2c182d	0x2c182d	0x2c187d
0x2c5265	0x2c5265	0x2c526d
0x2c726c	0x2c726c	0x2c729f
0x2c729f	0x2c729f	0x2c72d5
0x2c883e	0x2c883e	0x2c8872
0x2c8c16	0x2c8c16	0x2c8c47
0x2c8c47	0x2c8c47	0x2c8c7b
0x2c941c	0x2c941c	0x2c9424
0x2c9a34	0x2c9a18	0x2c9a6f
0x2ca81c	0x2ca81c	0x2ca82c
0x2cadfa	0x2cadfa	0x2cae34
0x2cae34	0x2cae34	0x2cae6c
0x2cae6c	0x2cae6c	0x2caea3
0x2cef14	0x2cef14	0x2cef2a
0x2d250e	0x2d250e	0x2d252b
0x2d252b	0x2d252b	0x2d2548
0x2d3556	0x2d3556	0x2d3573
0x2d35bf	0x2d35bf	0x2d35c7
0x2d35c7	0x2d35c7	0x2d35cf
0x2d3d2a	0x2d3d2a	0x2d3d61
0x2d4670	0x2d4670	0x2d4678
0x2d4678	0x2d4678	0x2d4680
0x2d4680	0x2d4680	0x2d4688
0x2d65ee	0x2d65ee	0x2d65f6
0x2d6ae2	0x2d6ae2	0x2d6aea
0x2d7267	0x2d7267	0x2d7283
0x2d75c6	0x2d75c6	0x2d75d8
0x2d7ab0	0x2d7ab0	0x2d7abf
0x2d7abf	0x2d7abf	0x2d7acb
0x2d7cd9	0x2d7cd9	0x2d7ce0
0x2d7ce0	0x2d7ce0	0x2d7ced
0x2d7d4f	0x2d7d4f	0x2d7d57
0x2d7dd5	0x2d7dd5	0x2d7e68
0x2dab64	0x2dab64	0x2dab6c
0x2db8bf	0x2db8bf	0x2db93e
0x2de585	0x2de585	0x2de58d
0x2e37c3	0x2e37b1	0x2e37cb
0x2e3eb0	0x2e3eb0	0x2e3eb8
0x2e3eb0	0x330c22	0x330c35
0x2e3f69	0x2e3f69	0x2e3f74
0x2e3f69	0x330c35	0x330c50
0x2e3f74	0x2e3f74	0x2e3f7f
0x2e3f8a	0x2e3f8a	0x2e3f95
0x2e3f8a	0x330bdb	0x330be3
0x2e41ec	0x2e41ec	0x2e422c
0x2e5770	0x2e5770	0x2e5791
0x2e640b	0x2e640b	0x2e6415
0x2e65b1	0x2e65b1	0x2e6695
0x2e7f86	0x2e7f86	0x2e7fab
0x2f21f1	0x2f21f1	0x2f21f9
0x2fe371	0x2fe371	0x2fe382
0x2fe799	0x2fe799	0x2fe87d
0x2feb32	0x2feb32	0x2feb3a
0x300481	0x300481	0x300489
0x3028f1	0x3028f1	0x302907
0x305b36	0x305b36	0x305b3e
0x305b3e	0x305b3e	0x305b46
0x305b46	0x305b46	0x305b4e
0x305b4e	0x6369e	0x636a8
0x305b4e	0x305b4e	0x305b56
0x305b56	0x305b56	0x305b5e
0x3067ca	0x3067ca	0x3067d2
0x306c49	0x306c49	0x306c58
0x306c58	0x306c58	0x306c62
0x306c6b	0x306c6b	0x306c88
0x306de9	0x306de9	0x306e06
0x30817a	0x30817a	0x308182
0x30817a	0x330b41	0x330b50
0x308b23	0x308b23	0x308b38
0x308fd1	0x308fd1	0x308fd9
0x30ade8	0x30ade8	0x30aded
0x30b07a	0x30b07a	0x30b0a3
0x30b0a3	0x30b0a3	0x30b0e3
0x30bcba	0x30bcba	0x30bcbf
0x30c25c	0x30c25c	0x30c271
0x30c271	0x30c271	0x30c280
0x30c280	0x30c280	0x30c28f
0x30c28f	0x30c28f	0x30c29e
0x30c4a6	0x30c4a6	0x30c4ae
0x30c4ae	0x30c4ae	0x30c4b6
0x30c4b6	0x30bcb2	0x30bcba
0x30c4b6	0x30c4b6	0x30c4be
0x30c4be	0x30be96	0x30bea2
0x30c4be	0x30c4be	0x30c4c6
0x30c4c6	0x30bea2	0x30bee6
0x30c4c6	0x30c4c6	0x30c4ce
0x30c4ce	0x30bee6	0x30bef9
0x30c4ce	0x30c4ce	0x30c4d6
0x30c4d6	0x30bef9	0x30bf0c
0x30c4d6	0x30c4d6	0x30c4de
0x30cd75	0x30cd75	0x30cd7d
0x30cd7d	0x30cd7d	0x30cd88
0x30cd7d	0x330c05	0x330c0f
0x30cd93	0x30cd93	0x30cd9e
0x30cd9e	0x30cd9e	0x30cda9
0x30cd9e	0x330c0f	0x330c22
0x30cdb4	0x30cdb4	0x30cdbf
0x30cdb4	0x330be3	0x330beb
0x30d35a	0x30d35a	0x30d377
0x30d420	0x30d420	0x30d428
0x30de61	0x30de61	0x30de86
0x30f2cb	0x30f2cb	0x30f2e0
0x30f545	0x30f545	0x30f562
0x30f642	0x30f642	0x30f679
0x30f679	0x30f679	0x30f697
0x30f6d4	0x30f6d4	0x30f704
0x30f704	0x30f704	0x30f738
0x311092	0x311092	0x311097
0x312dbc	0x312dbc	0x312dca
0x314c1d	0x314c1d	0x314c3e
0x314c93	0x314c93	0x314c9f
0x314c9f	0x314c9f	0x314cc1
0x318613	0x318613	0x31861b
0x3187a0	0x3187a0	0x3187a8
0x318a87	0x318a87	0x318a95
0x318a95	0x318a95	0x318aa5
0x3191e2	0x3191e2	0x3192b1
0x320095	0x320095	0x3200a2
0x328cc5	0x328cc5	0x328ccc
0x328ccc	0x328ccc	0x328cd4
0x328cd4	0x328cd4	0x328cdc
0x329653	0x329653	0x32965b
0x32965b	0x32965b	0x329663
0x329663	0x329663	0x3297b3
0x329906	0x329906	0x32996e
0x32e53d	0x32e53d	0x32e542
0x32ed59	0x32ed59	0x32ed61
0x330484	0x330484	0x330494
0x330494	0x330494	0x3304a4
0x330abe	0x330abe	0x330ad8
0x330ad8	0x330ad8	0x330af6
0x330af6	0x330af6	0x330b14
0x330b14	0x330b14	0x330b2e
0x330b6b	0x330b6b	0x330b85
0x330b85	0x330b85	0x330ba3
0x330ba3	0x330ba3	0x330bbd
0x330bbd	0x330bbd	0x330bd7
0x330beb	0x330beb	0x330c05
0x332cfb	0x332cfb	0x332d29
0x332d29	0x332d29	0x332d75
0x332e19	0x332e19	0x332e2f
0x332e2f	0x332e2f	0x332e60
0x333031	0x333031	0x3330a8
0x3330a8	0x3330a8	0x333125
0x333125	0x333125	0x333182
0x333182	0x333182	0x3331db
0x3331db	0x3331db	0x33321b
0x333722	0x333722	0x33373b
0x33373b	0x33373b	0x333754
0x333754	0x333754	0x3337c0
0x334a3d	0x334a3d	0x334af3
0x334c9f	0x334c9f	0x334d16
0x334d16	0x334d16	0x334d5e
0x334d5e	0x334d5e	0x334ddf
0x334e51	0x334e51	0x334ec4
0x334ec4	0x334ec4	0x334f2e
0x334f2e	0x334f2e	0x334fab
0x334fab	0x334fab	0x33500d
0x33500d	0x33500d	0x33508f
0x33514a	0x33514a	0x3351c2
0x3351c2	0x3351c2	0x33523a
0x33523a	0x33523a	0x335281
0x335281	0x335281	0x3352f7
0x335692	0x335692	0x3356a0
0x3356a0	0x3356a0	0x3356ae
0x335b88	0x335b88	0x335c62
0x335d5b	0x335d5b	0x335fe1
0x337092	0x337092	0x33712b
0x33712b	0x33712b	0x3371b1
0x3389dd	0x3389dd	0x338a09
0x3393df	0x3393df	0x3393f7
0x3393f7	0x3393f7	0x33940f
0x339900	0x339900	0x339918
0x33a7a2	0x33a7a2	0x33a7bb
0x33bc6a	0x33bc6a	0x33bd50
0x33bee5	0x33bee5	0x33bef5
0x33dbc9	0x33dbc9	0x33dbe5
0x33dc9c	0x33dc9c	0x33dcb8
0x33f504	0x33f504	0x33f517
0x33fb0b	0x33fb0b	0x33fb20
0x33fcdc	0x33fcdc	0x33fce1
0x33ff05	0x33ff05	0x33ff2b
0x3400f9	0x3400f9	0x340123
0x340158	0x340158	0x34017a
0x34017a	0x34017a	0x3401af
0x3401af	0x3401af	0x3401e4
0x34025e	0x34025e	0x34027d
0x34029b	0x34029b	0x3402d0
0x340342	0x340342	0x34036f
0x34036f	0x34036f	0x340391
0x3403dc	0x3403dc	0x340411
0x34042c	0x34042c	0x340461
0x340546	0x340546	0x340623
0x340744	0x340744	0x34074c
0x340e39	0x340e39	0x340e5e
0x340f25	0x340f25	0x340f42
0x3412a5	0x3412a5	0x3412db
0x341339	0x341339	0x34133e
0x34133e	0x34133e	0x341391
0x341391	0x341391	0x3413a1
0x3413a1	0x3413a1	0x3413b2
0x34141f	0x34141f	0x34143c
0x34143c	0x34143c	0x34144b
0x34145c	0x34145c	0x34149b
0x341770	0x341770	0x341796
0x341994	0x341994	0x3419c7
0x3419c7	0x3419c7	0x341a1b
0x341a1b	0x341a1b	0x341a61
0x341c30	0x341c30	0x341c54
0x341d1c	0x341d1c	0x341d21
0x341d21	0x341d21	0x341d26
0x341d81	0x341d81	0x341d9b
0x341e48	0x341e48	0x341e70
0x3421f4	0x3421f4	0x342228
0x3422ef	0x3422ef	0x34230c
0x34234c	0x34234c	0x34236f
0x3423a6	0x3423a6	0x3423c8
0x3425a0	0x3425a0	0x3425bf
0x34274a	0x34274a	0x3427a9
0x3450db	0x3450db	0x345207
0x345207	0x345207	0x345246
0x345246	0x345246	0x345393
0x345b5f	0x345b5f	0x345b89
0x345b89	0x345b89	0x345bb3
0x345f76	0x345f76	0x345f94
0x346017	0x346017	0x346063
0x346214	0x346214	0x3462ae
0x3462e1	0x3462e1	0x3463da
0x3463da	0x3463da	0x346487
0x34680d	0x34680d	0x3468f5
0x347110	0x347110	0x34712e
0x347959	0x347959	0x347a51
0x347a51	0x347a51	0x347aac
0x347aac	0x347aac	0x347ae8
0x347b3d	0x347b3d	0x347ba3
0x347ba3	0x347ba3	0x347bd2
0x347bd2	0x347bd2	0x347c38
0x347c38	0x347c38	0x347ca3
0x347e0a	0x347e0a	0x347e4c
0x347efa	0x347efa	0x347f48
0x347f48	0x347f48	0x347f76
0x347f76	0x347f76	0x347ffe
0x347ffe	0x347ffe	0x34804e
0x348aab	0x348aab	0x348afe
0x349217	0x349217	0x34921c
0x34921c	0x34921c	0x3492bd
0x3495fd	0x3495fd	0x349611
0x3497c2	0x3497c2	0x3497c7
0x3497c7	0x3497c7	0x3497e6
0x349d02	0x349d02	0x349d26
0x349d8d	0x349d8d	0x349d92
0x34a0cb	0x34a0cb	0x34a0d7
0x34a105	0x34a105	0x34a121
0x34a121	0x34a121	0x34a167
0x34a167	0x34a167	0x34a183
0x34a323	0x34a323	0x34a364
0x34a364	0x34a364	0x34a38e
0x34a871	0x34a871	0x34a879
0x34b08a	0x34b08a	0x34b0dd
0x34b167	0x34b167	0x34b172
0x34ba5f	0x34ba5f	0x34ba64
0x34bdf8	0x34bdf8	0x34be57
0x34c098	0x34c098	0x34c0b4
0x34c0b4	0x34c0b4	0x34c0d0
0x34c8c5	0x34c8c5	0x34c994
0x34c994	0x34c994	0x34c9ed
0x34c9ed	0x34c9ed	0x34ca53
0x34ca53	0x34ca53	0x34caf6
0x34caf6	0x34caf6	0x34cbab
0x34d049	0x34d049	0x34d1c8
0x34d345	0x34d345	0x34d4a2
0x34d4a2	0x34d4a2	0x34d5b7
0x34d886	0x34d886	0x34d98b
0x34dc00	0x34dc00	0x34dc05
0x34eb7e	0x34eb7e	0x34ebe8
0x34ecdb	0x34ecdb	0x34ed7b
0x34ffbe	0x34ffbe	0x350020
0x3508c0	0x3508c0	0x3508c5
0x3511c9	0x3511c9	0x3511e3
0x351949	0x351949	0x351951
0x3519f3	0x3519f3	0x351bc5
0x35426b	0x35426b	0x3543bf
0x3546fd	0x3546fd	0x35487e
0x354c6b	0x354c6b	0x354cad
0x355290	0x355290	0x3552bd
0x3552c2	0x3552c2	0x35530f
0x355bb6	0x355bb6	0x355bbe
0x355d16	0x355d16	0x355d4e
0x355dd4	0x355dd4	0x355ddd
0x355df4	0x355df4	0x355e20
0x355e20	0x355e20	0x355e4c
0x355e4c	0x355e4c	0x355e85
0x355e85	0x355e85	0x355ee1
0x355f75	0x355f75	0x355fa5
0x356082	0x356082	0x3560a2
0x356b16	0x356b16	0x356b78
0x357af8	0x357af8	0x357b3d
0x3589e9	0x3589e9	0x358a03
0x3592fa	0x3592fa	0x359302
0x359729	0x359729	0x35973d
0x359e04	0x359e04	0x359e13
0x35a97e	0x35a97e	0x35a994
0x35ab7f	0x35ab7f	0x35aba4
0x35aecf	0x35aecf	0x35aed4
0x35aed4	0x35aed4	0x35af62
0x35b1c3	0x35b1c3	0x35b1e9
0x35bd00	0x35bd00	0x35bd0d
0x35d133	0x35d133	0x35d14a
0x35d1bd	0x35d1bd	0x35d1c6
0x35d1e7	0x35d1e7	0x35d1f0
0x35d2b2	0x35d2b2	0x35d2f7
0x35d4db	0x35d4db	0x35d4e6
0x35d4e6	0x35d4e6	0x35d512
0x35d512	0x35d512	0x35d520
0x35d5c4	0x35d5c4	0x35d62e
0x35d75d	0x35d75d	0x35d781
0x35d781	0x35d781	0x35d789
0x35d924	0x35d924	0x35da01
0x35da10	0x35da10	0x35da9f
0x35e185	0x35e185	0x35e206
0x35e2de	0x35e2de	0x35e2e6
0x35e387	0x35e387	0x35e5bb
0x35e603	0x35e603	0x35e60b
0x35ede5	0x35ede5	0x35ee5e
0x35ee5e	0x35ee5e	0x35ee66
0x35f43d	0x35f43d	0x35f49e
0x35f49e	0x35f49e	0x35f4a6
0x35f538	0x35f538	0x35f5f4
0x35f618	0x35f618	0x35f63b
0x35f63b	0x35f63b	0x35f64a
0x35fb55	0x35fb55	0x35fb6a
0x35ff1d	0x35ff1d	0x35ff56
0x36012d	0x36012d	0x3601c5
0x3601db	0x3601db	0x360243
0x3603e7	0x3603e7	0x36044a
0x36044a	0x36044a	0x360474
0x36051d	0x36051d	0x36059c
0x3624fe	0x3624fe	0x362518
0x362b5a	0x362b5a	0x362b5f
0x362d25	0x362d25	0x362d66
0x3666c6	0x3666c6	0x3666fd
0x367369	0x367369	0x36736e
0x3674fe	0x3674fe	0x367508
0x3678d6	0x3678d6	0x3678f7
0x367914	0x367914	0x367929
0x367e59	0x367e59	0x367e8c
0x367e92	0x367e92	0x367edb
0x367ee1	0x367ee1	0x367f13
0x367f9e	0x367f9e	0x367fdd
0x367fdd	0x367fdd	0x368004
0x368015	0x368015	0x36803f
0x36803f	0x36803f	0x36804f
0x368095	0x368095	0x36809a
0x36819d	0x36819d	0x3681dc
0x3681dc	0x3681dc	0x3681ed
0x3681ed	0x3681ed	0x3681f2
0x3682e2	0x3682e2	0x3682e7
0x3682e7	0x3682e7	0x3682ec
0x3682ec	0x3682ec	0x3682f1
0x3685fa	0x3685fa	0x368654
0x368654	0x368654	0x368662
0x368798	0x368798	0x3687dd
0x36890e	0x36890e	0x36898c
0x3689c4	0x3689c4	0x368a0d
0x368a13	0x368a13	0x368b35
0x368fe6	0x368fe6	0x369064
0x3692ed	0x3692ed	0x36937a
0x36939b	0x36939b	0x36940a
0x369418	0x369418	0x3694b2
0x369590	0x369590	0x36960e
0x369669	0x369669	0x3697bb
0x3697bb	0x3697bb	0x3697f4
0x3697f4	0x3697f4	0x3697f9
0x3698a5	0x3698a5	0x3698bb
0x3698bb	0x3698bb	0x3698cd
0x369ded	0x369ded	0x369ea3
0x36a7db	0x36a7db	0x36a88a
0x36b6b9	0x36b6b9	0x36b717
0x36bc79	0x36bc79	0x36bdf2
0x36cc7a	0x36cc7a	0x36cc7e
0x372da6	0x372da6	0x372dab
0x373417	0x373417	0x37341f
0x374fd0	0x374fd0	0x374fd5
0x37dc36	0x37bc65	0x37bca8
0x37dc36	0x37d42b	0x37d55e
0x37dc36	0x37dc36	0x37dc52
0x37f57e	0x37f57e	0x37f59b
0x380a75	0x380a75	0x380a80
0x381d78	0x381d78	0x381d95
0x381d9e	0x381d9e	0x381db5
0x381dc4	0x381dc4	0x381dda
0x381dda	0x381dda	0x381de2
0x38200d	0x38200d	0x382015
0x382e2f	0x382e2f	0x382e73
0x383580	0x383580	0x3835a0
0x3835a0	0x3835a0	0x3835d7
0x3835d7	0x3835d7	0x3835f4
0x3837d3	0x3837d3	0x383846
0x383846	0x383846	0x383865
0x3839b9	0x3839b9	0x3839d9
0x384660	0x384660	0x3846a8
0x3846e5	0x3846e5	0x38470e
0x3858df	0x3858df	0x385956
0x3860ff	0x3860ff	0x386104
0x386117	0x386117	0x386125
0x3862db	0x3862db	0x3862ed
0x38884c	0x38884c	0x388869
0x3919d9	0x3919d9	0x3919f6
0x391a70	0x391a70	0x391aa1
0x391f90	0x391f90	0x391fc4
0x391fc4	0x391fc4	0x392011
0x3922b7	0x3922b7	0x3922bf
0x395dac	0x395dac	0x395e19
0x397bd9	0x397bd9	0x397c94
0x39851d	0x39851d	0x398525
0x39a245	0x39a245	0x39a270
0x39aa0e	0x39aa0e	0x39abc5
0x39ac9c	0x39ac9c	0x39aca4
0x39ae75	0x39ae75	0x39ae92
0x39b57f	0x39b57f	0x39b632
0x39d840	0x39d840	0x39d84a
0x3a2624	0x3a2624	0x3a262c
0x3a36f7	0x3a36f7	0x3a3700
0x3a3700	0x3a3700	0x3a3709
0x3a370f	0x3a370f	0x3a3717
0x3a3899	0x3a3899	0x3a389e
0x3a389e	0x3a389e	0x3a38b1
0x3a44da	0x3a44da	0x3a44df
0x3a4ae1	0x3a4ae1	0x3a4afa
0x3a53a7	0x3a53a7	0x3a53c4
0x3a588e	0x3a588e	0x3a5896
0x3a589e	0x3a5896	0x3a58a6
0x3a59b3	0x3a59b3	0x3a59bb
0x3a59bb	0x3a59bb	0x3a59c3
0x3a5a48	0x3a5a48	0x3a5a50
0x3a5a50	0x3a5a50	0x3a5a58
0x3a61b3	0x3a61b3	0x3a6201
0x3a633f	0x3a633f	0x3a638d
0x3a66b2	0x3a66b2	0x3a66fd
0x3a6833	0x3a6833	0x3a687e
0x3a69b4	0x3a69b4	0x3a69ff
0x3a6c0b	0x3a6c0b	0x3a6c59
0x3a6e82	0x3a6e82	0x3a6ecd
0x3a70d1	0x3a70d1	0x3a711c
0x3a72ac	0x3a72ac	0x3a72f7
0x3a7532	0x3a7532	0x3a757d
0x3a77a7	0x3a77a7	0x3a77f2
0x3a795a	0x3a795a	0x3a79a5
0x3a7abd	0x3a7abd	0x3a7b08
0x3a805a	0x3a805a	0x3a80a8
0x3a9635	0x3a6d11	0x3a6d5f
0x3a9635	0x3a9635	0x3a963d
0x3a963d	0x3a628b	0x3a62d9
0x3a963d	0x3a963d	0x3a9645
0x3a9645	0x3a8bd7	0x3a8c22
0x3a9645	0x3a9645	0x3a964d
0x3a964d	0x3a6f85	0x3a6fd0
0x3a964d	0x3a964d	0x3a9655
0x3a9655	0x3a743e	0x3a7489
0x3a9655	0x3a9655	0x3a965d
0x3a965d	0x3a7853	0x3a789e
0x3a965d	0x3a965d	0x3a9665
0x3a9665	0x3a8681	0x3a86cc
0x3a9665	0x3a9665	0x3a966d
0x3a966d	0x3a7b9f	0x3a7bea
0x3a966d	0x3a966d	0x3a9675
0x3a9675	0x3a8fac	0x3a8ff7
0x3a9675	0x3a9675	0x3a967d
0x3a967d	0x3a73ad	0x3a73f8
0x3a967d	0x3a967d	0x3a9685
0x3a9685	0x3a6aaa	0x3a6af5
0x3a9685	0x3a9685	0x3a968d
0x3a968d	0x3a679d	0x3a67e8
0x3a968d	0x3a968d	0x3a9695
0x3a9695	0x3a93d4	0x3a941f
0x3a9695	0x3a9695	0x3a969d
0x3a969d	0x3a63ee	0x3a643c
0x3a969d	0x3a969d	0x3a96a5
0x3a96a5	0x3a64f0	0x3a653b
0x3a96a5	0x3a96a5	0x3a96ad
0x3a96ad	0x3a8e25	0x3a8e70
0x3a96ad	0x3a96ad	0x3a96b5
0x3a96b5	0x3a7a06	0x3a7a51
0x3a96b5	0x3a96b5	0x3a96bd
0x3a96bd	0x3a85cc	0x3a8617
0x3a96bd	0x3a96bd	0x3a96c5
0x3a96c5	0x3a9152	0x3a919d
0x3a96c5	0x3a96c5	0x3a96cd
0x3a96cd	0x3a9057	0x3a90a2
0x3a96cd	0x3a96cd	0x3a96d5
0x3a96d5	0x3a8acb	0x3a8b19
0x3a96d5	0x3a96d5	0x3a96dd
0x3a96dd	0x3a71d4	0x3a721f
0x3a96dd	0x3a96dd	0x3a96e5
0x3a96e5	0x3a8c5a	0x3a8ca5
0x3a96e5	0x3a96e5	0x3a96ed
0x3a96ed	0x3a7614	0x3a765f
0x3a96ed	0x3a96ed	0x3a96f5
0x3a96f5	0x3a9329	0x3a9377
0x3a96f5	0x3a96f5	0x3a96fd
0x3a96fd	0x3a9286	0x3a92d1
0x3a96fd	0x3a96fd	0x3a9705
0x3a9705	0x3a91e3	0x3a922e
0x3a9705	0x3a9705	0x3a970d
0x3a970d	0x3a8160	0x3a81ae
0x3a970d	0x3a970d	0x3a9715
0x3a9715	0x3a8b51	0x3a8b9f
0x3a9715	0x3a9715	0x3a971d
0x3a971d	0x3a8d6d	0x3a8dbb
0x3a971d	0x3a971d	0x3a9725
0x3a9725	0x3a690d	0x3a6958
0x3a9725	0x3a9725	0x3a972d
0x3a9951	0x3a9951	0x3a999c
0x3a9a40	0x3a9a40	0x3a9a8b
0x3a9b97	0x3a9b97	0x3a9be2
0x3a9cf8	0x3a9cf8	0x3a9d43
0x3a9dde	0x3a9dde	0x3a9e29
0x3a9f3f	0x3a9f3f	0x3a9f8a
0x3aa02d	0x3aa02d	0x3aa078
0x3aa17f	0x3aa17f	0x3aa1ca
0x3aa704	0x3aa704	0x3aa74f
0x3aa7b6	0x3aa7b6	0x3aa801
0x3ab899	0x3ab899	0x3ab8e4
0x3ab946	0x3ab946	0x3ab991
0x3abab3	0x3abab3	0x3ababb
0x3ababb	0x3ababb	0x3abac3
0x3abb83	0x3abb83	0x3abb8b
0x3abb8b	0x3abb8b	0x3abb93
0x3abbc3	0x3abbc3	0x3abbcb
0x3abbfb	0x3abbfb	0x3abc03
0x3abc03	0x3abc03	0x3abc0b
0x3abca5	0x3abca5	0x3abcad
0x3abcad	0x3abcad	0x3abcb5
0x3abce6	0x3abce6	0x3abcee
0x3abcf4	0x3abcf4	0x3abcfc
0x3abcfc	0x3abcfc	0x3abd04
0x3abd04	0x3abd04	0x3abd20
0x3abd5b	0x3abd5b	0x3abd63
0x3abd63	0x3abd63	0x3abd6b
0x3abd6b	0x3abd6b	0x3abd81
0x3abdb8	0x3abdb8	0x3abdc0
0x3abdc0	0x3abdc0	0x3abdc8
0x3abe30	0x3abe30	0x3abe38
0x3abe38	0x3abe38	0x3abe40
0x3abe85	0x3abe85	0x3abe8d
0x3abec4	0x3abec4	0x3abecc
0x3abefd	0x3abefd	0x3abf04
0x3abf04	0x3abf04	0x3abf0c
0x3abf0c	0x3abf0c	0x3abf14
0x3abf14	0x3abf14	0x3abf1c
0x3abf1c	0x3abf1c	0x3abf24
0x3abf24	0x3abf24	0x3abf2c
0x3abf2c	0x3abf2c	0x3abf34
0x3abf34	0x3abf34	0x3abf3c
0x3abf3c	0x3abf3c	0x3abf44
0x3abf44	0x3abf44	0x3abf4c
0x3abf4c	0x3abf4c	0x3abf54
0x3abfd1	0x3abfd1	0x3abfd9
0x3abfd9	0x3abfd9	0x3abfe1
0x3ac02c	0x3ac02c	0x3ac034
0x3ac07f	0x3ac07f	0x3ac087
0x3ac0d2	0x3ac0d2	0x3ac0da
0x3ac125	0x3ac125	0x3ac12d
0x3ac178	0x3ac178	0x3ac180
0x3ac1e7	0x3ac1e7	0x3ac1ef
0x3ac1ef	0x3ac1ef	0x3ac1f7
0x3ac23b	0x3ac23b	0x3ac243
0x3ac243	0x3ac243	0x3ac24b
0x3ac28f	0x3ac28f	0x3ac297
0x3ac936	0x3ac936	0x3ac93e
0x3ac93e	0x3ac93e	0x3ac99a
0x3ac9af	0x3ac9af	0x3aca08
0x3aca1c	0x3aca1c	0x3aca24
0x3aca24	0x3aca24	0x3aca7d
0x3aca83	0x3aca83	0x3aca8b
0x3aca8b	0x3aca8b	0x3aca93
0x3aca93	0x3aca93	0x3acaec
0x3acaec	0x3acaec	0x3acafa
0x3acb00	0x3acb00	0x3acb08
0x3acb08	0x3acb08	0x3acb61
0x3acb67	0x3acb67	0x3acb6f
0x3acf68	0x3acf68	0x3acfc1
0x3acfc7	0x3acfc7	0x3acfcf
0x3ad03b	0x3ad03b	0x3ad094
0x3adc32	0x3adc32	0x3adc4f
0x3adceb	0x3adceb	0x3add0b
0x3ade15	0x3ade15	0x3ade32
0x3adede	0x3adede	0x3adefb
0x3adffa	0x3adffa	0x3ae017
0x3ae092	0x3ae092	0x3ae0af
0x3ae18a	0x3ae18a	0x3ae1a7
0x3ae28c	0x3ae28c	0x3ae2a9
0x3ae408	0x3ae408	0x3ae43f
0x3ae718	0x3ae718	0x3ae720
0x3ae9b7	0x3ae9b7	0x3ae9bf
0x3aeeab	0x3aeeab	0x3aeeb3
0x3afd5c	0x3afd5c	0x3afdaa
0x3afdf1	0x3afdf1	0x3afe24
0x3afe24	0x3afe24	0x3afe36
0x3afe36	0x3afe36	0x3afe48
0x3aff06	0x3aff06	0x3aff22
0x3b03f3	0x3b03f3	0x3b0401
0x3b1327	0x3b1327	0x3b1337
0x3b23cd	0x3b23cd	0x3b23d7
0x3b53f7	0x3b53f7	0x3b5413
0x3b912a	0x3b912a	0x3b9132
0x3ba8c4	0x3ba8c4	0x3ba8dd
0x3bcc37	0x3bcc37	0x3bcc6e
0x3c35f7	0x3c35f7	0x3c3609
0x3ec8d4	0x3ec8d4	0x3ec8f7
0x3ecc91	0x3ecc91	0x3ecca2
0x3ece33	0x3ece33	0x3eced5
0x3ed1b6	0x3ed1b6	0x3ed1be
0x3ee711	0x3ee711	0x3ee72e
0x3eeabf	0x3eeabf	0x3eeafb
0x3ef13e	0x3ef13e	0x3ef14a
0x3f55b6	0x3f55b6	0x3f55d6
0x3f59fe	0x3f59fe	0x3f5a06
0x3f7133	0x3f7133	0x3f7141
0x3f7141	0x3f7141	0x3f7177
0x3f718d	0x3f718d	0x3f7198
0x3f7198	0x3f7198	0x3f71d4
0x3f7257	0x3f7257	0x3f7260
0x3f7bcc	0x3f7bcc	0x3f7be9
0x3f7c2f	0x3f7c2f	0x3f7c41
0x3f7c41	0x3f7c41	0x3f7c53
0x3f7c53	0x3f7c53	0x3f7c65
0x3f7c65	0x3f7c65	0x3f7c77
0x3f7c77	0x3f7c77	0x3f7c89
0x3f7c89	0x3f7c89	0x3f7c9b
0x3f7c9b	0x3f7c9b	0x3f7cad
0x3f7cad	0x3f7cad	0x3f7cbf
0x3f7cbf	0x3f7cbf	0x3f7cd1
0x3f7cd1	0x3f7cd1	0x3f7ce3
0x3f7ce3	0x3f7ce3	0x3f7cf5
0x3f7cf5	0x3f7cf5	0x3f7d07
0x3f7d07	0x3f7d07	0x3f7d17
0x3f7d17	0x3f7d17	0x3f7d29
0x3f7d5e	0x3f7d5e	0x3f7d72
0x3f7d72	0x3f7d72	0x3f7d86
0x3f7d86	0x3f7d86	0x3f7d9a
0x3f7d9a	0x3f7d9a	0x3f7dae
0x3f7dae	0x3f7dae	0x3f7dc2
0x3f7dc2	0x3f7dc2	0x3f7dd6
0x3f7dd6	0x3f7dd6	0x3f7dea
0x3f7dea	0x3f7dea	0x3f7dfe
0x3f7dfe	0x3f7dfe	0x3f7e12
0x3f7e12	0x3f7e12	0x3f7e26
0x3f7e26	0x3f7e26	0x3f7e3a
0x3f7e3a	0x3f7e3a	0x3f7e4e
0x3f7e4e	0x3f7e4e	0x3f7e60
0x3f7e60	0x3f7e60	0x3f7e74
0x3f81d3	0x3f81d3	0x3f81e8
0x3f81e8	0x3f81e8	0x3f81fd
0x3f81fd	0x3f81fd	0x3f8212
0x3f8212	0x3f8212	0x3f8227
0x3f8227	0x3f8227	0x3f823c
0x3f823c	0x3f823c	0x3f8251
0x3f8251	0x3f8251	0x3f8266
0x3f8266	0x3f8266	0x3f827b
0x3f827b	0x3f827b	0x3f8290
0x3f8290	0x3f8290	0x3f82a5
0x3f82a5	0x3f82a5	0x3f82ba
0x3f82ba	0x3f82ba	0x3f82cf
0x3f82cf	0x3f82cf	0x3f82e2
0x3f82f4	0x3f82f4	0x3f830f
0x3f834c	0x3f834c	0x3f8361
0x3f8374	0x3f7e83	0x3f7e90
0x3f8374	0x3f8076	0x3f8083
0x3f8374	0x3f8374	0x3f8385
0x3f8385	0x3f7e90	0x3f7e9d
0x3f8385	0x3f8083	0x3f8090
0x3f8385	0x3f8385	0x3f8396
0x3f9048	0x3f9048	0x3f905f
0x3f90e4	0x3f90e4	0x3f91a3
0x3f91a4	0x3f91a4	0x3f9257
0x3fb5f2	0x3fb5f2	0x3fb602
0x3fce30	0x3fce30	0x3fce38
0x3fd056	0x3fd056	0x3fd05e
0x3fd1fa	0x3fd1fa	0x3fd219
0x3fd219	0x3fd219	0x3fd237
0x3fd321	0x3fd321	0x3fd348
0x3fd370	0x3fd370	0x3fd374
0x3fd37a	0x3fd37a	0x3fd398
0x3fe568	0x3fe568	0x3fe57d
0x3ff271	0x3ff271	0x3ff296
0x3ff312	0x3ff312	0x3ff328
0x3ff39e	0x3ff39e	0x3ff3b5
0x3ff3e3	0x3ff3e3	0x3ff457
0x3ffe51	0x3ffe51	0x3ffef5
0x404b6c	0x404b6c	0x404b71
0x405417	0x405417	0x40541f
0x4059cf	0x4059cf	0x4059ed
0x4059f6	0x4059f6	0x405a1c
0x405d7c	0x405d7c	0x405dbc
0x406b39	0x406b39	0x406b5f
0x406d1e	0x406d1e	0x406d4a
0x40c5d3	0x40c5d3	0x40c5de
0x40e0c5	0x40e0c5	0x40e0eb
0x40fd7c	0x40fd7c	0x40fd8f
0x40fd8f	0x40fd8f	0x40fda2
0x40fda2	0x40fda2	0x40fdb5
0x4102ab	0x4102ab	0x4102c8
0x412a3c	0x412a3c	0x412a51
0x4149ac	0x4149ac	0x4149b4
0x414b89	0x414b89	0x414ba4
0x415122	0x415122	0x41513d
0x41513d	0x41513d	0x41514d
0x41516c	0x41516c	0x4151a3
0x417a66	0x417a66	0x417a6b
0x417ef9	0x417ef9	0x417f09
0x419bb8	0x419bb8	0x419bcd
0x419d2a	0x419d2a	0x419d52
0x419d52	0x419d52	0x419d9c
0x41abcc	0x41abcc	0x41ac16
0x41ac90	0x41ac90	0x41ac98
0x41ba5c	0x41ba5c	0x41ba61
0x41e488	0x41e488	0x41e4a3
0x41e6eb	0x41e6eb	0x41e6f3
0x41e6f3	0x41e6f3	0x41e70f
0x41f27a	0x41f27a	0x41f27f
0x41f316	0x41f316	0x41f32d
0x41f32d	0x41f32d	0x41f344
0x41fb61	0x41fb61	0x41fb69
0x41feeb	0x41feeb	0x41ff6e
0x41ff6e	0x41ff6e	0x41ffad
0x420017	0x420017	0x42008f
0x4200cb	0x4200cb	0x4200fd
0x4200fd	0x4200fd	0x420110
0x4201d5	0x4201d5	0x4201e0
0x42090c	0x42090c	0x42094d
0x420b55	0x420b55	0x420b61
0x420e5f	0x420e5f	0x420e67
0x420eb3	0x420eb3	0x420f0e
0x4210d0	0x4210d0	0x4210ef
0x426378	0x426378	0x42638e
0x4263ca	0x4263ca	0x426402
0x426572	0x426572	0x426580
0x42673d	0x42673d	0x426745
0x427609	0x427609	0x427611
0x428c43	0x428c43	0x428d3c
0x428d66	0x428d66	0x428db8
0x42c0ae	0x42c0ae	0x42c0b5
0x42c0b5	0x42c0b5	0x42c0bf
0x42cc7b	0x42cc7b	0x42d068
0x42e8ab	0x42e8ab	0x42e8c1
0x4318df	0x4318df	0x4318fc
0x431ff2	0x431ff2	0x432038
0x433025	0x433025	0x4330ee
0x434132	0x434132	0x434160
0x435b00	0x435b00	0x435b38
0x435cdb	0x435cdb	0x435ce0
0x4360a8	0x4360a8	0x4360b3
0x43a0b2	0x43a0b2	0x43a0c1
0x43c772	0x43c772	0x43c783
0x43d34f	0x43d34f	0x43d35a
0x43d41e	0x43d41e	0x43d467
0x43ddbe	0x43ddbe	0x43ddd3
0x43fe01	0x43fe01	0x43fe13
0x440aa0	0x440aa0	0x440ab0
0x4441c5	0x4441c5	0x444208
0x444208	0x444208	0x44421c
0x44421c	0x44421c	0x444240
0x444240	0x444240	0x444279
0x4442db	0x4442db	0x4442fd
0x4444a9	0x4444a9	0x4444ae
0x4444eb	0x4444eb	0x444509
0x444680	0x444680	0x444686
0x444686	0x444686	0x444691
0x444691	0x444691	0x44469c
0x445172	0x445172	0x445211
0x44827c	0x44827c	0x448280
0x44973c	0x44973c	0x449745
0x4498f0	0x4498f0	0x449913
0x44998e	0x44998e	0x4499c7
0x4499ff	0x4499ff	0x449a26
0x449b79	0x449b79	0x449b8f
0x449e9a	0x449e9a	0x449fe8
0x44ba4b	0x44ba4b	0x44ba4e
0x44bd53	0x44bd53	0x44bd79
0x44bdc1	0x44bdc1	0x44bdd8
0x44bdf7	0x44bdf7	0x44be1d
0x44df8d	0x44df8d	0x44df9f
0x44e4a9	0x44e4a9	0x44e533
0x44f09f	0x44f09f	0x44f0b3
0x452354	0x452354	0x45235e
0x4523e9	0x4523e9	0x4523f5
0x452460	0x452460	0x452487
0x452487	0x452487	0x452496
0x452d78	0x452d78	0x452d82
0x452d8c	0x452d8c	0x452d98
0x452d98	0x452d98	0x452da3
0x452e00	0x452e00	0x452e27
0x452edd	0x452edd	0x452ef5
0x452ef5	0x452ef5	0x452f0d
0x452f0d	0x452f0d	0x452f25
0x452f7c	0x452f7c	0x452f9f
0x4533a7	0x4533a7	0x4533b2
0x4535b7	0x4535b7	0x45362b
0x45362b	0x45362b	0x453652
0x453b7b	0x453b7b	0x453bf1
0x4540f5	0x4540f5	0x4541ab
0x4543ca	0x4543ca	0x4543d5
0x4543d5	0x4543d5	0x4543df
0x4543e3	0x4543e3	0x4543eb
0x455374	0x455374	0x45537f
0x455b33	0x455b33	0x455b42
0x455b42	0x455b42	0x455b67
0x45657f	0x45657f	0x4565a5
0x456a3e	0x456a3e	0x456a49
0x4571fb	0x4571fb	0x4572b1
0x45733e	0x45733e	0x4573d4
0x4586ee	0x4586ee	0x458704
0x458841	0x458841	0x458997
0x458a88	0x458a88	0x458aae
0x4598e1	0x4598e1	0x4598f2
0x459c58	0x459c58	0x459cc0
0x45b4c0	0x45b4c0	0x45b4e2
0x45b4e2	0x45b4e2	0x45b4f1
0x45c01e	0x45c01e	0x45c026
0x45d200	0x45d200	0x45d271
0x45f393	0x45f393	0x45f39b
0x45f45f	0x45f2d5	0x45f2f8
0x45f45f	0x45f45f	0x45f46a
0x45f46a	0x45f46a	0x45f479
0x45fdf3	0x45fdf3	0x45fe4a
0x4601cc	0x4601cc	0x460216
0x460aac	0x460aac	0x460ad3
0x460ad3	0x460ad3	0x460ae2
0x461284	0x461284	0x46129a
0x46132f	0x46132f	0x46133b
0x461f12	0x461f12	0x461f34
0x462213	0x462213	0x462224
0x4624c1	0x4624c1	0x4624e3
0x4624e3	0x4624e3	0x4624eb
0x4624eb	0x4624eb	0x462504
0x462579	0x462579	0x46258c
0x46261b	0x46261b	0x46262d
0x4626af	0x4626af	0x4626ca
0x4626ca	0x4626ca	0x462735
0x462735	0x462735	0x462745
0x4628ab	0x4628ab	0x4628d1
0x462955	0x462955	0x462977
0x462b93	0x462b93	0x462bff
0x462bff	0x462bff	0x462c72
0x46322c	0x46322c	0x463235
0x463291	0x463291	0x4632e0
0x4632e0	0x4632e0	0x46333b
0x4639d5	0x4639d5	0x463a4d
0x4647d8	0x4647d8	0x4647f0
0x4647f0	0x4647f0	0x4647fd
0x46480a	0x46480a	0x464810
0x46481d	0x46481d	0x464825
0x465078	0x465078	0x4650a0
0x466457	0x466457	0x466467
0x46646e	0x46646e	0x466486
0x4664bb	0x4664bb	0x4664e1
0x4664e1	0x4664e1	0x466504
0x466504	0x466504	0x46651c
0x46651c	0x46651c	0x466534
0x466534	0x466534	0x466557
0x4666c9	0x4666c9	0x466724
0x466724	0x466724	0x466780
0x466780	0x466780	0x466790
0x4667d1	0x4667d1	0x466848
0x466977	0x466977	0x466a50
0x466da9	0x466da9	0x466dbc
0x466e05	0x466e05	0x466e0a
0x466e0a	0x466e0a	0x466e12
0x466e58	0x466e58	0x466e64
0x4673c0	0x4673c0	0x46740c
0x467de6	0x467de6	0x467e61
0x467f33	0x467f33	0x467f3b
0x468a46	0x468a46	0x468a63
0x468a6c	0x468a6c	0x468aa3
0x468aac	0x468aac	0x468ae3
0x468c37	0x468c37	0x468c60
0x468c7b	0x468c7b	0x468ca3
0x468ca3	0x468ca3	0x468cb6
0x468d11	0x468d11	0x468d2c
0x468d2c	0x468d2c	0x468d47
0x468d47	0x468d47	0x468d7d
0x468d7d	0x468d7d	0x468dcd
0x468f68	0x468f68	0x468f7e
0x468f9f	0x468f9f	0x468fb4
0x469602	0x469602	0x469626
0x469626	0x469626	0x469647
0x469647	0x469647	0x46966c
0x4696cd	0x4696cd	0x4696e5
0x46970d	0x46970d	0x46979b
0x46979b	0x46979b	0x4697a8
0x4697a8	0x4697a8	0x4697cd
0x4697cd	0x4697cd	0x4697e1
0x46981c	0x46981c	0x469851
0x469851	0x469851	0x469886
0x4698bc	0x4698bc	0x4698d6
0x4698d6	0x4698d6	0x4698e2
0x4698e2	0x4698e2	0x4698ee
0x469f2f	0x469886	0x4698bc
0x469f2f	0x469f2f	0x469f3a
0x46aab8	0x46aab8	0x46aad9
0x46c4c0	0x46c4c0	0x46c5d7
0x46c65c	0x46c65c	0x46c6e7
0x46c71e	0x46c71e	0x46c7a4
0x46d372	0x46d372	0x46d384
0x46e2bc	0x46e2bc	0x46e2ce
0x46e697	0x46e697	0x46e6ea
0x46f7b9	0x46f7b9	0x46f7c9
0x46f7c9	0x46f7c9	0x46f7d7
0x46f7ff	0x46f7ff	0x46f815
0x46f8a5	0x46f8a5	0x46f8b2
0x46f8b2	0x46f8b2	0x46f8cd
0x46f8cd	0x46f8cd	0x46f8da
0x46f8da	0x46f8da	0x46f8e7
0x46f8e7	0x46f8e7	0x46f8f4
0x46f8f4	0x46f8f4	0x46f901
0x472c8e	0x472c8e	0x472ca9
0x47306e	0x47306e	0x4730b0
0x474142	0x474142	0x47414d
0x4766aa	0x4766aa	0x4766be
0x4766be	0x4766be	0x4766c3
0x4766c3	0x4766c3	0x4766c8
0x4766e3	0x4766e3	0x4766e8
0x476749	0x476749	0x47676b
0x47680e	0x47680e	0x47681f
0x47710b	0x47710b	0x477121
0x477121	0x477121	0x47714a
0x4772b8	0x4772b8	0x4772d1
0x4773d6	0x4773d6	0x477432
0x4783dc	0x4783dc	0x4783f4
0x478699	0x478699	0x4786f8
0x47876a	0x47876a	0x4787b0
0x479b0a	0x479b0a	0x479b3a
0x479bc5	0x479bc5	0x479bca
0x479bca	0x479bca	0x479bdd
0x479bdd	0x479bdd	0x479bf3
0x479bf3	0x479bf3	0x479c0c
0x479c0c	0x479c0c	0x479c2a
0x479c2a	0x479c2a	0x479c35
0x479cd9	0x479cd9	0x479cf6
0x479d6d	0x479d6d	0x479dcd
0x479f29	0x479f29	0x479f62
0x479f62	0x479f62	0x479f9b
0x479f9b	0x479f9b	0x479fd4
0x47a69f	0x47a69f	0x47a6a4
0x47b2fb	0x47b2fb	0x47b35e
0x47b9ad	0x47b9ad	0x47b9f5
0x47bae7	0x47bae7	0x47baf7
0x47c018	0x47c018	0x47c033
0x47c07f	0x47c07f	0x47c173
0x47c2f2	0x47c2f2	0x47c322
0x47ca15	0x47ca15	0x47ca1a
0x47ca1a	0x47ca1a	0x47ca2d
0x47ca2d	0x47ca2d	0x47ca32
0x47cadb	0x47cadb	0x47caeb
0x47d087	0x47d087	0x47d0a2
0x47d33a	0x47d33a	0x47d36a
0x47db95	0x47db95	0x47dbb0
0x47dc75	0x47dc75	0x47dc88
0x47dd0f	0x47dd0f	0x47dd2d
0x47dda2	0x47dda2	0x47ddd9
0x47ddd9	0x47ddd9	0x47ddff
0x47ddff	0x47ddff	0x47de12
0x47de12	0x47de12	0x47de30
0x47dfd9	0x47dfd9	0x47dfff
0x47e00f	0x47e00f	0x47e017
0x47e017	0x47e017	0x47e0ce
0x47e32b	0x47e32b	0x47e330
0x47e330	0x47e330	0x47e335
0x47e335	0x47e335	0x47e33a
0x47e33a	0x47e33a	0x47e33f
0x47e344	0x47e344	0x47e357
0x47e38f	0x47e38f	0x47e394
0x47e39a	0x47e39a	0x47e3a2
0x47e4ee	0x47e4ee	0x47e4ff
0x47e520	0x47e520	0x47e59e
0x47ea26	0x47ea26	0x47ea58
0x47ec69	0x47ec69	0x47eca8
0x47ff6b	0x47ff6b	0x47ffb2
0x480281	0x480281	0x48029a
0x480471	0x480471	0x4804dd
0x480584	0x480584	0x48059f
0x4806d3	0x4806d3	0x4806fc
0x4807c7	0x4807c7	0x480821
0x480fe2	0x480fe2	0x48104d
0x481279	0x481279	0x48127e
0x4812b4	0x4812b4	0x4812b9
0x481832	0x481832	0x481837
0x481837	0x481837	0x481842
0x48195f	0x48195f	0x48197c
0x481a6e	0x481a6e	0x481a9e
0x482134	0x482134	0x482152
0x482152	0x482152	0x482172
0x482bb9	0x482bb9	0x482bdb
0x4830fb	0x4830fb	0x483111
0x483322	0x483322	0x48332e
0x4835b4	0x4835b4	0x4835fb
0x4835fb	0x4835fb	0x483629
0x483645	0x483645	0x4839d3
0x4839f9	0x4839f9	0x483a1c
0x483b10	0x483b10	0x483b3d
0x483ba3	0x483ba3	0x483bbb
0x483c69	0x483c69	0x483c75
0x483cef	0x483cef	0x483cf4
0x484365	0x484365	0x48438a
0x484673	0x484673	0x4846c7
0x4847a9	0x4847a9	0x484869
0x4848e6	0x4848e6	0x48490e
0x484b6b	0x484b6b	0x484c3c
0x484c58	0x484c58	0x484c8b
0x4851ad	0x4851ad	0x4851c7
0x4851c7	0x4851c7	0x4851e3
0x485ef6	0x485ef6	0x485efd
0x4860e9	0x4860e9	0x486136
0x486554	0x486554	0x486579
0x486b38	0x486b38	0x486b56
0x486c00	0x486c00	0x486c76
0x48707a	0x48707a	0x4870f6
0x4874f4	0x4874f4	0x48750b
0x4885b8	0x4885b8	0x4885de
0x48872d	0x48872d	0x48873f
0x4888f8	0x4888f8	0x488900
0x48893c	0x48893c	0x48896b
0x488988	0x488988	0x48898c
0x48899d	0x48899d	0x4889e8
0x488b1a	0x488b1a	0x488b54
0x488bbd	0x488bbd	0x488bfa
0x488bfa	0x488bfa	0x488c34
0x488cc4	0x488cc4	0x488cf0
0x48963c	0x48963c	0x489647
0x489647	0x489647	0x489671
0x4897bf	0x4897bf	0x489800
0x489800	0x489800	0x489895
0x489895	0x489895	0x489913
0x489dd1	0x489dd1	0x489de3
0x489eac	0x489eac	0x489eb7
0x48ae8a	0x48ae8a	0x48aec6
0x48e8f7	0x48e8f7	0x48e90b
0x48ea0f	0x48ea0f	0x48eb53
0x48ee8c	0x48ee8c	0x48f358
0x48f46d	0x48f46d	0x48f472
0x4901b5	0x4901b5	0x4901bd
0x4905d1	0x4905d1	0x49060d
0x490628	0x490628	0x490639
0x490f35	0x490f35	0x490fae
0x49226c	0x49226c	0x49227b
0x49251d	0x49251d	0x492543
0x492543	0x492543	0x49256b
0x4925db	0x4925db	0x4925e5
0x4927d0	0x4927d0	0x4927ea
0x492930	0x492930	0x4929d1
0x492e79	0x492e79	0x492efd
0x49323d	0x49323d	0x493251
0x493b1e	0x493b1e	0x493bd4
0x494591	0x494591	0x494599
0x494a2a	0x494a2a	0x494a7c
0x494abe	0x494abe	0x494ac6
0x494ac6	0x494ac6	0x494ad9
0x494e21	0x494e21	0x494e26
0x494e48	0x494e48	0x494e4d
0x494e4d	0x494e4d	0x494e52
0x494e52	0x494e52	0x494e57
0x495c6e	0x495c6e	0x495c77
0x497969	0x497969	0x49797f
0x49861a	0x49861a	0x49862b
0x49884f	0x49884f	0x498857
0x498baf	0x498baf	0x498bcb
0x498cac	0x498cac	0x498cb1
0x499475	0x499475	0x49947a
0x499d18	0x499d18	0x499d23
0x49a6c7	0x49a6c7	0x49a6d7
0x49a6d7	0x49a6d7	0x49a6dc
0x49a7ee	0x49a7ee	0x49a7f3
0x49a8a1	0x49a8a1	0x49a8fa
0x49a973	0x49a973	0x49a9a9
0x49accb	0x49accb	0x49acd0
0x49ae07	0x49ae07	0x49ae5e
0x49b1cb	0x49b1cb	0x49b231
0x49b231	0x49b231	0x49b2a2
0x49b51e	0x49b51e	0x49b560
0x49b621	0x49b621	0x49b648
0x49b648	0x49b648	0x49b657
0x49bba3	0x49bba3	0x49bbb3
0x49c022	0x49c022	0x49c049
0x49c049	0x49c049	0x49c058
0x49c553	0x49c553	0x49c592
0x49cc15	0x49cc15	0x49cc36
0x49cc36	0x49cc36	0x49cc61
0x49cc61	0x49cc61	0x49cc9d
0x49cc9d	0x49cc9d	0x49ccf0
0x49ce28	0x49ce28	0x49ce63
0x49ce63	0x49ce63	0x49ce6e
0x49ceae	0x49ceae	0x49cee1
0x49cee1	0x49cee1	0x49cefc
0x49cfa9	0x49cfa9	0x49cfcd
0x49cfcd	0x49cfcd	0x49cfeb
0x49d0de	0x49d0de	0x49d114
0x49df62	0x49df62	0x49df72
0x49e142	0x49e142	0x49e14c
0x49e14c	0x49e14c	0x49e15e
0x49e1a3	0x49e1a3	0x49e1bf
0x49f8a9	0x49f8a9	0x49f91a
0x49ffa0	0x49ffa0	0x49ffb9
0x4a051b	0x4a051b	0x4a0547
0x4a0d5f	0x4a0d5f	0x4a0dac
0x4a0e47	0x4a0e47	0x4a0e4c
0x4a13ea	0x4a13ea	0x4a13f4
0x4a17c1	0x4a17c1	0x4a1828
0x4a1950	0x4a1950	0x4a197d
0x4a1bfd	0x4a1bfd	0x4a1c05
0x4a1c05	0x4a1c05	0x4a1c10
0x4a1c59	0x4a1c59	0x4a1c77
0x4a33e0	0x4a33e0	0x4a33ee
0x4a350b	0x4a350b	0x4a3532
0x4a3532	0x4a3532	0x4a3541
0x4a3877	0x4a3877	0x4a3883
0x4a38bf	0x4a38bf	0x4a3904
0x4a3a09	0x4a3a09	0x4a3a20
0x4a3b95	0x4a3b95	0x4a3bd6
0x4a466e	0x4a466e	0x4a46bf
0x4a4d98	0x4a4d98	0x4a4dbe
0x4a5e5b	0x4a5e5b	0x4a5eac
0x4a6a44	0x4a6a44	0x4a6a58
0x4a6a81	0x4a6a81	0x4a6ab5
0x4a6ab5	0x4a6ab5	0x4a6adb
0x4a6adb	0x4a6adb	0x4a6b06
0x4a6b06	0x4a6b06	0x4a6b3a
0x4a6be7	0x4a6be7	0x4a6c13
0x4a6c30	0x4a6c30	0x4a6c59
0x4a6c6a	0x4a6c6a	0x4a6c92
0x4a6e33	0x4a6e33	0x4a6e72
0x4a7003	0x4a7003	0x4a7010
0x4a7691	0x4a7691	0x4a7699
0x4a7732	0x4a7732	0x4a7767
0x4a800d	0x4a800d	0x4a808c
0x4a878f	0x4a878f	0x4a8d06
0x4a9617	0x4a9617	0x4a964c
0x4a9660	0x4a9660	0x4a9715
0x4a973b	0x4a973b	0x4a9748
0x4a9748	0x4a9748	0x4a9755
0x4a9755	0x4a9755	0x4a9762
0x4a9762	0x4a9762	0x4a976f
0x4a976f	0x4a976f	0x4a9774
0x4a9774	0x4a9774	0x4a979f
0x4a979f	0x4a979f	0x4a97d3
0x4a97d3	0x4a97d3	0x4a97ee
0x4a9838	0x4a9838	0x4a9875
0x4a9875	0x4a9875	0x4a98ac
0x4a98ac	0x4a98ac	0x4a98d6
0x4a99bb	0x4a99bb	0x4a99f6
0x4a9b51	0x4a9b51	0x4a9b60
0x4a9b60	0x4a9b60	0x4a9b6f
0x4a9b6f	0x4a9b6f	0x4a9b7e
0x4a9bb7	0x4a9bb7	0x4a9bd1
0x4aa3a0	0x4aa3a0	0x4aa3ab
0x4aa92b	0x4aa92b	0x4aaa09
0x4aaa09	0x4aaa09	0x4aaa87
0x4aaa87	0x4aaa87	0x4aab0b
0x4aab73	0x4aab73	0x4aabb4
0x4aad5e	0x4aad5e	0x4aad69
0x4ab050	0x4ab050	0x4ab09d
0x4ab3ae	0x4ab3ae	0x4ab3eb
0x4ab3eb	0x4ab3eb	0x4ab415
0x4ab4d8	0x4ab4d8	0x4ab57e
0x4ab88f	0x4ab88f	0x4ab897
0x4ab9d5	0x4ab9d5	0x4ab9ea
0x4aba71	0x4aba71	0x4aba79
0x4aba79	0x4aba79	0x4aba81
0x4aba81	0x4aba81	0x4aba93
0x4aba93	0x4aba93	0x4abaaa
0x4ababc	0x4ababc	0x4abac4
0x4abacb	0x4abacb	0x4abad6
0x4abb37	0x4abb37	0x4abb46
0x4abb46	0x4abb46	0x4abb4b
0x4abe53	0x4abe53	0x4abe65
0x4ac135	0x4ac135	0x4ac148
0x4ac84b	0x4ac84b	0x4ac8d9
0x4acbb3	0x4acbb3	0x4acbe8
0x4ad9a6	0x4ad9a6	0x4ad9b0
0x4adbd7	0x4adbd7	0x4adbf2
0x4ae2d0	0x4ae2d0	0x4ae394
0x4ae972	0x4ae972	0x4ae988
0x4b01e6	0x4b01e6	0x4b01f4
0x4b0303	0x4b0303	0x4b031e
0x4b0414	0x4b0414	0x4b044c
0x4b0d28	0x4b0d28	0x4b0d4c
0x4b0fb9	0x4b0fb9	0x4b0feb
0x4b2761	0x4b2761	0x4b2987
0x4b33eb	0x4b33eb	0x4b33fd
0x4b34b5	0x4b34b5	0x4b3575
0x4b3575	0x4b3575	0x4b362d
0x4b3e7f	0x4b3e7f	0x4b3ea0
0x4b3f58	0x4b3f58	0x4b3f7b
0x4b3f7b	0x4b3f7b	0x4b3f90
0x4b3fed	0x4b3fed	0x4b3ff5
0x4b403a	0x4b403a	0x4b4061
0x4b4075	0x4b4075	0x4b4084
0x4b4106	0x4b4106	0x4b4130
0x4b471f	0x4b471f	0x4b4727
0x4b4828	0x4b4828	0x4b488f
0x4b4aff	0x4b4aff	0x4b4b7c
0x4b4b7c	0x4b4b7c	0x4b4ba1
0x4b4c7b	0x4b4c7b	0x4b4cad
0x4b4cad	0x4b4cad	0x4b4cdf
0x4b53c5	0x4b53c5	0x4b53d2
0x4b53d2	0x4b53d2	0x4b53df
0x4b54d9	0x4b54d9	0x4b54e9
0x4b54e9	0x4b54e9	0x4b554f
0x4b5574	0x4b5574	0x4b55c8
0x4b5680	0x4b5680	0x4b568b
0x4b5886	0x4b5886	0x4b58ff
0x4b58ff	0x4b58ff	0x4b5982
0x4b59af	0x4b59af	0x4b59b7
0x4b5b82	0x4b5b82	0x4b5bac
0x4b5ddc	0x4b5ddc	0x4b5e06
0x4b6213	0x4b6213	0x4b6236
0x4b6236	0x4b6236	0x4b6259
0x4b6357	0x4b6357	0x4b638a
0x4b638a	0x4b638a	0x4b63bd
0x4b6532	0x4b6532	0x4b65a5
0x4b65a5	0x4b65a5	0x4b65e4
0x4b70f0	0x4b70f0	0x4b7110
0x4b7e19	0x4b7e19	0x4b7e23
0x4b7e2d	0x4b7e2d	0x4b7e3c
0x4b8484	0x4b8484	0x4b84ea
0x4b8510	0x4b8510	0x4b8518
0x4b8518	0x4b8518	0x4b8520
0x4b8b41	0x4b8ae1	0x4b8b0f
0x4b8b41	0x4b8b41	0x4b8c0e
0x4b8cc9	0x4b8cc9	0x4b8cde
0x4b8e2b	0x4b8e2b	0x4b8e78
0x4b8f22	0x4b8f22	0x4b8f62
0x4b96c4	0x4b96c4	0x4b96cc
0x4b98c6	0x4b98c6	0x4b9910
0x4b9910	0x4b9910	0x4b9917
0x4b9c46	0x4b9c46	0x4b9c4d
0x4bc0b8	0x4bc0b8	0x4bc2e6
0x4bc51b	0x4bc51b	0x4bc523
0x4bc56d	0x4bc56d	0x4bc617
0x4bcef0	0x4bcef0	0x4bcf92
0x4bd77c	0x4bd77c	0x4bd78f
0x4bd7d4	0x4bd7d4	0x4bd7fd
0x4bd92c	0x4bd92c	0x4bd97a
0x4bda0c	0x4bda0c	0x4bda29
0x4bdaa9	0x4bdaa9	0x4bdb01
0x4bdb85	0x4bdb85	0x4bdc03
0x4bdc56	0x4bdc56	0x4bdc6d
0x4bdce2	0x4bdce2	0x4bdfcb
0x4bf897	0x4bf897	0x4bf8ac
0x4bf8ac	0x1d9083	0x1d909e
0x4bf8ac	0x4bf8ac	0x4bf8b7
0x4bf8b7	0x4bf8b7	0x4bf8be
0x4bf8df	0x4bf8df	0x4bf8ed
0x4bf8f5	0x4bf8f5	0x4bf911
0x4bf911	0x4bf911	0x4bf930
0x4bf930	0x4bf930	0x4bf951
0x4c0a6b	0x4c0a6b	0x4c0a76
0x4c0b60	0x4c0b60	0x4c0b63
0x4c1170	0x4c1170	0x4c121b
0x4c193c	0x4c193c	0x4c1974
0x4c1bd4	0x4c1bd4	0x4c1be4
0x4c1c29	0x4c1c29	0x4c1c53
0x4c1c53	0x4c1c53	0x4c1c68
0x4c1c68	0x4c1c68	0x4c1c75
0x4c1c75	0x4c1c75	0x4c1c82
0x4c1f71	0x4c1f71	0x4c1fcb
0x4c202f	0x4c202f	0x4c2034
0x4c2127	0x4c2127	0x4c21a9
0x4c236a	0x4c236a	0x4c2389
0x4c2419	0x4c2419	0x4c244d
0x4c2f6a	0x4c2f6a	0x4c2fe6
0x4c31ec	0x4c31ec	0x4c3204
0x4c38b3	0x4c38b3	0x4c38d0
0x4c38d0	0x4c38d0	0x4c38d5
0x4c405d	0x4c405d	0x4c4069
0x4c4069	0x4c4069	0x4c4075
0x4c5551	0x4c5551	0x4c5571
0x4c55b2	0x4c55b2	0x4c55fc
0x4c5751	0x4c5751	0x4c575f
0x4c575f	0x4c575f	0x4c5772
0x4c5e41	0x4c5e41	0x4c5e62
0x4c64ee	0x4c64ee	0x4c6588
0x4c69fa	0x4c69fa	0x4c6a20
0x4c6b7b	0x4c6b7b	0x4c6c1e
0x4c6e06	0x4c6e06	0x4c6e49
0x4c8155	0x4c8155	0x4c8175
0x4c8175	0x4c8175	0x4c8198
0x4c8198	0x4c8198	0x4c81b7
0x4c822c	0x4c822c	0x4c8270
0x4c82d1	0x4c82d1	0x4c82e5
0x4c856f	0x4c856f	0x4c8574
0x4c875e	0x4c875e	0x4c87a9
0x4c89cb	0x4c89cb	0x4c89e6
0x4c8a2f	0x4c8a2f	0x4c8a34
0x4c8ab5	0x4c8ab5	0x4c8b62
0x4c8e83	0x4c8e83	0x4c8eff
0x4c9053	0x4c9053	0x4c908b
0x4c9593	0x4c9593	0x4c9598
0x4c9a51	0x4c9a51	0x4c9a82
0x4c9a82	0x4c9a82	0x4c9b44
0x4c9e1f	0x4c9e1f	0x4c9e33
0x4c9e33	0x4c9e33	0x4c9e48
0x4c9e48	0x4c9e48	0x4c9e5d
0x4cab3d	0x4cab3d	0x4cab5e
0x4cab8b	0x4cab8b	0x4cabcd
0x4cabcd	0x4cabcd	0x4cabe5
0x4cac2f	0x4cac2f	0x4cac4b
0x4cac4b	0x4cac4b	0x4cac9c
0x4cac9c	0x4cac9c	0x4cacb8
0x4cb104	0x4cb104	0x4cb125
0x4cb51c	0x4cb51c	0x4cb572
0x4cbbd3	0x4cbbd3	0x4cbbf4
0x4cc06c	0x4cc06c	0x4cc07b
0x4cc07b	0x4cc07b	0x4cc08d
0x4cc08d	0x4cc08d	0x4cc095
0x4cc882	0x4cc882	0x4cc96d
0x4cdbe1	0x4cdbe1	0x4cdbfc
0x4cdf00	0x4cdf00	0x4cdf1d
0x4cdf1d	0x4cdf1d	0x4cdf2b
0x4cdfeb	0x4cdfeb	0x4ce006
0x4ce18a	0x4ce18a	0x4ce245
0x4ce270	0x4ce270	0x4ce27c
0x4ce27c	0x4ce27c	0x4ce29d
0x4ce4b0	0x4ce4b0	0x4ce4d4
0x4cee7f	0x4cee7f	0x4cee90
0x4ceea6	0x4ceea6	0x4ceec3
0x4d1b00	0x4d1b00	0x4d1b38
0x4d1d32	0x4d1d32	0x4d1d37
0x4d3c8b	0x4d3c8b	0x4d3ca8
0x4d7395	0x4d7395	0x4d73a4
0x4d7ef9	0x4d7ef9	0x4d7f36
0x4d7f36	0x4d7f36	0x4d7f69
0x4d7f69	0x4d7f69	0x4d7f9c
0x4d7f9c	0x4d7f9c	0x4d7fad
0x4d84d2	0x4d84d2	0x4d8507
0x4d8717	0x4d8717	0x4d871f
0x4d88f6	0x4d88f6	0x4d8935
0x4d8935	0x4d8935	0x4d8974
0x4d8b3f	0x4d8b3f	0x4d8b50
0x4d8d25	0x4d8d25	0x4d8d7c
0x4d8d7f	0x4d8d7f	0x4d8dea
0x4ded3b	0x4ded3b	0x4dedd2
0x4df396	0x4df396	0x4df3b0
0x4df84f	0x4df84f	0x4df863
0x4df897	0x4df897	0x4df8a9
0x4df8c2	0x4df8c2	0x4df8d8
0x4e06b8	0x4e06b8	0x4e06fb
0x4e14a5	0x4e14a5	0x4e14bc
0x4e14bc	0x4e14bc	0x4e14cd
0x4e19e7	0x4e19e7	0x4e1a04
0x4e4745	0x4e4745	0x4e4750
0x4e55b9	0x4e55b9	0x4e55f9
0x4e56eb	0x4e56eb	0x4e5724
0x4e59f4	0x4e59f4	0x4e5a24
0x4e6882	0x4e6882	0x4e6898
0x4e6b7d	0x4e6b7d	0x4e6b9b
0x4e725f	0x4e725f	0x4e7277
0x4e845f	0x4e845f	0x4e846a
0x4e846a	0x4e846a	0x4e84a4
0x4e8620	0x4e8620	0x4e8670
0x4e9fb2	0x4e9fb2	0x4e9ffd
0x4ea01d	0x4ea01d	0x4ea03a
0x4ea418	0x4ea418	0x4ea420
0x4eabc7	0x4eabc7	0x4eabea
0x4eba96	0x4eba96	0x4ebaf7
0x4ee113	0x4ee113	0x4ee13e
0x4ef2ab	0x4ef2ab	0x4ef2fa
0x4ef2fa	0x4ef2fa	0x4ef309
0x4ef309	0x4ef309	0x4ef33b
0x4ef455	0x4ef455	0x4ef45a
0x4ef45a	0x4ef45a	0x4ef45f
0x4ef45f	0x4ef45f	0x4ef464
0x4ef49c	0x4ef49c	0x4ef4a1
0x4ef4b7	0x4ef4b7	0x4ef4bc
0x4ef4bc	0x4ef4bc	0x4ef4c1
0x4ef520	0x4ef520	0x4ef525
0x4ef525	0x4ef525	0x4ef52a
0x4ef52a	0x4ef52a	0x4ef52f
0x4ef73a	0x4ef73a	0x4ef87d
0x4efdab	0x4efdab	0x4efddc
0x4f2f66	0x4f2f66	0x4f2fc4
0x4f5391	0x4f5391	0x4f53a3
0x4f81fc	0x4f81fc	0x4f823b
0x4f87aa	0x4f87aa	0x4f87b7
0x4f87b7	0x4f87b7	0x4f87bc
0x4f9630	0x4f9630	0x4f9635
0x4fa5b8	0x4fa5b8	0x4fa5d4
0x4fa5d4	0x4fa5d4	0x4fa5e4
0x4fa5e4	0x4fa5e4	0x4fa5f4
0x4fa66c	0x4fa66c	0x4fa686
0x4fa686	0x4fa686	0x4fa6b5
0x4fac99	0x4fac99	0x4facd0
0x4fb128	0x4fb128	0x4fb130
0x4fbffd	0x4fbffd	0x4fc002
0x4fc23e	0x4fc23e	0x4fc275
0x4fcb23	0x4fcb23	0x4fcb61
0x4fdc73	0x4fdc73	0x4fdc78
0x4fdc78	0x4fdc78	0x4fdce1
0x4ff363	0x4ff363	0x4ff36c
0x5011aa	0x5011aa	0x5011af
0x506b3b	0x506b3b	0x506b58
0x506bdc	0x506bdc	0x506bf7
0x507943	0x507943	0x507958
0x50797d	0x50797d	0x507991
0x5086ce	0x5086ce	0x50882b
0x508925	0x508925	0x50893a
0x508b9e	0x508b9e	0x508be5
0x508c46	0x508c46	0x508cdb
0x508f0c	0x508f0c	0x508f1e
0x508f1e	0x508f1e	0x508f51
0x5091d6	0x5091d6	0x50921d
0x5092d4	0x5092d4	0x509307
0x509367	0x509367	0x509379
0x50959c	0x50959c	0x5095ae
0x50962b	0x50962b	0x50965a
0x50965a	0x50965a	0x50968b
0x5096ff	0x5096ff	0x509720
0x509720	0x509720	0x509753
0x509df8	0x509df8	0x509e43
0x50a98f	0x50a98f	0x50a9f2
0x50ac09	0x50ac09	0x50ace0
0x50b16f	0x50b16f	0x50b1fc
0x50b32d	0x50b32d	0x50b374
0x50b391	0x50b391	0x50b426
0x50b4e2	0x50b4e2	0x50b519
0x50b745	0x50b745	0x50b7d2
0x50b928	0x50b928	0x50b92d
0x50b92d	0x50b92d	0x50b95b
0x50b95b	0x50b95b	0x50b97b
0x50b97b	0x50b97b	0x50b98f
0x50bbcc	0x50bbcc	0x50bbeb
0x50bd7c	0x50bd7c	0x50bd81
0x50bdd5	0x50bdd5	0x50bded
0x50dbaa	0x50dbaa	0x50dbe6
0x50eab9	0x50eab9	0x50eac1
0x50eac1	0x50eac1	0x50eb02
0x50eb02	0x50eb02	0x50eb0a
0x50f65b	0x50f65b	0x50f68a
0x5101c0	0x5101c0	0x5101e2
0x5105b3	0x5105b3	0x5105bb
0x510d8d	0x510d8d	0x510d98
0x5114c6	0x5114c6	0x511540
0x5117b7	0x5117b7	0x5117df
0x511826	0x511826	0x5118b2
0x5125e2	0x5125e2	0x5125ed
0x5126ea	0x5126ea	0x5126f5
0x5127f3	0x5127f3	0x51280e
0x512911	0x512911	0x51291c
0x512ed2	0x512ed2	0x512edd
0x513838	0x513838	0x513866
0x513cd4	0x513cd4	0x513cdf
0x51483c	0x51483c	0x514878
0x514878	0x514878	0x51489d
0x514ea0	0x514ea0	0x514eab
0x514f23	0x514f23	0x514f2e
0x516e4e	0x516e4e	0x516e92
0x516ea7	0x516ea7	0x516ec0
0x517364	0x517364	0x51737b
0x5174d9	0x5174d9	0x5174e4
0x5174e4	0x5174e4	0x517547
0x518557	0x518557	0x5185ba
0x518892	0x518892	0x51889d
0x51b125	0x51b125	0x51b15e
0x51b35e	0x51b35e	0x51b369
0x51bf2d	0x51bf2d	0x51bf47
0x51cc82	0x51cc82	0x51cc8d
0x51e2fb	0x51e2fb	0x51e31a
0x51e766	0x51e766	0x51e8c8
0x5204e4	0x5204e4	0x5204ef
0x521111	0x521111	0x521116
0x521116	0x521116	0x52112f
0x521255	0x521255	0x521260
0x5216cb	0x5216cb	0x5216db
0x5216db	0x5216db	0x5216ed
0x5216ed	0x5216ed	0x5216fd
0x5216fd	0x5216fd	0x52170d
0x52170d	0x52170d	0x521720
0x521720	0x521720	0x521741
0x52180e	0x52180e	0x521826
0x521ab2	0x521ab2	0x521abd
0x521abd	0x521abd	0x521ac8
0x521ac8	0x521ac8	0x521b16
0x521b48	0x521b48	0x521b56
0x5223d7	0x5223d7	0x5224e3
0x523178	0x523178	0x5231b0
0x5237fe	0x5237fe	0x523809
0x524ae2	0x524ae2	0x524ae7
0x524cc1	0x524cc1	0x524cc6
0x52586b	0x52586b	0x525886
0x525886	0x525886	0x5258b2
0x5259b1	0x5259b1	0x5259b9
0x526342	0x526342	0x52634f
0x527111	0x527111	0x527122
0x5277ba	0x5277ba	0x5277cf
0x5277cf	0x5277cf	0x5277d9
0x528281	0x528281	0x5282ba
0x528f03	0x528f03	0x528f09
0x52a36a	0x52a36a	0x52a387
0x52a621	0x52a621	0x52a634
0x52a652	0x52a387	0x52a3aa
0x52a652	0x52a652	0x52a65a
0x52af88	0x52af88	0x52af95
0x52b488	0x52b488	0x52b48d
0x52b48d	0x52b48d	0x52b492
0x52b492	0x52b492	0x52b497
0x52b58f	0x52b58f	0x52b5c6
0x52b668	0x52b668	0x52b685
0x52d843	0x52d843	0x52d84c
0x531fbe	0x531fbe	0x531fcf
0x5328b2	0x5328b2	0x5328d3
0x535087	0x535087	0x5350ba
0x538b07	0x538b07	0x538b2f
0x538b48	0x538b48	0x538b95
0x539611	0x539611	0x539619
0x5397d3	0x5397d3	0x5397db
0x53da53	0x53da53	0x53da64
0x53da64	0x53da64	0x53da75
0x53ec3a	0x53ec3a	0x53ec42
0x53ec7d	0x53ec7d	0x53ecac
0x53ecac	0x53ecac	0x53ecd1
0x53ecd1	0x53ecd1	0x53ed05
0x53ed70	0x53ed70	0x53ed78
0x540131	0x540131	0x54014d
0x540be4	0x540be4	0x540c0a
0x5411a3	0x5411a3	0x5411c8
0x541f02	0x541f02	0x541f11
0x541f11	0x541f11	0x541f1f
0x542d88	0x542d88	0x542dbd
0x5441af	0x5441af	0x54420a
0x54420a	0x54420a	0x544218
0x544218	0x544218	0x54428b
0x54428b	0x54428b	0x5442cc
0x544425	0x544425	0x544480
0x544670	0x544670	0x54467a
0x5450b5	0x5450b5	0x5450d3
0x5451f3	0x5451f3	0x545211
0x545222	0x545222	0x545239
0x5452cb	0x5452cb	0x545393
0x545b72	0x545b72	0x545b84
0x545caa	0x545caa	0x545caf
0x545caf	0x545caf	0x545cf7
0x54632d	0x54632d	0x5463c9
0x5464ce	0x5464ce	0x546577
0x5465e5	0x34fb77	0x34fcac
0x5465e5	0x5465e5	0x54665b
0x54665b	0x54665b	0x54675d
0x54675d	0x54675d	0x54684e
0x54684e	0x54684e	0x5468ab
0x5468ab	0x5468ab	0x5468bb
0x5468bb	0x5468bb	0x5468e1
0x54691c	0x54691c	0x546926
0x546ac0	0x546ac0	0x546ad0
0x546b34	0x546b34	0x546b6b
0x546b6b	0x546b6b	0x546b75
0x546bc7	0x546bc7	0x546bed
0x546bed	0x546bed	0x546c26
0x546cb8	0x546cb8	0x546cef
0x546cef	0x546cef	0x546cf9
0x546d56	0x546d56	0x546d7c
0x546d7c	0x546d7c	0x546da5
0x546da5	0x546da5	0x546dd4
0x546e2e	0x546e2e	0x546ece
0x546f6c	0x546f6c	0x546fa3
0x546fa3	0x546fa3	0x546fad
0x547018	0x547018	0x54703e
0x54711a	0x54711a	0x547188
0x54719d	0x54719d	0x5471a3
0x5471a3	0x5471a3	0x5471df
0x5471df	0x5471df	0x5471e6
0x5471e6	0x5471e6	0x547223
0x5472ad	0x5472ad	0x5472d3
0x5474b9	0x5474b9	0x5474c3
0x547aae	0x547aae	0x547ab4
0x547ab4	0x547ab4	0x547ad4
0x547ad4	0x547ad4	0x547b10
0x547b10	0x547b10	0x547b17
0x547b64	0x547b64	0x547b8a
0x547bc5	0x547bc5	0x547bcf
0x549c74	0x549c74	0x549c91
0x54b7fc	0x54b7fc	0x54b804
0x54b804	0x54b804	0x54b81a
0x54d630	0x54d630	0x54d64d
0x54e79d	0x54e79d	0x54e7ba
0x54e7ea	0x54e7ea	0x54e82c
0x54f922	0x54f922	0x54f93f
0x54f965	0x54f965	0x54f990
0x54f990	0x54f990	0x54f99e
0x54fb78	0x54fb78	0x54fc14
0x5504af	0x5504af	0x5504f9
0x55057d	0x55057d	0x55059a
0x550618	0x550618	0x550626
0x550626	0x550626	0x550634
0x5508f0	0x5508f0	0x550904
0x550904	0x550904	0x550918
0x552027	0x552027	0x552bd2
0x552c0f	0x552c0f	0x552c2c
0x559480	0x559480	0x55954e
0x55954e	0x55954e	0x55961c
0x55961c	0x55961c	0x5596ea
0x55b0b9	0x55b0b9	0x55b0cc
0x55b146	0x55b146	0x55b156
0x55b417	0x55b417	0x55b44d
0x55ba3d	0x55ba3d	0x55bb5c
0x55bb5c	0x55bb5c	0x55bbae
0x55bbae	0x55bbae	0x55bc39
0x55c44f	0x55c44f	0x55c45f
0x55cb45	0x55cb45	0x55cb5d
0x55d616	0x55d616	0x55d638
0x55d638	0x55d638	0x55d686
0x55db41	0x55db41	0x55dbd3
0x55e5f6	0x55e5f6	0x55e636
0x55e85c	0x55e85c	0x55e891
0x55ed34	0x55ed34	0x55ed5f
0x55f4ce	0x55f4ce	0x55f529
0x562ddb	0x562ddb	0x5634f7
0x567720	0x567720	0x56773e
0x567793	0x567793	0x5677b9
0x56799c	0x56799c	0x5679a4
0x5679a4	0x5679a4	0x567a27
0x567b10	0x567b10	0x567b42
0x567b42	0x567b42	0x567b4d
0x567b42	0x5c392a	0x5c3932
0x567d96	0x567d96	0x567da6
0x567fbc	0x567fbc	0x567ffc
0x5680d6	0x5680d6	0x5680de
0x568bd5	0x568bd5	0x568be2
0x56a9a3	0x56a9a3	0x56a9b5
0x56a9c6	0x56a9c6	0x56a9cf
0x56a9cf	0x56a9cf	0x56a9de
0x56a9de	0x56a9de	0x56a9ed
0x56a9ed	0x56a9ed	0x56a9f4
0x56a9f4	0x56a9f4	0x56aa10
0x56aa10	0x56aa10	0x56aa22
0x56aa22	0x56aa22	0x56aa32
0x56aaa6	0x56aaa6	0x56aabf
0x56aabf	0x56aabf	0x56aaf4
0x56ab09	0x56ab09	0x56ab25
0x56ab25	0x56ab25	0x56ab35
0x56ab88	0x56ab88	0x56ab97
0x56abc0	0x56abc0	0x56abcb
0x56abcb	0x56abcb	0x56abd6
0x56abd6	0x56abd6	0x56ac26
0x56ac7a	0x56ac7a	0x56ac82
0x56ac94	0x56ac94	0x56ac9c
0x56acae	0x56acae	0x56acc5
0x56acd7	0x56acd7	0x56acdf
0x56acf1	0x56acf1	0x56acf7
0x56acf7	0x56acf7	0x56acff
0x56ad11	0x56ad11	0x56ad19
0x56ad71	0x56ad71	0x56ad79
0x56ae26	0x56ae26	0x56ae2e
0x56b11e	0x56b11e	0x56b126
0x56b180	0x56b180	0x56b188
0x56b1ea	0x56b1ea	0x56b1f2
0x56b28e	0x56b28e	0x56b296
0x56b34e	0x56b34e	0x56b356
0x56b88a	0x56b88a	0x56b89f
0x56b8d7	0x56b8d7	0x56b8f4
0x56b984	0x56b984	0x56b993
0x56b993	0x56b993	0x56b9a2
0x56b9f2	0x56b9f2	0x56ba07
0x56db90	0x56db90	0x56db9b
0x56ddc1	0x56ddc1	0x56ddf5
0x56de1f	0x56de1f	0x56de2b
0x57166c	0x57166c	0x57179d
0x571c9d	0x571c9d	0x572571
0x573e1a	0x573e1a	0x573e2b
0x573e2b	0x573e2b	0x573e74
0x573e74	0x573e74	0x573e7c
0x5742a1	0x5742a1	0x5742b3
0x57433d	0x57433d	0x574345
0x574345	0x42d6ec	0x42d6fd
0x574345	0x574345	0x57434d
0x574345	0x5785be	0x5785cd
0x574356	0x574356	0x574365
0x574365	0x574365	0x574374
0x574374	0x574374	0x574383
0x574383	0x574383	0x57439a
0x57439a	0x57439a	0x5743ae
0x5743d8	0x5743d8	0x5743e9
0x57440d	0x57440d	0x574423
0x574423	0x574423	0x57444b
0x57444b	0x57444b	0x574473
0x5747cc	0x5747cc	0x5747da
0x574846	0x574846	0x574851
0x5749a8	0x5749a8	0x5749b7
0x574a7b	0x574a7b	0x574a8a
0x5753b4	0x5753b4	0x5753d1
0x5753e9	0x5753e9	0x575406
0x57548a	0x57548a	0x5754ab
0x5754ab	0x5754ab	0x5754cc
0x5754cc	0x5754cc	0x5754ed
0x5754ff	0x5754ff	0x57551c
0x57556d	0x57556d	0x57557f
0x57557f	0x57557f	0x5755b0
0x5755b0	0x5755b0	0x5755e1
0x5755e1	0x5755e1	0x575612
0x575612	0x575612	0x575643
0x575643	0x575643	0x575674
0x5756e7	0x5756e7	0x5756f2
0x5756f2	0x5756f2	0x575700
0x575ca6	0x575ca6	0x575cae
0x575cae	0x575cae	0x575cdf
0x575cdf	0x575cdf	0x575d12
0x575d12	0x575d12	0x575d45
0x575d80	0x575d80	0x575d88
0x575dba	0x575dba	0x575dc2
0x575dc2	0x575dc2	0x575dca
0x575dca	0x575dca	0x575dd2
0x575dd2	0x575dd2	0x575dda
0x575dda	0x575dda	0x575de6
0x575de6	0x575de6	0x575df2
0x575df2	0x575df2	0x575dfe
0x575dfe	0x575dfe	0x575e32
0x576021	0x576021	0x576029
0x576029	0x576029	0x576031
0x576031	0x576031	0x576039
0x57616a	0x57616a	0x576172
0x576446	0x576446	0x57644e
0x57644e	0x57644e	0x576456
0x57662b	0x57662b	0x57664c
0x57667d	0x57667d	0x5766b3
0x5767dc	0x5767dc	0x5767e7
0x576808	0x576808	0x576813
0x576834	0x576834	0x5768cb
0x576d05	0x576d05	0x576d0d
0x576dcd	0x576dcd	0x576dd5
0x576ffe	0x576ffe	0x577010
0x57708f	0x57708f	0x57709a
0x5770cb	0x5770cb	0x5770d6
0x577185	0x577185	0x57718d
0x5772fa	0x5772fa	0x577302
0x577302	0x577302	0x577324
0x5778ad	0x5778ad	0x5778b6
0x5778b6	0x5778b6	0x5778c9
0x5778c9	0x5778c9	0x5778d1
0x577e70	0x577e70	0x577e94
0x577e94	0x577e94	0x577eaa
0x5785f6	0x5785f6	0x5785fe
0x5785fe	0x5785fe	0x578606
0x578606	0x578606	0x57860e
0x57860e	0x57860e	0x578616
0x578616	0x578616	0x57861e
0x578616	0x5d3272	0x5d3279
0x57861e	0x57861e	0x578626
0x57861e	0x5d3279	0x5d3280
0x578626	0x578626	0x57862e
0x578626	0x5d3280	0x5d3287
0x57862e	0x57862e	0x578636
0x57862e	0x5d2f7e	0x5d2f84
0x578636	0x578636	0x57863e
0x578636	0x5d2f84	0x5d2f8a
0x57863e	0x57863e	0x578646
0x57863e	0x5d2f8a	0x5d2f90
0x578646	0x578646	0x57864e
0x57864e	0x57864e	0x57866d
0x578b64	0x578b64	0x578bb9
0x578bb9	0x578bb9	0x578c0e
0x57948b	0x57948b	0x5794b4
0x5794b4	0x5794b4	0x5794dd
0x57956d	0x57956d	0x579575
0x579696	0x579696	0x5796a8
0x57a260	0x57a260	0x57a272
0x57a31b	0x57a31b	0x57a330
0x57a330	0x57a330	0x57a345
0x57a345	0x57a345	0x57a35a
0x57a35a	0x57a35a	0x57a362
0x57a362	0x57a362	0x57a36a
0x57a36a	0x57a36a	0x57a372
0x57a372	0x57a372	0x57a37a
0x57a37a	0x57a37a	0x57a382
0x57a44d	0x57a44d	0x57a455
0x57a471	0x57a471	0x57a4a3
0x57a4a3	0x57a4a3	0x57a4ba
0x57a4ba	0x57a4ba	0x57a4c9
0x57a4c9	0x57a4c9	0x57a4dc
0x57a83c	0x57a83c	0x57a861
0x57aa3d	0x57aa3d	0x57aa45
0x57aa3d	0x5d4e37	0x5d4e63
0x57aa45	0x57aa45	0x57aad5
0x57aaf1	0x57aaf1	0x57ab00
0x57ab00	0x57ab00	0x57ab16
0x57b93e	0x57b93e	0x57b94d
0x57b97c	0x57b97c	0x57b993
0x57b9d0	0x57b9d0	0x57b9d8
0x57bc20	0x57bc20	0x57bc25
0x57bc25	0x57bc25	0x57bc2a
0x57d8f5	0x57d8f5	0x57d908
0x57d908	0x57d908	0x57d922
0x583726	0x583726	0x583750
0x583750	0x583750	0x583772
0x583772	0x583772	0x583794
0x5839f5	0x5839f5	0x583a07
0x583d0a	0x583d0a	0x583d4c
0x584a75	0x584a75	0x584a7d
0x584a7d	0x584a7d	0x584a9b
0x584c69	0x584c69	0x584c7c
0x585017	0x585017	0x585059
0x5863e5	0x5863e5	0x586a2c
0x58704f	0x58704f	0x587057
0x587057	0x587057	0x587075
0x587217	0x587217	0x58722a
0x58776e	0x58776e	0x5877af
0x587f11	0x587f11	0x587f4d
0x5881db	0x5881db	0x588a72
0x588a95	0x588a95	0x588a9d
0x588a9d	0x588a9d	0x588abb
0x58911a	0x58911a	0x58912e
0x5896d9	0x5896d9	0x589722
0x589722	0x589722	0x58977f
0x58ad81	0x58ad81	0x58ad94
0x58ad9f	0x58ad9f	0x58ada8
0x58ae36	0x58ae36	0x58ae53
0x58c484	0x58c484	0x58c488
0x5966c0	0x5966c0	0x5966dd
0x596ba2	0x596ba2	0x596bb7
0x596c6b	0x596c6b	0x596c7c
0x596c7c	0x596c7c	0x596c85
0x596cbe	0x596cbe	0x596cc7
0x596cc7	0x596cc7	0x596cdf
0x5970c9	0x5970c9	0x5970e6
0x597372	0x597372	0x59738a
0x59738a	0x59738a	0x5973d8
0x597426	0x597426	0x597476
0x5975d7	0x5975d7	0x5975e1
0x597713	0x597713	0x59771b
0x59771b	0x59771b	0x5977d3
0x598faf	0x598faf	0x598fb7
0x598fb7	0x598fb7	0x59904a
0x59b19a	0x59b19a	0x59b1a2
0x59b420	0x59b420	0x59b428
0x59e826	0x59e826	0x59e848
0x59eb41	0x59eb41	0x59eb5e
0x59ebaf	0x59ebaf	0x59ebde
0x59ec50	0x59ec50	0x59ec65
0x59ef49	0x59ef49	0x59ef57
0x59ef57	0x59ef57	0x59ef62
0x59efa0	0x59efa0	0x59f043
0x59f35e	0x59f35e	0x59f37c
0x5a00d6	0x5a00d6	0x5a00de
0x5a00de	0x5a00de	0x5a00e6
0x5a6582	0x5a6582	0x5a6697
0x5a6697	0x5a6697	0x5a66b8
0x5a66b8	0x5a66b8	0x5a66bf
0x5a66ec	0x5a66ec	0x5a6709
0x5a9916	0x5a9916	0x5a9923
0x5a994b	0x5a994b	0x5a996c
0x5a9a89	0x5a9a89	0x5a9acd
0x5a9b61	0x5a9b61	0x5a9b82
0x5a9ca3	0x5a9ca3	0x5a9cb3
0x5aa60f	0x5aa60f	0x5aa62b
0x5aa652	0x5aa652	0x5aa663
0x5aa8cc	0x5aa8cc	0x5aa8f1
0x5aab9c	0x5aab9c	0x5aaba5
0x5aaba5	0x5aaba5	0x5aabc6
0x5aad26	0x5aad26	0x5aada7
0x5ab085	0x5ab085	0x5ab125
0x5ab130	0x5ab130	0x5ab16c
0x5ab314	0x5ab314	0x5ab338
0x5acbff	0x5acbff	0x5acce4
0x5acd51	0x5acd51	0x5acda9
0x5ad5dd	0x5ad5dd	0x5ad6c3
0x5ae31f	0x5ae31f	0x5ae37f
0x5ae37f	0x5ae37f	0x5ae38a
0x5ae68f	0x5ae68f	0x5ae6ef
0x5ae763	0x5ae763	0x5ae76e
0x5af117	0x5af117	0x5af12f
0x5afa0e	0x5afa0e	0x5afa20
0x5afcec	0x5afcec	0x5afcff
0x5b023a	0x5b023a	0x5b0249
0x5b0608	0x5b0608	0x5b0648
0x5b2558	0x5b2558	0x5b2575
0x5b455d	0x5b455d	0x5b4610
0x5b488f	0x5b488f	0x5b4934
0x5b4934	0x5b4934	0x5b495e
0x5b4c73	0x5b4c73	0x5b4c7b
0x5b4c7b	0x5b4c7b	0x5b4c97
0x5b4c97	0x5b4c97	0x5b4cc6
0x5b5ae3	0x5b5ae3	0x5b5b07
0x5b5e03	0x5b5e03	0x5b5e2d
0x5b6182	0x5b6182	0x5b61b3
0x5b7426	0x5b7426	0x5b7437
0x5b7ffa	0x5b7ffa	0x5b8002
0x5b8002	0x5b8002	0x5b800a
0x5b800a	0x5b800a	0x5b8012
0x5b8012	0x5b8012	0x5b8018
0x5b8018	0x5b8018	0x5b802a
0x5b802a	0x5b802a	0x5b8032
0x5ba262	0x5ba262	0x5ba26a
0x5ba26a	0x5ba26a	0x5ba272
0x5ba2f3	0x5ba2f3	0x5ba2fb
0x5ba2fb	0x5ba2fb	0x5ba303
0x5ba621	0x5ba621	0x5ba626
0x5baeca	0x5baeca	0x5baf35
0x5bcaf1	0x5bcaf1	0x5bcc77
0x5c1879	0x5c1879	0x5c1896
0x5c1a8d	0x5c1a8d	0x5c1a9e
0x5c2603	0x5c2603	0x5c2f74
0x5c3513	0x5c3513	0x5c3525
0x5c3525	0x5c3525	0x5c352d
0x5c352d	0x5c352d	0x5c3549
0x5c3586	0x5c3586	0x5c358e
0x5c358e	0x5c358e	0x5c3596
0x5c3596	0x5c3596	0x5c359e
0x5c359e	0x5c359e	0x5c35a6
0x5c3998	0x5c3998	0x5c399e
0x5c39eb	0x5c39eb	0x5c3a37
0x5c4212	0x5c4212	0x5c4221
0x5c4221	0x5c4221	0x5c4230
0x5c4352	0x5c4352	0x5c436e
0x5c44a3	0x5c44a3	0x5c44c3
0x5c4553	0x5c4553	0x5c456f
0x5c456f	0x5c456f	0x5c4598
0x5c47a8	0x5c47a8	0x5c47c4
0x5c47dc	0x5c47dc	0x5c47ea
0x5c4ce7	0x5c4ce7	0x5c4d1b
0x5c4d1b	0x5c4d1b	0x5c4d2f
0x5c4f88	0x5c4f88	0x5c4fa5
0x5c793a	0x5c793a	0x5c7954
0x5c9604	0x5c9604	0x5c962c
0x5c97be	0x5c97be	0x5c9823
0x5cb243	0x5cb243	0x5cb260
0x5cb9fa	0x5cb9fa	0x5cb9ff
0x5cba20	0x5cba20	0x5cba3d
0x5cba3d	0x5cba3d	0x5cba5f
0x5cbae6	0x5cb9d1	0x5cb9f3
0x5cbae6	0x5cbae6	0x5cbaee
0x5cc24c	0x5cc24c	0x5cc254
0x5cc3b8	0x5cc3b8	0x5cc3c0
0x5cc4da	0x5cc4da	0x5cc4e5
0x5cc4e5	0x5cc4e5	0x5cc4f0
0x5cc4f0	0x5cc4f0	0x5cc4fb
0x5cc522	0x5cc522	0x5cc52d
0x5cc52d	0x5cc52d	0x5cc538
0x5cc538	0x5cc538	0x5cc543
0x5cc5d3	0x5cc5d3	0x5cc5df
0x5cc7dc	0x5cc7dc	0x5cc7e4
0x5cc7e4	0x5cc7e4	0x5cc803
0x5cc90c	0x5cc90c	0x5cc936
0x5cc958	0x5cc958	0x5cc95f
0x5cc95f	0x5cc95f	0x5cc966
0x5cc984	0x5cc984	0x5cc98f
0x5cc98f	0x5cc98f	0x5cc99a
0x5cc99a	0x5cc99a	0x5cc9a9
0x5cc9a9	0x5cc9a9	0x5cc9b8
0x5cc9b8	0x5cc9b8	0x5cc9c3
0x5cc9c3	0x5cc9c3	0x5cc9cb
0x5ccb0e	0x5ccb0e	0x5ccb16
0x5cd649	0x5cd649	0x5cd651
0x5cd9f2	0x5cd9f2	0x5cd9ff
0x5cda53	0x5cda53	0x5cda5b
0x5cda5b	0x5cda5b	0x5cda63
0x5cdd25	0x5cdd25	0x5cdd32
0x5cde69	0x5cde69	0x5cde71
0x5cde71	0x5cde71	0x5cde79
0x5cde79	0x5cde79	0x5cde81
0x5cde81	0x5cde81	0x5cde89
0x5ce0df	0x5ce0df	0x5ce10a
0x5ce125	0x5ce125	0x5ce130
0x5ce277	0x5ce277	0x5ce2a1
0x5ce344	0x5ce344	0x5ce349
0x5ce349	0x5ce349	0x5ce3ac
0x5ce7bf	0x5ce7bf	0x5ce7ce
0x5ce8f5	0x5ce8f5	0x5ce912
0x5ce9b4	0x5ce9b4	0x5ce9bf
0x5ce9bf	0x5ce9bf	0x5ce9ca
0x5ce9ca	0x5ce9ca	0x5ce9e9
0x5ce9e9	0x5ce9e9	0x5ce9f7
0x5ce9f7	0x5ce9f7	0x5cea04
0x5cea04	0x5cea04	0x5cea11
0x5cea04	0x5e8f49	0x5e8f50
0x5cea11	0x5cea11	0x5cea1c
0x5cea35	0x5cea35	0x5cea3d
0x5cea3d	0x5cea3d	0x5cea51
0x5ceb76	0x5ceb76	0x5ceb7b
0x5ceb7b	0x5ceb7b	0x5cebde
0x5cec2b	0x5cec2b	0x5cec55
0x5cf826	0x5cf826	0x5cf843
0x5cf884	0x5cf884	0x5cf8a1
0x5cf8db	0x5cf8db	0x5cf8e3
0x5cf9aa	0x5cf9aa	0x5cf9b2
0x5cf9aa	0x5e96d4	0x5e96dc
0x5cf9b2	0x5cf9b2	0x5cf9c9
0x5cfacb	0x5cfacb	0x5cfad3
0x5cfacb	0x5ea91a	0x5ea922
0x5cfad3	0x5cfad3	0x5cfae6
0x5cfb93	0x5cfb93	0x5cfb9e
0x5cfbed	0x5cfbed	0x5cfbf5
0x5cfe6e	0x5cfe6e	0x5cfec3
0x5d0034	0x5d0034	0x5d0081
0x5d0089	0x5d0089	0x5d0094
0x5d052d	0x5d052d	0x5d0599
0x5d0732	0x5d0732	0x5d073a
0x5d1035	0x5d1035	0x5d1052
0x5d10b0	0x5d10b0	0x5d10ba
0x5d10ba	0x5d10ba	0x5d10d6
0x5d1255	0x5d1255	0x5d1260
0x5d1358	0x5d1358	0x5d1362
0x5d1362	0x5d1362	0x5d137d
0x5d24e5	0x5d24e5	0x5d2505
0x5d258e	0x5d258e	0x5d25f2
0x5d264d	0x5d264d	0x5d2664
0x5d3ccd	0x5d3ccd	0x5d3cfa
0x5d3d97	0x5d3d97	0x5d3dd5
0x5d50ad	0x5d50ad	0x5d50c4
0x5d57eb	0x5d57eb	0x5d5802
0x5d6ff4	0x5d6ff4	0x5d7011
0x5d7305	0x5d7305	0x5d733b
0x5d7aec	0x5d7aec	0x5d7b2c
0x5d8929	0x5d8929	0x5d8952
0x5d898a	0x5d898a	0x5d89d4
0x5d8bfc	0x5d8bfc	0x5d8c13
0x5d99e4	0x5d99e4	0x5d99e9
0x5d99e9	0x5d99e9	0x5d9a0c
0x5d9d81	0x5d9d81	0x5d9dc1
0x5d9e02	0x5d9e02	0x5d9e12
0x5da4c8	0x5da4c8	0x5da4dc
0x5daa9e	0x5daa9e	0x5daab6
0x5dac33	0x5dac33	0x5dac38
0x5dac6d	0x5dac6d	0x5dac85
0x5db204	0x5db204	0x5db221
0x5db628	0x5db628	0x5db630
0x5db6da	0x5db6da	0x5db6e2
0x5db832	0x5db832	0x5db84f
0x5db84f	0x5db84f	0x5db86e
0x5e0492	0x5e0492	0x5e0499
0x5e0499	0x5e0499	0x5e049e
0x5e1193	0x5e1193	0x5e11e8
0x5e16a7	0x5e16a7	0x5e16b9
0x5e189b	0x5e189b	0x5e18a7
0x5e18a7	0x5e18a7	0x5e18b9
0x5e19b4	0x5e19b4	0x5e19bf
0x5e19bf	0x5e19bf	0x5e19ca
0x5e1b41	0x5e1b41	0x5e1b4e
0x5e1cf8	0x5e1cf8	0x5e1d07
0x5e2126	0x5e2126	0x5e2138
0x5e215e	0x5e215e	0x5e216a
0x5e216a	0x5e216a	0x5e2171
0x5e2171	0x5e2171	0x5e2178
0x5e2237	0x5e2237	0x5e228d
0x5e358f	0x5e358f	0x5e3594
0x5e3594	0x5e3594	0x5e3599
0x5e39d9	0x5e39d9	0x5e39e0
0x5e3a6e	0x5e3a6e	0x5e3a76
0x5e3a6e	0x5e405c	0x5e4087
0x5e3c67	0x5e3c67	0x5e3c6f
0x5e3c67	0x5e41d7	0x5e4202
0x5e3c7a	0x5e3c7a	0x5e3c85
0x5e3c85	0x5e3c85	0x5e3c90
0x5e3d22	0x5e3d22	0x5e3d2a
0x5e3d22	0x5e4244	0x5e426f
0x5e3d2a	0x5e3d2a	0x5e3d35
0x5e3d35	0x5e3d35	0x5e3d40
0x5e3d40	0x5e3d40	0x5e3d4b
0x5e3d84	0x5e3aa2	0x5e3aaa
0x5e3d84	0x5e3d84	0x5e3d8c
0x5e3d95	0x5e3d95	0x5e3de8
0x5e3e60	0x5e3e60	0x5e3e8a
0x5e3ecb	0x5e3ecb	0x5e3ed3
0x5e415f	0x5e4116	0x5e4157
0x5e415f	0x5e415f	0x5e4167
0x5e4663	0x5e4663	0x5e466b
0x5e4b6f	0x5e4b6f	0x5e4b9d
0x5e51f2	0x5e51f2	0x5e521c
0x5e5237	0x5e5237	0x5e523f
0x5e54a6	0x5e54a6	0x5e54ae
0x5e5575	0x5e5575	0x5e5588
0x5e5588	0x5e5588	0x5e5590
0x5e567d	0x5e567d	0x5e569a
0x5e56b6	0x5e56b6	0x5e56c8
0x5e56e7	0x5e56e7	0x5e56fc
0x5e574a	0x5e574a	0x5e575e
0x5e57a2	0x5e57a2	0x5e57ad
0x5e57d0	0x5e57d0	0x5e57db
0x5e586b	0x5e586b	0x5e5876
0x5e5876	0x5e5876	0x5e5884
0x5e6846	0x5e6846	0x5e6863
0x5e6863	0x5e6863	0x5e687f
0x5e6894	0x5e6894	0x5e68a7
0x5e69d0	0x5e69d0	0x5e6a00
0x5e6f95	0x5e6f95	0x5e6f9d
0x5e7037	0x5e7037	0x5e7049
0x5e715f	0x5e715f	0x5e7166
0x5e7166	0x5e7166	0x5e716d
0x5e73dc	0x5e73dc	0x5e73e4
0x5e7977	0x5e7977	0x5e797f
0x5e7bce	0x5e7ac6	0x5e7b28
0x5e7bce	0x5e7bce	0x5e7bd6
0x5e7d00	0x5e7d00	0x5e7d2a
0x5e7df7	0x5e7df7	0x5e7e05
0x5e7eb3	0x5e7eb3	0x5e7ebb
0x5e8519	0x5e8519	0x5e868f
0x5e8dad	0x5e8dad	0x5e8db5
0x5e91e5	0x5e91e5	0x5e91ed
0x5e9333	0x5e9333	0x5e933b
0x5e95a8	0x5e95a8	0x5e95b9
0x5e9f80	0x5e9f80	0x5e9f92
0x5e9fa4	0x5e9fa4	0x5e9fc1
0x5ea052	0x5ea052	0x5ea05d
0x5ea1e7	0x5ea1e7	0x5ea208
0x5ea254	0x5ea254	0x5ea266
0x5ea266	0x5ea266	0x5ea28f
0x5ea539	0x5ea539	0x5ea54d
0x5ea54d	0x5ea54d	0x5ea561
0x5ea561	0x5ea561	0x5ea575
0x5ea5e3	0x5ea5e3	0x5ea602
0x5ea70b	0x5ea70b	0x5ea7a7
0x5ea7a7	0x5ea7a7	0x5ea7c6
0x5ea987	0x5ea987	0x5ea998
0x5ea998	0x5ea998	0x5ea9a9
0x5eb071	0x5eb071	0x5eb079
0x5eb258	0x5eb258	0x5eb271
0x5eb271	0x5eb271	0x5eb28a
0x5ec919	0x5ec919	0x5ec958
0x5ee2cf	0x5ee2cf	0x5ee2e6
0x5eedf5	0x5eedf5	0x5eee1f
0x5eef92	0x5eef92	0x5eef9a
0x5ef4ef	0x5ef4ef	0x5ef53a
0x5f005b	0x5f005b	0x5f00fb
0x5f05cf	0x5f05cf	0x5f05d7
0x5f0728	0x5f0728	0x5f07ad
0x5f0a50	0x5f0a50	0x5f0a9c
0x5f3ef3	0x5f3ef3	0x5f3efe
0x5f3efe	0x5f3efe	0x5f3f09
0x5f3f09	0x5f3f09	0x5f3f14
0x5f4224	0x5f4224	0x5f422c
0x5f4224	0x5f445d	0x5f4488
0x5f43a4	0x5f43a4	0x5f43ac
0x5f43ac	0x5f43ac	0x5f43b4
0x5f4455	0x5f43b4	0x5f445d
0x5f4879	0x5f4879	0x5f4881
0x5f4879	0x5f48ec	0x5f4917
0x5f4881	0x5f4881	0x5f4889
0x5f4889	0x5f4889	0x5f4891
0x5f4a9b	0x5f4a9b	0x5f4aa3
0x5f4b37	0x5f4b37	0x5f4b41
0x5f4b41	0x5f4b41	0x5f4b48
0x5f4b48	0x5f4b48	0x5f4b52
0x5f4b52	0x5f4b52	0x5f4b57
0x5f53a2	0x5f53a2	0x5f53e6
0x5f587a	0x5f587a	0x5f5882
0x5f5c53	0x5f5c53	0x5f5c5b
0x5f5f07	0x5f5f07	0x5f5f0f
0x5f688b	0x5f688b	0x5f6892
0x5f6f45	0x5f6f45	0x5f6fcc
0x5f74ba	0x5f74ba	0x5f74d4
0x5f74f7	0x5f74f7	0x5f7512
0x5f753e	0x5f753e	0x5f7559
0x5f75ae	0x5f75ae	0x5f75c9
0x5f8376	0x5f8376	0x5f8388
0x5f84f7	0x5f84f7	0x5f851a
0x5f8cff	0x5f8cff	0x5f8d07
0x5f8d07	0x5f8d07	0x5f8d5c
0x5f97ac	0x5f97ac	0x5f97b4
0x5f97b4	0x5f97b4	0x5f97bc
0x5fa9e0	0x5fa9e0	0x5fa9fc
0x5fa9fc	0x5fa9fc	0x5faa15
0x5faa15	0x5faa15	0x5faa31
0x5fabbc	0x5fabbc	0x5fabc1
0x5fabc1	0x5fabc1	0x5fac2b
0x5fcae4	0x5fcae4	0x5fcaf3
0x5fcaf3	0x5fcaf3	0x5fcb02
0x5fcb02	0x5fcb02	0x5fcb11
0x5fed99	0x5fed99	0x5fedb1
0x5fedcd	0x5fedcd	0x5fee09
0x5feec7	0x5feec7	0x5feee6
0x5feee6	0x5feee6	0x5fef11
0x5ffbc6	0x5ffbc6	0x5ffbcb
0x5fff09	0x5fff09	0x5fff17
0x60037e	0x60037e	0x600386
0x600386	0x600386	0x60038e
0x60038e	0x60038e	0x600396
0x6020f0	0x6020f0	0x602136
0x602136	0x602136	0x602167
0x6021ca	0x6021ca	0x602255
0x602447	0x602447	0x602451
0x6024ee	0x6024ee	0x6024fd
0x602645	0x602645	0x602662
0x602bd0	0x602bd0	0x602c22
0x602f80	0x602f80	0x6030cd
0x603170	0x603170	0x60319d
0x6031a0	0x6031a0	0x6031cd
0x6031d0	0x6031d0	0x6031fd
0x604873	0x604873	0x604895
0x604a1e	0x604a1e	0x604a42
0x604a42	0x604a42	0x604a5f
0x6055aa	0x6055aa	0x6055e7
0x605682	0x605682	0x6056a1
0x6056bd	0x6056bd	0x6056fa
0x6059b5	0x6059b5	0x605a28
0x605a7d	0x605a7d	0x605a82
0x605add	0x605add	0x605b1a
0x605b36	0x605b36	0x605b68
0x605fdf	0x605fdf	0x60606f
0x610620	0x610620	0x61063f
0x6158b0	0x6158b0	0x6158b5
0x619fe0	0x619fe0	0x619fe3
0x61ae30	0x61ae30	0x61af1f
0x61af20	0x61af20	0x61af25
0x61ee20	0x61ee20	0x61ee44
0x61ef80	0x61ef80	0x61ef88
0x620d80	0x620d80	0x620d8d
0x6252f0	0x6252f0	0x6252f8
0x625490	0x625490	0x625498
0x625530	0x625530	0x62555e
0x626a30	0x626a30	0x626a56
0x626a60	0x626a60	0x626a94
0x627b80	0x627b80	0x627b8d
0x628a60	0x628a60	0x628b5d
0x656300	0x656300	0x6563ac
0x656a30	0x656a30	0x656a3f
0x656a40	0x656a40	0x656af3
0x656ba0	0x656ba0	0x656ba6
0x657670	0x657670	0x65768f
0x65d190	0x65d190	0x65d1af
0x661380	0x661380	0x66139f
0x6613e0	0x6613e0	0x6613ff
0x661470	0x661470	0x66147f
0x661480	0x661480	0x661485
0x661610	0x661610	0x66161b
0x661640	0x661640	0x661648
0x661e40	0x661e40	0x661e4c
0x661e50	0x661e50	0x661e5c
0x661f50	0x661f50	0x661f66
0x6625a0	0x6625a0	0x6626a0
0x662980	0x662980	0x6629e7
0x662a80	0x662a80	0x662b57
0x663530	0x663530	0x66354f
0x663550	0x663550	0x66356f
0x663720	0x663720	0x6637be
0x663a50	0x663a50	0x663aac
0x664080	0x664080	0x6640d5
0x664160	0x664160	0x664277
0x664370	0x664370	0x664417
0x664cd0	0x664cd0	0x664d20
0x664ea0	0x664ea0	0x664eb1
0x665030	0x665030	0x66504f
0x665430	0x665430	0x665433
0x665440	0x665440	0x66544f
0x665450	0x665450	0x665464
0x665490	0x665490	0x665516
0x665560	0x665560	0x665574
0x6655b0	0x6655b0	0x6655cf
0x665c10	0x665c10	0x665c2f
0x666e10	0x666e10	0x666e2f
0x667260	0x667260	0x66727f
0x667770	0x667770	0x667898
0x667fb0	0x667fb0	0x667fbf
0x667fc0	0x667fc0	0x667ff9
0x668090	0x668090	0x6680a4
0x6680b0	0x6680b0	0x6680ba
0x6680c0	0x6680c0	0x6680cd
0x6680d0	0x6680d0	0x6680d5
0x6680e0	0x6680e0	0x6680ff
0x6692a0	0x6692a0	0x669364
0x669400	0x669400	0x66940f
0x669410	0x669410	0x669449
0x669500	0x669500	0x66950d
0x669510	0x669510	0x66952f
0x66d640	0x66d640	0x66d647
0x66d810	0x66d810	0x66d81c
0x66d950	0x66d950	0x66d96f
0x66dba0	0x66dba0	0x66dbbf
0x66dbc0	0x66dbc0	0x66dbfb
0x66e4c0	0x66e4c0	0x66e4c7
0x66e560	0x66e560	0x66e567
0x66e5a0	0x66e5a0	0x66e5bf
0x66e690	0x66e690	0x66e6af
0x66e6b0	0x66e6b0	0x66e6eb
0x66ea40	0x66ea40	0x66ea4c
0x66eba0	0x66eba0	0x66ebbf
0x66ef30	0x66ef30	0x66ef4f
0x66f5e0	0x66f5e0	0x66f5e8
0x66f5f0	0x66f5f0	0x66f5fb
0x66f600	0x66f600	0x66f60c
0x66f610	0x66f610	0x66f61c
0x66f620	0x66f620	0x66f62c
0x672460	0x672460	0x672481
0x672490	0x672490	0x6724af
0x676580	0x676580	0x6766d9
0x6882e0	0x6882e0	0x688303
0x6894d0	0x6894d0	0x6894de
0x6897b0	0x6897b0	0x6898c8
0x689ce0	0x689ce0	0x689da3
0x689fd0	0x689fd0	0x68a0de
0x6aacb0	0x6aacb0	0x6aade1
0x6aae60	0x6aae60	0x6aaf82
0x6aaf90	0x6aaf90	0x6ab083
0x6c0030	0x6c0030	0x6c01b0
0x6c07f0	0x6c07f0	0x6c07f8
0x6c0980	0x6c0980	0x6c0988
0x6c0a20	0x6c0a20	0x6c0a4e
0x6c68c0	0x6c68c0	0x6c6a4d
0x6c68c0	0x6c6a50	0x6c6e2f
0x6c7a60	0x6c7a60	0x6c7bbd
0x6c7a60	0x6c7bc0	0x6c7c4a
0x6c99d0	0x6c99d0	0x6c9df9
0x6cbcf0	0x6cbcf0	0x6cbcfc
0x6cbd00	0x6cbd00	0x6cbd05
0x6cbeb0	0x6cbeb0	0x6cbed0
0x6cc150	0x6cc150	0x6cc15d
0x6d4640	0x6d4640	0x6d46b2
0x6d6c90	0x6d6c90	0x6d6cb9
0x6d7410	0x6d7410	0x6d74d3
0x6d7d80	0x6d7d80	0x6d8489
0x6d8670	0x6d8670	0x6d867f
0x6d8810	0x6d8810	0x6d881f
0x6d8a20	0x6d8a20	0x6d8a2f
0x6d9640	0x6d9640	0x6d965f
0x6d9820	0x6d9820	0x6d989d
0x6d9820	0x6d98a0	0x6d9a5b
0x6d9a60	0x6d9a60	0x6d9b50
0x6d9bb0	0x6d9bb0	0x6d9c66
0x6d9e40	0x6d9e40	0x6d9ef5
0x6d9f70	0x6d9f70	0x6da0bf
0x6dd550	0x6dd550	0x6dd673
0x6ddce0	0x6ddce0	0x6ddddf
0x6e0440	0x6e0440	0x6e0455
0x6e0500	0x6e0500	0x6e0505
0x6e0510	0x6e0510	0x6e051c
0x6e0520	0x6e0520	0x6e054b
0x6e0560	0x6e0560	0x6e058b
0x6e3490	0x6e3490	0x6e349b
0x6e8570	0x6e8570	0x6e859f
0x6e85a0	0x6e85a0	0x6e85cf
0x6e85d0	0x6e85d0	0x6e861e
0x6e8620	0x6e8620	0x6e8678
0x6e8680	0x6e8680	0x6e86e5
0x6e86f0	0x6e86f0	0x6e8755
0x6e8760	0x6e8760	0x6e87b3
0x6e87c0	0x6e87c0	0x6e87f6
0x6e8800	0x6e8800	0x6e8836
0x6e8840	0x6e8840	0x6e8871
0x6e8880	0x6e8880	0x6e88ba
0x6e88c0	0x6e88c0	0x6e8903
0x6e8910	0x6e8910	0x6e894a
0x6e8950	0x6e8950	0x6e8983
0x6e8990	0x6e8990	0x6e89e8
0x6e8a20	0x6e8a20	0x6e8a4f
0x6e8a50	0x6e8a50	0x6e8a81
0x6e8b40	0x6e8b40	0x6e8bbf
0x6e8bc0	0x6e8bc0	0x6e8bed
0x6e8bf0	0x6e8bf0	0x6e8c2b
0x6e8c80	0x6e8c80	0x6e8ee7
0x6e9110	0x6e9110	0x6e92a2
0x6e92b0	0x6e92b0	0x6e94d2
0x6e94e0	0x6e94e0	0x6e9530
0x6e9530	0x6e9530	0x6e9580
0x6e9800	0x6e9800	0x6e98f9
0x6e9800	0x6e98fb	0x6e99b9
0x6e9b80	0x6e9b80	0x6ea516
0x6ea560	0x6ea560	0x6ea5bd
0x6ea5c0	0x6ea5c0	0x6ea624
0x6ea630	0x6ea630	0x6ea68d
0x6ea690	0x6ea690	0x6ea6f4
0x6ea700	0x6ea700	0x6eab08
0x6eab30	0x6eab30	0x6eacbe
0x6eacc0	0x6eacc0	0x6eb2a2
0x6eb380	0x6eb380	0x6eb4a8
0x6ebe50	0x6ebe50	0x6ebe58
0x6ec3e0	0x6ec3e0	0x6ec583
0x6ec590	0x6ec590	0x6ec66a
0x6ec730	0x6ec730	0x6ec8f2
0x6ec900	0x6ec900	0x6eca64
0x6ecc20	0x6ecc20	0x6ecca5
0x6eccb0	0x6eccb0	0x6ece2d
0x6ed580	0x6ed580	0x6ed76a
0x6ed770	0x6ed770	0x6ed804
0x6ed810	0x6ed810	0x6ed845
0x6edbd0	0x6edbd0	0x6edf11
0x6edf20	0x6edf20	0x6edfeb
0x6edff0	0x6edff0	0x6ee1a2
0x6ee270	0x6ee270	0x6ee30a
0x6ee310	0x6ee310	0x6ee3aa
0x6ef570	0x6ef570	0x6ef6cd
0x6f1410	0x6f1410	0x6f1523
0x6f1fd0	0x6f1fd0	0x6f207c
0x6f2080	0x6f2080	0x6f212c
0x6f2130	0x6f2130	0x6f24a6
0x6f2640	0x6f2640	0x6f26f5
0x6f2700	0x6f2700	0x6f275b
0x6f2760	0x6f2760	0x6f29bf
0x6f29c0	0x6f29c0	0x6f2c14
0x6f2ca0	0x6f2ca0	0x6f2ee0
0x6f36b0	0x6f36b0	0x6f36e2
0x6f36f0	0x6f36f0	0x6f38a5
0x6f46c0	0x6f46c0	0x6f46d6
0x6f4720	0x6f4720	0x6f4736
0x6f4740	0x6f4740	0x6f4756
0x6f4760	0x6f4760	0x6f4776
0x6f4780	0x6f4780	0x6f4796
0x6f47a0	0x6f47a0	0x6f47b6
0x6f47c0	0x6f47c0	0x6f47d6
0x6f47e0	0x6f47e0	0x6f47eb
0x6f47f0	0x6f47f0	0x6f480e
0x6f4810	0x6f4810	0x6f4826
0x6f4870	0x6f4870	0x6f4886
0x6f4890	0x6f4890	0x6f48a6
0x6f48b0	0x6f48b0	0x6f48c6
0x6f48d0	0x6f48d0	0x6f48e6
0x6f48f0	0x6f48f0	0x6f4906
0x6f4910	0x6f4910	0x6f4926
0x6f4930	0x6f4930	0x6f494b
0x6f4950	0x6f4950	0x6f49be
0x6f4a80	0x6f4a80	0x6f4aee
0x6f4af0	0x6f4af0	0x6f4b5e
0x6f4b60	0x6f4b60	0x6f4bce
0x6f4bd0	0x6f4bd0	0x6f4c3e
0x6f4c40	0x6f4c40	0x6f4cae
0x6f4cb0	0x6f4cb0	0x6f4d20
0x6f4de0	0x6f4de0	0x6f4e50
0x6f4e50	0x6f4e50	0x6f4ec0
0x6f4ec0	0x6f4ec0	0x6f4f30
0x6f4f30	0x6f4f30	0x6f4fa0
0x6f4fa0	0x6f4fa0	0x6f5010
0x6f5010	0x6f5010	0x6f507e
0x6f5110	0x6f5110	0x6f6439
0x6fd2d0	0x6fd2d0	0x6fd2ff
0x6fd7d0	0x6fd7d0	0x6fd849
0x6fd850	0x6fd850	0x6fd873
0x6fd880	0x6fd880	0x6fd8a3
0x6fd8b0	0x6fd8b0	0x6fd8db
0x6fd8e0	0x6fd8e0	0x6fd903
0x6fd910	0x6fd910	0x6fd933
0x6fd940	0x6fd940	0x6fd963
0x6fd970	0x6fd970	0x6fd993
0x6fd9a0	0x6fd9a0	0x6fd9c3
0x6fd9d0	0x6fd9d0	0x6fd9f3
0x6fda00	0x6fda00	0x6fda09
0x6fda10	0x6fda10	0x6fda33
0x6fda40	0x6fda40	0x6fdc2a
0x6fdc30	0x6fdc30	0x6fdc51
0x6fdc60	0x6fdc60	0x6fdd3a
0x6fe610	0x6fe610	0x6fe6d7
0x6fe7b0	0x6fe7b0	0x6fe873
0x6feff0	0x6feff0	0x6ff3fa
0x6ff400	0x6ff400	0x6ff500
0x6ff660	0x6ff660	0x6ff747
0x6ff750	0x6ff750	0x6ff841
0x700170	0x700170	0x700208
0x700170	0x70020a	0x7002b7
0x700560	0x700560	0x7005e0
0x7005e0	0x7005e0	0x700660
0x700660	0x700660	0x7006c5
0x7006d0	0x7006d0	0x700715
0x701260	0x701260	0x7012d4
0x701260	0x7012df	0x7012fa
0x7014c0	0x7014c0	0x701565
0x7014c0	0x701567	0x7015a1
0x701770	0x701770	0x7017bd
0x701770	0x7017bf	0x7017ef
0x7017f0	0x7017f0	0x701881
0x7017f0	0x70188c	0x7018a5
0x7018b0	0x7018b0	0x70196f
0x7018b0	0x701971	0x7019ab
0x701af0	0x701af0	0x701bd4
0x701af0	0x701be0	0x701c09
0x702160	0x702160	0x70221b
0x702160	0x70221e	0x702259
0x702160	0x70225b	0x702288
0x702290	0x702290	0x7022a9
0x7022b0	0x7022b0	0x7023a9
0x7022b0	0x7023ab	0x7023ec
0x7023f0	0x7023f0	0x7024a0
0x7023f0	0x7024a2	0x7024e6
0x7024f0	0x7024f0	0x7025d6
0x7024f0	0x7025d9	0x7025fb
0x702600	0x702600	0x702702
0x702600	0x702710	0x70273b
0x702740	0x702740	0x702844
0x702740	0x702846	0x702856
0x702860	0x702860	0x7028df
0x702860	0x7028e1	0x702996
0x702b40	0x702b40	0x702b56
0x702b60	0x702b60	0x702c6c
0x702b60	0x702c80	0x702cea
0x702b60	0x702d03	0x702d7f
0x702b60	0x702d92	0x702dff
0x702b60	0x702e01	0x702ee3
0x702b60	0x702ef1	0x702f1c
0x702f20	0x702f20	0x702fd2
0x702f20	0x702fe4	0x70313a
0x702f20	0x703146	0x70314d
0x702f20	0x703150	0x70319b
0x702f20	0x7031ad	0x7031dc
0x7031e0	0x7031e0	0x7032d7
0x7031e0	0x7032e3	0x7036d3
0x7031e0	0x7036d5	0x703721
0x703730	0x703730	0x70385d
0x703860	0x703860	0x703957
0x703860	0x703959	0x7039a7
0x7039b0	0x7039b0	0x7039ef
0x7039f0	0x7039f0	0x703a7d
0x7039f0	0x703a7f	0x703aaa
0x7039f0	0x703abe	0x703ad5
0x703ae0	0x703ae0	0x703c95
0x703ae0	0x703c97	0x703cd7
0x703f40	0x703f40	0x703ff2
0x703f40	0x703ffe	0x704018
0x704020	0x704020	0x7040d2
0x704020	0x7040de	0x7040f8
0x7044c0	0x7044c0	0x7046cf
0x704710	0x704710	0x7047c6
0x704710	0x7047d8	0x7048fd
0x704900	0x704900	0x7049ac
0x7049b0	0x7049b0	0x704a06
0x704a10	0x704a10	0x704b0c
0x704b10	0x704b10	0x704b49
0x704b50	0x704b50	0x704c55
0x704c60	0x704c60	0x704d4f
0x704d50	0x704d50	0x704dcd
0x704d50	0x704dcf	0x704e03
0x704fe0	0x704fe0	0x7051c7
0x704fe0	0x7051d9	0x7051f9
0x705200	0x705200	0x70523b
0x705240	0x705240	0x70526a
0x705270	0x705270	0x705297
0x7052a0	0x7052a0	0x7052b5
0x7052c0	0x7052c0	0x7052d5
0x7052e0	0x7052e0	0x7052f5
0x705300	0x705300	0x705315
0x705320	0x705320	0x705330
0x705330	0x705330	0x705366
0x705370	0x705370	0x705380
0x705380	0x705380	0x7053a7
0x7053b0	0x7053b0	0x70542c
0x705430	0x705430	0x70544f
0x705450	0x705450	0x70547c
0x705480	0x705480	0x705511
0x705520	0x705520	0x7055aa
0x7055b0	0x7055b0	0x70563a
0x705640	0x705640	0x7056ca
0x7056d0	0x7056d0	0x705713
0x705720	0x705720	0x70574f
0x705750	0x705750	0x70578c
0x705790	0x705790	0x7057b2
0x7057c0	0x7057c0	0x7057ef
0x7057f0	0x7057f0	0x70582c
0x705830	0x705830	0x7058ad
0x705830	0x7058af	0x7058e3
0x7058f0	0x7058f0	0x705b41
0x7058f0	0x705b52	0x705b80
0x705b80	0x705b80	0x705c6e
0x705c70	0x705c70	0x705d52
0x705c70	0x705d62	0x705d8f
0x706240	0x706240	0x7062cf
0x706240	0x7062d1	0x7062e3
0x707400	0x707400	0x707531
0x707400	0x707533	0x707564
0x707700	0x707700	0x707810
0x707700	0x707813	0x707833
0x707840	0x707840	0x7078f5
0x707840	0x7078f7	0x707907
0x707910	0x707910	0x707a4c
0x707910	0x707a4e	0x707b77
0x707b80	0x707b80	0x707c49
0x707b80	0x707c4b	0x707ccb
0x707cd0	0x707cd0	0x707d52
0x707cd0	0x707d54	0x707ec4
0x708070	0x708070	0x70822f
0x708070	0x708231	0x708269
0x708070	0x70826b	0x708296
0x708070	0x708298	0x7087e1
0x7087f0	0x7087f0	0x7088ed
0x7087f0	0x7088ef	0x708927
0x7087f0	0x708929	0x708954
0x7087f0	0x708956	0x7089ca
0x7089d0	0x7089d0	0x708a9d
0x7089d0	0x708aa0	0x708b11
0x708b20	0x708b20	0x708c20
0x708b20	0x708c24	0x708c36
0x708c40	0x708c40	0x708e5b
0x708c40	0x708e60	0x708f2d
0x708c40	0x708f2f	0x708fad
0x708fb0	0x708fb0	0x708feb
0x708fb0	0x708fed	0x70901d
0x709020	0x709020	0x70905f
0x709060	0x709060	0x70909b
0x709060	0x70909d	0x7090cd
0x7090d0	0x7090d0	0x70910f
0x709110	0x709110	0x709164
0x709110	0x709166	0x70919a
0x7091a0	0x7091a0	0x7091f7
0x709200	0x709200	0x709254
0x709200	0x709256	0x70928a
0x709290	0x709290	0x7092e7
0x7094e0	0x7094e0	0x7095c2
0x7094e0	0x7095c5	0x7095eb
0x709a00	0x709a00	0x709a0f
0x709b90	0x709b90	0x709bbb
0x709bc0	0x709bc0	0x709bc6
0x709bf0	0x709bf0	0x709c05
0x709cd0	0x709cd0	0x709cfb
0x709e50	0x709e50	0x709e68
0x709ec0	0x709ec0	0x709f5a
0x709ec0	0x709f65	0x709f6f
0x70a040	0x70a040	0x70a226
0x70a310	0x70a310	0x70a322
0x70a330	0x70a330	0x70a355
0x70a360	0x70a360	0x70a387
0x70a400	0x70a400	0x70a4b3
0x70e100	0x70e100	0x70e21c
0x70e220	0x70e220	0x70e285
0x70e290	0x70e290	0x70e2e5
0x710580	0x710580	0x7107c0
0x710810	0x710810	0x710c21
0x711ab0	0x711ab0	0x711ab8
0x719cd0	0x719cd0	0x719cef
0x7245f0	0x7245f0	0x72460f
0x739700	0x739700	0x739708
0x739710	0x739710	0x739718
0x739960	0x739960	0x739968
0x739a00	0x739a00	0x739a2e
0x73b600	0x73b600	0x73b639
0x73ee4d	0x73ee4d	0x73ee55
0x740a96	0x740a96	0x740ab4
0x741044	0x741044	0x74104c
0x742560	0x742560	0x742568
0x743080	0x743080	0x743083
0x74a630	0x74a630	0x74a644
0x74a670	0x74a670	0x74a6b6
0x74ace0	0x74ace0	0x74ae00
0x74ae00	0x74ae00	0x74aec2
0x7581e0	0x7581e0	0x758207
0x7582f0	0x7582f0	0x7582f8
0x7ab7f0	0x7ab7f0	0x7ab800
0x7ab800	0x7ab800	0x7ab81a
0x7ab81a	0x7ab81a	0x7ab830
0x7ab830	0x7ab830	0x7ab846
0x7ab846	0x7ab846	0x7ab85c
0x7ab85c	0x7ab85c	0x7ab868
0x7ab870	0x7ab870	0x7ab898
0x7ab8a0	0x7ab8a0	0x7ab8b6
0x7ab8c0	0x7ab8c0	0x7ab8cc
0x7ab8d0	0x7ab8d0	0x7ab8f3
0x7aba00	0x7aba00	0x7aba23
0x7aba30	0x7aba30	0x7aba53
0x7aba60	0x7aba60	0x7aba83
0x7aba90	0x7aba90	0x7abab3
0x7abac0	0x7abac0	0x7abae3
0x7abaf0	0x7abaf0	0x7abb13
0x7abb20	0x7abb20	0x7abb43
0x7abb50	0x7abb50	0x7abb73
0x7abb80	0x7abb80	0x7abb96
0x7abb96	0x7abb96	0x7abbb3
0x7abbb3	0x7abbb3	0x7abbc9
0x7abbc9	0x7abbc9	0x7abbdf
0x7abbe0	0x7abbe0	0x7abbf6
0x7abbf6	0x7abbf6	0x7abc0b
0x7abc0b	0x7abc0b	0x7abc1b
0x7abc35	0x7abc35	0x7abc45
0x7abc5f	0x7abc5f	0x7abc6f
0x7abc6f	0x7abc6f	0x7abc7f
0x7abcaf	0x7abcaf	0x7abcc5
0x7abcc5	0x7abcc5	0x7abcdb
0x7abcdb	0x7abcdb	0x7abce7
0x7abce7	0x7abce7	0x7abcf7
0x7abd11	0x7abd11	0x7abd21
0x7abd3b	0x7abd3b	0x7abd4b
0x7abd4b	0x7abd4b	0x7abd79
0x7abd79	0x7abd79	0x7abda7
0x7abdc1	0x7abdc1	0x7abdd1
0x7abdeb	0x7abdeb	0x7abdfb
0x7abe15	0x7abe15	0x7abe25
0x7abe3f	0x7abe3f	0x7abe4f
0x7abe69	0x7abe69	0x7abe79
0x7abe93	0x7abe93	0x7abe9f
0x7abe9f	0x7abe9f	0x7abeaf
0x7abec9	0x7abec9	0x7abed9
0x7abef3	0x7abef3	0x7abf0d
0x7abf41	0x7abf41	0x7abf51
0x7abf6b	0x7abf6b	0x7abf7b
0x7abf7b	0x7abf7b	0x7abf9f
0x7abfb9	0x7abfb9	0x7abfc9
0x7abfe3	0x7abfe3	0x7abff8
0x7ac012	0x7ac012	0x7ac022
0x7ac022	0x7ac022	0x7ac038
0x7ac052	0x7ac052	0x7ac062
0x7ac07c	0x7ac07c	0x7ac08c
0x7ac08c	0x7ac08c	0x7ac09e
0x7ac09e	0x7ac09e	0x7ac0aa
0x7ac0aa	0x7ac0aa	0x7ac0b6
0x7ac0d0	0x7ac0d0	0x7ac0e0
0x7ac0fa	0x7ac0fa	0x7ac112
0x7ac112	0x7ac112	0x7ac122
0x7ac13c	0x7ac13c	0x7ac15d
0x7ac15d	0x7ac15d	0x7ac173
0x7ac173	0x7ac173	0x7ac183
0x7ac19d	0x7ac19d	0x7ac1ad
0x7ac1c7	0x7ac1c7	0x7ac1d7
0x7ac1f1	0x7ac1f1	0x7ac207
0x7ac207	0x7ac207	0x7ac22e
0x7ac22e	0x7ac22e	0x7ac246
0x7ac246	0x7ac246	0x7ac25c
0x7ac25c	0x7ac25c	0x7ac268
0x7ac282	0x7ac282	0x7ac292
0x7ac2fa	0x7ac2fa	0x7ac317
0x7ac317	0x7ac317	0x7ac327
0x7ac341	0x7ac341	0x7ac351
0x7ac36b	0x7ac36b	0x7ac37b
0x7ac395	0x7ac395	0x7ac3a5
0x7ac3bf	0x7ac3bf	0x7ac3cf
0x7ac3e9	0x7ac3e9	0x7ac3f9
0x7ac413	0x7ac413	0x7ac423
0x7ac43d	0x7ac43d	0x7ac44d
0x7ac467	0x7ac467	0x7ac477
0x7ac491	0x7ac491	0x7ac4a1
0x7ac4bb	0x7ac4bb	0x7ac4cb
0x7ac4e5	0x7ac4e5	0x7ac4f5
0x7ac50f	0x7ac50f	0x7ac51f
0x7ac539	0x7ac539	0x7ac549
0x7ac563	0x7ac563	0x7ac573
0x7ac58d	0x7ac58d	0x7ac59d
0x7ac5b7	0x7ac5b7	0x7ac5c7
0x7ac5e1	0x7ac5e1	0x7ac5f1
0x7ac60b	0x7ac60b	0x7ac61b
0x7ac635	0x7ac635	0x7ac645
0x7ac65f	0x7ac65f	0x7ac66f
0x7ac689	0x7ac689	0x7ac699
0x7ac6b3	0x7ac6b3	0x7ac6c3
0x7ac6dd	0x7ac6dd	0x7ac6f3
0x7ac70d	0x7ac70d	0x7ac71d
0x7ac737	0x7ac737	0x7ac747
0x7ac747	0x7ac747	0x7ac75d
0x7ac777	0x7ac777	0x7ac787
0x7ac7a1	0x7ac7a1	0x7ac7b1
0x7ac7e5	0x7ac7e5	0x7ac7f5
0x7ac7f5	0xf0f5b	0xf0f98
0x7ac7f5	0x7ac7f5	0x7ac7ff
0x7ac7ff	0x7ac7ff	0x7ac818
0x7ac818	0x7ac818	0x7ac832
0x7ac832	0x7ac832	0x7ac84c
0x7ac880	0x7ac880	0x7ac896
0x7ac8b0	0x7ac8b0	0x7ac8c6
0x7ac8e0	0x7ac8e0	0x7ac8f6
0x7ac910	0x7ac910	0x7ac926
0x7ac940	0x7ac940	0x7ac956
0x7ac956	0x7ac956	0x7ac96c
0x7ac9a0	0x7ac9a0	0x7ac9b0
0x7ac9b0	0x7ac9b0	0x7ac9c6
0x7ac9c6	0x7ac9c6	0x7ac9dc
0x7ac9f6	0x7ac9f6	0x7aca0c
0x7aca0c	0x7aca0c	0x7aca18
0x7aca9a	0x7aca9a	0x7acaaa
0x7acaaa	0x7acaaa	0x7acac5
0x7acadf	0x7acadf	0x7acaef
0x7acb09	0x7acb09	0x7acb19
0x7acb33	0x7acb33	0x7acb43
0x7acb5d	0x7acb5d	0x7acb78
0x7acb92	0x7acb92	0x7acba2
0x7acbc0	0x7acbc0	0x7acbf2
0x7acc00	0x7acc00	0x7acc16
0x7acc20	0x7acc20	0x7acc36
0x7acc40	0x7acc40	0x7acc5a
0x7acc60	0x7acc60	0x7acc7a
0x7acc80	0x7acc80	0x7acc9a
0x7acc9a	0x7acc9a	0x7acca6
0x7acca6	0x7acca6	0x7accb2
0x7accc0	0x7accc0	0x7accd6
0x7acce0	0x7acce0	0x7acd12
0x7acd20	0x7acd20	0x7acd3a
0x7acd40	0x7acd40	0x7acd72
0x7acd72	0x7acd72	0x7acd88
0x7acd90	0x7acd90	0x7acd9c
0x7acda0	0x7acda0	0x7acdac
0x7acdac	0x7acdac	0x7acdc4
0x7acdc4	0x7acdc4	0x7acde1
0x7acde1	0x7acde1	0x7acdf7
0x7ace10	0x7ace10	0x7ace1c
0x7ace20	0x7ace20	0x7ace2c
0x7ace30	0x7ace30	0x7ace46
0x7ace50	0x7ace50	0x7ace5c
0x7ace60	0x7ace60	0x7ace6c
0x7ace70	0x7ace70	0x7ace7c
0x7ace80	0x7ace80	0x7ace8c
0x7ace90	0x7ace90	0x7aceaa
0x7aceb0	0x7aceb0	0x7aceca
0x7aced0	0x7aced0	0x7acedc
0x7acee0	0x7acee0	0x7aceec
0x7acef0	0x7acef0	0x7acefc
0x7acf00	0x7acf00	0x7acf1a
0x7acf20	0x7acf20	0x7acf3a
0x7acf40	0x7acf40	0x7acf5a
0x7acf60	0x7acf60	0x7acf7a
0x7acf80	0x7acf80	0x7acf90
0x7acf90	0x7acf90	0x7acf9c
0x7acfa0	0x7acfa0	0x7acfb0
0x7acfb0	0x7acfb0	0x7acfbb
0x7acfbb	0x7acfbb	0x7acfd0
0x7acfd0	0x7acfd0	0x7acfe5
0x7acfe5	0x7acfe5	0x7acff5
0x7acff5	0x7acff5	0x7ad00a
0x7ad024	0x7ad024	0x7ad039
0x7ad039	0x7ad039	0x7ad04e
0x7ad04e	0x7ad04e	0x7ad063
0x7ad063	0x7ad063	0x7ad078
0x7ad078	0x7ad078	0x7ad08d
0x7ad08d	0x7ad08d	0x7ad0a2
0x7ad0a2	0x7ad0a2	0x7ad0b7
0x7ad0b7	0x7ad0b7	0x7ad0cc
0x7ad0cc	0x7ad0cc	0x7ad0dc
0x7ad0dc	0x7ad0dc	0x7ad0f1
0x7ad0f1	0x7ad0f1	0x7ad106
0x7ad120	0x7ad120	0x7ad135
0x7ad135	0x7ad135	0x7ad14a
0x7ad14a	0x7ad14a	0x7ad15f
0x7ad15f	0x7ad15f	0x7ad174
0x7ad174	0x7ad174	0x7ad189
0x7ad189	0x7ad189	0x7ad19e
0x7ad19e	0x7ad19e	0x7ad1b3
0x7ad1b3	0x7ad1b3	0x7ad1c3
0x7ad1c3	0x7ad1c3	0x7ad1d8
0x7ad1d8	0x7ad1d8	0x7ad1ed
0x7ad1ed	0x7ad1ed	0x7ad202
0x7ad202	0x7ad202	0x7ad217
0x7ad231	0x7ad231	0x7ad241
0x7ad241	0x7ad241	0x7ad256
0x7ad270	0x7ad270	0x7ad285
0x7ad285	0x7ad285	0x7ad295
0x7ad295	0x7ad295	0x7ad2a7
0x7ad2a7	0x7ad2a7	0x7ad2b9
0x7ad2b9	0x7ad2b9	0x7ad2cb
0x7ad2cb	0x7ad2cb	0x7ad2dd
0x7ad2dd	0x7ad2dd	0x7ad2ef
0x7ad2ef	0x7ad2ef	0x7ad304
0x7ad31e	0x7ad31e	0x7ad333
0x7ad333	0x7ad333	0x7ad348
0x7ad348	0x7ad348	0x7ad362
0x7ad37c	0x7ad37c	0x7ad391
0x7ad391	0x7ad391	0x7ad3a6
0x7ad3a6	0x7ad3a6	0x7ad3b6
0x7ad3b6	0x7ad3b6	0x7ad3cb
0x7ad3cb	0x7ad3cb	0x7ad3e0
0x7ad3fa	0x7ad3fa	0x7ad40f
0x7ad40f	0x7ad40f	0x7ad424
0x7ad424	0x7ad424	0x7ad439
0x7ad453	0x7ad453	0x7ad463
0x7ad463	0x7ad463	0x7ad478
0x7ad478	0x7ad478	0x7ad48d
0x7ad48d	0x7ad48d	0x7ad4a2
0x7ad4bc	0x7ad4bc	0x7ad4cc
0x7ad4cc	0x7ad4cc	0x7ad4e1
0x7ad4fb	0x7ad4fb	0x7ad50b
0x7ad50b	0x7ad50b	0x7ad521
0x7ad521	0x7ad521	0x7ad536
0x7ad550	0x7ad550	0x7ad565
0x7ad57f	0x7ad57f	0x7ad594
0x7ad594	0x7ad594	0x7ad5a9
0x7ad5a9	0x7ad5a9	0x7ad5c3
0x7ad5dd	0x7ad5dd	0x7ad5f2
0x7ad60c	0x7ad60c	0x7ad621
0x7ad621	0x7ad621	0x7ad636
0x7ad636	0x7ad636	0x7ad64b
0x7ad64b	0x7ad64b	0x7ad660
0x7ad660	0x7ad660	0x7ad675
0x7ad675	0x7ad675	0x7ad68a
0x7ad68a	0x7ad68a	0x7ad69f
0x7ad69f	0x7ad69f	0x7ad6b4
0x7ad6b4	0x7ad6b4	0x7ad6c9
0x7ad6c9	0x7ad6c9	0x7ad6de
0x7ad6de	0x7ad6de	0x7ad6f3
0x7ad6f3	0x7ad6f3	0x7ad703
0x7ad703	0x7ad703	0x7ad718
0x7ad718	0x7ad718	0x7ad72d
0x7ad72d	0x7ad72d	0x7ad742
0x7ad742	0x7ad742	0x7ad757
0x7ad757	0x7ad757	0x7ad76c
0x7ad76c	0x7ad76c	0x7ad781
0x7ad781	0x7ad781	0x7ad796
0x7ad7b0	0x7ad7b0	0x7ad7c0
0x7ad7c0	0x7ad7c0	0x7ad7dd
0x7ad7dd	0x7ad7dd	0x7ad7f3
0x7ad7f3	0x7ad7f3	0x7ad801
0x7ad801	0x7ad801	0x7ad816
0x7ad816	0x7ad816	0x7ad82b
0x7ad845	0x7ad845	0x7ad85a
0x7ad85a	0x7ad85a	0x7ad86f
0x7ad86f	0x7ad86f	0x7ad884
0x7ad884	0x7ad884	0x7ad899
0x7ad899	0x7ad899	0x7ad8b6
0x7ad8b6	0x7ad8b6	0x7ad8cb
0x7ad8cb	0x7ad8cb	0x7ad8e0
0x7ad8fa	0x7ad8fa	0x7ad90f
0x7ad929	0x7ad929	0x7ad939
0x7ad939	0x7ad939	0x7ad94e
0x7ad94e	0x7ad94e	0x7ad963
0x7ad97d	0x7ad97d	0x7ad98d
0x7ad98d	0x7ad98d	0x7ad9a2
0x7ad9bc	0x7ad9bc	0x7ad9d2
0x7ad9d2	0x7ad9d2	0x7ad9e8
0x7ad9e8	0x7ad9e8	0x7ad9fd
0x7ad9fd	0x7ad9fd	0x7ada12
0x7ada12	0x7ada12	0x7ada27
0x7ada27	0x7ada27	0x7ada3c
0x7ada3c	0x7ada3c	0x7ada4c
0x7ada4c	0x7ada4c	0x7ada61
0x7ada7b	0x7ada7b	0x7ada90
0x7ada90	0x7ada90	0x7adaa5
0x7adaa5	0x7adaa5	0x7adab5
0x7adab5	0x7adab5	0x7adad2
0x7adad2	0x7adad2	0x7adae7
0x7adb01	0x7adb01	0x7adb11
0x7adb11	0x7adb11	0x7adb1d
0x7adb1d	0x7adb1d	0x7adb32
0x7adb4c	0x7adb4c	0x7adb61
0x7adb61	0x7adb61	0x7adb6d
0x7adb6d	0x7adb6d	0x7adb82
0x7adb82	0x7adb82	0x7adb92
0x7adb92	0x7adb92	0x7adba7
0x7adbc1	0x7adbc1	0x7adbd1
0x7adbd1	0x7adbd1	0x7adbe5
0x7adbff	0x7adbff	0x7adc2e
0x7adc48	0x7adc48	0x7adc58
0x7adc58	0x7adc58	0x7adc72
0x7adc8c	0x7adc8c	0x7adc9c
0x7adc9c	0x7adc9c	0x7adcae
0x7adcae	0x7adcae	0x7adcc4
0x7adcf8	0x7adcf8	0x7add08
0x7add08	0x7add08	0x7add18
0x7add18	0x7add18	0x7add2a
0x7add2a	0x7add2a	0x7add3c
0x7add3c	0x7add3c	0x7add4e
0x7add4e	0x7add4e	0x7add60
0x7add60	0x7add60	0x7add72
0x7add72	0x7add72	0x7add83
0x7add9d	0x7add9d	0x7addad
0x7addc7	0x7addc7	0x7addd3
0x7addd3	0x7addd3	0x7adddf
0x7addf9	0x7addf9	0x7ade09
0x7ade23	0x7ade23	0x7ade2f
0x7ade2f	0x7ade2f	0x7ade4c
0x7ade4c	0x7ade4c	0x7ade5e
0x7ade78	0x7ade78	0x7ade88
0x7ade88	0x7ade88	0x7ade98
0x7adecc	0x7adecc	0x7adedc
0x7adef6	0x7adef6	0x7adf06
0x7adf06	0x7adf06	0x7adf18
0x7adf18	0x7adf18	0x7adf2a
0x7adf2a	0x7adf2a	0x7adf3c
0x7adf3c	0x7adf3c	0x7adf4e
0x7adf4e	0x7adf4e	0x7adf60
0x7adf60	0x7adf60	0x7adf6e
0x7adf88	0x7adf88	0x7adf98
0x7adfb2	0x7adfb2	0x7adfbe
0x7adfbe	0x7adfbe	0x7adfca
0x7adfca	0x7adfca	0x7adfdf
0x7adfdf	0x7adfdf	0x7adfef
0x7adfef	0x7adfef	0x7ae004
0x7ae004	0x7ae004	0x7ae019
0x7ae033	0x7ae033	0x7ae043
0x7ae043	0x7ae043	0x7ae053
0x7ae087	0x7ae087	0x7ae097
0x7ae097	0x7ae097	0x7ae0ad
0x7ae0ad	0x7ae0ad	0x7ae0b8
0x7ae120	0x7ae120	0x7ae130
0x7ae14a	0x7ae14a	0x7ae15a
0x7ae15a	0x7ae15a	0x7ae16f
0x7ae16f	0x7ae16f	0x7ae184
0x7ae19e	0x7ae19e	0x7ae1ae
0x7ae1ae	0x7ae1ae	0x7ae1c8
0x7ae1fc	0x7ae1fc	0x7ae20c
0x7ae240	0x7ae240	0x7ae250
0x7ae26a	0x7ae26a	0x7ae27c
0x7ae27c	0x7ae27c	0x7ae28a
0x7ae2be	0x7ae2be	0x7ae2ce
0x7ae2ce	0x7ae2ce	0x7ae2de
0x7ae2f8	0x7ae2f8	0x7ae308
0x7ae33c	0x7ae33c	0x7ae34c
0x7ae366	0x7ae366	0x7ae376
0x7ae390	0x7ae390	0x7ae39c
0x7ae39c	0x7ae39c	0x7ae3ac
0x7ae3ac	0x7ae3ac	0x7ae3c7
0x7ae3e1	0x7ae3e1	0x7ae3f1
0x7ae40b	0x7ae40b	0x7ae41b
0x7ae435	0x7ae435	0x7ae445
0x7ae45f	0x7ae45f	0x7ae46f
0x7ae489	0x7ae489	0x7ae49e
0x7ae49e	0x7ae49e	0x7ae4ae
0x7ae4ae	0x7ae4ae	0x7ae4c3
0x7ae4dd	0x7ae4dd	0x7ae4ed
0x7ae4ed	0x7ae4ed	0x7ae503
0x7ae51d	0x7ae51d	0x7ae52d
0x7ae52d	0x7ae52d	0x7ae547
0x7ae547	0x7ae547	0x7ae561
0x7ae595	0x7ae595	0x7ae5a5
0x7ae5a5	0x7ae5a5	0x7ae5c2
0x7ae5c2	0x7ae5c2	0x7ae5da
0x7ae5da	0x7ae5da	0x7ae5f7
0x7ae5f7	0x7ae5f7	0x7ae614
0x7ae614	0x7ae614	0x7ae62a
0x7ae644	0x7ae644	0x7ae654
0x7ae66e	0x7ae66e	0x7ae67e
0x7ae698	0x7ae698	0x7ae6a8
0x7ae6c2	0x7ae6c2	0x7ae6e6
0x7ae6e6	0x7ae6e6	0x7ae6fc
0x7ae6fc	0x7ae6fc	0x7ae71a
0x7ae71a	0x7ae71a	0x7ae738
0x7ae738	0x7ae738	0x7ae756
0x7ae756	0x7ae756	0x7ae774
0x7ae774	0x7ae774	0x7ae784
0x7ae79e	0x7ae79e	0x7ae7b4
0x7ae7b4	0x7ae7b4	0x7ae7ca
0x7ae7ca	0x7ae7ca	0x7ae7df
0x7ae7df	0x7ae7df	0x7ae7ef
0x7ae7ef	0x7ae7ef	0x7ae7fb
0x7ae7fb	0x7ae7fb	0x7ae806
0x7ae806	0x7ae806	0x7ae81e
0x7ae838	0x7ae838	0x7ae848
0x7ae8b0	0x7ae8b0	0x7ae8c6
0x7ae8c6	0x7ae8c6	0x7ae8dc
0x7ae8dc	0x7ae8dc	0x7ae8f2
0x7ae8f2	0x7ae8f2	0x7ae908
0x7ae908	0x7ae908	0x7ae91d
0x7ae937	0x7ae937	0x7ae94d
0x7ae94d	0x7ae94d	0x7ae963
0x7ae963	0x7ae963	0x7ae978
0x7ae978	0x7ae978	0x7ae988
0x7ae9a2	0x7ae9a2	0x7ae9b2
0x7ae9e6	0x7ae9e6	0x7ae9f2
0x7ae9f2	0x7ae9f2	0x7aea02
0x7aea1c	0x7aea1c	0x7aea2c
0x7aea2c	0x7aea2c	0x7aea50
0x7aea84	0x7aea84	0x7aea94
0x7aeaae	0x7aeaae	0x7aeabe
0x7aeaf2	0x7aeaf2	0x7aeb02
0x7aeb1c	0x7aeb1c	0x7aeb2c
0x7aeb46	0x7aeb46	0x7aeb56
0x7aeb70	0x7aeb70	0x7aeb80
0x7aeb9a	0x7aeb9a	0x7aebaa
0x7aebaa	0x7aebaa	0x7aebb7
0x7aebb7	0x7aebb7	0x7aebcc
0x7aec1a	0x7aec1a	0x7aec2a
0x7aec8e	0x7aec8e	0x7aeca4
0x7aeca4	0x7aeca4	0x7aecba
0x7aecba	0x7aecba	0x7aecc6
0x7aecc6	0x7aecc6	0x7aecd6
0x7aecf0	0x7aecf0	0x7aed00
0x7aed1a	0x7aed1a	0x7aed2a
0x7aed2a	0x7aed2a	0x7aed47
0x7aed61	0x7aed61	0x7aed71
0x7aed71	0x7aed71	0x7aed87
0x7aeda1	0x7aeda1	0x7aedb1
0x7aedcb	0x7aedcb	0x7aedd7
0x7aedd7	0x7aedd7	0x7aede7
0x7aede7	0x7aede7	0x7aedf9
0x7aedf9	0x7aedf9	0x7aee0b
0x7aee0b	0x7aee0b	0x7aee1d
0x7aee1d	0x7aee1d	0x7aee2f
0x7aee2f	0x7aee2f	0x7aee41
0x7aee5b	0x7aee5b	0x7aee6b
0x7aee6b	0x7aee6b	0x7aee7b
0x7aeeaf	0x7aeeaf	0x7aeebf
0x7aeed9	0x7aeed9	0x7aeee9
0x7aef03	0x7aef03	0x7aef15
0x7aef15	0x7aef15	0x7aef27
0x7aef27	0x7aef27	0x7aef39
0x7aef39	0x7aef39	0x7aef4b
0x7aef4b	0x7aef4b	0x7aef5d
0x7aef77	0x7aef77	0x7aef87
0x7aefa1	0x7aefa1	0x7aefb1
0x7aefe5	0x7aefe5	0x7aeff5
0x7af00f	0x7af00f	0x7af01f
0x7af039	0x7af039	0x7af049
0x7af063	0x7af063	0x7af075
0x7af075	0x7af075	0x7af087
0x7af087	0x7af087	0x7af099
0x7af099	0x7af099	0x7af0ab
0x7af0ab	0x7af0ab	0x7af0bd
0x7af0f1	0x7af0f1	0x7af10c
0x7af10c	0x7af10c	0x7af130
0x7af130	0x7af130	0x7af146
0x7af160	0x7af160	0x7af170
0x7af18a	0x7af18a	0x7af19a
0x7af1ce	0x7af1ce	0x7af1de
0x7af1de	0x7af1de	0x7af1f7
0x7af1f7	0x7af1f7	0x7af210
0x7af244	0x7af244	0x7af254
0x7af288	0x7af288	0x7af298
0x7af2b2	0x7af2b2	0x7af2c2
0x7af2c2	0x7af2c2	0x7af2d4
0x7af2d4	0x7af2d4	0x7af2e6
0x7af2e6	0x7af2e6	0x7af2f8
0x7af2f8	0x7af2f8	0x7af30a
0x7af324	0x7af324	0x7af334
0x7af334	0x7af334	0x7af34f
0x7af369	0x7af369	0x7af379
0x7af393	0x7af393	0x7af3a3
0x7af3d7	0x7af3d7	0x7af3e9
0x7af3e9	0x7af3e9	0x7af3fb
0x7af3fb	0x7af3fb	0x7af40d
0x7af40d	0x7af40d	0x7af41f
0x7af41f	0x7af41f	0x7af431
0x7af44b	0x7af44b	0x7af45b
0x7af475	0x7af475	0x7af480
0x7af480	0x7af480	0x7af48b
0x7af48b	0x7af48b	0x7af496
0x7af496	0x7af496	0x7af4a1
0x7af4a1	0x7af4a1	0x7af4ac
0x7af4ac	0x7af4ac	0x7af4b7
0x7af4b7	0x7af4b7	0x7af4c2
0x7af4c2	0x7af4c2	0x7af4cd
0x7af4cd	0x7af4cd	0x7af4d8
0x7af4d8	0x7af4d8	0x7af4e3
0x7af4e3	0x7af4e3	0x7af4ee
0x7af4ee	0x7af4ee	0x7af4f9
0x7af4f9	0x7af4f9	0x7af504
0x7af504	0x7af504	0x7af50f
0x7af50f	0x7af50f	0x7af51a
0x7af51a	0x7af51a	0x7af525
0x7af525	0x7af525	0x7af530
0x7af530	0x7af530	0x7af53b
0x7af53b	0x7af53b	0x7af546
0x7af546	0x7af546	0x7af551
0x7af551	0x7af551	0x7af55c
0x7af55c	0x7af55c	0x7af567
0x7af567	0x7af567	0x7af572
0x7af572	0x7af572	0x7af57d
0x7af57d	0x7af57d	0x7af588
0x7af588	0x7af588	0x7af593
0x7af593	0x7af593	0x7af59e
0x7af59e	0x7af59e	0x7af5a9
0x7af5a9	0x7af5a9	0x7af5b4
0x7af5b4	0x7af5b4	0x7af5bf
0x7af5bf	0x7af5bf	0x7af5ca
0x7af5ca	0x7af5ca	0x7af5d5
0x7af5d5	0x7af5d5	0x7af5e0
0x7af5e0	0x7af5e0	0x7af5eb
0x7af5eb	0x7af5eb	0x7af5f6
0x7af5f6	0x7af5f6	0x7af601
0x7af601	0x7af601	0x7af60c
0x7af60c	0x7af60c	0x7af617
0x7af617	0x7af617	0x7af622
0x7af622	0x7af622	0x7af62d
0x7af62d	0x7af62d	0x7af638
0x7af638	0x7af638	0x7af643
0x7af643	0x7af643	0x7af64e
0x7af64e	0x7af64e	0x7af659
0x7af659	0x7af659	0x7af664
0x7af664	0x7af664	0x7af66f
0x7af66f	0x7af66f	0x7af67a
0x7af67a	0x7af67a	0x7af685
0x7af685	0x7af685	0x7af690
0x7af690	0x7af690	0x7af69b
0x7af69b	0x7af69b	0x7af6a6
0x7af6a6	0x7af6a6	0x7af6b1
0x7af6b1	0x7af6b1	0x7af6bc
0x7af6bc	0x7af6bc	0x7af6c7
0x7af6c7	0x7af6c7	0x7af6d2
0x7af6d2	0x7af6d2	0x7af6dd
0x7af6dd	0x7af6dd	0x7af6e8
0x7af6e8	0x7af6e8	0x7af6f3
0x7af6f3	0x7af6f3	0x7af6fe
0x7af6fe	0x7af6fe	0x7af709
0x7af709	0x7af709	0x7af714
0x7af714	0x7af714	0x7af71f
0x7af71f	0x7af71f	0x7af72a
0x7af72a	0x7af72a	0x7af735
0x7af735	0x7af735	0x7af740
0x7af740	0x7af740	0x7af74b
0x7af74b	0x7af74b	0x7af75b
0x7af7dd	0x7af7dd	0x7af7ed
0x7af7ed	0x7af7ed	0x7af7fe
0x7af7fe	0x7af7fe	0x7af819
0x7af833	0x7af833	0x7af849
0x7af849	0x7af849	0x7af85f
0x7af85f	0x7af85f	0x7af86f
0x7af889	0x7af889	0x7af899
0x7af8cd	0x7af8cd	0x7af8e3
0x7af8e3	0x7af8e3	0x7af8fe
0x7af8fe	0x7af8fe	0x7af919
0x7af919	0x7af919	0x7af934
0x7af934	0x7af934	0x7af94f
0x7af94f	0x7af94f	0x7af96a
0x7af96a	0x7af96a	0x7af985
0x7af985	0x7af985	0x7af9a0
0x7af9a0	0x7af9a0	0x7af9bb
0x7af9bb	0x7af9bb	0x7af9d6
0x7af9d6	0x7af9d6	0x7afc11
0x7afc11	0x7afc11	0x7afc26
0x7afc26	0x7afc26	0x7afc3c
0x7afc56	0x7afc56	0x7afc6b
0x7afcb4	0x7afcb4	0x7afcc9
0x7afce3	0x7afce3	0x7afcf8
0x7afcf8	0x7afcf8	0x7afd08
0x7afd22	0x7afd22	0x7afd32
0x7afd4c	0x7afd4c	0x7afd61
0x7afd61	0x7afd61	0x7afd76
0x7afd76	0x7afd76	0x7afd86
0x7afda0	0x7afda0	0x7afdb0
0x7afdca	0x7afdca	0x7afdda
0x7afdf4	0x7afdf4	0x7afe04
0x7afe1e	0x7afe1e	0x7afe2e
0x7afe2e	0x7afe2e	0x7afe43
0x7afe5d	0x7afe5d	0x7afe6d
0x7afe87	0x7afe87	0x7afe97
0x7afe97	0x7afe97	0x7afeac
0x7afee0	0x7afee0	0x7afef0
0x7aff0a	0x7aff0a	0x7aff1a
0x7aff1a	0x7aff1a	0x7aff30
0x7aff30	0x7aff30	0x7aff46
0x7aff46	0x7aff46	0x7aff5c
0x7aff5c	0x7aff5c	0x7aff72
0x7aff72	0x7aff72	0x7aff88
0x7affbc	0x7affbc	0x7affd1
0x7affd1	0x7affd1	0x7affe6
0x7affe6	0x7affe6	0x7afffb
0x7afffb	0x7afffb	0x7b0010
0x7b0010	0x7b0010	0x7b0025
0x7b003f	0x7b003f	0x7b0054
0x7b0088	0x7b0088	0x7b009d
0x7b009d	0x7b009d	0x7b00b2
0x7b00b2	0x7b00b2	0x7b00c7
0x7b00c7	0x7b00c7	0x7b00dc
0x7b00dc	0x7b00dc	0x7b00f1
0x7b00f1	0x7b00f1	0x7b0103
0x7b0103	0x7b0103	0x7b0115
0x7b0115	0x7b0115	0x7b0125
0x7b013f	0x7b013f	0x7b014f
0x7b014f	0x7b014f	0x7b015f
0x7b015f	0x7b015f	0x7b0171
0x7b0171	0x7b0171	0x7b0183
0x7b0183	0x7b0183	0x7b0195
0x7b0195	0x7b0195	0x7b01a7
0x7b01a7	0x7b01a7	0x7b01b9
0x7b01d3	0x7b01d3	0x7b01e8
0x7b01e8	0x7b01e8	0x7b01fd
0x7b01fd	0x7b01fd	0x7b0212
0x7b022c	0x7b022c	0x7b0241
0x7b0241	0x7b0241	0x7b0251
0x7b026b	0x7b026b	0x7b0280
0x7b0280	0x7b0280	0x7b0290
0x7b0290	0x7b0290	0x7b02a6
0x7b02a6	0x7b02a6	0x7b02c3
0x7b02c3	0x7b02c3	0x7b02d9
0x7b02d9	0x7b02d9	0x7b02f6
0x7b02f6	0x7b02f6	0x7b030b
0x7b033f	0x7b033f	0x7b0354
0x7b0354	0x7b0354	0x7b0369
0x7b0383	0x7b0383	0x7b0398
0x7b03b2	0x7b03b2	0x7b03c7
0x7b03c7	0x7b03c7	0x7b03d7
0x7b03f1	0x7b03f1	0x7b0401
0x7b041b	0x7b041b	0x7b042b
0x7b042b	0x7b042b	0x7b043b
0x7b0489	0x7b0489	0x7b0499
0x7b04b3	0x7b04b3	0x7b04c3
0x7b04f7	0x7b04f7	0x7b0507
0x7b0521	0x7b0521	0x7b0531
0x7b054b	0x7b054b	0x7b055b
0x7b058f	0x7b058f	0x7b05a4
0x7b05a4	0x7b05a4	0x7b05b4
0x7b05ce	0x7b05ce	0x7b05de
0x7b05de	0x7b05de	0x7b05fb
0x7b0615	0x7b0615	0x7b0625
0x7b0625	0x7b0625	0x7b063b
0x7b063b	0x7b063b	0x7b0651
0x7b0685	0x7b0685	0x7b0695
0x7b06af	0x7b06af	0x7b06bf
0x7b06f3	0x7b06f3	0x7b0703
0x7b071d	0x7b071d	0x7b072d
0x7b0747	0x7b0747	0x7b0757
0x7b078b	0x7b078b	0x7b079b
0x7b079b	0x7b079b	0x7b07ad
0x7b07ad	0x7b07ad	0x7b07bf
0x7b07bf	0x7b07bf	0x7b07d1
0x7b07d1	0x7b07d1	0x7b07e3
0x7b07e3	0x7b07e3	0x7b07f5
0x7b07f5	0x7b07f5	0x7b0800
0x7b0834	0x7b0834	0x7b0844
0x7b0878	0x7b0878	0x7b0888
0x7b08a2	0x7b08a2	0x7b08b2
0x7b08b2	0x7b08b2	0x7b08c2
0x7b08f6	0x7b08f6	0x7b0906
0x7b0920	0x7b0920	0x7b0930
0x7b094a	0x7b094a	0x7b095a
0x7b09a8	0x7b09a8	0x7b09b8
0x7b09ec	0x7b09ec	0x7b09fc
0x7b0a16	0x7b0a16	0x7b0a26
0x7b0a40	0x7b0a40	0x7b0a50
0x7b0a6a	0x7b0a6a	0x7b0a7c
0x7b0a7c	0x7b0a7c	0x7b0a8e
0x7b0a8e	0x7b0a8e	0x7b0aa0
0x7b0aa0	0x7b0aa0	0x7b0ab2
0x7b0ab2	0x7b0ab2	0x7b0ac4
0x7b0b12	0x7b0b12	0x7b0b22
0x7b0b3c	0x7b0b3c	0x7b0b4c
0x7b0b66	0x7b0b66	0x7b0b76
0x7b0b90	0x7b0b90	0x7b0ba0
0x7b0ba0	0x7b0ba0	0x7b0bb1
0x7b0bff	0x7b0bff	0x7b0c0f
0x7b0c0f	0x7b0c0f	0x7b0c1f
0x7b0c53	0x7b0c53	0x7b0c63
0x7b0c7d	0x7b0c7d	0x7b0c8d
0x7b0ca7	0x7b0ca7	0x7b0cb7
0x7b0cb7	0x7b0cb7	0x7b0cc9
0x7b0cc9	0x7b0cc9	0x7b0cdb
0x7b0cdb	0x7b0cdb	0x7b0ced
0x7b0ced	0x7b0ced	0x7b0cff
0x7b0cff	0x7b0cff	0x7b0d11
0x7b0d45	0x7b0d45	0x7b0d55
0x7b0d55	0x7b0d55	0x7b0d72
0x7b0d8c	0x7b0d8c	0x7b0d9c
0x7b0db6	0x7b0db6	0x7b0dc6
0x7b0de0	0x7b0de0	0x7b0df0
0x7b0e24	0x7b0e24	0x7b0e34
0x7b0e4e	0x7b0e4e	0x7b0e5e
0x7b0e78	0x7b0e78	0x7b0e88
0x7b0ea2	0x7b0ea2	0x7b0eb2
0x7b0ecc	0x7b0ecc	0x7b0edc
0x7b0ef6	0x7b0ef6	0x7b0f06
0x7b0f20	0x7b0f20	0x7b0f30
0x7b0f4a	0x7b0f4a	0x7b0f5a
0x7b0f74	0x7b0f74	0x7b0f84
0x7b0fb8	0x7b0fb8	0x7b0fc8
0x7b0ffc	0x7b0ffc	0x7b100c
0x7b1026	0x7b1026	0x7b1036
0x7b1050	0x7b1050	0x7b1060
0x7b1094	0x7b1094	0x7b10a4
0x7b10be	0x7b10be	0x7b10ce
0x7b10e8	0x7b10e8	0x7b10f8
0x7b1112	0x7b1112	0x7b1122
0x7b1122	0x7b1122	0x7b1132
0x7b1166	0x7b1166	0x7b1176
0x7b1212	0x7b1212	0x7b1222
0x7b123c	0x7b123c	0x7b124c
0x7b1266	0x7b1266	0x7b1276
0x7b12aa	0x7b12aa	0x7b12ba
0x7b12d4	0x7b12d4	0x7b12e4
0x7b1318	0x7b1318	0x7b1328
0x7b1328	0x7b1328	0x7b1338
0x7b136c	0x7b136c	0x7b137c
0x7b1396	0x7b1396	0x7b13a6
0x7b13c0	0x7b13c0	0x7b13d0
0x7b13ea	0x7b13ea	0x7b13fa
0x7b142e	0x7b142e	0x7b143e
0x7b148c	0x7b148c	0x7b149c
0x7b14b6	0x7b14b6	0x7b14c6
0x7b14e0	0x7b14e0	0x7b14f0
0x7b150a	0x7b150a	0x7b151a
0x7b1534	0x7b1534	0x7b1544
0x7b155e	0x7b155e	0x7b156e
0x7b15a2	0x7b15a2	0x7b15b2
0x7b15b2	0x7b15b2	0x7b15bd
0x7b15f1	0x7b15f1	0x7b1601
0x7b1683	0x7b1683	0x7b1693
0x7b16ad	0x7b16ad	0x7b16bd
0x7b170b	0x7b170b	0x7b171b
0x7b1735	0x7b1735	0x7b1745
0x7b175f	0x7b175f	0x7b176f
0x7b17bd	0x7b17bd	0x7b17cd
0x7b17e7	0x7b17e7	0x7b17f7
0x7b182b	0x7b182b	0x7b183b
0x7b18a3	0x7b18a3	0x7b18b3
0x7b18cd	0x7b18cd	0x7b18dd
0x7b18f7	0x7b18f7	0x7b1907
0x7b1921	0x7b1921	0x7b1931
0x7b1965	0x7b1965	0x7b1975
0x7b19a9	0x7b19a9	0x7b19b9
0x7b19ed	0x7b19ed	0x7b19fd
0x7b1a17	0x7b1a17	0x7b1a27
0x7b1a27	0x7b1a27	0x7b1a38
0x7b1a52	0x7b1a52	0x7b1a62
0x7b1a7c	0x7b1a7c	0x7b1a8c
0x7b1aa6	0x7b1aa6	0x7b1ab6
0x7b1ad0	0x7b1ad0	0x7b1ae0
0x7b1afa	0x7b1afa	0x7b1b0a
0x7b1b24	0x7b1b24	0x7b1b34
0x7b1b4e	0x7b1b4e	0x7b1b5e
0x7b1b92	0x7b1b92	0x7b1ba2
0x7b1bbc	0x7b1bbc	0x7b1bcc
0x7b1be6	0x7b1be6	0x7b1bf6
0x7b1c10	0x7b1c10	0x7b1c20
0x7b1c88	0x7b1c88	0x7b1c98
0x7b1cb2	0x7b1cb2	0x7b1cc2
0x7b1cdc	0x7b1cdc	0x7b1cf2
0x7b1cf2	0x7b1cf2	0x7b1d02
0x7b1d1c	0x7b1d1c	0x7b1d2c
0x7b1d46	0x7b1d46	0x7b1d56
0x7b1d70	0x7b1d70	0x7b1d80
0x7b1dce	0x7b1dce	0x7b1dde
0x7b1df8	0x7b1df8	0x7b1e08
0x7b1e22	0x7b1e22	0x7b1e32
0x7b1e4c	0x7b1e4c	0x7b1e5c
0x7b1e90	0x7b1e90	0x7b1ea0
0x7b1ed4	0x7b1ed4	0x7b1ee4
0x7b1efe	0x7b1efe	0x7b1f0e
0x7b1f28	0x7b1f28	0x7b1f38
0x7b1f52	0x7b1f52	0x7b1f62
0x7b1f7c	0x7b1f7c	0x7b1f8c
0x7b1fa6	0x7b1fa6	0x7b1fb6
0x7b1fd0	0x7b1fd0	0x7b1fe0
0x7b1ffa	0x7b1ffa	0x7b200a
0x7b2024	0x7b2024	0x7b2034
0x7b204e	0x7b204e	0x7b205e
0x7b2078	0x7b2078	0x7b2088
0x7b20a2	0x7b20a2	0x7b20b2
0x7b20cc	0x7b20cc	0x7b20dc
0x7b20f6	0x7b20f6	0x7b2106
0x7b2120	0x7b2120	0x7b2130
0x7b214a	0x7b214a	0x7b215a
0x7b2174	0x7b2174	0x7b2184
0x7b219e	0x7b219e	0x7b21ae
0x7b21c8	0x7b21c8	0x7b21d8
0x7b21f2	0x7b21f2	0x7b2202
0x7b221c	0x7b221c	0x7b222c
0x7b2246	0x7b2246	0x7b2256
0x7b2270	0x7b2270	0x7b2280
0x7b229a	0x7b229a	0x7b22aa
0x7b22c4	0x7b22c4	0x7b22d4
0x7b22ee	0x7b22ee	0x7b22fe
0x7b2318	0x7b2318	0x7b2328
0x7b2342	0x7b2342	0x7b2352
0x7b236c	0x7b236c	0x7b237c
0x7b2396	0x7b2396	0x7b23a6
0x7b23c0	0x7b23c0	0x7b23d0
0x7b23ea	0x7b23ea	0x7b23fa
0x7b2414	0x7b2414	0x7b2424
0x7b24c0	0x7b24c0	0x7b24d0
0x7b24ea	0x7b24ea	0x7b24fa
0x7b2514	0x7b2514	0x7b2524
0x7b253e	0x7b253e	0x7b254e
0x7b2568	0x7b2568	0x7b2578
0x7b25ac	0x7b25ac	0x7b25bc
0x7b25bc	0x7b25bc	0x7b25ce
0x7b25ce	0x7b25ce	0x7b25e0
0x7b25e0	0x7b25e0	0x7b25f2
0x7b25f2	0x7b25f2	0x7b2604
0x7b2604	0x7b2604	0x7b2616
0x7b2630	0x7b2630	0x7b2640
0x7b265a	0x7b265a	0x7b266a
0x7b26ec	0x7b26ec	0x7b26fc
0x7b274a	0x7b274a	0x7b275a
0x7b2774	0x7b2774	0x7b2784
0x7b27b8	0x7b27b8	0x7b27c8
0x7b2830	0x7b2830	0x7b2840
0x7b285a	0x7b285a	0x7b286a
0x7b2906	0x7b2906	0x7b2916
0x7b294a	0x7b294a	0x7b295a
0x7b2974	0x7b2974	0x7b2984
0x7b299e	0x7b299e	0x7b29ae
0x7b29c8	0x7b29c8	0x7b29d8
0x7b29f2	0x7b29f2	0x7b2a02
0x7b2a1c	0x7b2a1c	0x7b2a2c
0x7b2a60	0x7b2a60	0x7b2a70
0x7b2aa4	0x7b2aa4	0x7b2ab4
0x7b2b36	0x7b2b36	0x7b2b46
0x7b2b60	0x7b2b60	0x7b2b70
0x7b2b8a	0x7b2b8a	0x7b2b9a
0x7b2bb4	0x7b2bb4	0x7b2bc4
0x7b2bde	0x7b2bde	0x7b2bee
0x7b2c08	0x7b2c08	0x7b2c18
0x7b2c32	0x7b2c32	0x7b2c42
0x7b2c5c	0x7b2c5c	0x7b2c6c
0x7b2c86	0x7b2c86	0x7b2c96
0x7b2cb0	0x7b2cb0	0x7b2cc0
0x7b2cda	0x7b2cda	0x7b2cea
0x7b2dee	0x7b2dee	0x7b2dfe
0x7b2e18	0x7b2e18	0x7b2e28
0x7b2e42	0x7b2e42	0x7b2e52
0x7b2ea0	0x7b2ea0	0x7b2eb0
0x7b2eca	0x7b2eca	0x7b2eda
0x7b2eda	0x7b2eda	0x7b2ee6
0x7b2f4e	0x7b2f4e	0x7b2f5e
0x7b2fe0	0x7b2fe0	0x7b2ff0
0x7b300a	0x7b300a	0x7b301a
0x7b301a	0x7b301a	0x7b3030
0x7b3064	0x7b3064	0x7b3074
0x7b308e	0x7b308e	0x7b309e
0x7b309e	0x7b309e	0x7b30aa
0x7b30c4	0x7b30c4	0x7b30d4
0x7b30ee	0x7b30ee	0x7b30fe
0x7b3132	0x7b3132	0x7b3148
0x7b3162	0x7b3162	0x7b3174
0x7b31a8	0x7b31a8	0x7b31c5
0x7b31df	0x7b31df	0x7b31fa
0x7b31fa	0x7b31fa	0x7b3217
0x7b3231	0x7b3231	0x7b3241
0x7b328f	0x7b328f	0x7b329f
0x7b32b9	0x7b32b9	0x7b32c9
0x7b32e3	0x7b32e3	0x7b32f3
0x7b3327	0x7b3327	0x7b3337
0x7b3351	0x7b3351	0x7b3361
0x7b33af	0x7b33af	0x7b33c5
0x7b33c5	0x7b33c5	0x7b341c
0x7b341c	0x7b341c	0x7b342c
0x7b342c	0x7b342c	0x7b3442
0x7b3476	0x7b3476	0x7b3486
0x7b3486	0x7b3486	0x7b349c
0x7b3504	0x7b3504	0x7b3510
0x7b3544	0x7b3544	0x7b3554
0x7b356e	0x7b356e	0x7b357e
0x7b3598	0x7b3598	0x7b35a8
0x7b35c2	0x7b35c2	0x7b35d2
0x7b35ec	0x7b35ec	0x7b35fc
0x7b3664	0x7b3664	0x7b3674
0x7b368e	0x7b368e	0x7b369e
0x7b36d2	0x7b36d2	0x7b36e2
0x7b3716	0x7b3716	0x7b3726
0x7b3740	0x7b3740	0x7b3750
0x7b37b8	0x7b37b8	0x7b37ce
0x7b37ce	0x7b37ce	0x7b37e4
0x7b3832	0x7b3832	0x7b3842
0x7b385c	0x7b385c	0x7b386c
0x7b3886	0x7b3886	0x7b3896
0x7b38ca	0x7b38ca	0x7b38da
0x7b38f4	0x7b38f4	0x7b3911
0x7b3945	0x7b3945	0x7b395b
0x7b395b	0x7b395b	0x7b396b
0x7b39b9	0x7b39b9	0x7b39c9
0x7b39e3	0x7b39e3	0x7b39f3
0x7b3a0d	0x7b3a0d	0x7b3a22
0x7b3a22	0x7b3a22	0x7b3a2e
0x7b3a2e	0x7b3a2e	0x7b3a3e
0x7b3a58	0x7b3a58	0x7b3aa5
0x7b3b26	0x7b3b26	0x7b3b36
0x7b3b50	0x7b3b50	0x7b3b60
0x7b3b7a	0x7b3b7a	0x7b3b8a
0x7b3ba4	0x7b3ba4	0x7b3bb4
0x7b3bce	0x7b3bce	0x7b3bde
0x7b3bf8	0x7b3bf8	0x7b3c08
0x7b3c22	0x7b3c22	0x7b3c32
0x7b3db8	0x7b3db8	0x7b3dc5
0x7b3dc5	0x7b3dc5	0x7b3dd2
0x7b3dd2	0x7b3dd2	0x7b3ddf
0x7b3ddf	0x7b3ddf	0x7b3dec
0x7b3e06	0x7b3e06	0x7b3e16
0x7b3e4a	0x7b3e4a	0x7b3e5a
0x7b3e74	0x7b3e74	0x7b3e84
0x7b3eca	0x7b3eca	0x7b3eda
0x7b3ef4	0x7b3ef4	0x7b3f04
0x7b3f1e	0x7b3f1e	0x7b3f2e
0x7b3fca	0x7b3fca	0x7b3fd8
0x7b3ff2	0x7b3ff2	0x7b4002
0x7b401c	0x7b401c	0x7b4081
0x7b4100	0x7b4100	0x7b4116
0x7b4116	0x7b4116	0x7b412c
0x7b4194	0x7b4194	0x7b41a4
0x7b41d8	0x7b41d8	0x7b41e8
0x7b42b8	0x7b42b8	0x7b42c8
0x7b4316	0x7b4316	0x7b4324
0x7b433e	0x7b433e	0x7b434e
0x7b434e	0x7b434e	0x7b4369
0x7b4383	0x7b4383	0x7b4393
0x7b43ad	0x7b43ad	0x7b43bd
0x7b43bd	0x7b43bd	0x7b43cb
0x7b43e5	0x7b43e5	0x7b43f5
0x7b440f	0x7b440f	0x7b441f
0x7b4439	0x7b4439	0x7b4445
0x7b445f	0x7b445f	0x7b447a
0x7b4513	0x7b4513	0x7b452e
0x7b4548	0x7b4548	0x7b4563
0x7b457d	0x7b457d	0x7b458d
0x7b458d	0x7b458d	0x7b45a8
0x7b45a8	0x7b45a8	0x7b45c1
0x7b45c1	0x7b45c1	0x7b45ce
0x7b45ce	0x7b45ce	0x7b45d9
0x7b45d9	0x7b45d9	0x7b45e7
0x7b461b	0x7b461b	0x7b4636
0x7b4636	0x7b4636	0x7b4651
0x7b4651	0x7b4651	0x7b4662
0x7b4662	0x7b4662	0x7b4670
0x7b4670	0x7b4670	0x7b467e
0x7b4698	0x7b4698	0x7b46a8
0x7b46a8	0x7b46a8	0x7b46c3
0x7b46c3	0x7b46c3	0x7b46de
0x7b46f8	0x7b46f8	0x7b4708
0x7b4722	0x7b4722	0x7b4732
0x7b474c	0x7b474c	0x7b4756
0x7b4756	0x7b4756	0x7b4760
0x7b4760	0x7b4760	0x7b476a
0x7b476a	0x7b476a	0x7b4774
0x7b4774	0x7b4774	0x7b477e
0x7b477e	0x7b477e	0x7b4788
0x7b4788	0x7b4788	0x7b47a5
0x7b47bf	0x7b47bf	0x7b47cf
0x7b481d	0x7b481d	0x7b4874
0x7b4922	0x7b4922	0x7b4932
0x7b494c	0x7b494c	0x7b4962
0x7b4962	0x7b4962	0x7b4971
0x7b4971	0x7b4971	0x7b4980
0x7b4980	0x7b4980	0x7b498f
0x7b498f	0x7b498f	0x7b499e
0x7b499e	0x7b499e	0x7b49b3
0x7b49b3	0x7b49b3	0x7b4a00
0x7b4a1a	0x7b4a1a	0x7b4a30
0x7b4a30	0x7b4a30	0x7b4a40
0x7b4bc6	0x7b4bc6	0x7b4bd4
0x7b4c38	0x7b4c38	0x7b4c4e
0x7b4c4e	0x7b4c4e	0x7b4c64
0x7b4c64	0x7b4c64	0x7b4c70
0x7b4c70	0x7b4c70	0x7b4c87
0x7b4c87	0x7b4c87	0x7b4c9e
0x7b4c9e	0x7b4c9e	0x7b4cbb
0x7b4cd5	0x7b4cd5	0x7b4cec
0x7b4cec	0x7b4cec	0x7b4d03
0x7b4d03	0x7b4d03	0x7b4d20
0x7b4ef4	0x7b4ef4	0x7b4f04
0x7b4f1e	0x7b4f1e	0x7b4f2e
0x7b4f7c	0x7b4f7c	0x7b4f8c
0x7b4fda	0x7b4fda	0x7b4ff0
0x7b4ff0	0x7b4ff0	0x7b5000
0x7b5000	0x7b5000	0x7b5016
0x7b5030	0x7b5030	0x7b5040
0x7b505a	0x7b505a	0x7b506a
0x7b506a	0x7b506a	0x7b5080
0x7b509a	0x7b509a	0x7b50e7
0x7b5181	0x7b5181	0x7b5197
0x7b5197	0x7b5197	0x7b51a7
0x7b51db	0x7b51db	0x7b51eb
0x7b51eb	0x7b51eb	0x7b5201
0x7b521b	0x7b521b	0x7b522b
0x7b5245	0x7b5245	0x7b5255
0x7b526f	0x7b526f	0x7b527f
0x7b5299	0x7b5299	0x7b52e6
0x7b5333	0x7b5333	0x7b5343
0x7b5343	0x7b5343	0x7b5390
0x7b53aa	0x7b53aa	0x7b53ba
0x7b53d4	0x7b53d4	0x7b53ea
0x7b53f0	0x7b53f0	0x7b5407
0x7b5410	0x7b5410	0x7b541c
0x7b54e0	0x7b54e0	0x7b54ea
0x7b54f0	0x7b54f0	0x7b5506
0x7b5510	0x7b5510	0x7b5524
0x7b5530	0x7b5530	0x7b5542
0x7b5542	0x7b5542	0x7b5558
0x7b556e	0x7b556e	0x7b5587
0x7b559d	0x7b559d	0x7b55b3
0x7b55d0	0x7b55d0	0x7b55dc
0x7b55e0	0x7b55e0	0x7b55f6
0x7b5600	0x7b5600	0x7b5616
0x7b5620	0x7b5620	0x7b5636
0x7b5640	0x7b5640	0x7b5656
0x7b5660	0x7b5660	0x7b5676
0x7b5680	0x7b5680	0x7b5696
0x7b56a0	0x7b56a0	0x7b56b6
0x7b56c0	0x7b56c0	0x7b56d6
0x7b56e0	0x7b56e0	0x7b56f6
0x7b5700	0x7b5700	0x7b5716
0x7b5720	0x7b5720	0x7b5736
0x7b5740	0x7b5740	0x7b5756
0x7b5760	0x7b5760	0x7b5776
0x7b5780	0x7b5780	0x7b5796
0x7b57a0	0x7b57a0	0x7b57b6
0x7b57c0	0x7b57c0	0x7b57d6
0x7b57e0	0x7b57e0	0x7b57f6
0x7b5800	0x7b5800	0x7b5816
0x7b5820	0x7b5820	0x7b5836
0x7b5840	0x7b5840	0x7b5856
0x7b58a0	0x7b58a0	0x7b58b6
0x7b58c0	0x7b58c0	0x7b58d6
0x7b58e0	0x7b58e0	0x7b58f6
0x7b5900	0x7b5900	0x7b5916
0x7b5920	0x7b5920	0x7b5936
0x7b5940	0x7b5940	0x7b5956
0x7b5960	0x7b5960	0x7b5976
0x7b5980	0x7b5980	0x7b5996
0x7b59a0	0x7b59a0	0x7b59b6
0x7b59c0	0x7b59c0	0x7b59d6
0x7b59e0	0x7b59e0	0x7b59f6
0x7b5a00	0x7b5a00	0x7b5a16
0x7b5a20	0x7b5a20	0x7b5a36
0x7b5a40	0x7b5a40	0x7b5a56
0x7b5a60	0x7b5a60	0x7b5a76
0x7b5a80	0x7b5a80	0x7b5a96
0x7b5aa0	0x7b5aa0	0x7b5ab6
0x7b5ac0	0x7b5ac0	0x7b5ad6
0x7b5ae0	0x7b5ae0	0x7b5af6
0x7b5b00	0x7b5b00	0x7b5b16
0x7b5b20	0x7b5b20	0x7b5b36
0x7b5b40	0x7b5b40	0x7b5b56
0x7b5b60	0x7b5b60	0x7b5b76
0x7b5b80	0x7b5b80	0x7b5b96
0x7b5ba0	0x7b5ba0	0x7b5bb6
0x7b5bc0	0x7b5bc0	0x7b5bd6
0x7b5be0	0x7b5be0	0x7b5bf6
0x7b5c00	0x7b5c00	0x7b5c16
0x7b5c20	0x7b5c20	0x7b5c36
0x7b5c40	0x7b5c40	0x7b5c56
0x7b5c60	0x7b5c60	0x7b5c76
0x7b5c80	0x7b5c80	0x7b5c96
0x7b5ca0	0x7b5ca0	0x7b5cb6
0x7b5cc0	0x7b5cc0	0x7b5cd6
0x7b5ce0	0x7b5ce0	0x7b5cf6
0x7b5d00	0x7b5d00	0x7b5d16
0x7b5d20	0x7b5d20	0x7b5d36
0x7b5d40	0x7b5d40	0x7b5d56
0x7b5d60	0x7b5d60	0x7b5d76
0x7b5d80	0x7b5d80	0x7b5d96
0x7b5da0	0x7b5da0	0x7b5db6
0x7b5dc0	0x7b5dc0	0x7b5dd6
0x7b5de0	0x7b5de0	0x7b5dec
0x7b5df0	0x7b5df0	0x7b5e06
0x7b5e10	0x7b5e10	0x7b5e26
0x7b5e30	0x7b5e30	0x7b5e46
0x7b5e50	0x7b5e50	0x7b5e66
0x7b5e70	0x7b5e70	0x7b5e86
0x7b5e90	0x7b5e90	0x7b5ea6
0x7b5eb0	0x7b5eb0	0x7b5ec6
0x7b5ed0	0x7b5ed0	0x7b5ee6
0x7b5ef0	0x7b5ef0	0x7b5f06
0x7b5f10	0x7b5f10	0x7b5f26
0x7b5f30	0x7b5f30	0x7b5f46
0x7b5f50	0x7b5f50	0x7b5f66
0x7b5f70	0x7b5f70	0x7b5f86
0x7b5f90	0x7b5f90	0x7b5fa6
0x7b5fb0	0x7b5fb0	0x7b5fc6
0x7b5fd0	0x7b5fd0	0x7b5fe6
0x7b5ff0	0x7b5ff0	0x7b6006
0x7b6010	0x7b6010	0x7b6026
0x7b6030	0x7b6030	0x7b6046
0x7b6050	0x7b6050	0x7b6066
0x7b6070	0x7b6070	0x7b6086
0x7b6090	0x7b6090	0x7b60a6
0x7b60b0	0x7b60b0	0x7b60c6
0x7b60d0	0x7b60d0	0x7b60e6
0x7b60f0	0x7b60f0	0x7b6106
0x7b6110	0x7b6110	0x7b6126
0x7b6130	0x7b6130	0x7b6146
0x7b6150	0x7b6150	0x7b6166
0x7b6170	0x7b6170	0x7b6186
0x7b6190	0x7b6190	0x7b619c
0x7b61a0	0x7b61a0	0x7b61b6
0x7b61c0	0x7b61c0	0x7b61d6
0x7b61e0	0x7b61e0	0x7b61f6
0x7b6200	0x7b6200	0x7b6216
0x7b6220	0x7b6220	0x7b6236
0x7b6240	0x7b6240	0x7b6256
0x7b6260	0x7b6260	0x7b6276
0x7b6280	0x7b6280	0x7b6296
0x7b62a0	0x7b62a0	0x7b62b6
0x7b62c0	0x7b62c0	0x7b62d6
0x7b62e0	0x7b62e0	0x7b62f6
0x7b6300	0x7b6300	0x7b6316
0x7b6320	0x7b6320	0x7b6336
0x7b6340	0x7b6340	0x7b6356
0x7b6360	0x7b6360	0x7b6376
0x7b6380	0x7b6380	0x7b6396
0x7b63a0	0x7b63a0	0x7b63b6
0x7b63c0	0x7b63c0	0x7b63d6
0x7b63e0	0x7b63e0	0x7b63f6
0x7b6400	0x7b6400	0x7b6416
0x7b6420	0x7b6420	0x7b6436
0x7b6440	0x7b6440	0x7b6456
0x7b6460	0x7b6460	0x7b6476
0x7b6480	0x7b6480	0x7b6496
0x7b64a0	0x7b64a0	0x7b64b6
0x7b64c0	0x7b64c0	0x7b64d6
0x7b64e0	0x7b64e0	0x7b64f6
0x7b6500	0x7b6500	0x7b6516
0x7b6520	0x7b6520	0x7b6536
0x7b6540	0x7b6540	0x7b6556
0x7b6560	0x7b6560	0x7b6576
0x7b6580	0x7b6580	0x7b6596
0x7b65a0	0x7b65a0	0x7b65b6
0x7b65c0	0x7b65c0	0x7b65d6
0x7b65e0	0x7b65e0	0x7b65f6
0x7b6600	0x7b6600	0x7b660c
0x7b6610	0x7b6610	0x7b662e
0x7b6630	0x7b6630	0x7b663c
0x7b6640	0x7b6640	0x7b6669
0x7b6670	0x7b6670	0x7b667c
0x7b6680	0x7b6680	0x7b668c
0x7b6690	0x7b6690	0x7b66ba
0x7b66c0	0x7b66c0	0x7b66e0
0x7b66e0	0x7b66e0	0x7b66f1
0x7b6700	0x7b6700	0x7b6713
0x7b6720	0x7b6720	0x7b6737
0x7b6740	0x7b6740	0x7b6756
0x7b6760	0x7b6760	0x7b6776
0x7b6780	0x7b6780	0x7b6796
0x7b67a0	0x7b67a0	0x7b67b6
0x7b67c0	0x7b67c0	0x7b67e7
0x7b67f0	0x7b67f0	0x7b67fc
0x7b6800	0x7b6800	0x7b680f
0x7b6830	0x7b6830	0x7b6846
0x7b6a80	0x7b6a80	0x7b6a8a
0x7b6a90	0x7b6a90	0x7b6a9a
0x7b6ac8	0x7b6ac8	0x7b6ad2
0x7b6b05	0x7b6b05	0x7b6b0f
0x7b6b19	0x7b6b19	0x7b6b23
0x7b6b23	0x7b6b23	0x7b6b2d
0x7b6b37	0x7b6b37	0x7b6b41
0x7b6b73	0x7b6b73	0x7b6b7d
0x7b6b91	0x7b6b91	0x7b6b9b
0x7b6bb9	0x7b6bb9	0x7b6bcd
0x7b6be1	0x7b6be1	0x7b6beb
0x7b6bf5	0x7b6bf5	0x7b6bff
0x7b6c15	0x7b6c15	0x7b6c16
0x7b6c2a	0x7b6c2a	0x7b6c34
0x7b6c3e	0x7b6c3e	0x7b6c48
0x7b6caf	0x7b6caf	0x7b6cb9
0x7b6ce1	0x7b6ce1	0x7b6ceb
0x7b6cff	0x7b6cff	0x7b6d09
0x7b6d09	0x7b6d09	0x7b6d13
0x7b6d1d	0x7b6d1d	0x7b6d27
0x7b6d27	0x7b6d27	0x7b6d31
0x7b6dfa	0x7b6dfa	0x7b6e04
0x7b6e18	0x7b6e18	0x7b6e22
0x7b6e72	0x7b6e72	0x7b6e7c
0x7b6e7c	0x7b6e7c	0x7b6e86
0x7b6e90	0x7b6e90	0x7b6e9a
0x7b6eae	0x7b6eae	0x7b6eb8
0x7b6ec2	0x7b6ec2	0x7b6ecc
0x7b6ed6	0x7b6ed6	0x7b6ee0
0x7b6eea	0x7b6eea	0x7b6ef4
0x7b6ef4	0x7b6ef4	0x7b6efe
0x7b6f08	0x7b6f08	0x7b6f12
0x7b6f12	0x7b6f12	0x7b6f1c
0x7b6f26	0x7b6f26	0x7b6f27
0x7b6f27	0x7b6f27	0x7b6f28
0x7b6f3c	0x7b6f3c	0x7b6f3d
0x7b6f3d	0x7b6f3d	0x7b6f3e
0x7b6f5c	0x7b6f5c	0x7b6f66
0x7b6f8e	0x7b6f8e	0x7b6f98
0x7b6f98	0x7b6f98	0x7b6fa2
0x7b70e0	0x7b70e0	0x7b70ea
0x7b71aa	0x7b71aa	0x7b71b4
0x7b7253	0x7b7253	0x7b725d
0x7b725d	0x7b725d	0x7b7267
0x7b7556	0x7b7556	0x7b7560
0x7b7588	0x7b7588	0x7b7592
0x7b759c	0x7b759c	0x7b75a6
0x7b75a6	0x7b75a6	0x7b75b0
0x7b75c4	0x7b75c4	0x7b75ce
0x7b7650	0x7b7650	0x7b765a
0x7b765a	0x7b765a	0x7b7664
0x7b7664	0x7b7664	0x7b766e
0x7b766e	0x7b766e	0x7b7678
0x7b7678	0x7b7678	0x7b7682
0x7b7682	0x7b7682	0x7b768c
0x7b768c	0x7b768c	0x7b7696
0x7b7696	0x7b7696	0x7b76a0
0x7b76a0	0x7b76a0	0x7b76aa
0x7b76aa	0x7b76aa	0x7b76b4
0x7b76b4	0x7b76b4	0x7b76be
0x7b76be	0x7b76be	0x7b76c8
0x7b76c8	0x7b76c8	0x7b76d2
0x7b76e6	0x7b76e6	0x7b76f0
0x7b76fa	0x7b76fa	0x7b7704
0x7b7704	0x7b7704	0x7b770e
0x7b7718	0x7b7718	0x7b7722
0x7b7736	0x7b7736	0x7b7740
0x7b7740	0x7b7740	0x7b774a
0x7b775e	0x7b775e	0x7b7768
0x7b7768	0x7b7768	0x7b7772
0x7b7786	0x7b7786	0x7b7790
0x7b7810	0x7b7810	0x7b781a
0x7b782e	0x7b782e	0x7b7838
0x7b789c	0x7b789c	0x7b78a6
0x7b78a6	0x7b78a6	0x7b78b0
0x7b7900	0x7b7900	0x7b790a
0x7b796e	0x7b796e	0x7b7979
0x7b7979	0x7b7979	0x7b7983
0x7b7983	0x7b7983	0x7b798d
0x7b798d	0x7b798d	0x7b7997
0x7b79a1	0x7b79a1	0x7b79ab
0x7b79b5	0x7b79b5	0x7b79bf
0x7b79fb	0x7b79fb	0x7b7a05
0x7b7a05	0x7b7a05	0x7b7a0f
0x7b7a19	0x7b7a19	0x7b7a23
0x7b7a37	0x7b7a37	0x7b7a41
0x7b7a41	0x7b7a41	0x7b7a4b
0x7b7a5f	0x7b7a5f	0x7b7a69
0x7b7a69	0x7b7a69	0x7b7a73
0x7b7aa5	0x7b7aa5	0x7b7aaf
0x7b7bbe	0x7b7bbe	0x7b7bd2
0x7b7c04	0x7b7c04	0x7b7c0e
0x7b7caf	0x7b7caf	0x7b7cb9
0x7b7cc3	0x7b7cc3	0x7b7ccd
0x7b7d27	0x7b7d27	0x7b7d31
0x7b7d31	0x7b7d31	0x7b7d3b
0x7b7d3b	0x7b7d3b	0x7b7d45
0x7b7d45	0x7b7d45	0x7b7d4f
0x7b7d77	0x7b7d77	0x7b7d81
0x7b7d81	0x7b7d81	0x7b7d8b
0x7b7d95	0x7b7d95	0x7b7d9f
0x7b7db3	0x7b7db3	0x7b7dbd
0x7b7dc7	0x7b7dc7	0x7b7dd1
0x7b7dd1	0x7b7dd1	0x7b7de5
0x7b7e3f	0x7b7e3f	0x7b7e49
0x7b7e49	0x7b7e49	0x7b7e53
0x7b7e8f	0x7b7e8f	0x7b7e99
0x7b7e99	0x7b7e99	0x7b7ea3
0x7b7ea3	0x7b7ea3	0x7b7ead
0x7b7ead	0x7b7ead	0x7b7eb7
0x7b7eb7	0x7b7eb7	0x7b7ec1
0x7b7ec1	0x7b7ec1	0x7b7ecb
0x7b7ecb	0x7b7ecb	0x7b7ed5
0x7b7ed5	0x7b7ed5	0x7b7edf
0x7b7edf	0x7b7edf	0x7b7ee9
0x7b7ee9	0x7b7ee9	0x7b7ef3
0x7b7ef3	0x7b7ef3	0x7b7efd
0x7b7efd	0x7b7efd	0x7b7f07
0x7b7f07	0x7b7f07	0x7b7f11
0x7b7f11	0x7b7f11	0x7b7f1b
0x7b7f1b	0x7b7f1b	0x7b7f25
0x7b7f25	0x7b7f25	0x7b7f2f
0x7b7f2f	0x7b7f2f	0x7b7f39
0x7b7f39	0x7b7f39	0x7b7f43
0x7b7f43	0x7b7f43	0x7b7f4d
0x7b7f4d	0x7b7f4d	0x7b7f57
0x7b7f57	0x7b7f57	0x7b7f61
0x7b7f61	0x7b7f61	0x7b7f6b
0x7b7f6b	0x7b7f6b	0x7b7f75
0x7b7f75	0x7b7f75	0x7b7f7f
0x7b7f7f	0x7b7f7f	0x7b7f89
0x7b7f89	0x7b7f89	0x7b7f93
0x7b7f93	0x7b7f93	0x7b7f9d
0x7b7f9d	0x7b7f9d	0x7b7fa7
0x7b7fa7	0x7b7fa7	0x7b7fb1
0x7b7fb1	0x7b7fb1	0x7b7fbb
0x7b7fbb	0x7b7fbb	0x7b7fc5
0x7b7fc5	0x7b7fc5	0x7b7fcf
0x7b7fcf	0x7b7fcf	0x7b7fd9
0x7b7fd9	0x7b7fd9	0x7b7fe3
0x7b7fe3	0x7b7fe3	0x7b7fed
0x7b7fed	0x7b7fed	0x7b7ff7
0x7b7ff7	0x7b7ff7	0x7b8001
0x7b8001	0x7b8001	0x7b800b
0x7b800b	0x7b800b	0x7b8015
0x7b8015	0x7b8015	0x7b801f
0x7b801f	0x7b801f	0x7b8029
0x7b8029	0x7b8029	0x7b8033
0x7b8033	0x7b8033	0x7b803d
0x7b803d	0x7b803d	0x7b8047
0x7b8047	0x7b8047	0x7b8051
0x7b8051	0x7b8051	0x7b805b
0x7b805b	0x7b805b	0x7b805c
0x7b805c	0x7b805c	0x7b805d
0x7b805d	0x7b805d	0x7b805e
0x7b805e	0x7b805e	0x7b805f
0x7b805f	0x7b805f	0x7b8060
0x7b8060	0x7b8060	0x7b8061
0x7b8061	0x7b8061	0x7b8062
0x7b8062	0x7b8062	0x7b8063
0x7b8063	0x7b8063	0x7b8064
0x7b8064	0x7b8064	0x7b8065
0x7b8065	0x7b8065	0x7b8066
0x7b8066	0x7b8066	0x7b8067
0x7b8067	0x7b8067	0x7b8068
0x7b8068	0x7b8068	0x7b8069
0x7b8069	0x7b8069	0x7b806a
0x7b806a	0x7b806a	0x7b806b
0x7b806b	0x7b806b	0x7b806c
0x7b806c	0x7b806c	0x7b806d
0x7b806d	0x7b806d	0x7b806e
0x7b806e	0x7b806e	0x7b806f
0x7b80a1	0x7b80a1	0x7b80ab
0x7b80b5	0x7b80b5	0x7b80bf
0x7b80bf	0x7b80bf	0x7b80c9
0x7b80c9	0x7b80c9	0x7b80d3
0x7b816a	0x7b816a	0x7b816b
0x7b8175	0x7b8175	0x7b817f
0x7b817f	0x7b817f	0x7b8189
0x7b8189	0x7b8189	0x7b8193
0x7b8193	0x7b8193	0x7b819d
0x7b8201	0x7b8201	0x7b820b
0x7b8265	0x7b8265	0x7b826f
0x7b8283	0x7b8283	0x7b828d
0x7b8369	0x7b8369	0x7b8373
0x7b839b	0x7b839b	0x7b83a5
0x7b83a5	0x7b83a5	0x7b83af
0x7b83b9	0x7b83b9	0x7b83c3
0x7b83eb	0x7b83eb	0x7b83f5
0x7b83f5	0x7b83f5	0x7b83ff
0x7b83ff	0x7b83ff	0x7b8409
0x7b8409	0x7b8409	0x7b8413
0x7b8590	0x7b8590	0x7b859a
0x7b85e0	0x7b85e0	0x7b85e1
0x7b85e1	0x7b85e1	0x7b85e2
0x7b85e2	0x7b85e2	0x7b85e3
0x7b89c1	0x7b89c1	0x7b89cb
0x7b8e99	0x7b8e99	0x7b8e9a
0x7b8f08	0x7b8f08	0x7b8f12
0x7b8f12	0x7b8f12	0x7b8f1c
0x7b8f1c	0x7b8f1c	0x7b8f26
0x7b8f44	0x7b8f44	0x7b8f45
0x7b8f6d	0x7b8f6d	0x7b8f77
0x7b8f9f	0x7b8f9f	0x7b8fa9
0x7b8fa9	0x7b8fa9	0x7b8fb3
0x7b8fbd	0x7b8fbd	0x7b8fc7
0x7b9071	0x7b9071	0x7b907b
0x7b9099	0x7b9099	0x7b909a
0x7b9162	0x7b9162	0x7b916c
0x7b916c	0x7b916c	0x7b9176
0x7b91a8	0x7b91a8	0x7b91b2
0x7b91e4	0x7b91e4	0x7b91ee
0x7b91f8	0x7b91f8	0x7b9202
0x7b9202	0x7b9202	0x7b920c
0x7b920c	0x7b920c	0x7b9216
0x7b9216	0x7b9216	0x7b9220
0x7b9248	0x7b9248	0x7b9252
0x7b9252	0x7b9252	0x7b925c
0x7b925c	0x7b925c	0x7b9266
0x7b9266	0x7b9266	0x7b9270
0x7b9270	0x7b9270	0x7b927a
0x7b927a	0x7b927a	0x7b9284
0x7b9298	0x7b9298	0x7b92a2
0x7b92a2	0x7b92a2	0x7b92ac
0x7b92b6	0x7b92b6	0x7b92c0
0x7b92c0	0x7b92c0	0x7b92ca
0x7b93ec	0x7b93ec	0x7b9400
0x7b945a	0x7b945a	0x7b9464
0x7b94aa	0x7b94aa	0x7b94b4
0x7b94b4	0x7b94b4	0x7b94be
0x7b94c8	0x7b94c8	0x7b94d2
0x7b94d2	0x7b94d2	0x7b94dc
0x7b957c	0x7b957c	0x7b9586
0x7b9586	0x7b9586	0x7b9590
0x7b95a4	0x7b95a4	0x7b95ae
0x7b95ea	0x7b95ea	0x7b95f4
0x7b961c	0x7b961c	0x7b9626
0x7b9630	0x7b9630	0x7b963a
0x7b969e	0x7b969e	0x7b96a8
0x7b96f8	0x7b96f8	0x7b9702
0x7b9702	0x7b9702	0x7b970c
0x7b970c	0x7b970c	0x7b9716
0x7b9720	0x7b9720	0x7b972a
0x7b9843	0x7b9843	0x7b984d
0x7b993d	0x7b993d	0x7b9947
0x7b9947	0x7b9947	0x7b9951
0x7b9965	0x7b9965	0x7b996f
0x7b9983	0x7b9983	0x7b998d
0x7b998d	0x7b998d	0x7b9997
0x7b99b5	0x7b99b5	0x7b99bf
0x7b99d3	0x7b99d3	0x7b99dd
0x7b99dd	0x7b99dd	0x7b99e7
0x7b9a05	0x7b9a05	0x7b9a0f
0x7b9a23	0x7b9a23	0x7b9a2d
0x7b9ae0	0x7b9ae0	0x7b9aea
0x7b9c20	0x7b9c20	0x7b9c2a
0x7b9cb2	0x7b9cb2	0x7b9cbc
