# rva	size	name; zero size preserves inferred body ranges
0x11ec	0	boundary_rva_000011ec
0x1750	0	boundary_rva_00001750
0x1eae	0	boundary_rva_00001eae
0x1f64	0	boundary_rva_00001f64
0x25b2	0	boundary_rva_000025b2
0x5422	0	boundary_rva_00005422
0x16bb0	0	boundary_rva_00016bb0
0x16be0	0	boundary_rva_00016be0
0x172d0	0	boundary_rva_000172d0
0x17330	0	boundary_rva_00017330
0x17b30	0	boundary_rva_00017b30
0x19d90	0	boundary_rva_00019d90
0x2f5f4	0	boundary_rva_0002f5f4
0x2f642	0	boundary_rva_0002f642
0x35d10	0	boundary_rva_00035d10
0x35e70	0	boundary_rva_00035e70
0x382f0	0	boundary_rva_000382f0
0x387d0	0	boundary_rva_000387d0
0x3a210	0	boundary_rva_0003a210
0x3b810	0	boundary_rva_0003b810
0x3fd80	0	boundary_rva_0003fd80
0x408c0	0	boundary_rva_000408c0
0x40ef8	0	boundary_rva_00040ef8
0x40f4c	0	boundary_rva_00040f4c
0x41024	0	boundary_rva_00041024
0x41a06	0	boundary_rva_00041a06
0x41a0b	0	boundary_rva_00041a0b
0x41b85	0	boundary_rva_00041b85
0x41d62	0	boundary_rva_00041d62
0x41e65	0	boundary_rva_00041e65
0x41e6a	0	boundary_rva_00041e6a
0x41eb9	0	boundary_rva_00041eb9
0x41ebe	0	boundary_rva_00041ebe
0x41fcf	0	boundary_rva_00041fcf
0x42068	0	boundary_rva_00042068
0x42091	0	boundary_rva_00042091
0x420dc	0	boundary_rva_000420dc
0x421d5	0	boundary_rva_000421d5
0x43f94	0	boundary_rva_00043f94
0x441f7	0	boundary_rva_000441f7
0x44360	0	boundary_rva_00044360
0x4450e	0	boundary_rva_0004450e
0x4455a	0	boundary_rva_0004455a
0x4481a	0	boundary_rva_0004481a
0x448b9	0	boundary_rva_000448b9
0x448c4	0	boundary_rva_000448c4
0x44fd5	0	boundary_rva_00044fd5
0x45086	0	boundary_rva_00045086
0x450a3	0	boundary_rva_000450a3
0x450ce	0	boundary_rva_000450ce
0x4538c	0	boundary_rva_0004538c
0x453d6	0	boundary_rva_000453d6
0x466fa	0	boundary_rva_000466fa
0x46734	0	boundary_rva_00046734
0x46791	0	boundary_rva_00046791
0x49f2b	0	boundary_rva_00049f2b
0x49f35	0	boundary_rva_00049f35
0x49f4f	0	boundary_rva_00049f4f
0x4c45d	0	boundary_rva_0004c45d
0x4c6c6	0	boundary_rva_0004c6c6
0x4c755	0	boundary_rva_0004c755
0x4c75a	0	boundary_rva_0004c75a
0x4c75f	0	boundary_rva_0004c75f
0x4c7a8	0	boundary_rva_0004c7a8
0x4c912	0	boundary_rva_0004c912
0x4ce2e	0	boundary_rva_0004ce2e
0x4e3a1	0	boundary_rva_0004e3a1
0x4e3a6	0	boundary_rva_0004e3a6
0x4e3b2	0	boundary_rva_0004e3b2
0x4f7f4	0	boundary_rva_0004f7f4
0x4fa17	0	boundary_rva_0004fa17
0x500e5	0	boundary_rva_000500e5
0x51155	0	boundary_rva_00051155
0x51173	0	boundary_rva_00051173
0x512bc	0	boundary_rva_000512bc
0x514bb	0	boundary_rva_000514bb
0x515b3	0	boundary_rva_000515b3
0x5164f	0	boundary_rva_0005164f
0x5181b	0	boundary_rva_0005181b
0x51840	0	boundary_rva_00051840
0x5185e	0	boundary_rva_0005185e
0x518a4	0	boundary_rva_000518a4
0x51a46	0	boundary_rva_00051a46
0x51c9a	0	boundary_rva_00051c9a
0x51ca2	0	boundary_rva_00051ca2
0x51d57	0	boundary_rva_00051d57
0x51dee	0	boundary_rva_00051dee
0x51e4d	0	boundary_rva_00051e4d
0x527e2	0	boundary_rva_000527e2
0x531f6	0	boundary_rva_000531f6
0x53281	0	boundary_rva_00053281
0x5329c	0	boundary_rva_0005329c
0x533cb	0	boundary_rva_000533cb
0x56acb	0	boundary_rva_00056acb
0x579de	0	boundary_rva_000579de
0x581f0	0	boundary_rva_000581f0
0x5925e	0	boundary_rva_0005925e
0x5bd20	0	boundary_rva_0005bd20
0x5bd28	0	boundary_rva_0005bd28
0x5d41d	0	boundary_rva_0005d41d
0x5dabb	0	boundary_rva_0005dabb
0x5dacf	0	boundary_rva_0005dacf
0x5dae6	0	boundary_rva_0005dae6
0x62972	0	boundary_rva_00062972
0x62977	0	boundary_rva_00062977
0x62a1c	0	boundary_rva_00062a1c
0x62a29	0	boundary_rva_00062a29
0x62aca	0	boundary_rva_00062aca
0x62aec	0	boundary_rva_00062aec
0x62b75	0	boundary_rva_00062b75
0x62b97	0	boundary_rva_00062b97
0x62b9c	0	boundary_rva_00062b9c
0x62c45	0	boundary_rva_00062c45
0x62d94	0	boundary_rva_00062d94
0x62db3	0	boundary_rva_00062db3
0x62dd2	0	boundary_rva_00062dd2
0x62df1	0	boundary_rva_00062df1
0x62e10	0	boundary_rva_00062e10
0x62e4a	0	boundary_rva_00062e4a
0x62e4f	0	boundary_rva_00062e4f
0x62e6a	0	boundary_rva_00062e6a
0x62ef8	0	boundary_rva_00062ef8
0x62f64	0	boundary_rva_00062f64
0x62fff	0	boundary_rva_00062fff
0x6341b	0	boundary_rva_0006341b
0x63672	0	boundary_rva_00063672
0x6367d	0	boundary_rva_0006367d
0x63688	0	boundary_rva_00063688
0x636a8	0	boundary_rva_000636a8
0x63a1d	0	boundary_rva_00063a1d
0x63c33	0	boundary_rva_00063c33
0x64801	0	boundary_rva_00064801
0x665b0	0	boundary_rva_000665b0
0x6692c	0	boundary_rva_0006692c
0x6820f	0	boundary_rva_0006820f
0x69bcc	0	boundary_rva_00069bcc
0x6bf62	0	boundary_rva_0006bf62
0x6ce95	0	boundary_rva_0006ce95
0x6cebf	0	boundary_rva_0006cebf
0x6cecd	0	boundary_rva_0006cecd
0x6ceee	0	boundary_rva_0006ceee
0x6cf0c	0	boundary_rva_0006cf0c
0x6cf2c	0	boundary_rva_0006cf2c
0x6cf52	0	boundary_rva_0006cf52
0x6cf6f	0	boundary_rva_0006cf6f
0x6cfa9	0	boundary_rva_0006cfa9
0x6cfc6	0	boundary_rva_0006cfc6
0x6cfe3	0	boundary_rva_0006cfe3
0x6d000	0	boundary_rva_0006d000
0x6d05a	0	boundary_rva_0006d05a
0x6d062	0	boundary_rva_0006d062
0x6d5a7	0	boundary_rva_0006d5a7
0x6dd63	0	boundary_rva_0006dd63
0x6dd67	0	boundary_rva_0006dd67
0x6ed55	0	boundary_rva_0006ed55
0x6ee06	0	boundary_rva_0006ee06
0x6ee22	0	boundary_rva_0006ee22
0x6ee46	0	boundary_rva_0006ee46
0x6f02e	0	boundary_rva_0006f02e
0x6f796	0	boundary_rva_0006f796
0x723c7	0	boundary_rva_000723c7
0x724a0	0	boundary_rva_000724a0
0x72559	0	boundary_rva_00072559
0x72566	0	boundary_rva_00072566
0x72723	0	boundary_rva_00072723
0x72740	0	boundary_rva_00072740
0x7274b	0	boundary_rva_0007274b
0x72760	0	boundary_rva_00072760
0x72899	0	boundary_rva_00072899
0x729eb	0	boundary_rva_000729eb
0x72a08	0	boundary_rva_00072a08
0x72a19	0	boundary_rva_00072a19
0x72a28	0	boundary_rva_00072a28
0x72a37	0	boundary_rva_00072a37
0x72a44	0	boundary_rva_00072a44
0x72a51	0	boundary_rva_00072a51
0x72ade	0	boundary_rva_00072ade
0x72f49	0	boundary_rva_00072f49
0x72f64	0	boundary_rva_00072f64
0x74626	0	boundary_rva_00074626
0x78257	0	boundary_rva_00078257
0x7827b	0	boundary_rva_0007827b
0x782f0	0	boundary_rva_000782f0
0x7831c	0	boundary_rva_0007831c
0x7832f	0	boundary_rva_0007832f
0x78363	0	boundary_rva_00078363
0x783f8	0	boundary_rva_000783f8
0x78ac6	0	boundary_rva_00078ac6
0x78adb	0	boundary_rva_00078adb
0x791dd	0	boundary_rva_000791dd
0x791e5	0	boundary_rva_000791e5
0x7c3f8	0	boundary_rva_0007c3f8
0x7c3fc	0	boundary_rva_0007c3fc
0x7dff2	0	boundary_rva_0007dff2
0x7e0a2	0	boundary_rva_0007e0a2
0x7e103	0	boundary_rva_0007e103
0x7e5ee	0	boundary_rva_0007e5ee
0x7e7e2	0	boundary_rva_0007e7e2
0x7e865	0	boundary_rva_0007e865
0x800d6	0	boundary_rva_000800d6
0x800fa	0	boundary_rva_000800fa
0x80131	0	boundary_rva_00080131
0x80168	0	boundary_rva_00080168
0x80637	0	boundary_rva_00080637
0x80664	0	boundary_rva_00080664
0x822fd	0	boundary_rva_000822fd
0x82305	0	boundary_rva_00082305
0x82e12	0	boundary_rva_00082e12
0x851a6	0	boundary_rva_000851a6
0x851b7	0	boundary_rva_000851b7
0x851cd	0	boundary_rva_000851cd
0x851e2	0	boundary_rva_000851e2
0x85241	0	boundary_rva_00085241
0x858e4	0	boundary_rva_000858e4
0x85b36	0	boundary_rva_00085b36
0x85ec7	0	boundary_rva_00085ec7
0x85f2c	0	boundary_rva_00085f2c
0x8605a	0	boundary_rva_0008605a
0x86065	0	boundary_rva_00086065
0x86093	0	boundary_rva_00086093
0x8615b	0	boundary_rva_0008615b
0x86166	0	boundary_rva_00086166
0x86191	0	boundary_rva_00086191
0x86702	0	boundary_rva_00086702
0x8690a	0	boundary_rva_0008690a
0x86a1e	0	boundary_rva_00086a1e
0x86a82	0	boundary_rva_00086a82
0x875a2	0	boundary_rva_000875a2
0x875d6	0	boundary_rva_000875d6
0x875f2	0	boundary_rva_000875f2
0x87952	0	boundary_rva_00087952
0x87da0	0	boundary_rva_00087da0
0x88d05	0	boundary_rva_00088d05
0x88eb4	0	boundary_rva_00088eb4
0x88ff6	0	boundary_rva_00088ff6
0x8907a	0	boundary_rva_0008907a
0x8ad96	0	boundary_rva_0008ad96
0x8bb27	0	boundary_rva_0008bb27
0x8bb3c	0	boundary_rva_0008bb3c
0x8bb4a	0	boundary_rva_0008bb4a
0x8bb5c	0	boundary_rva_0008bb5c
0x8bb6f	0	boundary_rva_0008bb6f
0x8bb85	0	boundary_rva_0008bb85
0x8bb93	0	boundary_rva_0008bb93
0x8bba1	0	boundary_rva_0008bba1
0x8bbb8	0	boundary_rva_0008bbb8
0x8bbc7	0	boundary_rva_0008bbc7
0x8bbe0	0	boundary_rva_0008bbe0
0x8bbf6	0	boundary_rva_0008bbf6
0x8bc2b	0	boundary_rva_0008bc2b
0x8bc3e	0	boundary_rva_0008bc3e
0x8bc6b	0	boundary_rva_0008bc6b
0x8bc7c	0	boundary_rva_0008bc7c
0x8bd2b	0	boundary_rva_0008bd2b
0x8bd43	0	boundary_rva_0008bd43
0x8bd4e	0	boundary_rva_0008bd4e
0x8bd59	0	boundary_rva_0008bd59
0x8d134	0	boundary_rva_0008d134
0x8d139	0	boundary_rva_0008d139
0x8d1dd	0	boundary_rva_0008d1dd
0x8d218	0	boundary_rva_0008d218
0x8d2b8	0	boundary_rva_0008d2b8
0x8d3c1	0	boundary_rva_0008d3c1
0x8d55d	0	boundary_rva_0008d55d
0x8dae4	0	boundary_rva_0008dae4
0x8db18	0	boundary_rva_0008db18
0x8de53	0	boundary_rva_0008de53
0x8de7a	0	boundary_rva_0008de7a
0x8e52b	0	boundary_rva_0008e52b
0x8e5f4	0	boundary_rva_0008e5f4
0x8ef81	0	boundary_rva_0008ef81
0x8efd8	0	boundary_rva_0008efd8
0x8f0bb	0	boundary_rva_0008f0bb
0x8f0c0	0	boundary_rva_0008f0c0
0x8f0c5	0	boundary_rva_0008f0c5
0x8f179	0	boundary_rva_0008f179
0x8f371	0	boundary_rva_0008f371
0x8fc63	0	boundary_rva_0008fc63
0x8fcae	0	boundary_rva_0008fcae
0x8fce3	0	boundary_rva_0008fce3
0x8fd0e	0	boundary_rva_0008fd0e
0x8fd3d	0	boundary_rva_0008fd3d
0x8fd68	0	boundary_rva_0008fd68
0x8fd97	0	boundary_rva_0008fd97
0x8fe84	0	boundary_rva_0008fe84
0x8feaf	0	boundary_rva_0008feaf
0x8fede	0	boundary_rva_0008fede
0x8ff0d	0	boundary_rva_0008ff0d
0x8ff56	0	boundary_rva_0008ff56
0x8ffe0	0	boundary_rva_0008ffe0
0x900e3	0	boundary_rva_000900e3
0x90109	0	boundary_rva_00090109
0x90125	0	boundary_rva_00090125
0x90417	0	boundary_rva_00090417
0x90430	0	boundary_rva_00090430
0x906de	0	boundary_rva_000906de
0x907b7	0	boundary_rva_000907b7
0x907bc	0	boundary_rva_000907bc
0x90838	0	boundary_rva_00090838
0x909b7	0	boundary_rva_000909b7
0x90f72	0	boundary_rva_00090f72
0x90f7d	0	boundary_rva_00090f7d
0x910c7	0	boundary_rva_000910c7
0x910e1	0	boundary_rva_000910e1
0x910ee	0	boundary_rva_000910ee
0x910fb	0	boundary_rva_000910fb
0x9116f	0	boundary_rva_0009116f
0x91d32	0	boundary_rva_00091d32
0x91d3d	0	boundary_rva_00091d3d
0x91db2	0	boundary_rva_00091db2
0x91de3	0	boundary_rva_00091de3
0x91dfb	0	boundary_rva_00091dfb
0x91e0a	0	boundary_rva_00091e0a
0x91e19	0	boundary_rva_00091e19
0x91e38	0	boundary_rva_00091e38
0x91e45	0	boundary_rva_00091e45
0x91e64	0	boundary_rva_00091e64
0x91edd	0	boundary_rva_00091edd
0x91eec	0	boundary_rva_00091eec
0x91f2a	0	boundary_rva_00091f2a
0x91f3b	0	boundary_rva_00091f3b
0x91f51	0	boundary_rva_00091f51
0x91f62	0	boundary_rva_00091f62
0x91f73	0	boundary_rva_00091f73
0x91f84	0	boundary_rva_00091f84
0x91f95	0	boundary_rva_00091f95
0x91fab	0	boundary_rva_00091fab
0x92014	0	boundary_rva_00092014
0x92032	0	boundary_rva_00092032
0x92832	0	boundary_rva_00092832
0x94c58	0	boundary_rva_00094c58
0x94c70	0	boundary_rva_00094c70
0x94ca9	0	boundary_rva_00094ca9
0x94cea	0	boundary_rva_00094cea
0x94da8	0	boundary_rva_00094da8
0x9520c	0	boundary_rva_0009520c
0x95343	0	boundary_rva_00095343
0x98560	0	boundary_rva_00098560
0x9862e	0	boundary_rva_0009862e
0x98bc3	0	boundary_rva_00098bc3
0x98bc8	0	boundary_rva_00098bc8
0x99109	0	boundary_rva_00099109
0x9aa01	0	boundary_rva_0009aa01
0x9ac2f	0	boundary_rva_0009ac2f
0x9ac4e	0	boundary_rva_0009ac4e
0x9ac77	0	boundary_rva_0009ac77
0x9aca7	0	boundary_rva_0009aca7
0x9ad06	0	boundary_rva_0009ad06
0x9ad24	0	boundary_rva_0009ad24
0x9ad42	0	boundary_rva_0009ad42
0x9ad4d	0	boundary_rva_0009ad4d
0x9ad78	0	boundary_rva_0009ad78
0x9af90	0	boundary_rva_0009af90
0x9afa5	0	boundary_rva_0009afa5
0x9afce	0	boundary_rva_0009afce
0x9b023	0	boundary_rva_0009b023
0x9b0ab	0	boundary_rva_0009b0ab
0x9c144	0	boundary_rva_0009c144
0x9dde6	0	boundary_rva_0009dde6
0x9df9a	0	boundary_rva_0009df9a
0x9fd78	0	boundary_rva_0009fd78
0x9fd8d	0	boundary_rva_0009fd8d
0x9fda5	0	boundary_rva_0009fda5
0xa086d	0	boundary_rva_000a086d
0xa087f	0	boundary_rva_000a087f
0xa08a9	0	boundary_rva_000a08a9
0xa08c1	0	boundary_rva_000a08c1
0xa0c42	0	boundary_rva_000a0c42
0xa0c54	0	boundary_rva_000a0c54
0xa0cff	0	boundary_rva_000a0cff
0xa0d22	0	boundary_rva_000a0d22
0xa12e6	0	boundary_rva_000a12e6
0xa12f8	0	boundary_rva_000a12f8
0xa1316	0	boundary_rva_000a1316
0xa132e	0	boundary_rva_000a132e
0xa15ec	0	boundary_rva_000a15ec
0xa1616	0	boundary_rva_000a1616
0xa162e	0	boundary_rva_000a162e
0xa1cfb	0	boundary_rva_000a1cfb
0xa1d0d	0	boundary_rva_000a1d0d
0xa214f	0	boundary_rva_000a214f
0xa2167	0	boundary_rva_000a2167
0xa260a	0	boundary_rva_000a260a
0xa261c	0	boundary_rva_000a261c
0xa26af	0	boundary_rva_000a26af
0xa26df	0	boundary_rva_000a26df
0xa3131	0	boundary_rva_000a3131
0xa3143	0	boundary_rva_000a3143
0xa331f	0	boundary_rva_000a331f
0xa3337	0	boundary_rva_000a3337
0xa3da8	0	boundary_rva_000a3da8
0xa3dba	0	boundary_rva_000a3dba
0xa3dfb	0	boundary_rva_000a3dfb
0xa3e13	0	boundary_rva_000a3e13
0xa4328	0	boundary_rva_000a4328
0xa433a	0	boundary_rva_000a433a
0xa4374	0	boundary_rva_000a4374
0xa438c	0	boundary_rva_000a438c
0xa4783	0	boundary_rva_000a4783
0xa4795	0	boundary_rva_000a4795
0xa492e	0	boundary_rva_000a492e
0xa4946	0	boundary_rva_000a4946
0xa495e	0	boundary_rva_000a495e
0xa4981	0	boundary_rva_000a4981
0xa6007	0	boundary_rva_000a6007
0xa6097	0	boundary_rva_000a6097
0xa6130	0	boundary_rva_000a6130
0xa8e9c	0	boundary_rva_000a8e9c
0xa8ec9	0	boundary_rva_000a8ec9
0xa8ef6	0	boundary_rva_000a8ef6
0xa91d3	0	boundary_rva_000a91d3
0xa91d8	0	boundary_rva_000a91d8
0xa91f1	0	boundary_rva_000a91f1
0xa91fd	0	boundary_rva_000a91fd
0xa923e	0	boundary_rva_000a923e
0xa98dc	0	boundary_rva_000a98dc
0xa994c	0	boundary_rva_000a994c
0xaa87e	0	boundary_rva_000aa87e
0xaa8ae	0	boundary_rva_000aa8ae
0xaa8c3	0	boundary_rva_000aa8c3
0xab469	0	boundary_rva_000ab469
0xabd68	0	boundary_rva_000abd68
0xad770	0	boundary_rva_000ad770
0xaf012	0	boundary_rva_000af012
0xb197c	0	boundary_rva_000b197c
0xb23d8	0	boundary_rva_000b23d8
0xb2d5e	0	boundary_rva_000b2d5e
0xb2d93	0	boundary_rva_000b2d93
0xb2dbb	0	boundary_rva_000b2dbb
0xb2de3	0	boundary_rva_000b2de3
0xb2e29	0	boundary_rva_000b2e29
0xb3133	0	boundary_rva_000b3133
0xb314b	0	boundary_rva_000b314b
0xb316b	0	boundary_rva_000b316b
0xb318d	0	boundary_rva_000b318d
0xb3198	0	boundary_rva_000b3198
0xb31b9	0	boundary_rva_000b31b9
0xb3266	0	boundary_rva_000b3266
0xb32c2	0	boundary_rva_000b32c2
0xb32d7	0	boundary_rva_000b32d7
0xb32ef	0	boundary_rva_000b32ef
0xb330c	0	boundary_rva_000b330c
0xb333d	0	boundary_rva_000b333d
0xb373d	0	boundary_rva_000b373d
0xb3779	0	boundary_rva_000b3779
0xb377e	0	boundary_rva_000b377e
0xb37f0	0	boundary_rva_000b37f0
0xb3a80	0	boundary_rva_000b3a80
0xb5766	0	boundary_rva_000b5766
0xb5fb3	0	boundary_rva_000b5fb3
0xb5fbe	0	boundary_rva_000b5fbe
0xb5fd5	0	boundary_rva_000b5fd5
0xb694c	0	boundary_rva_000b694c
0xb6e9e	0	boundary_rva_000b6e9e
0xb6ebe	0	boundary_rva_000b6ebe
0xb7c18	0	boundary_rva_000b7c18
0xb82c2	0	boundary_rva_000b82c2
0xb901d	0	boundary_rva_000b901d
0xbbf55	0	boundary_rva_000bbf55
0xbc057	0	boundary_rva_000bc057
0xbd691	0	boundary_rva_000bd691
0xbd6a8	0	boundary_rva_000bd6a8
0xbf953	0	boundary_rva_000bf953
0xbfb76	0	boundary_rva_000bfb76
0xc199d	0	boundary_rva_000c199d
0xc2ca4	0	boundary_rva_000c2ca4
0xc4b61	0	boundary_rva_000c4b61
0xc4b8a	0	boundary_rva_000c4b8a
0xc9353	0	boundary_rva_000c9353
0xca132	0	boundary_rva_000ca132
0xcc781	0	boundary_rva_000cc781
0xcc7a1	0	boundary_rva_000cc7a1
0xce129	0	boundary_rva_000ce129
0xce3de	0	boundary_rva_000ce3de
0xceb7a	0	boundary_rva_000ceb7a
0xcf370	0	boundary_rva_000cf370
0xcf3ba	0	boundary_rva_000cf3ba
0xcf4ae	0	boundary_rva_000cf4ae
0xcf4c2	0	boundary_rva_000cf4c2
0xcfa99	0	boundary_rva_000cfa99
0xd0459	0	boundary_rva_000d0459
0xd0461	0	boundary_rva_000d0461
0xd3945	0	boundary_rva_000d3945
0xd3991	0	boundary_rva_000d3991
0xd4f2f	0	boundary_rva_000d4f2f
0xdd97f	0	boundary_rva_000dd97f
0xe1185	0	boundary_rva_000e1185
0xe1271	0	boundary_rva_000e1271
0xe132c	0	boundary_rva_000e132c
0xe13a7	0	boundary_rva_000e13a7
0xe1657	0	boundary_rva_000e1657
0xe188f	0	boundary_rva_000e188f
0xe1933	0	boundary_rva_000e1933
0xe3bd9	0	boundary_rva_000e3bd9
0xe3be1	0	boundary_rva_000e3be1
0xe4886	0	boundary_rva_000e4886
0xe6878	0	boundary_rva_000e6878
0xe68c5	0	boundary_rva_000e68c5
0xe7529	0	boundary_rva_000e7529
0xeaf80	0	boundary_rva_000eaf80
0xef7b8	0	boundary_rva_000ef7b8
0xef961	0	boundary_rva_000ef961
0xef9d6	0	boundary_rva_000ef9d6
0xefa0e	0	boundary_rva_000efa0e
0xefd4b	0	boundary_rva_000efd4b
0xf0a75	0	boundary_rva_000f0a75
0xf168b	0	boundary_rva_000f168b
0xf1c0d	0	boundary_rva_000f1c0d
0xf1ca1	0	boundary_rva_000f1ca1
0xf1eba	0	boundary_rva_000f1eba
0xf1ec2	0	boundary_rva_000f1ec2
0xf42f7	0	boundary_rva_000f42f7
0xf5ad4	0	boundary_rva_000f5ad4
0xf5b5f	0	boundary_rva_000f5b5f
0xf6329	0	boundary_rva_000f6329
0xf6335	0	boundary_rva_000f6335
0xf63fb	0	boundary_rva_000f63fb
0xf6425	0	boundary_rva_000f6425
0xf6476	0	boundary_rva_000f6476
0xf6499	0	boundary_rva_000f6499
0xf6544	0	boundary_rva_000f6544
0xf6d4f	0	boundary_rva_000f6d4f
0xf8348	0	boundary_rva_000f8348
0xf839b	0	boundary_rva_000f839b
0xf8735	0	boundary_rva_000f8735
0xfa83b	0	boundary_rva_000fa83b
0xfb0bc	0	boundary_rva_000fb0bc
0xfb10b	0	boundary_rva_000fb10b
0xfb2c1	0	boundary_rva_000fb2c1
0xfb85d	0	boundary_rva_000fb85d
0xfb86c	0	boundary_rva_000fb86c
0xfb87b	0	boundary_rva_000fb87b
0xfb8b6	0	boundary_rva_000fb8b6
0xfba0f	0	boundary_rva_000fba0f
0xfba20	0	boundary_rva_000fba20
0xfba57	0	boundary_rva_000fba57
0xfc04c	0	boundary_rva_000fc04c
0xfc5aa	0	boundary_rva_000fc5aa
0xfc5b7	0	boundary_rva_000fc5b7
0xfc8b4	0	boundary_rva_000fc8b4
0xfc91c	0	boundary_rva_000fc91c
0xfc946	0	boundary_rva_000fc946
0xfc95e	0	boundary_rva_000fc95e
0xfcf54	0	boundary_rva_000fcf54
0xfd4a5	0	boundary_rva_000fd4a5
0xfd4e1	0	boundary_rva_000fd4e1
0xfd551	0	boundary_rva_000fd551
0xfd58a	0	boundary_rva_000fd58a
0xfd5b7	0	boundary_rva_000fd5b7
0xfdcf1	0	boundary_rva_000fdcf1
0xfddb8	0	boundary_rva_000fddb8
0x1017e7	0	boundary_rva_001017e7
0x101cb0	0	boundary_rva_00101cb0
0x101cbe	0	boundary_rva_00101cbe
0x101ccc	0	boundary_rva_00101ccc
0x101ce8	0	boundary_rva_00101ce8
0x1040e7	0	boundary_rva_001040e7
0x1040ec	0	boundary_rva_001040ec
0x1042c7	0	boundary_rva_001042c7
0x104d7a	0	boundary_rva_00104d7a
0x104de6	0	boundary_rva_00104de6
0x104e45	0	boundary_rva_00104e45
0x104e68	0	boundary_rva_00104e68
0x105dc0	0	boundary_rva_00105dc0
0x105e05	0	boundary_rva_00105e05
0x105e35	0	boundary_rva_00105e35
0x105e65	0	boundary_rva_00105e65
0x105e79	0	boundary_rva_00105e79
0x105f6e	0	boundary_rva_00105f6e
0x105f94	0	boundary_rva_00105f94
0x105fe4	0	boundary_rva_00105fe4
0x106036	0	boundary_rva_00106036
0x106153	0	boundary_rva_00106153
0x1066b3	0	boundary_rva_001066b3
0x10713a	0	boundary_rva_0010713a
0x1074c8	0	boundary_rva_001074c8
0x108475	0	boundary_rva_00108475
0x108790	0	boundary_rva_00108790
0x108d0f	0	boundary_rva_00108d0f
0x1091a8	0	boundary_rva_001091a8
0x109643	0	boundary_rva_00109643
0x109da6	0	boundary_rva_00109da6
0x10bb04	0	boundary_rva_0010bb04
0x10c065	0	boundary_rva_0010c065
0x112dbe	0	boundary_rva_00112dbe
0x1164b6	0	boundary_rva_001164b6
0x125ce0	0	boundary_rva_00125ce0
0x129950	0	boundary_rva_00129950
0x12a550	0	boundary_rva_0012a550
0x12d780	0	boundary_rva_0012d780
0x130f40	0	boundary_rva_00130f40
0x130f70	0	boundary_rva_00130f70
0x130fa0	0	boundary_rva_00130fa0
0x131c40	0	boundary_rva_00131c40
0x131c63	0	boundary_rva_00131c63
0x131ca5	0	boundary_rva_00131ca5
0x131cd3	0	boundary_rva_00131cd3
0x131cdb	0	boundary_rva_00131cdb
0x131cf2	0	boundary_rva_00131cf2
0x131d54	0	boundary_rva_00131d54
0x1326ea	0	boundary_rva_001326ea
0x133ee0	0	boundary_rva_00133ee0
0x135e60	0	boundary_rva_00135e60
0x13676d	0	boundary_rva_0013676d
0x13bac0	0	boundary_rva_0013bac0
0x13bd70	0	boundary_rva_0013bd70
0x13bef0	0	boundary_rva_0013bef0
0x13c3b0	0	boundary_rva_0013c3b0
0x13c600	0	boundary_rva_0013c600
0x13c660	0	boundary_rva_0013c660
0x13c6d0	0	boundary_rva_0013c6d0
0x13d2b0	0	boundary_rva_0013d2b0
0x13efa0	0	boundary_rva_0013efa0
0x140c00	0	boundary_rva_00140c00
0x140cc0	0	boundary_rva_00140cc0
0x140e90	0	boundary_rva_00140e90
0x141830	0	boundary_rva_00141830
0x141ca0	0	boundary_rva_00141ca0
0x1428e0	0	boundary_rva_001428e0
0x1428f0	0	boundary_rva_001428f0
0x143a20	0	boundary_rva_00143a20
0x143c20	0	boundary_rva_00143c20
0x1460b0	0	boundary_rva_001460b0
0x149940	0	boundary_rva_00149940
0x149950	0	boundary_rva_00149950
0x149980	0	boundary_rva_00149980
0x149a50	0	boundary_rva_00149a50
0x149a70	0	boundary_rva_00149a70
0x14a070	0	boundary_rva_0014a070
0x14a140	0	boundary_rva_0014a140
0x14a630	0	boundary_rva_0014a630
0x14b240	0	boundary_rva_0014b240
0x14b5e0	0	boundary_rva_0014b5e0
0x14cdbb	0	boundary_rva_0014cdbb
0x14dfe5	0	boundary_rva_0014dfe5
0x14f00a	0	boundary_rva_0014f00a
0x15140a	0	boundary_rva_0015140a
0x151415	0	boundary_rva_00151415
0x1518b2	0	boundary_rva_001518b2
0x151cee	0	boundary_rva_00151cee
0x151d5f	0	boundary_rva_00151d5f
0x151d85	0	boundary_rva_00151d85
0x1524be	0	boundary_rva_001524be
0x1566e0	0	boundary_rva_001566e0
0x1567d0	0	boundary_rva_001567d0
0x157b50	0	boundary_rva_00157b50
0x15e750	0	boundary_rva_0015e750
0x1673c0	0	boundary_rva_001673c0
0x16814c	0	boundary_rva_0016814c
0x1684b2	0	boundary_rva_001684b2
0x169ff0	0	boundary_rva_00169ff0
0x172930	0	boundary_rva_00172930
0x175e50	0	boundary_rva_00175e50
0x176940	0	boundary_rva_00176940
0x1769b0	0	boundary_rva_001769b0
0x17ece0	0	boundary_rva_0017ece0
0x17fafb	0	boundary_rva_0017fafb
0x17fec1	0	boundary_rva_0017fec1
0x17fef0	0	boundary_rva_0017fef0
0x18036c	0	boundary_rva_0018036c
0x18077e	0	boundary_rva_0018077e
0x180794	0	boundary_rva_00180794
0x180aa6	0	boundary_rva_00180aa6
0x180fe0	0	boundary_rva_00180fe0
0x181010	0	boundary_rva_00181010
0x1811a0	0	boundary_rva_001811a0
0x182150	0	boundary_rva_00182150
0x183740	0	boundary_rva_00183740
0x1849a0	0	boundary_rva_001849a0
0x184ad0	0	boundary_rva_00184ad0
0x184fd0	0	boundary_rva_00184fd0
0x1854e0	0	boundary_rva_001854e0
0x185980	0	boundary_rva_00185980
0x185e80	0	boundary_rva_00185e80
0x186f10	0	boundary_rva_00186f10
0x187690	0	boundary_rva_00187690
0x187850	0	boundary_rva_00187850
0x187ad0	0	boundary_rva_00187ad0
0x188170	0	boundary_rva_00188170
0x18ba10	0	boundary_rva_0018ba10
0x18d1b0	0	boundary_rva_0018d1b0
0x18d540	0	boundary_rva_0018d540
0x18e570	0	boundary_rva_0018e570
0x18e6b0	0	boundary_rva_0018e6b0
0x18e6f0	0	boundary_rva_0018e6f0
0x18e730	0	boundary_rva_0018e730
0x18e740	0	boundary_rva_0018e740
0x18f640	0	boundary_rva_0018f640
0x18faa0	0	boundary_rva_0018faa0
0x190610	0	boundary_rva_00190610
0x190c60	0	boundary_rva_00190c60
0x191120	0	boundary_rva_00191120
0x196b40	0	boundary_rva_00196b40
0x1977a0	0	boundary_rva_001977a0
0x19b6f0	0	boundary_rva_0019b6f0
0x19b9c0	0	boundary_rva_0019b9c0
0x19ba20	0	boundary_rva_0019ba20
0x19ba70	0	boundary_rva_0019ba70
0x19ebf0	0	boundary_rva_0019ebf0
0x19f030	0	boundary_rva_0019f030
0x1a0560	0	boundary_rva_001a0560
0x1a1450	0	boundary_rva_001a1450
0x1a14b0	0	boundary_rva_001a14b0
0x1a14e0	0	boundary_rva_001a14e0
0x1a1500	0	boundary_rva_001a1500
0x1a1860	0	boundary_rva_001a1860
0x1a22c0	0	boundary_rva_001a22c0
0x1a2660	0	boundary_rva_001a2660
0x1a3190	0	boundary_rva_001a3190
0x1a3350	0	boundary_rva_001a3350
0x1a3460	0	boundary_rva_001a3460
0x1a3880	0	boundary_rva_001a3880
0x1a3960	0	boundary_rva_001a3960
0x1a4697	0	boundary_rva_001a4697
0x1a4ec0	0	boundary_rva_001a4ec0
0x1a4ee0	0	boundary_rva_001a4ee0
0x1a54b0	0	boundary_rva_001a54b0
0x1a5e70	0	boundary_rva_001a5e70
0x1a5eb0	0	boundary_rva_001a5eb0
0x1a5f00	0	boundary_rva_001a5f00
0x1a5f50	0	boundary_rva_001a5f50
0x1a5fb0	0	boundary_rva_001a5fb0
0x1a6000	0	boundary_rva_001a6000
0x1a6060	0	boundary_rva_001a6060
0x1a60c0	0	boundary_rva_001a60c0
0x1a6140	0	boundary_rva_001a6140
0x1a61a0	0	boundary_rva_001a61a0
0x1a8540	0	boundary_rva_001a8540
0x1b21d3	0	boundary_rva_001b21d3
0x1b21de	0	boundary_rva_001b21de
0x1b21f7	0	boundary_rva_001b21f7
0x1b2eea	0	boundary_rva_001b2eea
0x1b4cd0	0	boundary_rva_001b4cd0
0x1b69c0	0	boundary_rva_001b69c0
0x1b7aa0	0	boundary_rva_001b7aa0
0x1b7d60	0	boundary_rva_001b7d60
0x1b7f30	0	boundary_rva_001b7f30
0x1b8560	0	boundary_rva_001b8560
0x1b8b70	0	boundary_rva_001b8b70
0x1b9c10	0	boundary_rva_001b9c10
0x1bd670	0	boundary_rva_001bd670
0x1bd980	0	boundary_rva_001bd980
0x1be770	0	boundary_rva_001be770
0x1bf090	0	boundary_rva_001bf090
0x1c1ad0	0	boundary_rva_001c1ad0
0x1c22c0	0	boundary_rva_001c22c0
0x1c7680	0	boundary_rva_001c7680
0x1c8a30	0	boundary_rva_001c8a30
0x1cb090	0	boundary_rva_001cb090
0x1cde70	0	boundary_rva_001cde70
0x1d1330	0	boundary_rva_001d1330
0x1d35e0	0	boundary_rva_001d35e0
0x1d3f30	0	boundary_rva_001d3f30
0x1d4650	0	boundary_rva_001d4650
0x1d4d50	0	boundary_rva_001d4d50
0x1d56f0	0	boundary_rva_001d56f0
0x1d5790	0	boundary_rva_001d5790
0x1d5c60	0	boundary_rva_001d5c60
0x1d6190	0	boundary_rva_001d6190
0x1d6660	0	boundary_rva_001d6660
0x1d7330	0	boundary_rva_001d7330
0x1d7620	0	boundary_rva_001d7620
0x1d80c0	0	boundary_rva_001d80c0
0x1d8fad	0	boundary_rva_001d8fad
0x1dad3e	0	boundary_rva_001dad3e
0x1db080	0	boundary_rva_001db080
0x1dbb5c	0	boundary_rva_001dbb5c
0x1dbc10	0	boundary_rva_001dbc10
0x1dbeb6	0	boundary_rva_001dbeb6
0x1dc19f	0	boundary_rva_001dc19f
0x1dcb2f	0	boundary_rva_001dcb2f
0x1dcc45	0	boundary_rva_001dcc45
0x1dcc73	0	boundary_rva_001dcc73
0x1de156	0	boundary_rva_001de156
0x1dee74	0	boundary_rva_001dee74
0x1df0f1	0	boundary_rva_001df0f1
0x1dfbc7	0	boundary_rva_001dfbc7
0x1dfc09	0	boundary_rva_001dfc09
0x1dff1f	0	boundary_rva_001dff1f
0x1dff5d	0	boundary_rva_001dff5d
0x1e0301	0	boundary_rva_001e0301
0x1e0373	0	boundary_rva_001e0373
0x1e04bc	0	boundary_rva_001e04bc
0x1e0760	0	boundary_rva_001e0760
0x1e079e	0	boundary_rva_001e079e
0x1e0802	0	boundary_rva_001e0802
0x1e0878	0	boundary_rva_001e0878
0x1e0915	0	boundary_rva_001e0915
0x1e0c77	0	boundary_rva_001e0c77
0x1e0d2d	0	boundary_rva_001e0d2d
0x1e0d73	0	boundary_rva_001e0d73
0x1e0db9	0	boundary_rva_001e0db9
0x1e129b	0	boundary_rva_001e129b
0x1e1709	0	boundary_rva_001e1709
0x1e19ce	0	boundary_rva_001e19ce
0x1e28e2	0	boundary_rva_001e28e2
0x1e30f5	0	boundary_rva_001e30f5
0x1e311e	0	boundary_rva_001e311e
0x1e38f9	0	boundary_rva_001e38f9
0x1e3934	0	boundary_rva_001e3934
0x1eb722	0	boundary_rva_001eb722
0x1ed413	0	boundary_rva_001ed413
0x1eddbb	0	boundary_rva_001eddbb
0x1ede3a	0	boundary_rva_001ede3a
0x1ee630	0	boundary_rva_001ee630
0x1f010b	0	boundary_rva_001f010b
0x1f0132	0	boundary_rva_001f0132
0x1f0163	0	boundary_rva_001f0163
0x1f01b9	0	boundary_rva_001f01b9
0x1f01e8	0	boundary_rva_001f01e8
0x1f04d9	0	boundary_rva_001f04d9
0x1f3574	0	boundary_rva_001f3574
0x1f36c3	0	boundary_rva_001f36c3
0x1f3fea	0	boundary_rva_001f3fea
0x1f4a12	0	boundary_rva_001f4a12
0x1f4a40	0	boundary_rva_001f4a40
0x1f9ea7	0	boundary_rva_001f9ea7
0x1fc052	0	boundary_rva_001fc052
0x1fd57a	0	boundary_rva_001fd57a
0x1ff223	0	boundary_rva_001ff223
0x1ff354	0	boundary_rva_001ff354
0x1ff625	0	boundary_rva_001ff625
0x1ff8fb	0	boundary_rva_001ff8fb
0x2007a7	0	boundary_rva_002007a7
0x200893	0	boundary_rva_00200893
0x200bd9	0	boundary_rva_00200bd9
0x201085	0	boundary_rva_00201085
0x201153	0	boundary_rva_00201153
0x203665	0	boundary_rva_00203665
0x203671	0	boundary_rva_00203671
0x203d04	0	boundary_rva_00203d04
0x203d29	0	boundary_rva_00203d29
0x203e76	0	boundary_rva_00203e76
0x204316	0	boundary_rva_00204316
0x204c21	0	boundary_rva_00204c21
0x204c68	0	boundary_rva_00204c68
0x204c78	0	boundary_rva_00204c78
0x2055e4	0	boundary_rva_002055e4
0x205af8	0	boundary_rva_00205af8
0x20d7ac	0	boundary_rva_0020d7ac
0x20ddfb	0	boundary_rva_0020ddfb
0x20e20c	0	boundary_rva_0020e20c
0x20e39d	0	boundary_rva_0020e39d
0x20e6fb	0	boundary_rva_0020e6fb
0x20e779	0	boundary_rva_0020e779
0x20eb07	0	boundary_rva_0020eb07
0x210cd3	0	boundary_rva_00210cd3
0x210f27	0	boundary_rva_00210f27
0x211216	0	boundary_rva_00211216
0x214058	0	boundary_rva_00214058
0x2146e1	0	boundary_rva_002146e1
0x21494b	0	boundary_rva_0021494b
0x214ac7	0	boundary_rva_00214ac7
0x2150be	0	boundary_rva_002150be
0x2156ce	0	boundary_rva_002156ce
0x215e42	0	boundary_rva_00215e42
0x216035	0	boundary_rva_00216035
0x216d2d	0	boundary_rva_00216d2d
0x219440	0	boundary_rva_00219440
0x21c3e7	0	boundary_rva_0021c3e7
0x222471	0	boundary_rva_00222471
0x224252	0	boundary_rva_00224252
0x224710	0	boundary_rva_00224710
0x2255ad	0	boundary_rva_002255ad
0x225ad5	0	boundary_rva_00225ad5
0x225aff	0	boundary_rva_00225aff
0x225f76	0	boundary_rva_00225f76
0x22634f	0	boundary_rva_0022634f
0x229708	0	boundary_rva_00229708
0x22c4cb	0	boundary_rva_0022c4cb
0x22c4cf	0	boundary_rva_0022c4cf
0x22c4d4	0	boundary_rva_0022c4d4
0x22c9d2	0	boundary_rva_0022c9d2
0x23054c	0	boundary_rva_0023054c
0x2326fb	0	boundary_rva_002326fb
0x232e01	0	boundary_rva_00232e01
0x232e1e	0	boundary_rva_00232e1e
0x232e2f	0	boundary_rva_00232e2f
0x233138	0	boundary_rva_00233138
0x233186	0	boundary_rva_00233186
0x2339aa	0	boundary_rva_002339aa
0x235736	0	boundary_rva_00235736
0x23624a	0	boundary_rva_0023624a
0x238e4c	0	boundary_rva_00238e4c
0x238ebf	0	boundary_rva_00238ebf
0x238ef2	0	boundary_rva_00238ef2
0x238f15	0	boundary_rva_00238f15
0x238f29	0	boundary_rva_00238f29
0x238f34	0	boundary_rva_00238f34
0x238f3f	0	boundary_rva_00238f3f
0x238f5c	0	boundary_rva_00238f5c
0x239911	0	boundary_rva_00239911
0x239949	0	boundary_rva_00239949
0x239982	0	boundary_rva_00239982
0x239c21	0	boundary_rva_00239c21
0x239dfe	0	boundary_rva_00239dfe
0x23a1aa	0	boundary_rva_0023a1aa
0x23b270	0	boundary_rva_0023b270
0x23b278	0	boundary_rva_0023b278
0x23c7f5	0	boundary_rva_0023c7f5
0x23daf7	0	boundary_rva_0023daf7
0x23dbf9	0	boundary_rva_0023dbf9
0x23dc7f	0	boundary_rva_0023dc7f
0x23dc86	0	boundary_rva_0023dc86
0x24002e	0	boundary_rva_0024002e
0x243edf	0	boundary_rva_00243edf
0x248e2f	0	boundary_rva_00248e2f
0x248e6f	0	boundary_rva_00248e6f
0x248e87	0	boundary_rva_00248e87
0x248f6e	0	boundary_rva_00248f6e
0x24a839	0	boundary_rva_0024a839
0x24e301	0	boundary_rva_0024e301
0x251c08	0	boundary_rva_00251c08
0x251c11	0	boundary_rva_00251c11
0x251c24	0	boundary_rva_00251c24
0x251c2c	0	boundary_rva_00251c2c
0x253328	0	boundary_rva_00253328
0x253376	0	boundary_rva_00253376
0x25363a	0	boundary_rva_0025363a
0x256646	0	boundary_rva_00256646
0x2567ea	0	boundary_rva_002567ea
0x256e8e	0	boundary_rva_00256e8e
0x25c238	0	boundary_rva_0025c238
0x25c25a	0	boundary_rva_0025c25a
0x25c6bd	0	boundary_rva_0025c6bd
0x25dbae	0	boundary_rva_0025dbae
0x25dbcd	0	boundary_rva_0025dbcd
0x25dbdc	0	boundary_rva_0025dbdc
0x25dbfb	0	boundary_rva_0025dbfb
0x25dc08	0	boundary_rva_0025dc08
0x25dc17	0	boundary_rva_0025dc17
0x25dc30	0	boundary_rva_0025dc30
0x25dc38	0	boundary_rva_0025dc38
0x25dc47	0	boundary_rva_0025dc47
0x25dc56	0	boundary_rva_0025dc56
0x25dc5e	0	boundary_rva_0025dc5e
0x25dc6d	0	boundary_rva_0025dc6d
0x25dc7a	0	boundary_rva_0025dc7a
0x25dc95	0	boundary_rva_0025dc95
0x25dcb0	0	boundary_rva_0025dcb0
0x25dce2	0	boundary_rva_0025dce2
0x25dcf1	0	boundary_rva_0025dcf1
0x25dd01	0	boundary_rva_0025dd01
0x25dd25	0	boundary_rva_0025dd25
0x25de5c	0	boundary_rva_0025de5c
0x25de76	0	boundary_rva_0025de76
0x25dea2	0	boundary_rva_0025dea2
0x25debb	0	boundary_rva_0025debb
0x25decc	0	boundary_rva_0025decc
0x25dedd	0	boundary_rva_0025dedd
0x25e20f	0	boundary_rva_0025e20f
0x25e27f	0	boundary_rva_0025e27f
0x25e28e	0	boundary_rva_0025e28e
0x25e29d	0	boundary_rva_0025e29d
0x25ead5	0	boundary_rva_0025ead5
0x25ebb9	0	boundary_rva_0025ebb9
0x25ed90	0	boundary_rva_0025ed90
0x25eda1	0	boundary_rva_0025eda1
0x25edb2	0	boundary_rva_0025edb2
0x25edc3	0	boundary_rva_0025edc3
0x25eef5	0	boundary_rva_0025eef5
0x25ef01	0	boundary_rva_0025ef01
0x25ef04	0	boundary_rva_0025ef04
0x25ef07	0	boundary_rva_0025ef07
0x25ef0a	0	boundary_rva_0025ef0a
0x25fcba	0	boundary_rva_0025fcba
0x260e01	0	boundary_rva_00260e01
0x260e1e	0	boundary_rva_00260e1e
0x260e44	0	boundary_rva_00260e44
0x260ee0	0	boundary_rva_00260ee0
0x260f1b	0	boundary_rva_00260f1b
0x260f77	0	boundary_rva_00260f77
0x2610de	0	boundary_rva_002610de
0x2610f2	0	boundary_rva_002610f2
0x26118b	0	boundary_rva_0026118b
0x26119d	0	boundary_rva_0026119d
0x2611af	0	boundary_rva_002611af
0x2611bf	0	boundary_rva_002611bf
0x2611dd	0	boundary_rva_002611dd
0x261353	0	boundary_rva_00261353
0x261368	0	boundary_rva_00261368
0x2613a3	0	boundary_rva_002613a3
0x261409	0	boundary_rva_00261409
0x26144c	0	boundary_rva_0026144c
0x26149c	0	boundary_rva_0026149c
0x2614df	0	boundary_rva_002614df
0x26156c	0	boundary_rva_0026156c
0x261603	0	boundary_rva_00261603
0x2616d1	0	boundary_rva_002616d1
0x2616eb	0	boundary_rva_002616eb
0x261750	0	boundary_rva_00261750
0x26176e	0	boundary_rva_0026176e
0x261c58	0	boundary_rva_00261c58
0x261c72	0	boundary_rva_00261c72
0x261d01	0	boundary_rva_00261d01
0x2621b8	0	boundary_rva_002621b8
0x262513	0	boundary_rva_00262513
0x2628b1	0	boundary_rva_002628b1
0x262b39	0	boundary_rva_00262b39
0x262ba9	0	boundary_rva_00262ba9
0x262c13	0	boundary_rva_00262c13
0x262c9b	0	boundary_rva_00262c9b
0x262d7b	0	boundary_rva_00262d7b
0x262d8f	0	boundary_rva_00262d8f
0x262da3	0	boundary_rva_00262da3
0x262dab	0	boundary_rva_00262dab
0x262dbf	0	boundary_rva_00262dbf
0x262eff	0	boundary_rva_00262eff
0x26412b	0	boundary_rva_0026412b
0x264656	0	boundary_rva_00264656
0x26472f	0	boundary_rva_0026472f
0x26488b	0	boundary_rva_0026488b
0x264963	0	boundary_rva_00264963
0x264b86	0	boundary_rva_00264b86
0x26731c	0	boundary_rva_0026731c
0x267cfa	0	boundary_rva_00267cfa
0x267e8e	0	boundary_rva_00267e8e
0x2697fc	0	boundary_rva_002697fc
0x26be86	0	boundary_rva_0026be86
0x26dd89	0	boundary_rva_0026dd89
0x26ddbb	0	boundary_rva_0026ddbb
0x26de77	0	boundary_rva_0026de77
0x26e988	0	boundary_rva_0026e988
0x26e999	0	boundary_rva_0026e999
0x26e9aa	0	boundary_rva_0026e9aa
0x26e9b8	0	boundary_rva_0026e9b8
0x26ef1e	0	boundary_rva_0026ef1e
0x26f16d	0	boundary_rva_0026f16d
0x26fbbc	0	boundary_rva_0026fbbc
0x271095	0	boundary_rva_00271095
0x271b3c	0	boundary_rva_00271b3c
0x271c38	0	boundary_rva_00271c38
0x272349	0	boundary_rva_00272349
0x272971	0	boundary_rva_00272971
0x27299a	0	boundary_rva_0027299a
0x2729b5	0	boundary_rva_002729b5
0x2729cb	0	boundary_rva_002729cb
0x2729e9	0	boundary_rva_002729e9
0x2788aa	0	boundary_rva_002788aa
0x27966f	0	boundary_rva_0027966f
0x27ce9a	0	boundary_rva_0027ce9a
0x27cebc	0	boundary_rva_0027cebc
0x27ea91	0	boundary_rva_0027ea91
0x27f30a	0	boundary_rva_0027f30a
0x27f337	0	boundary_rva_0027f337
0x281d4c	0	boundary_rva_00281d4c
0x281ea5	0	boundary_rva_00281ea5
0x2820a0	0	boundary_rva_002820a0
0x28333f	0	boundary_rva_0028333f
0x284182	0	boundary_rva_00284182
0x285635	0	boundary_rva_00285635
0x285703	0	boundary_rva_00285703
0x2859d7	0	boundary_rva_002859d7
0x285be4	0	boundary_rva_00285be4
0x285cd1	0	boundary_rva_00285cd1
0x286297	0	boundary_rva_00286297
0x286351	0	boundary_rva_00286351
0x286f87	0	boundary_rva_00286f87
0x287010	0	boundary_rva_00287010
0x288739	0	boundary_rva_00288739
0x288b91	0	boundary_rva_00288b91
0x289874	0	boundary_rva_00289874
0x28b569	0	boundary_rva_0028b569
0x28c0e3	0	boundary_rva_0028c0e3
0x28e84a	0	boundary_rva_0028e84a
0x28e868	0	boundary_rva_0028e868
0x28f976	0	boundary_rva_0028f976
0x299c89	0	boundary_rva_00299c89
0x299c91	0	boundary_rva_00299c91
0x299ca0	0	boundary_rva_00299ca0
0x299cb2	0	boundary_rva_00299cb2
0x299cc6	0	boundary_rva_00299cc6
0x299cd5	0	boundary_rva_00299cd5
0x29a60c	0	boundary_rva_0029a60c
0x29a79f	0	boundary_rva_0029a79f
0x29a7c4	0	boundary_rva_0029a7c4
0x29a7f1	0	boundary_rva_0029a7f1
0x29a841	0	boundary_rva_0029a841
0x29a85b	0	boundary_rva_0029a85b
0x29a872	0	boundary_rva_0029a872
0x29a889	0	boundary_rva_0029a889
0x29a9b4	0	boundary_rva_0029a9b4
0x29a9c2	0	boundary_rva_0029a9c2
0x29aa62	0	boundary_rva_0029aa62
0x29aae0	0	boundary_rva_0029aae0
0x29ab0b	0	boundary_rva_0029ab0b
0x29ac03	0	boundary_rva_0029ac03
0x29ac98	0	boundary_rva_0029ac98
0x29ace3	0	boundary_rva_0029ace3
0x29acfb	0	boundary_rva_0029acfb
0x29b068	0	boundary_rva_0029b068
0x29b1ea	0	boundary_rva_0029b1ea
0x29b45c	0	boundary_rva_0029b45c
0x29b558	0	boundary_rva_0029b558
0x29b563	0	boundary_rva_0029b563
0x29b56e	0	boundary_rva_0029b56e
0x29b5cd	0	boundary_rva_0029b5cd
0x29b5d8	0	boundary_rva_0029b5d8
0x29c096	0	boundary_rva_0029c096
0x29c0d6	0	boundary_rva_0029c0d6
0x29c107	0	boundary_rva_0029c107
0x29d612	0	boundary_rva_0029d612
0x29d64f	0	boundary_rva_0029d64f
0x29d735	0	boundary_rva_0029d735
0x29e20b	0	boundary_rva_0029e20b
0x29e25a	0	boundary_rva_0029e25a
0x29f7c8	0	boundary_rva_0029f7c8
0x29f7ea	0	boundary_rva_0029f7ea
0x2a0d19	0	boundary_rva_002a0d19
0x2a1575	0	boundary_rva_002a1575
0x2a2184	0	boundary_rva_002a2184
0x2a3805	0	boundary_rva_002a3805
0x2a3d98	0	boundary_rva_002a3d98
0x2a583e	0	boundary_rva_002a583e
0x2a5b2b	0	boundary_rva_002a5b2b
0x2a5ede	0	boundary_rva_002a5ede
0x2a79a5	0	boundary_rva_002a79a5
0x2a7ab6	0	boundary_rva_002a7ab6
0x2a7ace	0	boundary_rva_002a7ace
0x2a7ae6	0	boundary_rva_002a7ae6
0x2a7ecd	0	boundary_rva_002a7ecd
0x2a92ea	0	boundary_rva_002a92ea
0x2a9844	0	boundary_rva_002a9844
0x2a9b92	0	boundary_rva_002a9b92
0x2a9c0d	0	boundary_rva_002a9c0d
0x2a9c26	0	boundary_rva_002a9c26
0x2a9c48	0	boundary_rva_002a9c48
0x2a9f53	0	boundary_rva_002a9f53
0x2ad7e9	0	boundary_rva_002ad7e9
0x2b1182	0	boundary_rva_002b1182
0x2b118a	0	boundary_rva_002b118a
0x2b1192	0	boundary_rva_002b1192
0x2b22a5	0	boundary_rva_002b22a5
0x2b2420	0	boundary_rva_002b2420
0x2b2535	0	boundary_rva_002b2535
0x2b3105	0	boundary_rva_002b3105
0x2b89bb	0	boundary_rva_002b89bb
0x2b9647	0	boundary_rva_002b9647
0x2b98ad	0	boundary_rva_002b98ad
0x2ba392	0	boundary_rva_002ba392
0x2bed74	0	boundary_rva_002bed74
0x2bef43	0	boundary_rva_002bef43
0x2c0c71	0	boundary_rva_002c0c71
0x2c0c92	0	boundary_rva_002c0c92
0x2c0d3d	0	boundary_rva_002c0d3d
0x2c0e04	0	boundary_rva_002c0e04
0x2c0e1b	0	boundary_rva_002c0e1b
0x2c1173	0	boundary_rva_002c1173
0x2c1283	0	boundary_rva_002c1283
0x2c12a0	0	boundary_rva_002c12a0
0x2c182d	0	boundary_rva_002c182d
0x2c5265	0	boundary_rva_002c5265
0x2c726c	0	boundary_rva_002c726c
0x2c729f	0	boundary_rva_002c729f
0x2c883e	0	boundary_rva_002c883e
0x2c8c16	0	boundary_rva_002c8c16
0x2c8c47	0	boundary_rva_002c8c47
0x2c941c	0	boundary_rva_002c941c
0x2c9a34	0	boundary_rva_002c9a34
0x2ca81c	0	boundary_rva_002ca81c
0x2cadfa	0	boundary_rva_002cadfa
0x2cae34	0	boundary_rva_002cae34
0x2cae6c	0	boundary_rva_002cae6c
0x2cef14	0	boundary_rva_002cef14
0x2d250e	0	boundary_rva_002d250e
0x2d252b	0	boundary_rva_002d252b
0x2d3556	0	boundary_rva_002d3556
0x2d35bf	0	boundary_rva_002d35bf
0x2d35c7	0	boundary_rva_002d35c7
0x2d3d2a	0	boundary_rva_002d3d2a
0x2d4670	0	boundary_rva_002d4670
0x2d4678	0	boundary_rva_002d4678
0x2d4680	0	boundary_rva_002d4680
0x2d65ee	0	boundary_rva_002d65ee
0x2d6ae2	0	boundary_rva_002d6ae2
0x2d7267	0	boundary_rva_002d7267
0x2d75c6	0	boundary_rva_002d75c6
0x2d7ab0	0	boundary_rva_002d7ab0
0x2d7abf	0	boundary_rva_002d7abf
0x2d7cd9	0	boundary_rva_002d7cd9
0x2d7ce0	0	boundary_rva_002d7ce0
0x2d7d4f	0	boundary_rva_002d7d4f
0x2d7dd5	0	boundary_rva_002d7dd5
0x2dab64	0	boundary_rva_002dab64
0x2db8bf	0	boundary_rva_002db8bf
0x2de585	0	boundary_rva_002de585
0x2e37c3	0	boundary_rva_002e37c3
0x2e3eb0	0	boundary_rva_002e3eb0
0x2e3f69	0	boundary_rva_002e3f69
0x2e3f74	0	boundary_rva_002e3f74
0x2e3f8a	0	boundary_rva_002e3f8a
0x2e41ec	0	boundary_rva_002e41ec
0x2e5770	0	boundary_rva_002e5770
0x2e640b	0	boundary_rva_002e640b
0x2e65b1	0	boundary_rva_002e65b1
0x2e7f86	0	boundary_rva_002e7f86
0x2f21f1	0	boundary_rva_002f21f1
0x2fe371	0	boundary_rva_002fe371
0x2fe799	0	boundary_rva_002fe799
0x2feb32	0	boundary_rva_002feb32
0x300481	0	boundary_rva_00300481
0x3028f1	0	boundary_rva_003028f1
0x305b36	0	boundary_rva_00305b36
0x305b3e	0	boundary_rva_00305b3e
0x305b46	0	boundary_rva_00305b46
0x305b4e	0	boundary_rva_00305b4e
0x305b56	0	boundary_rva_00305b56
0x3067ca	0	boundary_rva_003067ca
0x306c49	0	boundary_rva_00306c49
0x306c58	0	boundary_rva_00306c58
0x306c6b	0	boundary_rva_00306c6b
0x306de9	0	boundary_rva_00306de9
0x30817a	0	boundary_rva_0030817a
0x308b23	0	boundary_rva_00308b23
0x308fd1	0	boundary_rva_00308fd1
0x30ade8	0	boundary_rva_0030ade8
0x30b07a	0	boundary_rva_0030b07a
0x30b0a3	0	boundary_rva_0030b0a3
0x30bcba	0	boundary_rva_0030bcba
0x30c25c	0	boundary_rva_0030c25c
0x30c271	0	boundary_rva_0030c271
0x30c280	0	boundary_rva_0030c280
0x30c28f	0	boundary_rva_0030c28f
0x30c4a6	0	boundary_rva_0030c4a6
0x30c4ae	0	boundary_rva_0030c4ae
0x30c4b6	0	boundary_rva_0030c4b6
0x30c4be	0	boundary_rva_0030c4be
0x30c4c6	0	boundary_rva_0030c4c6
0x30c4ce	0	boundary_rva_0030c4ce
0x30c4d6	0	boundary_rva_0030c4d6
0x30cd75	0	boundary_rva_0030cd75
0x30cd7d	0	boundary_rva_0030cd7d
0x30cd93	0	boundary_rva_0030cd93
0x30cd9e	0	boundary_rva_0030cd9e
0x30cdb4	0	boundary_rva_0030cdb4
0x30d35a	0	boundary_rva_0030d35a
0x30d420	0	boundary_rva_0030d420
0x30de61	0	boundary_rva_0030de61
0x30f2cb	0	boundary_rva_0030f2cb
0x30f545	0	boundary_rva_0030f545
0x30f642	0	boundary_rva_0030f642
0x30f679	0	boundary_rva_0030f679
0x30f6d4	0	boundary_rva_0030f6d4
0x30f704	0	boundary_rva_0030f704
0x311092	0	boundary_rva_00311092
0x312dbc	0	boundary_rva_00312dbc
0x314c1d	0	boundary_rva_00314c1d
0x314c93	0	boundary_rva_00314c93
0x314c9f	0	boundary_rva_00314c9f
0x318613	0	boundary_rva_00318613
0x3187a0	0	boundary_rva_003187a0
0x318a87	0	boundary_rva_00318a87
0x318a95	0	boundary_rva_00318a95
0x3191e2	0	boundary_rva_003191e2
0x320095	0	boundary_rva_00320095
0x328cc5	0	boundary_rva_00328cc5
0x328ccc	0	boundary_rva_00328ccc
0x328cd4	0	boundary_rva_00328cd4
0x329653	0	boundary_rva_00329653
0x32965b	0	boundary_rva_0032965b
0x329663	0	boundary_rva_00329663
0x329906	0	boundary_rva_00329906
0x32e53d	0	boundary_rva_0032e53d
0x32ed59	0	boundary_rva_0032ed59
0x330484	0	boundary_rva_00330484
0x330494	0	boundary_rva_00330494
0x330abe	0	boundary_rva_00330abe
0x330ad8	0	boundary_rva_00330ad8
0x330af6	0	boundary_rva_00330af6
0x330b14	0	boundary_rva_00330b14
0x330b6b	0	boundary_rva_00330b6b
0x330b85	0	boundary_rva_00330b85
0x330ba3	0	boundary_rva_00330ba3
0x330bbd	0	boundary_rva_00330bbd
0x330beb	0	boundary_rva_00330beb
0x332cfb	0	boundary_rva_00332cfb
0x332d29	0	boundary_rva_00332d29
0x332e19	0	boundary_rva_00332e19
0x332e2f	0	boundary_rva_00332e2f
0x333031	0	boundary_rva_00333031
0x3330a8	0	boundary_rva_003330a8
0x333125	0	boundary_rva_00333125
0x333182	0	boundary_rva_00333182
0x3331db	0	boundary_rva_003331db
0x333722	0	boundary_rva_00333722
0x33373b	0	boundary_rva_0033373b
0x333754	0	boundary_rva_00333754
0x334a3d	0	boundary_rva_00334a3d
0x334c9f	0	boundary_rva_00334c9f
0x334d16	0	boundary_rva_00334d16
0x334d5e	0	boundary_rva_00334d5e
0x334e51	0	boundary_rva_00334e51
0x334ec4	0	boundary_rva_00334ec4
0x334f2e	0	boundary_rva_00334f2e
0x334fab	0	boundary_rva_00334fab
0x33500d	0	boundary_rva_0033500d
0x33514a	0	boundary_rva_0033514a
0x3351c2	0	boundary_rva_003351c2
0x33523a	0	boundary_rva_0033523a
0x335281	0	boundary_rva_00335281
0x335692	0	boundary_rva_00335692
0x3356a0	0	boundary_rva_003356a0
0x335b88	0	boundary_rva_00335b88
0x335d5b	0	boundary_rva_00335d5b
0x337092	0	boundary_rva_00337092
0x33712b	0	boundary_rva_0033712b
0x3389dd	0	boundary_rva_003389dd
0x3393df	0	boundary_rva_003393df
0x3393f7	0	boundary_rva_003393f7
0x339900	0	boundary_rva_00339900
0x33a7a2	0	boundary_rva_0033a7a2
0x33bc6a	0	boundary_rva_0033bc6a
0x33bee5	0	boundary_rva_0033bee5
0x33dbc9	0	boundary_rva_0033dbc9
0x33dc9c	0	boundary_rva_0033dc9c
0x33f504	0	boundary_rva_0033f504
0x33fb0b	0	boundary_rva_0033fb0b
0x33fcdc	0	boundary_rva_0033fcdc
0x33ff05	0	boundary_rva_0033ff05
0x3400f9	0	boundary_rva_003400f9
0x340158	0	boundary_rva_00340158
0x34017a	0	boundary_rva_0034017a
0x3401af	0	boundary_rva_003401af
0x34025e	0	boundary_rva_0034025e
0x34029b	0	boundary_rva_0034029b
0x340342	0	boundary_rva_00340342
0x34036f	0	boundary_rva_0034036f
0x3403dc	0	boundary_rva_003403dc
0x34042c	0	boundary_rva_0034042c
0x340546	0	boundary_rva_00340546
0x340744	0	boundary_rva_00340744
0x340e39	0	boundary_rva_00340e39
0x340f25	0	boundary_rva_00340f25
0x3412a5	0	boundary_rva_003412a5
0x341339	0	boundary_rva_00341339
0x34133e	0	boundary_rva_0034133e
0x341391	0	boundary_rva_00341391
0x3413a1	0	boundary_rva_003413a1
0x34141f	0	boundary_rva_0034141f
0x34143c	0	boundary_rva_0034143c
0x34145c	0	boundary_rva_0034145c
0x341770	0	boundary_rva_00341770
0x341994	0	boundary_rva_00341994
0x3419c7	0	boundary_rva_003419c7
0x341a1b	0	boundary_rva_00341a1b
0x341c30	0	boundary_rva_00341c30
0x341d1c	0	boundary_rva_00341d1c
0x341d21	0	boundary_rva_00341d21
0x341d81	0	boundary_rva_00341d81
0x341e48	0	boundary_rva_00341e48
0x3421f4	0	boundary_rva_003421f4
0x3422ef	0	boundary_rva_003422ef
0x34234c	0	boundary_rva_0034234c
0x3423a6	0	boundary_rva_003423a6
0x3425a0	0	boundary_rva_003425a0
0x34274a	0	boundary_rva_0034274a
0x3450db	0	boundary_rva_003450db
0x345207	0	boundary_rva_00345207
0x345246	0	boundary_rva_00345246
0x345b5f	0	boundary_rva_00345b5f
0x345b89	0	boundary_rva_00345b89
0x345f76	0	boundary_rva_00345f76
0x346017	0	boundary_rva_00346017
0x346214	0	boundary_rva_00346214
0x3462e1	0	boundary_rva_003462e1
0x3463da	0	boundary_rva_003463da
0x34680d	0	boundary_rva_0034680d
0x347110	0	boundary_rva_00347110
0x347959	0	boundary_rva_00347959
0x347a51	0	boundary_rva_00347a51
0x347aac	0	boundary_rva_00347aac
0x347b3d	0	boundary_rva_00347b3d
0x347ba3	0	boundary_rva_00347ba3
0x347bd2	0	boundary_rva_00347bd2
0x347c38	0	boundary_rva_00347c38
0x347e0a	0	boundary_rva_00347e0a
0x347efa	0	boundary_rva_00347efa
0x347f48	0	boundary_rva_00347f48
0x347f76	0	boundary_rva_00347f76
0x347ffe	0	boundary_rva_00347ffe
0x348aab	0	boundary_rva_00348aab
0x349217	0	boundary_rva_00349217
0x34921c	0	boundary_rva_0034921c
0x3495fd	0	boundary_rva_003495fd
0x3497c2	0	boundary_rva_003497c2
0x3497c7	0	boundary_rva_003497c7
0x349d02	0	boundary_rva_00349d02
0x349d8d	0	boundary_rva_00349d8d
0x34a0cb	0	boundary_rva_0034a0cb
0x34a105	0	boundary_rva_0034a105
0x34a121	0	boundary_rva_0034a121
0x34a167	0	boundary_rva_0034a167
0x34a323	0	boundary_rva_0034a323
0x34a364	0	boundary_rva_0034a364
0x34a871	0	boundary_rva_0034a871
0x34b08a	0	boundary_rva_0034b08a
0x34b167	0	boundary_rva_0034b167
0x34ba5f	0	boundary_rva_0034ba5f
0x34bdf8	0	boundary_rva_0034bdf8
0x34c098	0	boundary_rva_0034c098
0x34c0b4	0	boundary_rva_0034c0b4
0x34c8c5	0	boundary_rva_0034c8c5
0x34c994	0	boundary_rva_0034c994
0x34c9ed	0	boundary_rva_0034c9ed
0x34ca53	0	boundary_rva_0034ca53
0x34caf6	0	boundary_rva_0034caf6
0x34d049	0	boundary_rva_0034d049
0x34d345	0	boundary_rva_0034d345
0x34d4a2	0	boundary_rva_0034d4a2
0x34d886	0	boundary_rva_0034d886
0x34dc00	0	boundary_rva_0034dc00
0x34eb7e	0	boundary_rva_0034eb7e
0x34ecdb	0	boundary_rva_0034ecdb
0x34ffbe	0	boundary_rva_0034ffbe
0x3508c0	0	boundary_rva_003508c0
0x3511c9	0	boundary_rva_003511c9
0x351949	0	boundary_rva_00351949
0x3519f3	0	boundary_rva_003519f3
0x35426b	0	boundary_rva_0035426b
0x3546fd	0	boundary_rva_003546fd
0x354c6b	0	boundary_rva_00354c6b
0x355290	0	boundary_rva_00355290
0x3552c2	0	boundary_rva_003552c2
0x355bb6	0	boundary_rva_00355bb6
0x355d16	0	boundary_rva_00355d16
0x355dd4	0	boundary_rva_00355dd4
0x355df4	0	boundary_rva_00355df4
0x355e20	0	boundary_rva_00355e20
0x355e4c	0	boundary_rva_00355e4c
0x355e85	0	boundary_rva_00355e85
0x355f75	0	boundary_rva_00355f75
0x356082	0	boundary_rva_00356082
0x356b16	0	boundary_rva_00356b16
0x357af8	0	boundary_rva_00357af8
0x3589e9	0	boundary_rva_003589e9
0x3592fa	0	boundary_rva_003592fa
0x359729	0	boundary_rva_00359729
0x359e04	0	boundary_rva_00359e04
0x35a97e	0	boundary_rva_0035a97e
0x35ab7f	0	boundary_rva_0035ab7f
0x35aecf	0	boundary_rva_0035aecf
0x35aed4	0	boundary_rva_0035aed4
0x35b1c3	0	boundary_rva_0035b1c3
0x35bd00	0	boundary_rva_0035bd00
0x35d133	0	boundary_rva_0035d133
0x35d1bd	0	boundary_rva_0035d1bd
0x35d1e7	0	boundary_rva_0035d1e7
0x35d2b2	0	boundary_rva_0035d2b2
0x35d4db	0	boundary_rva_0035d4db
0x35d4e6	0	boundary_rva_0035d4e6
0x35d512	0	boundary_rva_0035d512
0x35d5c4	0	boundary_rva_0035d5c4
0x35d75d	0	boundary_rva_0035d75d
0x35d781	0	boundary_rva_0035d781
0x35d924	0	boundary_rva_0035d924
0x35da10	0	boundary_rva_0035da10
0x35e185	0	boundary_rva_0035e185
0x35e2de	0	boundary_rva_0035e2de
0x35e387	0	boundary_rva_0035e387
0x35e603	0	boundary_rva_0035e603
0x35ede5	0	boundary_rva_0035ede5
0x35ee5e	0	boundary_rva_0035ee5e
0x35f43d	0	boundary_rva_0035f43d
0x35f49e	0	boundary_rva_0035f49e
0x35f538	0	boundary_rva_0035f538
0x35f618	0	boundary_rva_0035f618
0x35f63b	0	boundary_rva_0035f63b
0x35fb55	0	boundary_rva_0035fb55
0x35ff1d	0	boundary_rva_0035ff1d
0x36012d	0	boundary_rva_0036012d
0x3601db	0	boundary_rva_003601db
0x3603e7	0	boundary_rva_003603e7
0x36044a	0	boundary_rva_0036044a
0x36051d	0	boundary_rva_0036051d
0x3624fe	0	boundary_rva_003624fe
0x362b5a	0	boundary_rva_00362b5a
0x362d25	0	boundary_rva_00362d25
0x3666c6	0	boundary_rva_003666c6
0x367369	0	boundary_rva_00367369
0x3674fe	0	boundary_rva_003674fe
0x3678d6	0	boundary_rva_003678d6
0x367914	0	boundary_rva_00367914
0x367e59	0	boundary_rva_00367e59
0x367e92	0	boundary_rva_00367e92
0x367ee1	0	boundary_rva_00367ee1
0x367f9e	0	boundary_rva_00367f9e
0x367fdd	0	boundary_rva_00367fdd
0x368015	0	boundary_rva_00368015
0x36803f	0	boundary_rva_0036803f
0x368095	0	boundary_rva_00368095
0x36819d	0	boundary_rva_0036819d
0x3681dc	0	boundary_rva_003681dc
0x3681ed	0	boundary_rva_003681ed
0x3682e2	0	boundary_rva_003682e2
0x3682e7	0	boundary_rva_003682e7
0x3682ec	0	boundary_rva_003682ec
0x3685fa	0	boundary_rva_003685fa
0x368654	0	boundary_rva_00368654
0x368798	0	boundary_rva_00368798
0x36890e	0	boundary_rva_0036890e
0x3689c4	0	boundary_rva_003689c4
0x368a13	0	boundary_rva_00368a13
0x368fe6	0	boundary_rva_00368fe6
0x3692ed	0	boundary_rva_003692ed
0x36939b	0	boundary_rva_0036939b
0x369418	0	boundary_rva_00369418
0x369590	0	boundary_rva_00369590
0x369669	0	boundary_rva_00369669
0x3697bb	0	boundary_rva_003697bb
0x3697f4	0	boundary_rva_003697f4
0x3698a5	0	boundary_rva_003698a5
0x3698bb	0	boundary_rva_003698bb
0x369ded	0	boundary_rva_00369ded
0x36a7db	0	boundary_rva_0036a7db
0x36b6b9	0	boundary_rva_0036b6b9
0x36bc79	0	boundary_rva_0036bc79
0x36cc7a	0	boundary_rva_0036cc7a
0x372da6	0	boundary_rva_00372da6
0x373417	0	boundary_rva_00373417
0x374fd0	0	boundary_rva_00374fd0
0x37dc36	0	boundary_rva_0037dc36
0x37f57e	0	boundary_rva_0037f57e
0x380a75	0	boundary_rva_00380a75
0x381d78	0	boundary_rva_00381d78
0x381d9e	0	boundary_rva_00381d9e
0x381dc4	0	boundary_rva_00381dc4
0x381dda	0	boundary_rva_00381dda
0x38200d	0	boundary_rva_0038200d
0x382e2f	0	boundary_rva_00382e2f
0x383580	0	boundary_rva_00383580
0x3835a0	0	boundary_rva_003835a0
0x3835d7	0	boundary_rva_003835d7
0x3837d3	0	boundary_rva_003837d3
0x383846	0	boundary_rva_00383846
0x3839b9	0	boundary_rva_003839b9
0x384660	0	boundary_rva_00384660
0x3846e5	0	boundary_rva_003846e5
0x3858df	0	boundary_rva_003858df
0x3860ff	0	boundary_rva_003860ff
0x386117	0	boundary_rva_00386117
0x3862db	0	boundary_rva_003862db
0x38884c	0	boundary_rva_0038884c
0x3919d9	0	boundary_rva_003919d9
0x391a70	0	boundary_rva_00391a70
0x391f90	0	boundary_rva_00391f90
0x391fc4	0	boundary_rva_00391fc4
0x3922b7	0	boundary_rva_003922b7
0x395dac	0	boundary_rva_00395dac
0x397bd9	0	boundary_rva_00397bd9
0x39851d	0	boundary_rva_0039851d
0x39a245	0	boundary_rva_0039a245
0x39aa0e	0	boundary_rva_0039aa0e
0x39ac9c	0	boundary_rva_0039ac9c
0x39ae75	0	boundary_rva_0039ae75
0x39b57f	0	boundary_rva_0039b57f
0x39d840	0	boundary_rva_0039d840
0x3a2624	0	boundary_rva_003a2624
0x3a36f7	0	boundary_rva_003a36f7
0x3a3700	0	boundary_rva_003a3700
0x3a370f	0	boundary_rva_003a370f
0x3a3899	0	boundary_rva_003a3899
0x3a389e	0	boundary_rva_003a389e
0x3a44da	0	boundary_rva_003a44da
0x3a4ae1	0	boundary_rva_003a4ae1
0x3a53a7	0	boundary_rva_003a53a7
0x3a588e	0	boundary_rva_003a588e
0x3a589e	0	boundary_rva_003a589e
0x3a59b3	0	boundary_rva_003a59b3
0x3a59bb	0	boundary_rva_003a59bb
0x3a5a48	0	boundary_rva_003a5a48
0x3a5a50	0	boundary_rva_003a5a50
0x3a61b3	0	boundary_rva_003a61b3
0x3a633f	0	boundary_rva_003a633f
0x3a66b2	0	boundary_rva_003a66b2
0x3a6833	0	boundary_rva_003a6833
0x3a69b4	0	boundary_rva_003a69b4
0x3a6c0b	0	boundary_rva_003a6c0b
0x3a6e82	0	boundary_rva_003a6e82
0x3a70d1	0	boundary_rva_003a70d1
0x3a72ac	0	boundary_rva_003a72ac
0x3a7532	0	boundary_rva_003a7532
0x3a77a7	0	boundary_rva_003a77a7
0x3a795a	0	boundary_rva_003a795a
0x3a7abd	0	boundary_rva_003a7abd
0x3a805a	0	boundary_rva_003a805a
0x3a9635	0	boundary_rva_003a9635
0x3a963d	0	boundary_rva_003a963d
0x3a9645	0	boundary_rva_003a9645
0x3a964d	0	boundary_rva_003a964d
0x3a9655	0	boundary_rva_003a9655
0x3a965d	0	boundary_rva_003a965d
0x3a9665	0	boundary_rva_003a9665
0x3a966d	0	boundary_rva_003a966d
0x3a9675	0	boundary_rva_003a9675
0x3a967d	0	boundary_rva_003a967d
0x3a9685	0	boundary_rva_003a9685
0x3a968d	0	boundary_rva_003a968d
0x3a9695	0	boundary_rva_003a9695
0x3a969d	0	boundary_rva_003a969d
0x3a96a5	0	boundary_rva_003a96a5
0x3a96ad	0	boundary_rva_003a96ad
0x3a96b5	0	boundary_rva_003a96b5
0x3a96bd	0	boundary_rva_003a96bd
0x3a96c5	0	boundary_rva_003a96c5
0x3a96cd	0	boundary_rva_003a96cd
0x3a96d5	0	boundary_rva_003a96d5
0x3a96dd	0	boundary_rva_003a96dd
0x3a96e5	0	boundary_rva_003a96e5
0x3a96ed	0	boundary_rva_003a96ed
0x3a96f5	0	boundary_rva_003a96f5
0x3a96fd	0	boundary_rva_003a96fd
0x3a9705	0	boundary_rva_003a9705
0x3a970d	0	boundary_rva_003a970d
0x3a9715	0	boundary_rva_003a9715
0x3a971d	0	boundary_rva_003a971d
0x3a9725	0	boundary_rva_003a9725
0x3a9951	0	boundary_rva_003a9951
0x3a9a40	0	boundary_rva_003a9a40
0x3a9b97	0	boundary_rva_003a9b97
0x3a9cf8	0	boundary_rva_003a9cf8
0x3a9dde	0	boundary_rva_003a9dde
0x3a9f3f	0	boundary_rva_003a9f3f
0x3aa02d	0	boundary_rva_003aa02d
0x3aa17f	0	boundary_rva_003aa17f
0x3aa704	0	boundary_rva_003aa704
0x3aa7b6	0	boundary_rva_003aa7b6
0x3ab899	0	boundary_rva_003ab899
0x3ab946	0	boundary_rva_003ab946
0x3abab3	0	boundary_rva_003abab3
0x3ababb	0	boundary_rva_003ababb
0x3abb83	0	boundary_rva_003abb83
0x3abb8b	0	boundary_rva_003abb8b
0x3abbc3	0	boundary_rva_003abbc3
0x3abbfb	0	boundary_rva_003abbfb
0x3abc03	0	boundary_rva_003abc03
0x3abca5	0	boundary_rva_003abca5
0x3abcad	0	boundary_rva_003abcad
0x3abce6	0	boundary_rva_003abce6
0x3abcf4	0	boundary_rva_003abcf4
0x3abcfc	0	boundary_rva_003abcfc
0x3abd04	0	boundary_rva_003abd04
0x3abd5b	0	boundary_rva_003abd5b
0x3abd63	0	boundary_rva_003abd63
0x3abd6b	0	boundary_rva_003abd6b
0x3abdb8	0	boundary_rva_003abdb8
0x3abdc0	0	boundary_rva_003abdc0
0x3abe30	0	boundary_rva_003abe30
0x3abe38	0	boundary_rva_003abe38
0x3abe85	0	boundary_rva_003abe85
0x3abec4	0	boundary_rva_003abec4
0x3abefd	0	boundary_rva_003abefd
0x3abf04	0	boundary_rva_003abf04
0x3abf0c	0	boundary_rva_003abf0c
0x3abf14	0	boundary_rva_003abf14
0x3abf1c	0	boundary_rva_003abf1c
0x3abf24	0	boundary_rva_003abf24
0x3abf2c	0	boundary_rva_003abf2c
0x3abf34	0	boundary_rva_003abf34
0x3abf3c	0	boundary_rva_003abf3c
0x3abf44	0	boundary_rva_003abf44
0x3abf4c	0	boundary_rva_003abf4c
0x3abfd1	0	boundary_rva_003abfd1
0x3abfd9	0	boundary_rva_003abfd9
0x3ac02c	0	boundary_rva_003ac02c
0x3ac07f	0	boundary_rva_003ac07f
0x3ac0d2	0	boundary_rva_003ac0d2
0x3ac125	0	boundary_rva_003ac125
0x3ac178	0	boundary_rva_003ac178
0x3ac1e7	0	boundary_rva_003ac1e7
0x3ac1ef	0	boundary_rva_003ac1ef
0x3ac23b	0	boundary_rva_003ac23b
0x3ac243	0	boundary_rva_003ac243
0x3ac28f	0	boundary_rva_003ac28f
0x3ac936	0	boundary_rva_003ac936
0x3ac93e	0	boundary_rva_003ac93e
0x3ac9af	0	boundary_rva_003ac9af
0x3aca1c	0	boundary_rva_003aca1c
0x3aca24	0	boundary_rva_003aca24
0x3aca83	0	boundary_rva_003aca83
0x3aca8b	0	boundary_rva_003aca8b
0x3aca93	0	boundary_rva_003aca93
0x3acaec	0	boundary_rva_003acaec
0x3acb00	0	boundary_rva_003acb00
0x3acb08	0	boundary_rva_003acb08
0x3acb67	0	boundary_rva_003acb67
0x3acf68	0	boundary_rva_003acf68
0x3acfc7	0	boundary_rva_003acfc7
0x3ad03b	0	boundary_rva_003ad03b
0x3adc32	0	boundary_rva_003adc32
0x3adceb	0	boundary_rva_003adceb
0x3ade15	0	boundary_rva_003ade15
0x3adede	0	boundary_rva_003adede
0x3adffa	0	boundary_rva_003adffa
0x3ae092	0	boundary_rva_003ae092
0x3ae18a	0	boundary_rva_003ae18a
0x3ae28c	0	boundary_rva_003ae28c
0x3ae408	0	boundary_rva_003ae408
0x3ae718	0	boundary_rva_003ae718
0x3ae9b7	0	boundary_rva_003ae9b7
0x3aeeab	0	boundary_rva_003aeeab
0x3afd5c	0	boundary_rva_003afd5c
0x3afdf1	0	boundary_rva_003afdf1
0x3afe24	0	boundary_rva_003afe24
0x3afe36	0	boundary_rva_003afe36
0x3aff06	0	boundary_rva_003aff06
0x3b03f3	0	boundary_rva_003b03f3
0x3b1327	0	boundary_rva_003b1327
0x3b23cd	0	boundary_rva_003b23cd
0x3b53f7	0	boundary_rva_003b53f7
0x3b912a	0	boundary_rva_003b912a
0x3ba8c4	0	boundary_rva_003ba8c4
0x3bcc37	0	boundary_rva_003bcc37
0x3c35f7	0	boundary_rva_003c35f7
0x3ec8d4	0	boundary_rva_003ec8d4
0x3ecc91	0	boundary_rva_003ecc91
0x3ece33	0	boundary_rva_003ece33
0x3ed1b6	0	boundary_rva_003ed1b6
0x3ee711	0	boundary_rva_003ee711
0x3eeabf	0	boundary_rva_003eeabf
0x3ef13e	0	boundary_rva_003ef13e
0x3f55b6	0	boundary_rva_003f55b6
0x3f59fe	0	boundary_rva_003f59fe
0x3f7133	0	boundary_rva_003f7133
0x3f7141	0	boundary_rva_003f7141
0x3f718d	0	boundary_rva_003f718d
0x3f7198	0	boundary_rva_003f7198
0x3f7257	0	boundary_rva_003f7257
0x3f7bcc	0	boundary_rva_003f7bcc
0x3f7c2f	0	boundary_rva_003f7c2f
0x3f7c41	0	boundary_rva_003f7c41
0x3f7c53	0	boundary_rva_003f7c53
0x3f7c65	0	boundary_rva_003f7c65
0x3f7c77	0	boundary_rva_003f7c77
0x3f7c89	0	boundary_rva_003f7c89
0x3f7c9b	0	boundary_rva_003f7c9b
0x3f7cad	0	boundary_rva_003f7cad
0x3f7cbf	0	boundary_rva_003f7cbf
0x3f7cd1	0	boundary_rva_003f7cd1
0x3f7ce3	0	boundary_rva_003f7ce3
0x3f7cf5	0	boundary_rva_003f7cf5
0x3f7d07	0	boundary_rva_003f7d07
0x3f7d17	0	boundary_rva_003f7d17
0x3f7d5e	0	boundary_rva_003f7d5e
0x3f7d72	0	boundary_rva_003f7d72
0x3f7d86	0	boundary_rva_003f7d86
0x3f7d9a	0	boundary_rva_003f7d9a
0x3f7dae	0	boundary_rva_003f7dae
0x3f7dc2	0	boundary_rva_003f7dc2
0x3f7dd6	0	boundary_rva_003f7dd6
0x3f7dea	0	boundary_rva_003f7dea
0x3f7dfe	0	boundary_rva_003f7dfe
0x3f7e12	0	boundary_rva_003f7e12
0x3f7e26	0	boundary_rva_003f7e26
0x3f7e3a	0	boundary_rva_003f7e3a
0x3f7e4e	0	boundary_rva_003f7e4e
0x3f7e60	0	boundary_rva_003f7e60
0x3f81d3	0	boundary_rva_003f81d3
0x3f81e8	0	boundary_rva_003f81e8
0x3f81fd	0	boundary_rva_003f81fd
0x3f8212	0	boundary_rva_003f8212
0x3f8227	0	boundary_rva_003f8227
0x3f823c	0	boundary_rva_003f823c
0x3f8251	0	boundary_rva_003f8251
0x3f8266	0	boundary_rva_003f8266
0x3f827b	0	boundary_rva_003f827b
0x3f8290	0	boundary_rva_003f8290
0x3f82a5	0	boundary_rva_003f82a5
0x3f82ba	0	boundary_rva_003f82ba
0x3f82cf	0	boundary_rva_003f82cf
0x3f82f4	0	boundary_rva_003f82f4
0x3f834c	0	boundary_rva_003f834c
0x3f8374	0	boundary_rva_003f8374
0x3f8385	0	boundary_rva_003f8385
0x3f9048	0	boundary_rva_003f9048
0x3f90e4	0	boundary_rva_003f90e4
0x3f91a4	0	boundary_rva_003f91a4
0x3fb5f2	0	boundary_rva_003fb5f2
0x3fce30	0	boundary_rva_003fce30
0x3fd056	0	boundary_rva_003fd056
0x3fd1fa	0	boundary_rva_003fd1fa
0x3fd219	0	boundary_rva_003fd219
0x3fd321	0	boundary_rva_003fd321
0x3fd370	0	boundary_rva_003fd370
0x3fd37a	0	boundary_rva_003fd37a
0x3fe568	0	boundary_rva_003fe568
0x3ff271	0	boundary_rva_003ff271
0x3ff312	0	boundary_rva_003ff312
0x3ff39e	0	boundary_rva_003ff39e
0x3ff3e3	0	boundary_rva_003ff3e3
0x3ffe51	0	boundary_rva_003ffe51
0x404b6c	0	boundary_rva_00404b6c
0x405417	0	boundary_rva_00405417
0x4059cf	0	boundary_rva_004059cf
0x4059f6	0	boundary_rva_004059f6
0x405d7c	0	boundary_rva_00405d7c
0x406b39	0	boundary_rva_00406b39
0x406d1e	0	boundary_rva_00406d1e
0x40c5d3	0	boundary_rva_0040c5d3
0x40e0c5	0	boundary_rva_0040e0c5
0x40fd7c	0	boundary_rva_0040fd7c
0x40fd8f	0	boundary_rva_0040fd8f
0x40fda2	0	boundary_rva_0040fda2
0x4102ab	0	boundary_rva_004102ab
0x412a3c	0	boundary_rva_00412a3c
0x4149ac	0	boundary_rva_004149ac
0x414b89	0	boundary_rva_00414b89
0x415122	0	boundary_rva_00415122
0x41513d	0	boundary_rva_0041513d
0x41516c	0	boundary_rva_0041516c
0x417a66	0	boundary_rva_00417a66
0x417ef9	0	boundary_rva_00417ef9
0x419bb8	0	boundary_rva_00419bb8
0x419d2a	0	boundary_rva_00419d2a
0x419d52	0	boundary_rva_00419d52
0x41abcc	0	boundary_rva_0041abcc
0x41ac90	0	boundary_rva_0041ac90
0x41ba5c	0	boundary_rva_0041ba5c
0x41e488	0	boundary_rva_0041e488
0x41e6eb	0	boundary_rva_0041e6eb
0x41e6f3	0	boundary_rva_0041e6f3
0x41f27a	0	boundary_rva_0041f27a
0x41f316	0	boundary_rva_0041f316
0x41f32d	0	boundary_rva_0041f32d
0x41fb61	0	boundary_rva_0041fb61
0x41feeb	0	boundary_rva_0041feeb
0x41ff6e	0	boundary_rva_0041ff6e
0x420017	0	boundary_rva_00420017
0x4200cb	0	boundary_rva_004200cb
0x4200fd	0	boundary_rva_004200fd
0x4201d5	0	boundary_rva_004201d5
0x42090c	0	boundary_rva_0042090c
0x420b55	0	boundary_rva_00420b55
0x420e5f	0	boundary_rva_00420e5f
0x420eb3	0	boundary_rva_00420eb3
0x4210d0	0	boundary_rva_004210d0
0x426378	0	boundary_rva_00426378
0x4263ca	0	boundary_rva_004263ca
0x426572	0	boundary_rva_00426572
0x42673d	0	boundary_rva_0042673d
0x427609	0	boundary_rva_00427609
0x428c43	0	boundary_rva_00428c43
0x428d66	0	boundary_rva_00428d66
0x42c0ae	0	boundary_rva_0042c0ae
0x42c0b5	0	boundary_rva_0042c0b5
0x42cc7b	0	boundary_rva_0042cc7b
0x42e8ab	0	boundary_rva_0042e8ab
0x4318df	0	boundary_rva_004318df
0x431ff2	0	boundary_rva_00431ff2
0x433025	0	boundary_rva_00433025
0x434132	0	boundary_rva_00434132
0x435b00	0	boundary_rva_00435b00
0x435cdb	0	boundary_rva_00435cdb
0x4360a8	0	boundary_rva_004360a8
0x43a0b2	0	boundary_rva_0043a0b2
0x43c772	0	boundary_rva_0043c772
0x43d34f	0	boundary_rva_0043d34f
0x43d41e	0	boundary_rva_0043d41e
0x43ddbe	0	boundary_rva_0043ddbe
0x43fe01	0	boundary_rva_0043fe01
0x440aa0	0	boundary_rva_00440aa0
0x4441c5	0	boundary_rva_004441c5
0x444208	0	boundary_rva_00444208
0x44421c	0	boundary_rva_0044421c
0x444240	0	boundary_rva_00444240
0x4442db	0	boundary_rva_004442db
0x4444a9	0	boundary_rva_004444a9
0x4444eb	0	boundary_rva_004444eb
0x444680	0	boundary_rva_00444680
0x444686	0	boundary_rva_00444686
0x444691	0	boundary_rva_00444691
0x445172	0	boundary_rva_00445172
0x44827c	0	boundary_rva_0044827c
0x44973c	0	boundary_rva_0044973c
0x4498f0	0	boundary_rva_004498f0
0x44998e	0	boundary_rva_0044998e
0x4499ff	0	boundary_rva_004499ff
0x449b79	0	boundary_rva_00449b79
0x449e9a	0	boundary_rva_00449e9a
0x44ba4b	0	boundary_rva_0044ba4b
0x44bd53	0	boundary_rva_0044bd53
0x44bdc1	0	boundary_rva_0044bdc1
0x44bdf7	0	boundary_rva_0044bdf7
0x44df8d	0	boundary_rva_0044df8d
0x44e4a9	0	boundary_rva_0044e4a9
0x44f09f	0	boundary_rva_0044f09f
0x452354	0	boundary_rva_00452354
0x4523e9	0	boundary_rva_004523e9
0x452460	0	boundary_rva_00452460
0x452487	0	boundary_rva_00452487
0x452d78	0	boundary_rva_00452d78
0x452d8c	0	boundary_rva_00452d8c
0x452d98	0	boundary_rva_00452d98
0x452e00	0	boundary_rva_00452e00
0x452edd	0	boundary_rva_00452edd
0x452ef5	0	boundary_rva_00452ef5
0x452f0d	0	boundary_rva_00452f0d
0x452f7c	0	boundary_rva_00452f7c
0x4533a7	0	boundary_rva_004533a7
0x4535b7	0	boundary_rva_004535b7
0x45362b	0	boundary_rva_0045362b
0x453b7b	0	boundary_rva_00453b7b
0x4540f5	0	boundary_rva_004540f5
0x4543ca	0	boundary_rva_004543ca
0x4543d5	0	boundary_rva_004543d5
0x4543e3	0	boundary_rva_004543e3
0x455374	0	boundary_rva_00455374
0x455b33	0	boundary_rva_00455b33
0x455b42	0	boundary_rva_00455b42
0x45657f	0	boundary_rva_0045657f
0x456a3e	0	boundary_rva_00456a3e
0x4571fb	0	boundary_rva_004571fb
0x45733e	0	boundary_rva_0045733e
0x4586ee	0	boundary_rva_004586ee
0x458841	0	boundary_rva_00458841
0x458a88	0	boundary_rva_00458a88
0x4598e1	0	boundary_rva_004598e1
0x459c58	0	boundary_rva_00459c58
0x45b4c0	0	boundary_rva_0045b4c0
0x45b4e2	0	boundary_rva_0045b4e2
0x45c01e	0	boundary_rva_0045c01e
0x45d200	0	boundary_rva_0045d200
0x45f393	0	boundary_rva_0045f393
0x45f45f	0	boundary_rva_0045f45f
0x45f46a	0	boundary_rva_0045f46a
0x45fdf3	0	boundary_rva_0045fdf3
0x4601cc	0	boundary_rva_004601cc
0x460aac	0	boundary_rva_00460aac
0x460ad3	0	boundary_rva_00460ad3
0x461284	0	boundary_rva_00461284
0x46132f	0	boundary_rva_0046132f
0x461f12	0	boundary_rva_00461f12
0x462213	0	boundary_rva_00462213
0x4624c1	0	boundary_rva_004624c1
0x4624e3	0	boundary_rva_004624e3
0x4624eb	0	boundary_rva_004624eb
0x462579	0	boundary_rva_00462579
0x46261b	0	boundary_rva_0046261b
0x4626af	0	boundary_rva_004626af
0x4626ca	0	boundary_rva_004626ca
0x462735	0	boundary_rva_00462735
0x4628ab	0	boundary_rva_004628ab
0x462955	0	boundary_rva_00462955
0x462b93	0	boundary_rva_00462b93
0x462bff	0	boundary_rva_00462bff
0x46322c	0	boundary_rva_0046322c
0x463291	0	boundary_rva_00463291
0x4632e0	0	boundary_rva_004632e0
0x4639d5	0	boundary_rva_004639d5
0x4647d8	0	boundary_rva_004647d8
0x4647f0	0	boundary_rva_004647f0
0x46480a	0	boundary_rva_0046480a
0x46481d	0	boundary_rva_0046481d
0x465078	0	boundary_rva_00465078
0x466457	0	boundary_rva_00466457
0x46646e	0	boundary_rva_0046646e
0x4664bb	0	boundary_rva_004664bb
0x4664e1	0	boundary_rva_004664e1
0x466504	0	boundary_rva_00466504
0x46651c	0	boundary_rva_0046651c
0x466534	0	boundary_rva_00466534
0x4666c9	0	boundary_rva_004666c9
0x466724	0	boundary_rva_00466724
0x466780	0	boundary_rva_00466780
0x4667d1	0	boundary_rva_004667d1
0x466977	0	boundary_rva_00466977
0x466da9	0	boundary_rva_00466da9
0x466e05	0	boundary_rva_00466e05
0x466e0a	0	boundary_rva_00466e0a
0x466e58	0	boundary_rva_00466e58
0x4673c0	0	boundary_rva_004673c0
0x467de6	0	boundary_rva_00467de6
0x467f33	0	boundary_rva_00467f33
0x468a46	0	boundary_rva_00468a46
0x468a6c	0	boundary_rva_00468a6c
0x468aac	0	boundary_rva_00468aac
0x468c37	0	boundary_rva_00468c37
0x468c7b	0	boundary_rva_00468c7b
0x468ca3	0	boundary_rva_00468ca3
0x468d11	0	boundary_rva_00468d11
0x468d2c	0	boundary_rva_00468d2c
0x468d47	0	boundary_rva_00468d47
0x468d7d	0	boundary_rva_00468d7d
0x468f68	0	boundary_rva_00468f68
0x468f9f	0	boundary_rva_00468f9f
0x469602	0	boundary_rva_00469602
0x469626	0	boundary_rva_00469626
0x469647	0	boundary_rva_00469647
0x4696cd	0	boundary_rva_004696cd
0x46970d	0	boundary_rva_0046970d
0x46979b	0	boundary_rva_0046979b
0x4697a8	0	boundary_rva_004697a8
0x4697cd	0	boundary_rva_004697cd
0x46981c	0	boundary_rva_0046981c
0x469851	0	boundary_rva_00469851
0x4698bc	0	boundary_rva_004698bc
0x4698d6	0	boundary_rva_004698d6
0x4698e2	0	boundary_rva_004698e2
0x469f2f	0	boundary_rva_00469f2f
0x46aab8	0	boundary_rva_0046aab8
0x46c4c0	0	boundary_rva_0046c4c0
0x46c65c	0	boundary_rva_0046c65c
0x46c71e	0	boundary_rva_0046c71e
0x46d372	0	boundary_rva_0046d372
0x46e2bc	0	boundary_rva_0046e2bc
0x46e697	0	boundary_rva_0046e697
0x46f7b9	0	boundary_rva_0046f7b9
0x46f7c9	0	boundary_rva_0046f7c9
0x46f7ff	0	boundary_rva_0046f7ff
0x46f8a5	0	boundary_rva_0046f8a5
0x46f8b2	0	boundary_rva_0046f8b2
0x46f8cd	0	boundary_rva_0046f8cd
0x46f8da	0	boundary_rva_0046f8da
0x46f8e7	0	boundary_rva_0046f8e7
0x46f8f4	0	boundary_rva_0046f8f4
0x472c8e	0	boundary_rva_00472c8e
0x47306e	0	boundary_rva_0047306e
0x474142	0	boundary_rva_00474142
0x4766aa	0	boundary_rva_004766aa
0x4766be	0	boundary_rva_004766be
0x4766c3	0	boundary_rva_004766c3
0x4766e3	0	boundary_rva_004766e3
0x476749	0	boundary_rva_00476749
0x47680e	0	boundary_rva_0047680e
0x47710b	0	boundary_rva_0047710b
0x477121	0	boundary_rva_00477121
0x4772b8	0	boundary_rva_004772b8
0x4773d6	0	boundary_rva_004773d6
0x4783dc	0	boundary_rva_004783dc
0x478699	0	boundary_rva_00478699
0x47876a	0	boundary_rva_0047876a
0x479b0a	0	boundary_rva_00479b0a
0x479bc5	0	boundary_rva_00479bc5
0x479bca	0	boundary_rva_00479bca
0x479bdd	0	boundary_rva_00479bdd
0x479bf3	0	boundary_rva_00479bf3
0x479c0c	0	boundary_rva_00479c0c
0x479c2a	0	boundary_rva_00479c2a
0x479cd9	0	boundary_rva_00479cd9
0x479d6d	0	boundary_rva_00479d6d
0x479f29	0	boundary_rva_00479f29
0x479f62	0	boundary_rva_00479f62
0x479f9b	0	boundary_rva_00479f9b
0x47a69f	0	boundary_rva_0047a69f
0x47b2fb	0	boundary_rva_0047b2fb
0x47b9ad	0	boundary_rva_0047b9ad
0x47bae7	0	boundary_rva_0047bae7
0x47c018	0	boundary_rva_0047c018
0x47c07f	0	boundary_rva_0047c07f
0x47c2f2	0	boundary_rva_0047c2f2
0x47ca15	0	boundary_rva_0047ca15
0x47ca1a	0	boundary_rva_0047ca1a
0x47ca2d	0	boundary_rva_0047ca2d
0x47cadb	0	boundary_rva_0047cadb
0x47d087	0	boundary_rva_0047d087
0x47d33a	0	boundary_rva_0047d33a
0x47db95	0	boundary_rva_0047db95
0x47dc75	0	boundary_rva_0047dc75
0x47dd0f	0	boundary_rva_0047dd0f
0x47dda2	0	boundary_rva_0047dda2
0x47ddd9	0	boundary_rva_0047ddd9
0x47ddff	0	boundary_rva_0047ddff
0x47de12	0	boundary_rva_0047de12
0x47dfd9	0	boundary_rva_0047dfd9
0x47e00f	0	boundary_rva_0047e00f
0x47e017	0	boundary_rva_0047e017
0x47e32b	0	boundary_rva_0047e32b
0x47e330	0	boundary_rva_0047e330
0x47e335	0	boundary_rva_0047e335
0x47e33a	0	boundary_rva_0047e33a
0x47e344	0	boundary_rva_0047e344
0x47e38f	0	boundary_rva_0047e38f
0x47e39a	0	boundary_rva_0047e39a
0x47e4ee	0	boundary_rva_0047e4ee
0x47e520	0	boundary_rva_0047e520
0x47ea26	0	boundary_rva_0047ea26
0x47ec69	0	boundary_rva_0047ec69
0x47ff6b	0	boundary_rva_0047ff6b
0x480281	0	boundary_rva_00480281
0x480471	0	boundary_rva_00480471
0x480584	0	boundary_rva_00480584
0x4806d3	0	boundary_rva_004806d3
0x4807c7	0	boundary_rva_004807c7
0x480fe2	0	boundary_rva_00480fe2
0x481279	0	boundary_rva_00481279
0x4812b4	0	boundary_rva_004812b4
0x481832	0	boundary_rva_00481832
0x481837	0	boundary_rva_00481837
0x48195f	0	boundary_rva_0048195f
0x481a6e	0	boundary_rva_00481a6e
0x482134	0	boundary_rva_00482134
0x482152	0	boundary_rva_00482152
0x482bb9	0	boundary_rva_00482bb9
0x4830fb	0	boundary_rva_004830fb
0x483322	0	boundary_rva_00483322
0x4835b4	0	boundary_rva_004835b4
0x4835fb	0	boundary_rva_004835fb
0x483645	0	boundary_rva_00483645
0x4839f9	0	boundary_rva_004839f9
0x483b10	0	boundary_rva_00483b10
0x483ba3	0	boundary_rva_00483ba3
0x483c69	0	boundary_rva_00483c69
0x483cef	0	boundary_rva_00483cef
0x484365	0	boundary_rva_00484365
0x484673	0	boundary_rva_00484673
0x4847a9	0	boundary_rva_004847a9
0x4848e6	0	boundary_rva_004848e6
0x484b6b	0	boundary_rva_00484b6b
0x484c58	0	boundary_rva_00484c58
0x4851ad	0	boundary_rva_004851ad
0x4851c7	0	boundary_rva_004851c7
0x485ef6	0	boundary_rva_00485ef6
0x4860e9	0	boundary_rva_004860e9
0x486554	0	boundary_rva_00486554
0x486b38	0	boundary_rva_00486b38
0x486c00	0	boundary_rva_00486c00
0x48707a	0	boundary_rva_0048707a
0x4874f4	0	boundary_rva_004874f4
0x4885b8	0	boundary_rva_004885b8
0x48872d	0	boundary_rva_0048872d
0x4888f8	0	boundary_rva_004888f8
0x48893c	0	boundary_rva_0048893c
0x488988	0	boundary_rva_00488988
0x48899d	0	boundary_rva_0048899d
0x488b1a	0	boundary_rva_00488b1a
0x488bbd	0	boundary_rva_00488bbd
0x488bfa	0	boundary_rva_00488bfa
0x488cc4	0	boundary_rva_00488cc4
0x48963c	0	boundary_rva_0048963c
0x489647	0	boundary_rva_00489647
0x4897bf	0	boundary_rva_004897bf
0x489800	0	boundary_rva_00489800
0x489895	0	boundary_rva_00489895
0x489dd1	0	boundary_rva_00489dd1
0x489eac	0	boundary_rva_00489eac
0x48ae8a	0	boundary_rva_0048ae8a
0x48e8f7	0	boundary_rva_0048e8f7
0x48ea0f	0	boundary_rva_0048ea0f
0x48ee8c	0	boundary_rva_0048ee8c
0x48f46d	0	boundary_rva_0048f46d
0x4901b5	0	boundary_rva_004901b5
0x4905d1	0	boundary_rva_004905d1
0x490628	0	boundary_rva_00490628
0x490f35	0	boundary_rva_00490f35
0x49226c	0	boundary_rva_0049226c
0x49251d	0	boundary_rva_0049251d
0x492543	0	boundary_rva_00492543
0x4925db	0	boundary_rva_004925db
0x4927d0	0	boundary_rva_004927d0
0x492930	0	boundary_rva_00492930
0x492e79	0	boundary_rva_00492e79
0x49323d	0	boundary_rva_0049323d
0x493b1e	0	boundary_rva_00493b1e
0x494591	0	boundary_rva_00494591
0x494a2a	0	boundary_rva_00494a2a
0x494abe	0	boundary_rva_00494abe
0x494ac6	0	boundary_rva_00494ac6
0x494e21	0	boundary_rva_00494e21
0x494e48	0	boundary_rva_00494e48
0x494e4d	0	boundary_rva_00494e4d
0x494e52	0	boundary_rva_00494e52
0x495c6e	0	boundary_rva_00495c6e
0x497969	0	boundary_rva_00497969
0x49861a	0	boundary_rva_0049861a
0x49884f	0	boundary_rva_0049884f
0x498baf	0	boundary_rva_00498baf
0x498cac	0	boundary_rva_00498cac
0x499475	0	boundary_rva_00499475
0x499d18	0	boundary_rva_00499d18
0x49a6c7	0	boundary_rva_0049a6c7
0x49a6d7	0	boundary_rva_0049a6d7
0x49a7ee	0	boundary_rva_0049a7ee
0x49a8a1	0	boundary_rva_0049a8a1
0x49a973	0	boundary_rva_0049a973
0x49accb	0	boundary_rva_0049accb
0x49ae07	0	boundary_rva_0049ae07
0x49b1cb	0	boundary_rva_0049b1cb
0x49b231	0	boundary_rva_0049b231
0x49b51e	0	boundary_rva_0049b51e
0x49b621	0	boundary_rva_0049b621
0x49b648	0	boundary_rva_0049b648
0x49bba3	0	boundary_rva_0049bba3
0x49c022	0	boundary_rva_0049c022
0x49c049	0	boundary_rva_0049c049
0x49c553	0	boundary_rva_0049c553
0x49cc15	0	boundary_rva_0049cc15
0x49cc36	0	boundary_rva_0049cc36
0x49cc61	0	boundary_rva_0049cc61
0x49cc9d	0	boundary_rva_0049cc9d
0x49ce28	0	boundary_rva_0049ce28
0x49ce63	0	boundary_rva_0049ce63
0x49ceae	0	boundary_rva_0049ceae
0x49cee1	0	boundary_rva_0049cee1
0x49cfa9	0	boundary_rva_0049cfa9
0x49cfcd	0	boundary_rva_0049cfcd
0x49d0de	0	boundary_rva_0049d0de
0x49df62	0	boundary_rva_0049df62
0x49e142	0	boundary_rva_0049e142
0x49e14c	0	boundary_rva_0049e14c
0x49e1a3	0	boundary_rva_0049e1a3
0x49f8a9	0	boundary_rva_0049f8a9
0x49ffa0	0	boundary_rva_0049ffa0
0x4a051b	0	boundary_rva_004a051b
0x4a0d5f	0	boundary_rva_004a0d5f
0x4a0e47	0	boundary_rva_004a0e47
0x4a13ea	0	boundary_rva_004a13ea
0x4a17c1	0	boundary_rva_004a17c1
0x4a1950	0	boundary_rva_004a1950
0x4a1bfd	0	boundary_rva_004a1bfd
0x4a1c05	0	boundary_rva_004a1c05
0x4a1c59	0	boundary_rva_004a1c59
0x4a33e0	0	boundary_rva_004a33e0
0x4a350b	0	boundary_rva_004a350b
0x4a3532	0	boundary_rva_004a3532
0x4a3877	0	boundary_rva_004a3877
0x4a38bf	0	boundary_rva_004a38bf
0x4a3a09	0	boundary_rva_004a3a09
0x4a3b95	0	boundary_rva_004a3b95
0x4a466e	0	boundary_rva_004a466e
0x4a4d98	0	boundary_rva_004a4d98
0x4a5e5b	0	boundary_rva_004a5e5b
0x4a6a44	0	boundary_rva_004a6a44
0x4a6a81	0	boundary_rva_004a6a81
0x4a6ab5	0	boundary_rva_004a6ab5
0x4a6adb	0	boundary_rva_004a6adb
0x4a6b06	0	boundary_rva_004a6b06
0x4a6be7	0	boundary_rva_004a6be7
0x4a6c30	0	boundary_rva_004a6c30
0x4a6c6a	0	boundary_rva_004a6c6a
0x4a6e33	0	boundary_rva_004a6e33
0x4a7003	0	boundary_rva_004a7003
0x4a7691	0	boundary_rva_004a7691
0x4a7732	0	boundary_rva_004a7732
0x4a800d	0	boundary_rva_004a800d
0x4a878f	0	boundary_rva_004a878f
0x4a9617	0	boundary_rva_004a9617
0x4a9660	0	boundary_rva_004a9660
0x4a973b	0	boundary_rva_004a973b
0x4a9748	0	boundary_rva_004a9748
0x4a9755	0	boundary_rva_004a9755
0x4a9762	0	boundary_rva_004a9762
0x4a976f	0	boundary_rva_004a976f
0x4a9774	0	boundary_rva_004a9774
0x4a979f	0	boundary_rva_004a979f
0x4a97d3	0	boundary_rva_004a97d3
0x4a9838	0	boundary_rva_004a9838
0x4a9875	0	boundary_rva_004a9875
0x4a98ac	0	boundary_rva_004a98ac
0x4a99bb	0	boundary_rva_004a99bb
0x4a9b51	0	boundary_rva_004a9b51
0x4a9b60	0	boundary_rva_004a9b60
0x4a9b6f	0	boundary_rva_004a9b6f
0x4a9bb7	0	boundary_rva_004a9bb7
0x4aa3a0	0	boundary_rva_004aa3a0
0x4aa92b	0	boundary_rva_004aa92b
0x4aaa09	0	boundary_rva_004aaa09
0x4aaa87	0	boundary_rva_004aaa87
0x4aab73	0	boundary_rva_004aab73
0x4aad5e	0	boundary_rva_004aad5e
0x4ab050	0	boundary_rva_004ab050
0x4ab3ae	0	boundary_rva_004ab3ae
0x4ab3eb	0	boundary_rva_004ab3eb
0x4ab4d8	0	boundary_rva_004ab4d8
0x4ab88f	0	boundary_rva_004ab88f
0x4ab9d5	0	boundary_rva_004ab9d5
0x4aba71	0	boundary_rva_004aba71
0x4aba79	0	boundary_rva_004aba79
0x4aba81	0	boundary_rva_004aba81
0x4aba93	0	boundary_rva_004aba93
0x4ababc	0	boundary_rva_004ababc
0x4abacb	0	boundary_rva_004abacb
0x4abb37	0	boundary_rva_004abb37
0x4abb46	0	boundary_rva_004abb46
0x4abe53	0	boundary_rva_004abe53
0x4ac135	0	boundary_rva_004ac135
0x4ac84b	0	boundary_rva_004ac84b
0x4acbb3	0	boundary_rva_004acbb3
0x4ad9a6	0	boundary_rva_004ad9a6
0x4adbd7	0	boundary_rva_004adbd7
0x4ae2d0	0	boundary_rva_004ae2d0
0x4ae972	0	boundary_rva_004ae972
0x4b01e6	0	boundary_rva_004b01e6
0x4b0303	0	boundary_rva_004b0303
0x4b0414	0	boundary_rva_004b0414
0x4b0d28	0	boundary_rva_004b0d28
0x4b0fb9	0	boundary_rva_004b0fb9
0x4b2761	0	boundary_rva_004b2761
0x4b33eb	0	boundary_rva_004b33eb
0x4b34b5	0	boundary_rva_004b34b5
0x4b3575	0	boundary_rva_004b3575
0x4b3e7f	0	boundary_rva_004b3e7f
0x4b3f58	0	boundary_rva_004b3f58
0x4b3f7b	0	boundary_rva_004b3f7b
0x4b3fed	0	boundary_rva_004b3fed
0x4b403a	0	boundary_rva_004b403a
0x4b4075	0	boundary_rva_004b4075
0x4b4106	0	boundary_rva_004b4106
0x4b471f	0	boundary_rva_004b471f
0x4b4828	0	boundary_rva_004b4828
0x4b4aff	0	boundary_rva_004b4aff
0x4b4b7c	0	boundary_rva_004b4b7c
0x4b4c7b	0	boundary_rva_004b4c7b
0x4b4cad	0	boundary_rva_004b4cad
0x4b53c5	0	boundary_rva_004b53c5
0x4b53d2	0	boundary_rva_004b53d2
0x4b54d9	0	boundary_rva_004b54d9
0x4b54e9	0	boundary_rva_004b54e9
0x4b5574	0	boundary_rva_004b5574
0x4b5680	0	boundary_rva_004b5680
0x4b5886	0	boundary_rva_004b5886
0x4b58ff	0	boundary_rva_004b58ff
0x4b59af	0	boundary_rva_004b59af
0x4b5b82	0	boundary_rva_004b5b82
0x4b5ddc	0	boundary_rva_004b5ddc
0x4b6213	0	boundary_rva_004b6213
0x4b6236	0	boundary_rva_004b6236
0x4b6357	0	boundary_rva_004b6357
0x4b638a	0	boundary_rva_004b638a
0x4b6532	0	boundary_rva_004b6532
0x4b65a5	0	boundary_rva_004b65a5
0x4b70f0	0	boundary_rva_004b70f0
0x4b7e19	0	boundary_rva_004b7e19
0x4b7e2d	0	boundary_rva_004b7e2d
0x4b8484	0	boundary_rva_004b8484
0x4b8510	0	boundary_rva_004b8510
0x4b8518	0	boundary_rva_004b8518
0x4b8b41	0	boundary_rva_004b8b41
0x4b8cc9	0	boundary_rva_004b8cc9
0x4b8e2b	0	boundary_rva_004b8e2b
0x4b8f22	0	boundary_rva_004b8f22
0x4b96c4	0	boundary_rva_004b96c4
0x4b98c6	0	boundary_rva_004b98c6
0x4b9910	0	boundary_rva_004b9910
0x4b9c46	0	boundary_rva_004b9c46
0x4bc0b8	0	boundary_rva_004bc0b8
0x4bc51b	0	boundary_rva_004bc51b
0x4bc56d	0	boundary_rva_004bc56d
0x4bcef0	0	boundary_rva_004bcef0
0x4bd77c	0	boundary_rva_004bd77c
0x4bd7d4	0	boundary_rva_004bd7d4
0x4bd92c	0	boundary_rva_004bd92c
0x4bda0c	0	boundary_rva_004bda0c
0x4bdaa9	0	boundary_rva_004bdaa9
0x4bdb85	0	boundary_rva_004bdb85
0x4bdc56	0	boundary_rva_004bdc56
0x4bdce2	0	boundary_rva_004bdce2
0x4bf897	0	boundary_rva_004bf897
0x4bf8ac	0	boundary_rva_004bf8ac
0x4bf8b7	0	boundary_rva_004bf8b7
0x4bf8df	0	boundary_rva_004bf8df
0x4bf8f5	0	boundary_rva_004bf8f5
0x4bf911	0	boundary_rva_004bf911
0x4bf930	0	boundary_rva_004bf930
0x4c0a6b	0	boundary_rva_004c0a6b
0x4c0b60	0	boundary_rva_004c0b60
0x4c1170	0	boundary_rva_004c1170
0x4c193c	0	boundary_rva_004c193c
0x4c1bd4	0	boundary_rva_004c1bd4
0x4c1c29	0	boundary_rva_004c1c29
0x4c1c53	0	boundary_rva_004c1c53
0x4c1c68	0	boundary_rva_004c1c68
0x4c1c75	0	boundary_rva_004c1c75
0x4c1f71	0	boundary_rva_004c1f71
0x4c202f	0	boundary_rva_004c202f
0x4c2127	0	boundary_rva_004c2127
0x4c236a	0	boundary_rva_004c236a
0x4c2419	0	boundary_rva_004c2419
0x4c2f6a	0	boundary_rva_004c2f6a
0x4c31ec	0	boundary_rva_004c31ec
0x4c38b3	0	boundary_rva_004c38b3
0x4c38d0	0	boundary_rva_004c38d0
0x4c405d	0	boundary_rva_004c405d
0x4c4069	0	boundary_rva_004c4069
0x4c5551	0	boundary_rva_004c5551
0x4c55b2	0	boundary_rva_004c55b2
0x4c5751	0	boundary_rva_004c5751
0x4c575f	0	boundary_rva_004c575f
0x4c5e41	0	boundary_rva_004c5e41
0x4c64ee	0	boundary_rva_004c64ee
0x4c69fa	0	boundary_rva_004c69fa
0x4c6b7b	0	boundary_rva_004c6b7b
0x4c6e06	0	boundary_rva_004c6e06
0x4c8155	0	boundary_rva_004c8155
0x4c8175	0	boundary_rva_004c8175
0x4c8198	0	boundary_rva_004c8198
0x4c822c	0	boundary_rva_004c822c
0x4c82d1	0	boundary_rva_004c82d1
0x4c856f	0	boundary_rva_004c856f
0x4c875e	0	boundary_rva_004c875e
0x4c89cb	0	boundary_rva_004c89cb
0x4c8a2f	0	boundary_rva_004c8a2f
0x4c8ab5	0	boundary_rva_004c8ab5
0x4c8e83	0	boundary_rva_004c8e83
0x4c9053	0	boundary_rva_004c9053
0x4c9593	0	boundary_rva_004c9593
0x4c9a51	0	boundary_rva_004c9a51
0x4c9a82	0	boundary_rva_004c9a82
0x4c9e1f	0	boundary_rva_004c9e1f
0x4c9e33	0	boundary_rva_004c9e33
0x4c9e48	0	boundary_rva_004c9e48
0x4cab3d	0	boundary_rva_004cab3d
0x4cab8b	0	boundary_rva_004cab8b
0x4cabcd	0	boundary_rva_004cabcd
0x4cac2f	0	boundary_rva_004cac2f
0x4cac4b	0	boundary_rva_004cac4b
0x4cac9c	0	boundary_rva_004cac9c
0x4cb104	0	boundary_rva_004cb104
0x4cb51c	0	boundary_rva_004cb51c
0x4cbbd3	0	boundary_rva_004cbbd3
0x4cc06c	0	boundary_rva_004cc06c
0x4cc07b	0	boundary_rva_004cc07b
0x4cc08d	0	boundary_rva_004cc08d
0x4cc882	0	boundary_rva_004cc882
0x4cdbe1	0	boundary_rva_004cdbe1
0x4cdf00	0	boundary_rva_004cdf00
0x4cdf1d	0	boundary_rva_004cdf1d
0x4cdfeb	0	boundary_rva_004cdfeb
0x4ce18a	0	boundary_rva_004ce18a
0x4ce270	0	boundary_rva_004ce270
0x4ce27c	0	boundary_rva_004ce27c
0x4ce4b0	0	boundary_rva_004ce4b0
0x4cee7f	0	boundary_rva_004cee7f
0x4ceea6	0	boundary_rva_004ceea6
0x4d1b00	0	boundary_rva_004d1b00
0x4d1d32	0	boundary_rva_004d1d32
0x4d3c8b	0	boundary_rva_004d3c8b
0x4d7395	0	boundary_rva_004d7395
0x4d7ef9	0	boundary_rva_004d7ef9
0x4d7f36	0	boundary_rva_004d7f36
0x4d7f69	0	boundary_rva_004d7f69
0x4d7f9c	0	boundary_rva_004d7f9c
0x4d84d2	0	boundary_rva_004d84d2
0x4d8717	0	boundary_rva_004d8717
0x4d88f6	0	boundary_rva_004d88f6
0x4d8935	0	boundary_rva_004d8935
0x4d8b3f	0	boundary_rva_004d8b3f
0x4d8d25	0	boundary_rva_004d8d25
0x4d8d7f	0	boundary_rva_004d8d7f
0x4ded3b	0	boundary_rva_004ded3b
0x4df396	0	boundary_rva_004df396
0x4df84f	0	boundary_rva_004df84f
0x4df897	0	boundary_rva_004df897
0x4df8c2	0	boundary_rva_004df8c2
0x4e06b8	0	boundary_rva_004e06b8
0x4e14a5	0	boundary_rva_004e14a5
0x4e14bc	0	boundary_rva_004e14bc
0x4e19e7	0	boundary_rva_004e19e7
0x4e4745	0	boundary_rva_004e4745
0x4e55b9	0	boundary_rva_004e55b9
0x4e56eb	0	boundary_rva_004e56eb
0x4e59f4	0	boundary_rva_004e59f4
0x4e6882	0	boundary_rva_004e6882
0x4e6b7d	0	boundary_rva_004e6b7d
0x4e725f	0	boundary_rva_004e725f
0x4e845f	0	boundary_rva_004e845f
0x4e846a	0	boundary_rva_004e846a
0x4e8620	0	boundary_rva_004e8620
0x4e9fb2	0	boundary_rva_004e9fb2
0x4ea01d	0	boundary_rva_004ea01d
0x4ea418	0	boundary_rva_004ea418
0x4eabc7	0	boundary_rva_004eabc7
0x4eba96	0	boundary_rva_004eba96
0x4ee113	0	boundary_rva_004ee113
0x4ef2ab	0	boundary_rva_004ef2ab
0x4ef2fa	0	boundary_rva_004ef2fa
0x4ef309	0	boundary_rva_004ef309
0x4ef455	0	boundary_rva_004ef455
0x4ef45a	0	boundary_rva_004ef45a
0x4ef45f	0	boundary_rva_004ef45f
0x4ef49c	0	boundary_rva_004ef49c
0x4ef4b7	0	boundary_rva_004ef4b7
0x4ef4bc	0	boundary_rva_004ef4bc
0x4ef520	0	boundary_rva_004ef520
0x4ef525	0	boundary_rva_004ef525
0x4ef52a	0	boundary_rva_004ef52a
0x4ef73a	0	boundary_rva_004ef73a
0x4efdab	0	boundary_rva_004efdab
0x4f2f66	0	boundary_rva_004f2f66
0x4f5391	0	boundary_rva_004f5391
0x4f81fc	0	boundary_rva_004f81fc
0x4f87aa	0	boundary_rva_004f87aa
0x4f87b7	0	boundary_rva_004f87b7
0x4f9630	0	boundary_rva_004f9630
0x4fa5b8	0	boundary_rva_004fa5b8
0x4fa5d4	0	boundary_rva_004fa5d4
0x4fa5e4	0	boundary_rva_004fa5e4
0x4fa66c	0	boundary_rva_004fa66c
0x4fa686	0	boundary_rva_004fa686
0x4fac99	0	boundary_rva_004fac99
0x4fb128	0	boundary_rva_004fb128
0x4fbffd	0	boundary_rva_004fbffd
0x4fc23e	0	boundary_rva_004fc23e
0x4fcb23	0	boundary_rva_004fcb23
0x4fdc73	0	boundary_rva_004fdc73
0x4fdc78	0	boundary_rva_004fdc78
0x4ff363	0	boundary_rva_004ff363
0x5011aa	0	boundary_rva_005011aa
0x506b3b	0	boundary_rva_00506b3b
0x506bdc	0	boundary_rva_00506bdc
0x507943	0	boundary_rva_00507943
0x50797d	0	boundary_rva_0050797d
0x5086ce	0	boundary_rva_005086ce
0x508925	0	boundary_rva_00508925
0x508b9e	0	boundary_rva_00508b9e
0x508c46	0	boundary_rva_00508c46
0x508f0c	0	boundary_rva_00508f0c
0x508f1e	0	boundary_rva_00508f1e
0x5091d6	0	boundary_rva_005091d6
0x5092d4	0	boundary_rva_005092d4
0x509367	0	boundary_rva_00509367
0x50959c	0	boundary_rva_0050959c
0x50962b	0	boundary_rva_0050962b
0x50965a	0	boundary_rva_0050965a
0x5096ff	0	boundary_rva_005096ff
0x509720	0	boundary_rva_00509720
0x509df8	0	boundary_rva_00509df8
0x50a98f	0	boundary_rva_0050a98f
0x50ac09	0	boundary_rva_0050ac09
0x50b16f	0	boundary_rva_0050b16f
0x50b32d	0	boundary_rva_0050b32d
0x50b391	0	boundary_rva_0050b391
0x50b4e2	0	boundary_rva_0050b4e2
0x50b745	0	boundary_rva_0050b745
0x50b928	0	boundary_rva_0050b928
0x50b92d	0	boundary_rva_0050b92d
0x50b95b	0	boundary_rva_0050b95b
0x50b97b	0	boundary_rva_0050b97b
0x50bbcc	0	boundary_rva_0050bbcc
0x50bd7c	0	boundary_rva_0050bd7c
0x50bdd5	0	boundary_rva_0050bdd5
0x50dbaa	0	boundary_rva_0050dbaa
0x50eab9	0	boundary_rva_0050eab9
0x50eac1	0	boundary_rva_0050eac1
0x50eb02	0	boundary_rva_0050eb02
0x50f65b	0	boundary_rva_0050f65b
0x5101c0	0	boundary_rva_005101c0
0x5105b3	0	boundary_rva_005105b3
0x510d8d	0	boundary_rva_00510d8d
0x5114c6	0	boundary_rva_005114c6
0x5117b7	0	boundary_rva_005117b7
0x511826	0	boundary_rva_00511826
0x5125e2	0	boundary_rva_005125e2
0x5126ea	0	boundary_rva_005126ea
0x5127f3	0	boundary_rva_005127f3
0x512911	0	boundary_rva_00512911
0x512ed2	0	boundary_rva_00512ed2
0x513838	0	boundary_rva_00513838
0x513cd4	0	boundary_rva_00513cd4
0x51483c	0	boundary_rva_0051483c
0x514878	0	boundary_rva_00514878
0x514ea0	0	boundary_rva_00514ea0
0x514f23	0	boundary_rva_00514f23
0x516e4e	0	boundary_rva_00516e4e
0x516ea7	0	boundary_rva_00516ea7
0x517364	0	boundary_rva_00517364
0x5174d9	0	boundary_rva_005174d9
0x5174e4	0	boundary_rva_005174e4
0x518557	0	boundary_rva_00518557
0x518892	0	boundary_rva_00518892
0x51b125	0	boundary_rva_0051b125
0x51b35e	0	boundary_rva_0051b35e
0x51bf2d	0	boundary_rva_0051bf2d
0x51cc82	0	boundary_rva_0051cc82
0x51e2fb	0	boundary_rva_0051e2fb
0x51e766	0	boundary_rva_0051e766
0x5204e4	0	boundary_rva_005204e4
0x521111	0	boundary_rva_00521111
0x521116	0	boundary_rva_00521116
0x521255	0	boundary_rva_00521255
0x5216cb	0	boundary_rva_005216cb
0x5216db	0	boundary_rva_005216db
0x5216ed	0	boundary_rva_005216ed
0x5216fd	0	boundary_rva_005216fd
0x52170d	0	boundary_rva_0052170d
0x521720	0	boundary_rva_00521720
0x52180e	0	boundary_rva_0052180e
0x521ab2	0	boundary_rva_00521ab2
0x521abd	0	boundary_rva_00521abd
0x521ac8	0	boundary_rva_00521ac8
0x521b48	0	boundary_rva_00521b48
0x5223d7	0	boundary_rva_005223d7
0x523178	0	boundary_rva_00523178
0x5237fe	0	boundary_rva_005237fe
0x524ae2	0	boundary_rva_00524ae2
0x524cc1	0	boundary_rva_00524cc1
0x52586b	0	boundary_rva_0052586b
0x525886	0	boundary_rva_00525886
0x5259b1	0	boundary_rva_005259b1
0x526342	0	boundary_rva_00526342
0x527111	0	boundary_rva_00527111
0x5277ba	0	boundary_rva_005277ba
0x5277cf	0	boundary_rva_005277cf
0x528281	0	boundary_rva_00528281
0x528f03	0	boundary_rva_00528f03
0x52a36a	0	boundary_rva_0052a36a
0x52a621	0	boundary_rva_0052a621
0x52a652	0	boundary_rva_0052a652
0x52af88	0	boundary_rva_0052af88
0x52b488	0	boundary_rva_0052b488
0x52b48d	0	boundary_rva_0052b48d
0x52b492	0	boundary_rva_0052b492
0x52b58f	0	boundary_rva_0052b58f
0x52b668	0	boundary_rva_0052b668
0x52d843	0	boundary_rva_0052d843
0x531fbe	0	boundary_rva_00531fbe
0x5328b2	0	boundary_rva_005328b2
0x535087	0	boundary_rva_00535087
0x538b07	0	boundary_rva_00538b07
0x538b48	0	boundary_rva_00538b48
0x539611	0	boundary_rva_00539611
0x5397d3	0	boundary_rva_005397d3
0x53da53	0	boundary_rva_0053da53
0x53da64	0	boundary_rva_0053da64
0x53ec3a	0	boundary_rva_0053ec3a
0x53ec7d	0	boundary_rva_0053ec7d
0x53ecac	0	boundary_rva_0053ecac
0x53ecd1	0	boundary_rva_0053ecd1
0x53ed70	0	boundary_rva_0053ed70
0x540131	0	boundary_rva_00540131
0x540be4	0	boundary_rva_00540be4
0x5411a3	0	boundary_rva_005411a3
0x541f02	0	boundary_rva_00541f02
0x541f11	0	boundary_rva_00541f11
0x542d88	0	boundary_rva_00542d88
0x5441af	0	boundary_rva_005441af
0x54420a	0	boundary_rva_0054420a
0x544218	0	boundary_rva_00544218
0x54428b	0	boundary_rva_0054428b
0x544425	0	boundary_rva_00544425
0x544670	0	boundary_rva_00544670
0x5450b5	0	boundary_rva_005450b5
0x5451f3	0	boundary_rva_005451f3
0x545222	0	boundary_rva_00545222
0x5452cb	0	boundary_rva_005452cb
0x545b72	0	boundary_rva_00545b72
0x545caa	0	boundary_rva_00545caa
0x545caf	0	boundary_rva_00545caf
0x54632d	0	boundary_rva_0054632d
0x5464ce	0	boundary_rva_005464ce
0x5465e5	0	boundary_rva_005465e5
0x54665b	0	boundary_rva_0054665b
0x54675d	0	boundary_rva_0054675d
0x54684e	0	boundary_rva_0054684e
0x5468ab	0	boundary_rva_005468ab
0x5468bb	0	boundary_rva_005468bb
0x54691c	0	boundary_rva_0054691c
0x546ac0	0	boundary_rva_00546ac0
0x546b34	0	boundary_rva_00546b34
0x546b6b	0	boundary_rva_00546b6b
0x546bc7	0	boundary_rva_00546bc7
0x546bed	0	boundary_rva_00546bed
0x546cb8	0	boundary_rva_00546cb8
0x546cef	0	boundary_rva_00546cef
0x546d56	0	boundary_rva_00546d56
0x546d7c	0	boundary_rva_00546d7c
0x546da5	0	boundary_rva_00546da5
0x546e2e	0	boundary_rva_00546e2e
0x546f6c	0	boundary_rva_00546f6c
0x546fa3	0	boundary_rva_00546fa3
0x547018	0	boundary_rva_00547018
0x54711a	0	boundary_rva_0054711a
0x54719d	0	boundary_rva_0054719d
0x5471a3	0	boundary_rva_005471a3
0x5471df	0	boundary_rva_005471df
0x5471e6	0	boundary_rva_005471e6
0x5472ad	0	boundary_rva_005472ad
0x5474b9	0	boundary_rva_005474b9
0x547aae	0	boundary_rva_00547aae
0x547ab4	0	boundary_rva_00547ab4
0x547ad4	0	boundary_rva_00547ad4
0x547b10	0	boundary_rva_00547b10
0x547b64	0	boundary_rva_00547b64
0x547bc5	0	boundary_rva_00547bc5
0x549c74	0	boundary_rva_00549c74
0x54b7fc	0	boundary_rva_0054b7fc
0x54b804	0	boundary_rva_0054b804
0x54d630	0	boundary_rva_0054d630
0x54e79d	0	boundary_rva_0054e79d
0x54e7ea	0	boundary_rva_0054e7ea
0x54f922	0	boundary_rva_0054f922
0x54f965	0	boundary_rva_0054f965
0x54f990	0	boundary_rva_0054f990
0x54fb78	0	boundary_rva_0054fb78
0x5504af	0	boundary_rva_005504af
0x55057d	0	boundary_rva_0055057d
0x550618	0	boundary_rva_00550618
0x550626	0	boundary_rva_00550626
0x5508f0	0	boundary_rva_005508f0
0x550904	0	boundary_rva_00550904
0x552027	0	boundary_rva_00552027
0x552c0f	0	boundary_rva_00552c0f
0x559480	0	boundary_rva_00559480
0x55954e	0	boundary_rva_0055954e
0x55961c	0	boundary_rva_0055961c
0x55b0b9	0	boundary_rva_0055b0b9
0x55b146	0	boundary_rva_0055b146
0x55b417	0	boundary_rva_0055b417
0x55ba3d	0	boundary_rva_0055ba3d
0x55bb5c	0	boundary_rva_0055bb5c
0x55bbae	0	boundary_rva_0055bbae
0x55c44f	0	boundary_rva_0055c44f
0x55cb45	0	boundary_rva_0055cb45
0x55d616	0	boundary_rva_0055d616
0x55d638	0	boundary_rva_0055d638
0x55db41	0	boundary_rva_0055db41
0x55e5f6	0	boundary_rva_0055e5f6
0x55e85c	0	boundary_rva_0055e85c
0x55ed34	0	boundary_rva_0055ed34
0x55f4ce	0	boundary_rva_0055f4ce
0x562ddb	0	boundary_rva_00562ddb
0x567720	0	boundary_rva_00567720
0x567793	0	boundary_rva_00567793
0x56799c	0	boundary_rva_0056799c
0x5679a4	0	boundary_rva_005679a4
0x567b10	0	boundary_rva_00567b10
0x567b42	0	boundary_rva_00567b42
0x567d96	0	boundary_rva_00567d96
0x567fbc	0	boundary_rva_00567fbc
0x5680d6	0	boundary_rva_005680d6
0x568bd5	0	boundary_rva_00568bd5
0x56a9a3	0	boundary_rva_0056a9a3
0x56a9c6	0	boundary_rva_0056a9c6
0x56a9cf	0	boundary_rva_0056a9cf
0x56a9de	0	boundary_rva_0056a9de
0x56a9ed	0	boundary_rva_0056a9ed
0x56a9f4	0	boundary_rva_0056a9f4
0x56aa10	0	boundary_rva_0056aa10
0x56aa22	0	boundary_rva_0056aa22
0x56aaa6	0	boundary_rva_0056aaa6
0x56aabf	0	boundary_rva_0056aabf
0x56ab09	0	boundary_rva_0056ab09
0x56ab25	0	boundary_rva_0056ab25
0x56ab88	0	boundary_rva_0056ab88
0x56abc0	0	boundary_rva_0056abc0
0x56abcb	0	boundary_rva_0056abcb
0x56abd6	0	boundary_rva_0056abd6
0x56ac7a	0	boundary_rva_0056ac7a
0x56ac94	0	boundary_rva_0056ac94
0x56acae	0	boundary_rva_0056acae
0x56acd7	0	boundary_rva_0056acd7
0x56acf1	0	boundary_rva_0056acf1
0x56acf7	0	boundary_rva_0056acf7
0x56ad11	0	boundary_rva_0056ad11
0x56ad71	0	boundary_rva_0056ad71
0x56ae26	0	boundary_rva_0056ae26
0x56b11e	0	boundary_rva_0056b11e
0x56b180	0	boundary_rva_0056b180
0x56b1ea	0	boundary_rva_0056b1ea
0x56b28e	0	boundary_rva_0056b28e
0x56b34e	0	boundary_rva_0056b34e
0x56b88a	0	boundary_rva_0056b88a
0x56b8d7	0	boundary_rva_0056b8d7
0x56b984	0	boundary_rva_0056b984
0x56b993	0	boundary_rva_0056b993
0x56b9f2	0	boundary_rva_0056b9f2
0x56db90	0	boundary_rva_0056db90
0x56ddc1	0	boundary_rva_0056ddc1
0x56de1f	0	boundary_rva_0056de1f
0x57166c	0	boundary_rva_0057166c
0x571c9d	0	boundary_rva_00571c9d
0x573e1a	0	boundary_rva_00573e1a
0x573e2b	0	boundary_rva_00573e2b
0x573e74	0	boundary_rva_00573e74
0x5742a1	0	boundary_rva_005742a1
0x57433d	0	boundary_rva_0057433d
0x574345	0	boundary_rva_00574345
0x574356	0	boundary_rva_00574356
0x574365	0	boundary_rva_00574365
0x574374	0	boundary_rva_00574374
0x574383	0	boundary_rva_00574383
0x57439a	0	boundary_rva_0057439a
0x5743d8	0	boundary_rva_005743d8
0x57440d	0	boundary_rva_0057440d
0x574423	0	boundary_rva_00574423
0x57444b	0	boundary_rva_0057444b
0x5747cc	0	boundary_rva_005747cc
0x574846	0	boundary_rva_00574846
0x5749a8	0	boundary_rva_005749a8
0x574a7b	0	boundary_rva_00574a7b
0x5753b4	0	boundary_rva_005753b4
0x5753e9	0	boundary_rva_005753e9
0x57548a	0	boundary_rva_0057548a
0x5754ab	0	boundary_rva_005754ab
0x5754cc	0	boundary_rva_005754cc
0x5754ff	0	boundary_rva_005754ff
0x57556d	0	boundary_rva_0057556d
0x57557f	0	boundary_rva_0057557f
0x5755b0	0	boundary_rva_005755b0
0x5755e1	0	boundary_rva_005755e1
0x575612	0	boundary_rva_00575612
0x575643	0	boundary_rva_00575643
0x5756e7	0	boundary_rva_005756e7
0x5756f2	0	boundary_rva_005756f2
0x575ca6	0	boundary_rva_00575ca6
0x575cae	0	boundary_rva_00575cae
0x575cdf	0	boundary_rva_00575cdf
0x575d12	0	boundary_rva_00575d12
0x575d80	0	boundary_rva_00575d80
0x575dba	0	boundary_rva_00575dba
0x575dc2	0	boundary_rva_00575dc2
0x575dca	0	boundary_rva_00575dca
0x575dd2	0	boundary_rva_00575dd2
0x575dda	0	boundary_rva_00575dda
0x575de6	0	boundary_rva_00575de6
0x575df2	0	boundary_rva_00575df2
0x575dfe	0	boundary_rva_00575dfe
0x576021	0	boundary_rva_00576021
0x576029	0	boundary_rva_00576029
0x576031	0	boundary_rva_00576031
0x57616a	0	boundary_rva_0057616a
0x576446	0	boundary_rva_00576446
0x57644e	0	boundary_rva_0057644e
0x57662b	0	boundary_rva_0057662b
0x57667d	0	boundary_rva_0057667d
0x5767dc	0	boundary_rva_005767dc
0x576808	0	boundary_rva_00576808
0x576834	0	boundary_rva_00576834
0x576d05	0	boundary_rva_00576d05
0x576dcd	0	boundary_rva_00576dcd
0x576ffe	0	boundary_rva_00576ffe
0x57708f	0	boundary_rva_0057708f
0x5770cb	0	boundary_rva_005770cb
0x577185	0	boundary_rva_00577185
0x5772fa	0	boundary_rva_005772fa
0x577302	0	boundary_rva_00577302
0x5778ad	0	boundary_rva_005778ad
0x5778b6	0	boundary_rva_005778b6
0x5778c9	0	boundary_rva_005778c9
0x577e70	0	boundary_rva_00577e70
0x577e94	0	boundary_rva_00577e94
0x5785f6	0	boundary_rva_005785f6
0x5785fe	0	boundary_rva_005785fe
0x578606	0	boundary_rva_00578606
0x57860e	0	boundary_rva_0057860e
0x578616	0	boundary_rva_00578616
0x57861e	0	boundary_rva_0057861e
0x578626	0	boundary_rva_00578626
0x57862e	0	boundary_rva_0057862e
0x578636	0	boundary_rva_00578636
0x57863e	0	boundary_rva_0057863e
0x578646	0	boundary_rva_00578646
0x57864e	0	boundary_rva_0057864e
0x578b64	0	boundary_rva_00578b64
0x578bb9	0	boundary_rva_00578bb9
0x57948b	0	boundary_rva_0057948b
0x5794b4	0	boundary_rva_005794b4
0x57956d	0	boundary_rva_0057956d
0x579696	0	boundary_rva_00579696
0x57a260	0	boundary_rva_0057a260
0x57a31b	0	boundary_rva_0057a31b
0x57a330	0	boundary_rva_0057a330
0x57a345	0	boundary_rva_0057a345
0x57a35a	0	boundary_rva_0057a35a
0x57a362	0	boundary_rva_0057a362
0x57a36a	0	boundary_rva_0057a36a
0x57a372	0	boundary_rva_0057a372
0x57a37a	0	boundary_rva_0057a37a
0x57a44d	0	boundary_rva_0057a44d
0x57a471	0	boundary_rva_0057a471
0x57a4a3	0	boundary_rva_0057a4a3
0x57a4ba	0	boundary_rva_0057a4ba
0x57a4c9	0	boundary_rva_0057a4c9
0x57a83c	0	boundary_rva_0057a83c
0x57aa3d	0	boundary_rva_0057aa3d
0x57aa45	0	boundary_rva_0057aa45
0x57aaf1	0	boundary_rva_0057aaf1
0x57ab00	0	boundary_rva_0057ab00
0x57b93e	0	boundary_rva_0057b93e
0x57b97c	0	boundary_rva_0057b97c
0x57b9d0	0	boundary_rva_0057b9d0
0x57bc20	0	boundary_rva_0057bc20
0x57bc25	0	boundary_rva_0057bc25
0x57d8f5	0	boundary_rva_0057d8f5
0x57d908	0	boundary_rva_0057d908
0x583726	0	boundary_rva_00583726
0x583750	0	boundary_rva_00583750
0x583772	0	boundary_rva_00583772
0x5839f5	0	boundary_rva_005839f5
0x583d0a	0	boundary_rva_00583d0a
0x584a75	0	boundary_rva_00584a75
0x584a7d	0	boundary_rva_00584a7d
0x584c69	0	boundary_rva_00584c69
0x585017	0	boundary_rva_00585017
0x5863e5	0	boundary_rva_005863e5
0x58704f	0	boundary_rva_0058704f
0x587057	0	boundary_rva_00587057
0x587217	0	boundary_rva_00587217
0x58776e	0	boundary_rva_0058776e
0x587f11	0	boundary_rva_00587f11
0x5881db	0	boundary_rva_005881db
0x588a95	0	boundary_rva_00588a95
0x588a9d	0	boundary_rva_00588a9d
0x58911a	0	boundary_rva_0058911a
0x5896d9	0	boundary_rva_005896d9
0x589722	0	boundary_rva_00589722
0x58ad81	0	boundary_rva_0058ad81
0x58ad9f	0	boundary_rva_0058ad9f
0x58ae36	0	boundary_rva_0058ae36
0x58c484	0	boundary_rva_0058c484
0x5966c0	0	boundary_rva_005966c0
0x596ba2	0	boundary_rva_00596ba2
0x596c6b	0	boundary_rva_00596c6b
0x596c7c	0	boundary_rva_00596c7c
0x596cbe	0	boundary_rva_00596cbe
0x596cc7	0	boundary_rva_00596cc7
0x5970c9	0	boundary_rva_005970c9
0x597372	0	boundary_rva_00597372
0x59738a	0	boundary_rva_0059738a
0x597426	0	boundary_rva_00597426
0x5975d7	0	boundary_rva_005975d7
0x597713	0	boundary_rva_00597713
0x59771b	0	boundary_rva_0059771b
0x598faf	0	boundary_rva_00598faf
0x598fb7	0	boundary_rva_00598fb7
0x59b19a	0	boundary_rva_0059b19a
0x59b420	0	boundary_rva_0059b420
0x59e826	0	boundary_rva_0059e826
0x59eb41	0	boundary_rva_0059eb41
0x59ebaf	0	boundary_rva_0059ebaf
0x59ec50	0	boundary_rva_0059ec50
0x59ef49	0	boundary_rva_0059ef49
0x59ef57	0	boundary_rva_0059ef57
0x59efa0	0	boundary_rva_0059efa0
0x59f35e	0	boundary_rva_0059f35e
0x5a00d6	0	boundary_rva_005a00d6
0x5a00de	0	boundary_rva_005a00de
0x5a6582	0	boundary_rva_005a6582
0x5a6697	0	boundary_rva_005a6697
0x5a66b8	0	boundary_rva_005a66b8
0x5a66ec	0	boundary_rva_005a66ec
0x5a9916	0	boundary_rva_005a9916
0x5a994b	0	boundary_rva_005a994b
0x5a9a89	0	boundary_rva_005a9a89
0x5a9b61	0	boundary_rva_005a9b61
0x5a9ca3	0	boundary_rva_005a9ca3
0x5aa60f	0	boundary_rva_005aa60f
0x5aa652	0	boundary_rva_005aa652
0x5aa8cc	0	boundary_rva_005aa8cc
0x5aab9c	0	boundary_rva_005aab9c
0x5aaba5	0	boundary_rva_005aaba5
0x5aad26	0	boundary_rva_005aad26
0x5ab085	0	boundary_rva_005ab085
0x5ab130	0	boundary_rva_005ab130
0x5ab314	0	boundary_rva_005ab314
0x5acbff	0	boundary_rva_005acbff
0x5acd51	0	boundary_rva_005acd51
0x5ad5dd	0	boundary_rva_005ad5dd
0x5ae31f	0	boundary_rva_005ae31f
0x5ae37f	0	boundary_rva_005ae37f
0x5ae68f	0	boundary_rva_005ae68f
0x5ae763	0	boundary_rva_005ae763
0x5af117	0	boundary_rva_005af117
0x5afa0e	0	boundary_rva_005afa0e
0x5afcec	0	boundary_rva_005afcec
0x5b023a	0	boundary_rva_005b023a
0x5b0608	0	boundary_rva_005b0608
0x5b2558	0	boundary_rva_005b2558
0x5b455d	0	boundary_rva_005b455d
0x5b488f	0	boundary_rva_005b488f
0x5b4934	0	boundary_rva_005b4934
0x5b4c73	0	boundary_rva_005b4c73
0x5b4c7b	0	boundary_rva_005b4c7b
0x5b4c97	0	boundary_rva_005b4c97
0x5b5ae3	0	boundary_rva_005b5ae3
0x5b5e03	0	boundary_rva_005b5e03
0x5b6182	0	boundary_rva_005b6182
0x5b7426	0	boundary_rva_005b7426
0x5b7ffa	0	boundary_rva_005b7ffa
0x5b8002	0	boundary_rva_005b8002
0x5b800a	0	boundary_rva_005b800a
0x5b8012	0	boundary_rva_005b8012
0x5b8018	0	boundary_rva_005b8018
0x5b802a	0	boundary_rva_005b802a
0x5ba262	0	boundary_rva_005ba262
0x5ba26a	0	boundary_rva_005ba26a
0x5ba2f3	0	boundary_rva_005ba2f3
0x5ba2fb	0	boundary_rva_005ba2fb
0x5ba621	0	boundary_rva_005ba621
0x5baeca	0	boundary_rva_005baeca
0x5bcaf1	0	boundary_rva_005bcaf1
0x5c1879	0	boundary_rva_005c1879
0x5c1a8d	0	boundary_rva_005c1a8d
0x5c2603	0	boundary_rva_005c2603
0x5c3513	0	boundary_rva_005c3513
0x5c3525	0	boundary_rva_005c3525
0x5c352d	0	boundary_rva_005c352d
0x5c3586	0	boundary_rva_005c3586
0x5c358e	0	boundary_rva_005c358e
0x5c3596	0	boundary_rva_005c3596
0x5c359e	0	boundary_rva_005c359e
0x5c3998	0	boundary_rva_005c3998
0x5c39eb	0	boundary_rva_005c39eb
0x5c4212	0	boundary_rva_005c4212
0x5c4221	0	boundary_rva_005c4221
0x5c4352	0	boundary_rva_005c4352
0x5c44a3	0	boundary_rva_005c44a3
0x5c4553	0	boundary_rva_005c4553
0x5c456f	0	boundary_rva_005c456f
0x5c47a8	0	boundary_rva_005c47a8
0x5c47dc	0	boundary_rva_005c47dc
0x5c4ce7	0	boundary_rva_005c4ce7
0x5c4d1b	0	boundary_rva_005c4d1b
0x5c4f88	0	boundary_rva_005c4f88
0x5c793a	0	boundary_rva_005c793a
0x5c9604	0	boundary_rva_005c9604
0x5c97be	0	boundary_rva_005c97be
0x5cb243	0	boundary_rva_005cb243
0x5cb9fa	0	boundary_rva_005cb9fa
0x5cba20	0	boundary_rva_005cba20
0x5cba3d	0	boundary_rva_005cba3d
0x5cbae6	0	boundary_rva_005cbae6
0x5cc24c	0	boundary_rva_005cc24c
0x5cc3b8	0	boundary_rva_005cc3b8
0x5cc4da	0	boundary_rva_005cc4da
0x5cc4e5	0	boundary_rva_005cc4e5
0x5cc4f0	0	boundary_rva_005cc4f0
0x5cc522	0	boundary_rva_005cc522
0x5cc52d	0	boundary_rva_005cc52d
0x5cc538	0	boundary_rva_005cc538
0x5cc5d3	0	boundary_rva_005cc5d3
0x5cc7dc	0	boundary_rva_005cc7dc
0x5cc7e4	0	boundary_rva_005cc7e4
0x5cc90c	0	boundary_rva_005cc90c
0x5cc958	0	boundary_rva_005cc958
0x5cc95f	0	boundary_rva_005cc95f
0x5cc984	0	boundary_rva_005cc984
0x5cc98f	0	boundary_rva_005cc98f
0x5cc99a	0	boundary_rva_005cc99a
0x5cc9a9	0	boundary_rva_005cc9a9
0x5cc9b8	0	boundary_rva_005cc9b8
0x5cc9c3	0	boundary_rva_005cc9c3
0x5ccb0e	0	boundary_rva_005ccb0e
0x5cd649	0	boundary_rva_005cd649
0x5cd9f2	0	boundary_rva_005cd9f2
0x5cda53	0	boundary_rva_005cda53
0x5cda5b	0	boundary_rva_005cda5b
0x5cdd25	0	boundary_rva_005cdd25
0x5cde69	0	boundary_rva_005cde69
0x5cde71	0	boundary_rva_005cde71
0x5cde79	0	boundary_rva_005cde79
0x5cde81	0	boundary_rva_005cde81
0x5ce0df	0	boundary_rva_005ce0df
0x5ce125	0	boundary_rva_005ce125
0x5ce277	0	boundary_rva_005ce277
0x5ce344	0	boundary_rva_005ce344
0x5ce349	0	boundary_rva_005ce349
0x5ce7bf	0	boundary_rva_005ce7bf
0x5ce8f5	0	boundary_rva_005ce8f5
0x5ce9b4	0	boundary_rva_005ce9b4
0x5ce9bf	0	boundary_rva_005ce9bf
0x5ce9ca	0	boundary_rva_005ce9ca
0x5ce9e9	0	boundary_rva_005ce9e9
0x5ce9f7	0	boundary_rva_005ce9f7
0x5cea04	0	boundary_rva_005cea04
0x5cea11	0	boundary_rva_005cea11
0x5cea35	0	boundary_rva_005cea35
0x5cea3d	0	boundary_rva_005cea3d
0x5ceb76	0	boundary_rva_005ceb76
0x5ceb7b	0	boundary_rva_005ceb7b
0x5cec2b	0	boundary_rva_005cec2b
0x5cf826	0	boundary_rva_005cf826
0x5cf884	0	boundary_rva_005cf884
0x5cf8db	0	boundary_rva_005cf8db
0x5cf9aa	0	boundary_rva_005cf9aa
0x5cf9b2	0	boundary_rva_005cf9b2
0x5cfacb	0	boundary_rva_005cfacb
0x5cfad3	0	boundary_rva_005cfad3
0x5cfb93	0	boundary_rva_005cfb93
0x5cfbed	0	boundary_rva_005cfbed
0x5cfe6e	0	boundary_rva_005cfe6e
0x5d0034	0	boundary_rva_005d0034
0x5d0089	0	boundary_rva_005d0089
0x5d052d	0	boundary_rva_005d052d
0x5d0732	0	boundary_rva_005d0732
0x5d1035	0	boundary_rva_005d1035
0x5d10b0	0	boundary_rva_005d10b0
0x5d10ba	0	boundary_rva_005d10ba
0x5d1255	0	boundary_rva_005d1255
0x5d1358	0	boundary_rva_005d1358
0x5d1362	0	boundary_rva_005d1362
0x5d24e5	0	boundary_rva_005d24e5
0x5d258e	0	boundary_rva_005d258e
0x5d264d	0	boundary_rva_005d264d
0x5d3ccd	0	boundary_rva_005d3ccd
0x5d3d97	0	boundary_rva_005d3d97
0x5d50ad	0	boundary_rva_005d50ad
0x5d57eb	0	boundary_rva_005d57eb
0x5d6ff4	0	boundary_rva_005d6ff4
0x5d7305	0	boundary_rva_005d7305
0x5d7aec	0	boundary_rva_005d7aec
0x5d8929	0	boundary_rva_005d8929
0x5d898a	0	boundary_rva_005d898a
0x5d8bfc	0	boundary_rva_005d8bfc
0x5d99e4	0	boundary_rva_005d99e4
0x5d99e9	0	boundary_rva_005d99e9
0x5d9d81	0	boundary_rva_005d9d81
0x5d9e02	0	boundary_rva_005d9e02
0x5da4c8	0	boundary_rva_005da4c8
0x5daa9e	0	boundary_rva_005daa9e
0x5dac33	0	boundary_rva_005dac33
0x5dac6d	0	boundary_rva_005dac6d
0x5db204	0	boundary_rva_005db204
0x5db628	0	boundary_rva_005db628
0x5db6da	0	boundary_rva_005db6da
0x5db832	0	boundary_rva_005db832
0x5db84f	0	boundary_rva_005db84f
0x5e0492	0	boundary_rva_005e0492
0x5e0499	0	boundary_rva_005e0499
0x5e1193	0	boundary_rva_005e1193
0x5e16a7	0	boundary_rva_005e16a7
0x5e189b	0	boundary_rva_005e189b
0x5e18a7	0	boundary_rva_005e18a7
0x5e19b4	0	boundary_rva_005e19b4
0x5e19bf	0	boundary_rva_005e19bf
0x5e1b41	0	boundary_rva_005e1b41
0x5e1cf8	0	boundary_rva_005e1cf8
0x5e2126	0	boundary_rva_005e2126
0x5e215e	0	boundary_rva_005e215e
0x5e216a	0	boundary_rva_005e216a
0x5e2171	0	boundary_rva_005e2171
0x5e2237	0	boundary_rva_005e2237
0x5e358f	0	boundary_rva_005e358f
0x5e3594	0	boundary_rva_005e3594
0x5e39d9	0	boundary_rva_005e39d9
0x5e3a6e	0	boundary_rva_005e3a6e
0x5e3c67	0	boundary_rva_005e3c67
0x5e3c7a	0	boundary_rva_005e3c7a
0x5e3c85	0	boundary_rva_005e3c85
0x5e3d22	0	boundary_rva_005e3d22
0x5e3d2a	0	boundary_rva_005e3d2a
0x5e3d35	0	boundary_rva_005e3d35
0x5e3d40	0	boundary_rva_005e3d40
0x5e3d84	0	boundary_rva_005e3d84
0x5e3d95	0	boundary_rva_005e3d95
0x5e3e60	0	boundary_rva_005e3e60
0x5e3ecb	0	boundary_rva_005e3ecb
0x5e415f	0	boundary_rva_005e415f
0x5e4663	0	boundary_rva_005e4663
0x5e4b6f	0	boundary_rva_005e4b6f
0x5e51f2	0	boundary_rva_005e51f2
0x5e5237	0	boundary_rva_005e5237
0x5e54a6	0	boundary_rva_005e54a6
0x5e5575	0	boundary_rva_005e5575
0x5e5588	0	boundary_rva_005e5588
0x5e567d	0	boundary_rva_005e567d
0x5e56b6	0	boundary_rva_005e56b6
0x5e56e7	0	boundary_rva_005e56e7
0x5e574a	0	boundary_rva_005e574a
0x5e57a2	0	boundary_rva_005e57a2
0x5e57d0	0	boundary_rva_005e57d0
0x5e586b	0	boundary_rva_005e586b
0x5e5876	0	boundary_rva_005e5876
0x5e6846	0	boundary_rva_005e6846
0x5e6863	0	boundary_rva_005e6863
0x5e6894	0	boundary_rva_005e6894
0x5e69d0	0	boundary_rva_005e69d0
0x5e6f95	0	boundary_rva_005e6f95
0x5e7037	0	boundary_rva_005e7037
0x5e715f	0	boundary_rva_005e715f
0x5e7166	0	boundary_rva_005e7166
0x5e73dc	0	boundary_rva_005e73dc
0x5e7977	0	boundary_rva_005e7977
0x5e7bce	0	boundary_rva_005e7bce
0x5e7d00	0	boundary_rva_005e7d00
0x5e7df7	0	boundary_rva_005e7df7
0x5e7eb3	0	boundary_rva_005e7eb3
0x5e8519	0	boundary_rva_005e8519
0x5e8dad	0	boundary_rva_005e8dad
0x5e91e5	0	boundary_rva_005e91e5
0x5e9333	0	boundary_rva_005e9333
0x5e95a8	0	boundary_rva_005e95a8
0x5e9f80	0	boundary_rva_005e9f80
0x5e9fa4	0	boundary_rva_005e9fa4
0x5ea052	0	boundary_rva_005ea052
0x5ea1e7	0	boundary_rva_005ea1e7
0x5ea254	0	boundary_rva_005ea254
0x5ea266	0	boundary_rva_005ea266
0x5ea539	0	boundary_rva_005ea539
0x5ea54d	0	boundary_rva_005ea54d
0x5ea561	0	boundary_rva_005ea561
0x5ea5e3	0	boundary_rva_005ea5e3
0x5ea70b	0	boundary_rva_005ea70b
0x5ea7a7	0	boundary_rva_005ea7a7
0x5ea987	0	boundary_rva_005ea987
0x5ea998	0	boundary_rva_005ea998
0x5eb071	0	boundary_rva_005eb071
0x5eb258	0	boundary_rva_005eb258
0x5eb271	0	boundary_rva_005eb271
0x5ec919	0	boundary_rva_005ec919
0x5ee2cf	0	boundary_rva_005ee2cf
0x5eedf5	0	boundary_rva_005eedf5
0x5eef92	0	boundary_rva_005eef92
0x5ef4ef	0	boundary_rva_005ef4ef
0x5f005b	0	boundary_rva_005f005b
0x5f05cf	0	boundary_rva_005f05cf
0x5f0728	0	boundary_rva_005f0728
0x5f0a50	0	boundary_rva_005f0a50
0x5f3ef3	0	boundary_rva_005f3ef3
0x5f3efe	0	boundary_rva_005f3efe
0x5f3f09	0	boundary_rva_005f3f09
0x5f4224	0	boundary_rva_005f4224
0x5f43a4	0	boundary_rva_005f43a4
0x5f43ac	0	boundary_rva_005f43ac
0x5f4455	0	boundary_rva_005f4455
0x5f4879	0	boundary_rva_005f4879
0x5f4881	0	boundary_rva_005f4881
0x5f4889	0	boundary_rva_005f4889
0x5f4a9b	0	boundary_rva_005f4a9b
0x5f4b37	0	boundary_rva_005f4b37
0x5f4b41	0	boundary_rva_005f4b41
0x5f4b48	0	boundary_rva_005f4b48
0x5f4b52	0	boundary_rva_005f4b52
0x5f53a2	0	boundary_rva_005f53a2
0x5f587a	0	boundary_rva_005f587a
0x5f5c53	0	boundary_rva_005f5c53
0x5f5f07	0	boundary_rva_005f5f07
0x5f688b	0	boundary_rva_005f688b
0x5f6f45	0	boundary_rva_005f6f45
0x5f74ba	0	boundary_rva_005f74ba
0x5f74f7	0	boundary_rva_005f74f7
0x5f753e	0	boundary_rva_005f753e
0x5f75ae	0	boundary_rva_005f75ae
0x5f8376	0	boundary_rva_005f8376
0x5f84f7	0	boundary_rva_005f84f7
0x5f8cff	0	boundary_rva_005f8cff
0x5f8d07	0	boundary_rva_005f8d07
0x5f97ac	0	boundary_rva_005f97ac
0x5f97b4	0	boundary_rva_005f97b4
0x5fa9e0	0	boundary_rva_005fa9e0
0x5fa9fc	0	boundary_rva_005fa9fc
0x5faa15	0	boundary_rva_005faa15
0x5fabbc	0	boundary_rva_005fabbc
0x5fabc1	0	boundary_rva_005fabc1
0x5fcae4	0	boundary_rva_005fcae4
0x5fcaf3	0	boundary_rva_005fcaf3
0x5fcb02	0	boundary_rva_005fcb02
0x5fed99	0	boundary_rva_005fed99
0x5fedcd	0	boundary_rva_005fedcd
0x5feec7	0	boundary_rva_005feec7
0x5feee6	0	boundary_rva_005feee6
0x5ffbc6	0	boundary_rva_005ffbc6
0x5fff09	0	boundary_rva_005fff09
0x60037e	0	boundary_rva_0060037e
0x600386	0	boundary_rva_00600386
0x60038e	0	boundary_rva_0060038e
0x6020f0	0	boundary_rva_006020f0
0x602136	0	boundary_rva_00602136
0x6021ca	0	boundary_rva_006021ca
0x602447	0	boundary_rva_00602447
0x6024ee	0	boundary_rva_006024ee
0x602645	0	boundary_rva_00602645
0x602bd0	0	boundary_rva_00602bd0
0x602f80	0	boundary_rva_00602f80
0x603170	0	boundary_rva_00603170
0x6031a0	0	boundary_rva_006031a0
0x6031d0	0	boundary_rva_006031d0
0x604873	0	boundary_rva_00604873
0x604a1e	0	boundary_rva_00604a1e
0x604a42	0	boundary_rva_00604a42
0x6055aa	0	boundary_rva_006055aa
0x605682	0	boundary_rva_00605682
0x6056bd	0	boundary_rva_006056bd
0x6059b5	0	boundary_rva_006059b5
0x605a7d	0	boundary_rva_00605a7d
0x605add	0	boundary_rva_00605add
0x605b36	0	boundary_rva_00605b36
0x605fdf	0	boundary_rva_00605fdf
0x610620	0	boundary_rva_00610620
0x6158b0	0	boundary_rva_006158b0
0x619fe0	0	boundary_rva_00619fe0
0x61ae30	0	boundary_rva_0061ae30
0x61af20	0	boundary_rva_0061af20
0x61ee20	0	boundary_rva_0061ee20
0x61ef80	0	boundary_rva_0061ef80
0x620d80	0	boundary_rva_00620d80
0x6252f0	0	boundary_rva_006252f0
0x625490	0	boundary_rva_00625490
0x625530	0	boundary_rva_00625530
0x626a30	0	boundary_rva_00626a30
0x626a60	0	boundary_rva_00626a60
0x627b80	0	boundary_rva_00627b80
0x628a60	0	boundary_rva_00628a60
0x656300	0	boundary_rva_00656300
0x656a30	0	boundary_rva_00656a30
0x656a40	0	boundary_rva_00656a40
0x656ba0	0	boundary_rva_00656ba0
0x657670	0	boundary_rva_00657670
0x65d190	0	boundary_rva_0065d190
0x661380	0	boundary_rva_00661380
0x6613e0	0	boundary_rva_006613e0
0x661470	0	boundary_rva_00661470
0x661480	0	boundary_rva_00661480
0x661610	0	boundary_rva_00661610
0x661640	0	boundary_rva_00661640
0x661e40	0	boundary_rva_00661e40
0x661e50	0	boundary_rva_00661e50
0x661f50	0	boundary_rva_00661f50
0x6625a0	0	boundary_rva_006625a0
0x662980	0	boundary_rva_00662980
0x662a80	0	boundary_rva_00662a80
0x663530	0	boundary_rva_00663530
0x663550	0	boundary_rva_00663550
0x663720	0	boundary_rva_00663720
0x663a50	0	boundary_rva_00663a50
0x664080	0	boundary_rva_00664080
0x664160	0	boundary_rva_00664160
0x664370	0	boundary_rva_00664370
0x664cd0	0	boundary_rva_00664cd0
0x664ea0	0	boundary_rva_00664ea0
0x665030	0	boundary_rva_00665030
0x665430	0	boundary_rva_00665430
0x665440	0	boundary_rva_00665440
0x665450	0	boundary_rva_00665450
0x665490	0	boundary_rva_00665490
0x665560	0	boundary_rva_00665560
0x6655b0	0	boundary_rva_006655b0
0x665c10	0	boundary_rva_00665c10
0x666e10	0	boundary_rva_00666e10
0x667260	0	boundary_rva_00667260
0x667770	0	boundary_rva_00667770
0x667fb0	0	boundary_rva_00667fb0
0x667fc0	0	boundary_rva_00667fc0
0x668090	0	boundary_rva_00668090
0x6680b0	0	boundary_rva_006680b0
0x6680c0	0	boundary_rva_006680c0
0x6680d0	0	boundary_rva_006680d0
0x6680e0	0	boundary_rva_006680e0
0x6692a0	0	boundary_rva_006692a0
0x669400	0	boundary_rva_00669400
0x669410	0	boundary_rva_00669410
0x669500	0	boundary_rva_00669500
0x669510	0	boundary_rva_00669510
0x66d640	0	boundary_rva_0066d640
0x66d810	0	boundary_rva_0066d810
0x66d950	0	boundary_rva_0066d950
0x66dba0	0	boundary_rva_0066dba0
0x66dbc0	0	boundary_rva_0066dbc0
0x66e4c0	0	boundary_rva_0066e4c0
0x66e560	0	boundary_rva_0066e560
0x66e5a0	0	boundary_rva_0066e5a0
0x66e690	0	boundary_rva_0066e690
0x66e6b0	0	boundary_rva_0066e6b0
0x66ea40	0	boundary_rva_0066ea40
0x66eba0	0	boundary_rva_0066eba0
0x66ef30	0	boundary_rva_0066ef30
0x66f5e0	0	boundary_rva_0066f5e0
0x66f5f0	0	boundary_rva_0066f5f0
0x66f600	0	boundary_rva_0066f600
0x66f610	0	boundary_rva_0066f610
0x66f620	0	boundary_rva_0066f620
0x672460	0	boundary_rva_00672460
0x672490	0	boundary_rva_00672490
0x676580	0	boundary_rva_00676580
0x6882e0	0	boundary_rva_006882e0
0x6894d0	0	boundary_rva_006894d0
0x6897b0	0	boundary_rva_006897b0
0x689ce0	0	boundary_rva_00689ce0
0x689fd0	0	boundary_rva_00689fd0
0x6aacb0	0	boundary_rva_006aacb0
0x6aae60	0	boundary_rva_006aae60
0x6aaf90	0	boundary_rva_006aaf90
0x6c0030	0	boundary_rva_006c0030
0x6c07f0	0	boundary_rva_006c07f0
0x6c0980	0	boundary_rva_006c0980
0x6c0a20	0	boundary_rva_006c0a20
0x6c68c0	0	boundary_rva_006c68c0
0x6c7a60	0	boundary_rva_006c7a60
0x6c99d0	0	boundary_rva_006c99d0
0x6cbcf0	0	boundary_rva_006cbcf0
0x6cbd00	0	boundary_rva_006cbd00
0x6cbeb0	0	boundary_rva_006cbeb0
0x6cc150	0	boundary_rva_006cc150
0x6d4640	0	boundary_rva_006d4640
0x6d6c90	0	boundary_rva_006d6c90
0x6d7410	0	boundary_rva_006d7410
0x6d7d80	0	boundary_rva_006d7d80
0x6d8670	0	boundary_rva_006d8670
0x6d8810	0	boundary_rva_006d8810
0x6d8a20	0	boundary_rva_006d8a20
0x6d9640	0	boundary_rva_006d9640
0x6d9820	0	boundary_rva_006d9820
0x6d9a60	0	boundary_rva_006d9a60
0x6d9bb0	0	boundary_rva_006d9bb0
0x6d9e40	0	boundary_rva_006d9e40
0x6d9f70	0	boundary_rva_006d9f70
0x6dd550	0	boundary_rva_006dd550
0x6ddce0	0	boundary_rva_006ddce0
0x6e0440	0	boundary_rva_006e0440
0x6e0500	0	boundary_rva_006e0500
0x6e0510	0	boundary_rva_006e0510
0x6e0520	0	boundary_rva_006e0520
0x6e0560	0	boundary_rva_006e0560
0x6e3490	0	boundary_rva_006e3490
0x6e8570	0	boundary_rva_006e8570
0x6e85a0	0	boundary_rva_006e85a0
0x6e85d0	0	boundary_rva_006e85d0
0x6e8620	0	boundary_rva_006e8620
0x6e8680	0	boundary_rva_006e8680
0x6e86f0	0	boundary_rva_006e86f0
0x6e8760	0	boundary_rva_006e8760
0x6e87c0	0	boundary_rva_006e87c0
0x6e8800	0	boundary_rva_006e8800
0x6e8840	0	boundary_rva_006e8840
0x6e8880	0	boundary_rva_006e8880
0x6e88c0	0	boundary_rva_006e88c0
0x6e8910	0	boundary_rva_006e8910
0x6e8950	0	boundary_rva_006e8950
0x6e8990	0	boundary_rva_006e8990
0x6e8a20	0	boundary_rva_006e8a20
0x6e8a50	0	boundary_rva_006e8a50
0x6e8b40	0	boundary_rva_006e8b40
0x6e8bc0	0	boundary_rva_006e8bc0
0x6e8bf0	0	boundary_rva_006e8bf0
0x6e8c80	0	boundary_rva_006e8c80
0x6e9110	0	boundary_rva_006e9110
0x6e92b0	0	boundary_rva_006e92b0
0x6e94e0	0	boundary_rva_006e94e0
0x6e9530	0	boundary_rva_006e9530
0x6e9800	0	boundary_rva_006e9800
0x6e9b80	0	boundary_rva_006e9b80
0x6ea560	0	boundary_rva_006ea560
0x6ea5c0	0	boundary_rva_006ea5c0
0x6ea630	0	boundary_rva_006ea630
0x6ea690	0	boundary_rva_006ea690
0x6ea700	0	boundary_rva_006ea700
0x6eab30	0	boundary_rva_006eab30
0x6eacc0	0	boundary_rva_006eacc0
0x6eb380	0	boundary_rva_006eb380
0x6ebe50	0	boundary_rva_006ebe50
0x6ec3e0	0	boundary_rva_006ec3e0
0x6ec590	0	boundary_rva_006ec590
0x6ec730	0	boundary_rva_006ec730
0x6ec900	0	boundary_rva_006ec900
0x6ecc20	0	boundary_rva_006ecc20
0x6eccb0	0	boundary_rva_006eccb0
0x6ed580	0	boundary_rva_006ed580
0x6ed770	0	boundary_rva_006ed770
0x6ed810	0	boundary_rva_006ed810
0x6edbd0	0	boundary_rva_006edbd0
0x6edf20	0	boundary_rva_006edf20
0x6edff0	0	boundary_rva_006edff0
0x6ee270	0	boundary_rva_006ee270
0x6ee310	0	boundary_rva_006ee310
0x6ef570	0	boundary_rva_006ef570
0x6f1410	0	boundary_rva_006f1410
0x6f1fd0	0	boundary_rva_006f1fd0
0x6f2080	0	boundary_rva_006f2080
0x6f2130	0	boundary_rva_006f2130
0x6f2640	0	boundary_rva_006f2640
0x6f2700	0	boundary_rva_006f2700
0x6f2760	0	boundary_rva_006f2760
0x6f29c0	0	boundary_rva_006f29c0
0x6f2ca0	0	boundary_rva_006f2ca0
0x6f36b0	0	boundary_rva_006f36b0
0x6f36f0	0	boundary_rva_006f36f0
0x6f46c0	0	boundary_rva_006f46c0
0x6f4720	0	boundary_rva_006f4720
0x6f4740	0	boundary_rva_006f4740
0x6f4760	0	boundary_rva_006f4760
0x6f4780	0	boundary_rva_006f4780
0x6f47a0	0	boundary_rva_006f47a0
0x6f47c0	0	boundary_rva_006f47c0
0x6f47e0	0	boundary_rva_006f47e0
0x6f47f0	0	boundary_rva_006f47f0
0x6f4810	0	boundary_rva_006f4810
0x6f4870	0	boundary_rva_006f4870
0x6f4890	0	boundary_rva_006f4890
0x6f48b0	0	boundary_rva_006f48b0
0x6f48d0	0	boundary_rva_006f48d0
0x6f48f0	0	boundary_rva_006f48f0
0x6f4910	0	boundary_rva_006f4910
0x6f4930	0	boundary_rva_006f4930
0x6f4950	0	boundary_rva_006f4950
0x6f4a80	0	boundary_rva_006f4a80
0x6f4af0	0	boundary_rva_006f4af0
0x6f4b60	0	boundary_rva_006f4b60
0x6f4bd0	0	boundary_rva_006f4bd0
0x6f4c40	0	boundary_rva_006f4c40
0x6f4cb0	0	boundary_rva_006f4cb0
0x6f4de0	0	boundary_rva_006f4de0
0x6f4e50	0	boundary_rva_006f4e50
0x6f4ec0	0	boundary_rva_006f4ec0
0x6f4f30	0	boundary_rva_006f4f30
0x6f4fa0	0	boundary_rva_006f4fa0
0x6f5010	0	boundary_rva_006f5010
0x6f5110	0	boundary_rva_006f5110
0x6fd2d0	0	boundary_rva_006fd2d0
0x6fd7d0	0	boundary_rva_006fd7d0
0x6fd850	0	boundary_rva_006fd850
0x6fd880	0	boundary_rva_006fd880
0x6fd8b0	0	boundary_rva_006fd8b0
0x6fd8e0	0	boundary_rva_006fd8e0
0x6fd910	0	boundary_rva_006fd910
0x6fd940	0	boundary_rva_006fd940
0x6fd970	0	boundary_rva_006fd970
0x6fd9a0	0	boundary_rva_006fd9a0
0x6fd9d0	0	boundary_rva_006fd9d0
0x6fda00	0	boundary_rva_006fda00
0x6fda10	0	boundary_rva_006fda10
0x6fda40	0	boundary_rva_006fda40
0x6fdc30	0	boundary_rva_006fdc30
0x6fdc60	0	boundary_rva_006fdc60
0x6fe610	0	boundary_rva_006fe610
0x6fe7b0	0	boundary_rva_006fe7b0
0x6feff0	0	boundary_rva_006feff0
0x6ff400	0	boundary_rva_006ff400
0x6ff660	0	boundary_rva_006ff660
0x6ff750	0	boundary_rva_006ff750
0x700170	0	boundary_rva_00700170
0x700560	0	boundary_rva_00700560
0x7005e0	0	boundary_rva_007005e0
0x700660	0	boundary_rva_00700660
0x7006d0	0	boundary_rva_007006d0
0x701260	0	boundary_rva_00701260
0x7014c0	0	boundary_rva_007014c0
0x701770	0	boundary_rva_00701770
0x7017f0	0	boundary_rva_007017f0
0x7018b0	0	boundary_rva_007018b0
0x701af0	0	boundary_rva_00701af0
0x702160	0	boundary_rva_00702160
0x702290	0	boundary_rva_00702290
0x7022b0	0	boundary_rva_007022b0
0x7023f0	0	boundary_rva_007023f0
0x7024f0	0	boundary_rva_007024f0
0x702600	0	boundary_rva_00702600
0x702740	0	boundary_rva_00702740
0x702860	0	boundary_rva_00702860
0x702b40	0	boundary_rva_00702b40
0x702b60	0	boundary_rva_00702b60
0x702f20	0	boundary_rva_00702f20
0x7031e0	0	boundary_rva_007031e0
0x703730	0	boundary_rva_00703730
0x703860	0	boundary_rva_00703860
0x7039b0	0	boundary_rva_007039b0
0x7039f0	0	boundary_rva_007039f0
0x703ae0	0	boundary_rva_00703ae0
0x703f40	0	boundary_rva_00703f40
0x704020	0	boundary_rva_00704020
0x7044c0	0	boundary_rva_007044c0
0x704710	0	boundary_rva_00704710
0x704900	0	boundary_rva_00704900
0x7049b0	0	boundary_rva_007049b0
0x704a10	0	boundary_rva_00704a10
0x704b10	0	boundary_rva_00704b10
0x704b50	0	boundary_rva_00704b50
0x704c60	0	boundary_rva_00704c60
0x704d50	0	boundary_rva_00704d50
0x704fe0	0	boundary_rva_00704fe0
0x705200	0	boundary_rva_00705200
0x705240	0	boundary_rva_00705240
0x705270	0	boundary_rva_00705270
0x7052a0	0	boundary_rva_007052a0
0x7052c0	0	boundary_rva_007052c0
0x7052e0	0	boundary_rva_007052e0
0x705300	0	boundary_rva_00705300
0x705320	0	boundary_rva_00705320
0x705330	0	boundary_rva_00705330
0x705370	0	boundary_rva_00705370
0x705380	0	boundary_rva_00705380
0x7053b0	0	boundary_rva_007053b0
0x705430	0	boundary_rva_00705430
0x705450	0	boundary_rva_00705450
0x705480	0	boundary_rva_00705480
0x705520	0	boundary_rva_00705520
0x7055b0	0	boundary_rva_007055b0
0x705640	0	boundary_rva_00705640
0x7056d0	0	boundary_rva_007056d0
0x705720	0	boundary_rva_00705720
0x705750	0	boundary_rva_00705750
0x705790	0	boundary_rva_00705790
0x7057c0	0	boundary_rva_007057c0
0x7057f0	0	boundary_rva_007057f0
0x705830	0	boundary_rva_00705830
0x7058f0	0	boundary_rva_007058f0
0x705b80	0	boundary_rva_00705b80
0x705c70	0	boundary_rva_00705c70
0x706240	0	boundary_rva_00706240
0x707400	0	boundary_rva_00707400
0x707700	0	boundary_rva_00707700
0x707840	0	boundary_rva_00707840
0x707910	0	boundary_rva_00707910
0x707b80	0	boundary_rva_00707b80
0x707cd0	0	boundary_rva_00707cd0
0x708070	0	boundary_rva_00708070
0x7087f0	0	boundary_rva_007087f0
0x7089d0	0	boundary_rva_007089d0
0x708b20	0	boundary_rva_00708b20
0x708c40	0	boundary_rva_00708c40
0x708fb0	0	boundary_rva_00708fb0
0x709020	0	boundary_rva_00709020
0x709060	0	boundary_rva_00709060
0x7090d0	0	boundary_rva_007090d0
0x709110	0	boundary_rva_00709110
0x7091a0	0	boundary_rva_007091a0
0x709200	0	boundary_rva_00709200
0x709290	0	boundary_rva_00709290
0x7094e0	0	boundary_rva_007094e0
0x709a00	0	boundary_rva_00709a00
0x709b90	0	boundary_rva_00709b90
0x709bc0	0	boundary_rva_00709bc0
0x709bf0	0	boundary_rva_00709bf0
0x709cd0	0	boundary_rva_00709cd0
0x709e50	0	boundary_rva_00709e50
0x709ec0	0	boundary_rva_00709ec0
0x70a040	0	boundary_rva_0070a040
0x70a310	0	boundary_rva_0070a310
0x70a330	0	boundary_rva_0070a330
0x70a360	0	boundary_rva_0070a360
0x70a400	0	boundary_rva_0070a400
0x70e100	0	boundary_rva_0070e100
0x70e220	0	boundary_rva_0070e220
0x70e290	0	boundary_rva_0070e290
0x710580	0	boundary_rva_00710580
0x710810	0	boundary_rva_00710810
0x711ab0	0	boundary_rva_00711ab0
0x719cd0	0	boundary_rva_00719cd0
0x7245f0	0	boundary_rva_007245f0
0x739700	0	boundary_rva_00739700
0x739710	0	boundary_rva_00739710
0x739960	0	boundary_rva_00739960
0x739a00	0	boundary_rva_00739a00
0x73b600	0	boundary_rva_0073b600
0x73ee4d	0	boundary_rva_0073ee4d
0x740a96	0	boundary_rva_00740a96
0x741044	0	boundary_rva_00741044
0x742560	0	boundary_rva_00742560
0x743080	0	boundary_rva_00743080
0x74a630	0	boundary_rva_0074a630
0x74a670	0	boundary_rva_0074a670
0x74ace0	0	boundary_rva_0074ace0
0x74ae00	0	boundary_rva_0074ae00
0x7581e0	0	boundary_rva_007581e0
0x7582f0	0	boundary_rva_007582f0
0x7ab7f0	0	boundary_rva_007ab7f0
0x7ab800	0	boundary_rva_007ab800
0x7ab81a	0	boundary_rva_007ab81a
0x7ab830	0	boundary_rva_007ab830
0x7ab846	0	boundary_rva_007ab846
0x7ab85c	0	boundary_rva_007ab85c
0x7ab870	0	boundary_rva_007ab870
0x7ab8a0	0	boundary_rva_007ab8a0
0x7ab8c0	0	boundary_rva_007ab8c0
0x7ab8d0	0	boundary_rva_007ab8d0
0x7aba00	0	boundary_rva_007aba00
0x7aba30	0	boundary_rva_007aba30
0x7aba60	0	boundary_rva_007aba60
0x7aba90	0	boundary_rva_007aba90
0x7abac0	0	boundary_rva_007abac0
0x7abaf0	0	boundary_rva_007abaf0
0x7abb20	0	boundary_rva_007abb20
0x7abb50	0	boundary_rva_007abb50
0x7abb80	0	boundary_rva_007abb80
0x7abb96	0	boundary_rva_007abb96
0x7abbb3	0	boundary_rva_007abbb3
0x7abbc9	0	boundary_rva_007abbc9
0x7abbe0	0	boundary_rva_007abbe0
0x7abbf6	0	boundary_rva_007abbf6
0x7abc0b	0	boundary_rva_007abc0b
0x7abc35	0	boundary_rva_007abc35
0x7abc5f	0	boundary_rva_007abc5f
0x7abc6f	0	boundary_rva_007abc6f
0x7abcaf	0	boundary_rva_007abcaf
0x7abcc5	0	boundary_rva_007abcc5
0x7abcdb	0	boundary_rva_007abcdb
0x7abce7	0	boundary_rva_007abce7
0x7abd11	0	boundary_rva_007abd11
0x7abd3b	0	boundary_rva_007abd3b
0x7abd4b	0	boundary_rva_007abd4b
0x7abd79	0	boundary_rva_007abd79
0x7abdc1	0	boundary_rva_007abdc1
0x7abdeb	0	boundary_rva_007abdeb
0x7abe15	0	boundary_rva_007abe15
0x7abe3f	0	boundary_rva_007abe3f
0x7abe69	0	boundary_rva_007abe69
0x7abe93	0	boundary_rva_007abe93
0x7abe9f	0	boundary_rva_007abe9f
0x7abec9	0	boundary_rva_007abec9
0x7abef3	0	boundary_rva_007abef3
0x7abf41	0	boundary_rva_007abf41
0x7abf6b	0	boundary_rva_007abf6b
0x7abf7b	0	boundary_rva_007abf7b
0x7abfb9	0	boundary_rva_007abfb9
0x7abfe3	0	boundary_rva_007abfe3
0x7ac012	0	boundary_rva_007ac012
0x7ac022	0	boundary_rva_007ac022
0x7ac052	0	boundary_rva_007ac052
0x7ac07c	0	boundary_rva_007ac07c
0x7ac08c	0	boundary_rva_007ac08c
0x7ac09e	0	boundary_rva_007ac09e
0x7ac0aa	0	boundary_rva_007ac0aa
0x7ac0d0	0	boundary_rva_007ac0d0
0x7ac0fa	0	boundary_rva_007ac0fa
0x7ac112	0	boundary_rva_007ac112
0x7ac13c	0	boundary_rva_007ac13c
0x7ac15d	0	boundary_rva_007ac15d
0x7ac173	0	boundary_rva_007ac173
0x7ac19d	0	boundary_rva_007ac19d
0x7ac1c7	0	boundary_rva_007ac1c7
0x7ac1f1	0	boundary_rva_007ac1f1
0x7ac207	0	boundary_rva_007ac207
0x7ac22e	0	boundary_rva_007ac22e
0x7ac246	0	boundary_rva_007ac246
0x7ac25c	0	boundary_rva_007ac25c
0x7ac282	0	boundary_rva_007ac282
0x7ac2fa	0	boundary_rva_007ac2fa
0x7ac317	0	boundary_rva_007ac317
0x7ac341	0	boundary_rva_007ac341
0x7ac36b	0	boundary_rva_007ac36b
0x7ac395	0	boundary_rva_007ac395
0x7ac3bf	0	boundary_rva_007ac3bf
0x7ac3e9	0	boundary_rva_007ac3e9
0x7ac413	0	boundary_rva_007ac413
0x7ac43d	0	boundary_rva_007ac43d
0x7ac467	0	boundary_rva_007ac467
0x7ac491	0	boundary_rva_007ac491
0x7ac4bb	0	boundary_rva_007ac4bb
0x7ac4e5	0	boundary_rva_007ac4e5
0x7ac50f	0	boundary_rva_007ac50f
0x7ac539	0	boundary_rva_007ac539
0x7ac563	0	boundary_rva_007ac563
0x7ac58d	0	boundary_rva_007ac58d
0x7ac5b7	0	boundary_rva_007ac5b7
0x7ac5e1	0	boundary_rva_007ac5e1
0x7ac60b	0	boundary_rva_007ac60b
0x7ac635	0	boundary_rva_007ac635
0x7ac65f	0	boundary_rva_007ac65f
0x7ac689	0	boundary_rva_007ac689
0x7ac6b3	0	boundary_rva_007ac6b3
0x7ac6dd	0	boundary_rva_007ac6dd
0x7ac70d	0	boundary_rva_007ac70d
0x7ac737	0	boundary_rva_007ac737
0x7ac747	0	boundary_rva_007ac747
0x7ac777	0	boundary_rva_007ac777
0x7ac7a1	0	boundary_rva_007ac7a1
0x7ac7e5	0	boundary_rva_007ac7e5
0x7ac7f5	0	boundary_rva_007ac7f5
0x7ac7ff	0	boundary_rva_007ac7ff
0x7ac818	0	boundary_rva_007ac818
0x7ac832	0	boundary_rva_007ac832
0x7ac880	0	boundary_rva_007ac880
0x7ac8b0	0	boundary_rva_007ac8b0
0x7ac8e0	0	boundary_rva_007ac8e0
0x7ac910	0	boundary_rva_007ac910
0x7ac940	0	boundary_rva_007ac940
0x7ac956	0	boundary_rva_007ac956
0x7ac9a0	0	boundary_rva_007ac9a0
0x7ac9b0	0	boundary_rva_007ac9b0
0x7ac9c6	0	boundary_rva_007ac9c6
0x7ac9f6	0	boundary_rva_007ac9f6
0x7aca0c	0	boundary_rva_007aca0c
0x7aca9a	0	boundary_rva_007aca9a
0x7acaaa	0	boundary_rva_007acaaa
0x7acadf	0	boundary_rva_007acadf
0x7acb09	0	boundary_rva_007acb09
0x7acb33	0	boundary_rva_007acb33
0x7acb5d	0	boundary_rva_007acb5d
0x7acb92	0	boundary_rva_007acb92
0x7acbc0	0	boundary_rva_007acbc0
0x7acc00	0	boundary_rva_007acc00
0x7acc20	0	boundary_rva_007acc20
0x7acc40	0	boundary_rva_007acc40
0x7acc60	0	boundary_rva_007acc60
0x7acc80	0	boundary_rva_007acc80
0x7acc9a	0	boundary_rva_007acc9a
0x7acca6	0	boundary_rva_007acca6
0x7accc0	0	boundary_rva_007accc0
0x7acce0	0	boundary_rva_007acce0
0x7acd20	0	boundary_rva_007acd20
0x7acd40	0	boundary_rva_007acd40
0x7acd72	0	boundary_rva_007acd72
0x7acd90	0	boundary_rva_007acd90
0x7acda0	0	boundary_rva_007acda0
0x7acdac	0	boundary_rva_007acdac
0x7acdc4	0	boundary_rva_007acdc4
0x7acde1	0	boundary_rva_007acde1
0x7ace10	0	boundary_rva_007ace10
0x7ace20	0	boundary_rva_007ace20
0x7ace30	0	boundary_rva_007ace30
0x7ace50	0	boundary_rva_007ace50
0x7ace60	0	boundary_rva_007ace60
0x7ace70	0	boundary_rva_007ace70
0x7ace80	0	boundary_rva_007ace80
0x7ace90	0	boundary_rva_007ace90
0x7aceb0	0	boundary_rva_007aceb0
0x7aced0	0	boundary_rva_007aced0
0x7acee0	0	boundary_rva_007acee0
0x7acef0	0	boundary_rva_007acef0
0x7acf00	0	boundary_rva_007acf00
0x7acf20	0	boundary_rva_007acf20
0x7acf40	0	boundary_rva_007acf40
0x7acf60	0	boundary_rva_007acf60
0x7acf80	0	boundary_rva_007acf80
0x7acf90	0	boundary_rva_007acf90
0x7acfa0	0	boundary_rva_007acfa0
0x7acfb0	0	boundary_rva_007acfb0
0x7acfbb	0	boundary_rva_007acfbb
0x7acfd0	0	boundary_rva_007acfd0
0x7acfe5	0	boundary_rva_007acfe5
0x7acff5	0	boundary_rva_007acff5
0x7ad024	0	boundary_rva_007ad024
0x7ad039	0	boundary_rva_007ad039
0x7ad04e	0	boundary_rva_007ad04e
0x7ad063	0	boundary_rva_007ad063
0x7ad078	0	boundary_rva_007ad078
0x7ad08d	0	boundary_rva_007ad08d
0x7ad0a2	0	boundary_rva_007ad0a2
0x7ad0b7	0	boundary_rva_007ad0b7
0x7ad0cc	0	boundary_rva_007ad0cc
0x7ad0dc	0	boundary_rva_007ad0dc
0x7ad0f1	0	boundary_rva_007ad0f1
0x7ad120	0	boundary_rva_007ad120
0x7ad135	0	boundary_rva_007ad135
0x7ad14a	0	boundary_rva_007ad14a
0x7ad15f	0	boundary_rva_007ad15f
0x7ad174	0	boundary_rva_007ad174
0x7ad189	0	boundary_rva_007ad189
0x7ad19e	0	boundary_rva_007ad19e
0x7ad1b3	0	boundary_rva_007ad1b3
0x7ad1c3	0	boundary_rva_007ad1c3
0x7ad1d8	0	boundary_rva_007ad1d8
0x7ad1ed	0	boundary_rva_007ad1ed
0x7ad202	0	boundary_rva_007ad202
0x7ad231	0	boundary_rva_007ad231
0x7ad241	0	boundary_rva_007ad241
0x7ad270	0	boundary_rva_007ad270
0x7ad285	0	boundary_rva_007ad285
0x7ad295	0	boundary_rva_007ad295
0x7ad2a7	0	boundary_rva_007ad2a7
0x7ad2b9	0	boundary_rva_007ad2b9
0x7ad2cb	0	boundary_rva_007ad2cb
0x7ad2dd	0	boundary_rva_007ad2dd
0x7ad2ef	0	boundary_rva_007ad2ef
0x7ad31e	0	boundary_rva_007ad31e
0x7ad333	0	boundary_rva_007ad333
0x7ad348	0	boundary_rva_007ad348
0x7ad37c	0	boundary_rva_007ad37c
0x7ad391	0	boundary_rva_007ad391
0x7ad3a6	0	boundary_rva_007ad3a6
0x7ad3b6	0	boundary_rva_007ad3b6
0x7ad3cb	0	boundary_rva_007ad3cb
0x7ad3fa	0	boundary_rva_007ad3fa
0x7ad40f	0	boundary_rva_007ad40f
0x7ad424	0	boundary_rva_007ad424
0x7ad453	0	boundary_rva_007ad453
0x7ad463	0	boundary_rva_007ad463
0x7ad478	0	boundary_rva_007ad478
0x7ad48d	0	boundary_rva_007ad48d
0x7ad4bc	0	boundary_rva_007ad4bc
0x7ad4cc	0	boundary_rva_007ad4cc
0x7ad4fb	0	boundary_rva_007ad4fb
0x7ad50b	0	boundary_rva_007ad50b
0x7ad521	0	boundary_rva_007ad521
0x7ad550	0	boundary_rva_007ad550
0x7ad57f	0	boundary_rva_007ad57f
0x7ad594	0	boundary_rva_007ad594
0x7ad5a9	0	boundary_rva_007ad5a9
0x7ad5dd	0	boundary_rva_007ad5dd
0x7ad60c	0	boundary_rva_007ad60c
0x7ad621	0	boundary_rva_007ad621
0x7ad636	0	boundary_rva_007ad636
0x7ad64b	0	boundary_rva_007ad64b
0x7ad660	0	boundary_rva_007ad660
0x7ad675	0	boundary_rva_007ad675
0x7ad68a	0	boundary_rva_007ad68a
0x7ad69f	0	boundary_rva_007ad69f
0x7ad6b4	0	boundary_rva_007ad6b4
0x7ad6c9	0	boundary_rva_007ad6c9
0x7ad6de	0	boundary_rva_007ad6de
0x7ad6f3	0	boundary_rva_007ad6f3
0x7ad703	0	boundary_rva_007ad703
0x7ad718	0	boundary_rva_007ad718
0x7ad72d	0	boundary_rva_007ad72d
0x7ad742	0	boundary_rva_007ad742
0x7ad757	0	boundary_rva_007ad757
0x7ad76c	0	boundary_rva_007ad76c
0x7ad781	0	boundary_rva_007ad781
0x7ad7b0	0	boundary_rva_007ad7b0
0x7ad7c0	0	boundary_rva_007ad7c0
0x7ad7dd	0	boundary_rva_007ad7dd
0x7ad7f3	0	boundary_rva_007ad7f3
0x7ad801	0	boundary_rva_007ad801
0x7ad816	0	boundary_rva_007ad816
0x7ad845	0	boundary_rva_007ad845
0x7ad85a	0	boundary_rva_007ad85a
0x7ad86f	0	boundary_rva_007ad86f
0x7ad884	0	boundary_rva_007ad884
0x7ad899	0	boundary_rva_007ad899
0x7ad8b6	0	boundary_rva_007ad8b6
0x7ad8cb	0	boundary_rva_007ad8cb
0x7ad8fa	0	boundary_rva_007ad8fa
0x7ad929	0	boundary_rva_007ad929
0x7ad939	0	boundary_rva_007ad939
0x7ad94e	0	boundary_rva_007ad94e
0x7ad97d	0	boundary_rva_007ad97d
0x7ad98d	0	boundary_rva_007ad98d
0x7ad9bc	0	boundary_rva_007ad9bc
0x7ad9d2	0	boundary_rva_007ad9d2
0x7ad9e8	0	boundary_rva_007ad9e8
0x7ad9fd	0	boundary_rva_007ad9fd
0x7ada12	0	boundary_rva_007ada12
0x7ada27	0	boundary_rva_007ada27
0x7ada3c	0	boundary_rva_007ada3c
0x7ada4c	0	boundary_rva_007ada4c
0x7ada7b	0	boundary_rva_007ada7b
0x7ada90	0	boundary_rva_007ada90
0x7adaa5	0	boundary_rva_007adaa5
0x7adab5	0	boundary_rva_007adab5
0x7adad2	0	boundary_rva_007adad2
0x7adb01	0	boundary_rva_007adb01
0x7adb11	0	boundary_rva_007adb11
0x7adb1d	0	boundary_rva_007adb1d
0x7adb4c	0	boundary_rva_007adb4c
0x7adb61	0	boundary_rva_007adb61
0x7adb6d	0	boundary_rva_007adb6d
0x7adb82	0	boundary_rva_007adb82
0x7adb92	0	boundary_rva_007adb92
0x7adbc1	0	boundary_rva_007adbc1
0x7adbd1	0	boundary_rva_007adbd1
0x7adbff	0	boundary_rva_007adbff
0x7adc48	0	boundary_rva_007adc48
0x7adc58	0	boundary_rva_007adc58
0x7adc8c	0	boundary_rva_007adc8c
0x7adc9c	0	boundary_rva_007adc9c
0x7adcae	0	boundary_rva_007adcae
0x7adcf8	0	boundary_rva_007adcf8
0x7add08	0	boundary_rva_007add08
0x7add18	0	boundary_rva_007add18
0x7add2a	0	boundary_rva_007add2a
0x7add3c	0	boundary_rva_007add3c
0x7add4e	0	boundary_rva_007add4e
0x7add60	0	boundary_rva_007add60
0x7add72	0	boundary_rva_007add72
0x7add9d	0	boundary_rva_007add9d
0x7addc7	0	boundary_rva_007addc7
0x7addd3	0	boundary_rva_007addd3
0x7addf9	0	boundary_rva_007addf9
0x7ade23	0	boundary_rva_007ade23
0x7ade2f	0	boundary_rva_007ade2f
0x7ade4c	0	boundary_rva_007ade4c
0x7ade78	0	boundary_rva_007ade78
0x7ade88	0	boundary_rva_007ade88
0x7adecc	0	boundary_rva_007adecc
0x7adef6	0	boundary_rva_007adef6
0x7adf06	0	boundary_rva_007adf06
0x7adf18	0	boundary_rva_007adf18
0x7adf2a	0	boundary_rva_007adf2a
0x7adf3c	0	boundary_rva_007adf3c
0x7adf4e	0	boundary_rva_007adf4e
0x7adf60	0	boundary_rva_007adf60
0x7adf88	0	boundary_rva_007adf88
0x7adfb2	0	boundary_rva_007adfb2
0x7adfbe	0	boundary_rva_007adfbe
0x7adfca	0	boundary_rva_007adfca
0x7adfdf	0	boundary_rva_007adfdf
0x7adfef	0	boundary_rva_007adfef
0x7ae004	0	boundary_rva_007ae004
0x7ae033	0	boundary_rva_007ae033
0x7ae043	0	boundary_rva_007ae043
0x7ae087	0	boundary_rva_007ae087
0x7ae097	0	boundary_rva_007ae097
0x7ae0ad	0	boundary_rva_007ae0ad
0x7ae120	0	boundary_rva_007ae120
0x7ae14a	0	boundary_rva_007ae14a
0x7ae15a	0	boundary_rva_007ae15a
0x7ae16f	0	boundary_rva_007ae16f
0x7ae19e	0	boundary_rva_007ae19e
0x7ae1ae	0	boundary_rva_007ae1ae
0x7ae1fc	0	boundary_rva_007ae1fc
0x7ae240	0	boundary_rva_007ae240
0x7ae26a	0	boundary_rva_007ae26a
0x7ae27c	0	boundary_rva_007ae27c
0x7ae2be	0	boundary_rva_007ae2be
0x7ae2ce	0	boundary_rva_007ae2ce
0x7ae2f8	0	boundary_rva_007ae2f8
0x7ae33c	0	boundary_rva_007ae33c
0x7ae366	0	boundary_rva_007ae366
0x7ae390	0	boundary_rva_007ae390
0x7ae39c	0	boundary_rva_007ae39c
0x7ae3ac	0	boundary_rva_007ae3ac
0x7ae3e1	0	boundary_rva_007ae3e1
0x7ae40b	0	boundary_rva_007ae40b
0x7ae435	0	boundary_rva_007ae435
0x7ae45f	0	boundary_rva_007ae45f
0x7ae489	0	boundary_rva_007ae489
0x7ae49e	0	boundary_rva_007ae49e
0x7ae4ae	0	boundary_rva_007ae4ae
0x7ae4dd	0	boundary_rva_007ae4dd
0x7ae4ed	0	boundary_rva_007ae4ed
0x7ae51d	0	boundary_rva_007ae51d
0x7ae52d	0	boundary_rva_007ae52d
0x7ae547	0	boundary_rva_007ae547
0x7ae595	0	boundary_rva_007ae595
0x7ae5a5	0	boundary_rva_007ae5a5
0x7ae5c2	0	boundary_rva_007ae5c2
0x7ae5da	0	boundary_rva_007ae5da
0x7ae5f7	0	boundary_rva_007ae5f7
0x7ae614	0	boundary_rva_007ae614
0x7ae644	0	boundary_rva_007ae644
0x7ae66e	0	boundary_rva_007ae66e
0x7ae698	0	boundary_rva_007ae698
0x7ae6c2	0	boundary_rva_007ae6c2
0x7ae6e6	0	boundary_rva_007ae6e6
0x7ae6fc	0	boundary_rva_007ae6fc
0x7ae71a	0	boundary_rva_007ae71a
0x7ae738	0	boundary_rva_007ae738
0x7ae756	0	boundary_rva_007ae756
0x7ae774	0	boundary_rva_007ae774
0x7ae79e	0	boundary_rva_007ae79e
0x7ae7b4	0	boundary_rva_007ae7b4
0x7ae7ca	0	boundary_rva_007ae7ca
0x7ae7df	0	boundary_rva_007ae7df
0x7ae7ef	0	boundary_rva_007ae7ef
0x7ae7fb	0	boundary_rva_007ae7fb
0x7ae806	0	boundary_rva_007ae806
0x7ae838	0	boundary_rva_007ae838
0x7ae8b0	0	boundary_rva_007ae8b0
0x7ae8c6	0	boundary_rva_007ae8c6
0x7ae8dc	0	boundary_rva_007ae8dc
0x7ae8f2	0	boundary_rva_007ae8f2
0x7ae908	0	boundary_rva_007ae908
0x7ae937	0	boundary_rva_007ae937
0x7ae94d	0	boundary_rva_007ae94d
0x7ae963	0	boundary_rva_007ae963
0x7ae978	0	boundary_rva_007ae978
0x7ae9a2	0	boundary_rva_007ae9a2
0x7ae9e6	0	boundary_rva_007ae9e6
0x7ae9f2	0	boundary_rva_007ae9f2
0x7aea1c	0	boundary_rva_007aea1c
0x7aea2c	0	boundary_rva_007aea2c
0x7aea84	0	boundary_rva_007aea84
0x7aeaae	0	boundary_rva_007aeaae
0x7aeaf2	0	boundary_rva_007aeaf2
0x7aeb1c	0	boundary_rva_007aeb1c
0x7aeb46	0	boundary_rva_007aeb46
0x7aeb70	0	boundary_rva_007aeb70
0x7aeb9a	0	boundary_rva_007aeb9a
0x7aebaa	0	boundary_rva_007aebaa
0x7aebb7	0	boundary_rva_007aebb7
0x7aec1a	0	boundary_rva_007aec1a
0x7aec8e	0	boundary_rva_007aec8e
0x7aeca4	0	boundary_rva_007aeca4
0x7aecba	0	boundary_rva_007aecba
0x7aecc6	0	boundary_rva_007aecc6
0x7aecf0	0	boundary_rva_007aecf0
0x7aed1a	0	boundary_rva_007aed1a
0x7aed2a	0	boundary_rva_007aed2a
0x7aed61	0	boundary_rva_007aed61
0x7aed71	0	boundary_rva_007aed71
0x7aeda1	0	boundary_rva_007aeda1
0x7aedcb	0	boundary_rva_007aedcb
0x7aedd7	0	boundary_rva_007aedd7
0x7aede7	0	boundary_rva_007aede7
0x7aedf9	0	boundary_rva_007aedf9
0x7aee0b	0	boundary_rva_007aee0b
0x7aee1d	0	boundary_rva_007aee1d
0x7aee2f	0	boundary_rva_007aee2f
0x7aee5b	0	boundary_rva_007aee5b
0x7aee6b	0	boundary_rva_007aee6b
0x7aeeaf	0	boundary_rva_007aeeaf
0x7aeed9	0	boundary_rva_007aeed9
0x7aef03	0	boundary_rva_007aef03
0x7aef15	0	boundary_rva_007aef15
0x7aef27	0	boundary_rva_007aef27
0x7aef39	0	boundary_rva_007aef39
0x7aef4b	0	boundary_rva_007aef4b
0x7aef77	0	boundary_rva_007aef77
0x7aefa1	0	boundary_rva_007aefa1
0x7aefe5	0	boundary_rva_007aefe5
0x7af00f	0	boundary_rva_007af00f
0x7af039	0	boundary_rva_007af039
0x7af063	0	boundary_rva_007af063
0x7af075	0	boundary_rva_007af075
0x7af087	0	boundary_rva_007af087
0x7af099	0	boundary_rva_007af099
0x7af0ab	0	boundary_rva_007af0ab
0x7af0f1	0	boundary_rva_007af0f1
0x7af10c	0	boundary_rva_007af10c
0x7af130	0	boundary_rva_007af130
0x7af160	0	boundary_rva_007af160
0x7af18a	0	boundary_rva_007af18a
0x7af1ce	0	boundary_rva_007af1ce
0x7af1de	0	boundary_rva_007af1de
0x7af1f7	0	boundary_rva_007af1f7
0x7af244	0	boundary_rva_007af244
0x7af288	0	boundary_rva_007af288
0x7af2b2	0	boundary_rva_007af2b2
0x7af2c2	0	boundary_rva_007af2c2
0x7af2d4	0	boundary_rva_007af2d4
0x7af2e6	0	boundary_rva_007af2e6
0x7af2f8	0	boundary_rva_007af2f8
0x7af324	0	boundary_rva_007af324
0x7af334	0	boundary_rva_007af334
0x7af369	0	boundary_rva_007af369
0x7af393	0	boundary_rva_007af393
0x7af3d7	0	boundary_rva_007af3d7
0x7af3e9	0	boundary_rva_007af3e9
0x7af3fb	0	boundary_rva_007af3fb
0x7af40d	0	boundary_rva_007af40d
0x7af41f	0	boundary_rva_007af41f
0x7af44b	0	boundary_rva_007af44b
0x7af475	0	boundary_rva_007af475
0x7af480	0	boundary_rva_007af480
0x7af48b	0	boundary_rva_007af48b
0x7af496	0	boundary_rva_007af496
0x7af4a1	0	boundary_rva_007af4a1
0x7af4ac	0	boundary_rva_007af4ac
0x7af4b7	0	boundary_rva_007af4b7
0x7af4c2	0	boundary_rva_007af4c2
0x7af4cd	0	boundary_rva_007af4cd
0x7af4d8	0	boundary_rva_007af4d8
0x7af4e3	0	boundary_rva_007af4e3
0x7af4ee	0	boundary_rva_007af4ee
0x7af4f9	0	boundary_rva_007af4f9
0x7af504	0	boundary_rva_007af504
0x7af50f	0	boundary_rva_007af50f
0x7af51a	0	boundary_rva_007af51a
0x7af525	0	boundary_rva_007af525
0x7af530	0	boundary_rva_007af530
0x7af53b	0	boundary_rva_007af53b
0x7af546	0	boundary_rva_007af546
0x7af551	0	boundary_rva_007af551
0x7af55c	0	boundary_rva_007af55c
0x7af567	0	boundary_rva_007af567
0x7af572	0	boundary_rva_007af572
0x7af57d	0	boundary_rva_007af57d
0x7af588	0	boundary_rva_007af588
0x7af593	0	boundary_rva_007af593
0x7af59e	0	boundary_rva_007af59e
0x7af5a9	0	boundary_rva_007af5a9
0x7af5b4	0	boundary_rva_007af5b4
0x7af5bf	0	boundary_rva_007af5bf
0x7af5ca	0	boundary_rva_007af5ca
0x7af5d5	0	boundary_rva_007af5d5
0x7af5e0	0	boundary_rva_007af5e0
0x7af5eb	0	boundary_rva_007af5eb
0x7af5f6	0	boundary_rva_007af5f6
0x7af601	0	boundary_rva_007af601
0x7af60c	0	boundary_rva_007af60c
0x7af617	0	boundary_rva_007af617
0x7af622	0	boundary_rva_007af622
0x7af62d	0	boundary_rva_007af62d
0x7af638	0	boundary_rva_007af638
0x7af643	0	boundary_rva_007af643
0x7af64e	0	boundary_rva_007af64e
0x7af659	0	boundary_rva_007af659
0x7af664	0	boundary_rva_007af664
0x7af66f	0	boundary_rva_007af66f
0x7af67a	0	boundary_rva_007af67a
0x7af685	0	boundary_rva_007af685
0x7af690	0	boundary_rva_007af690
0x7af69b	0	boundary_rva_007af69b
0x7af6a6	0	boundary_rva_007af6a6
0x7af6b1	0	boundary_rva_007af6b1
0x7af6bc	0	boundary_rva_007af6bc
0x7af6c7	0	boundary_rva_007af6c7
0x7af6d2	0	boundary_rva_007af6d2
0x7af6dd	0	boundary_rva_007af6dd
0x7af6e8	0	boundary_rva_007af6e8
0x7af6f3	0	boundary_rva_007af6f3
0x7af6fe	0	boundary_rva_007af6fe
0x7af709	0	boundary_rva_007af709
0x7af714	0	boundary_rva_007af714
0x7af71f	0	boundary_rva_007af71f
0x7af72a	0	boundary_rva_007af72a
0x7af735	0	boundary_rva_007af735
0x7af740	0	boundary_rva_007af740
0x7af74b	0	boundary_rva_007af74b
0x7af7dd	0	boundary_rva_007af7dd
0x7af7ed	0	boundary_rva_007af7ed
0x7af7fe	0	boundary_rva_007af7fe
0x7af833	0	boundary_rva_007af833
0x7af849	0	boundary_rva_007af849
0x7af85f	0	boundary_rva_007af85f
0x7af889	0	boundary_rva_007af889
0x7af8cd	0	boundary_rva_007af8cd
0x7af8e3	0	boundary_rva_007af8e3
0x7af8fe	0	boundary_rva_007af8fe
0x7af919	0	boundary_rva_007af919
0x7af934	0	boundary_rva_007af934
0x7af94f	0	boundary_rva_007af94f
0x7af96a	0	boundary_rva_007af96a
0x7af985	0	boundary_rva_007af985
0x7af9a0	0	boundary_rva_007af9a0
0x7af9bb	0	boundary_rva_007af9bb
0x7af9d6	0	boundary_rva_007af9d6
0x7afc11	0	boundary_rva_007afc11
0x7afc26	0	boundary_rva_007afc26
0x7afc56	0	boundary_rva_007afc56
0x7afcb4	0	boundary_rva_007afcb4
0x7afce3	0	boundary_rva_007afce3
0x7afcf8	0	boundary_rva_007afcf8
0x7afd22	0	boundary_rva_007afd22
0x7afd4c	0	boundary_rva_007afd4c
0x7afd61	0	boundary_rva_007afd61
0x7afd76	0	boundary_rva_007afd76
0x7afda0	0	boundary_rva_007afda0
0x7afdca	0	boundary_rva_007afdca
0x7afdf4	0	boundary_rva_007afdf4
0x7afe1e	0	boundary_rva_007afe1e
0x7afe2e	0	boundary_rva_007afe2e
0x7afe5d	0	boundary_rva_007afe5d
0x7afe87	0	boundary_rva_007afe87
0x7afe97	0	boundary_rva_007afe97
0x7afee0	0	boundary_rva_007afee0
0x7aff0a	0	boundary_rva_007aff0a
0x7aff1a	0	boundary_rva_007aff1a
0x7aff30	0	boundary_rva_007aff30
0x7aff46	0	boundary_rva_007aff46
0x7aff5c	0	boundary_rva_007aff5c
0x7aff72	0	boundary_rva_007aff72
0x7affbc	0	boundary_rva_007affbc
0x7affd1	0	boundary_rva_007affd1
0x7affe6	0	boundary_rva_007affe6
0x7afffb	0	boundary_rva_007afffb
0x7b0010	0	boundary_rva_007b0010
0x7b003f	0	boundary_rva_007b003f
0x7b0088	0	boundary_rva_007b0088
0x7b009d	0	boundary_rva_007b009d
0x7b00b2	0	boundary_rva_007b00b2
0x7b00c7	0	boundary_rva_007b00c7
0x7b00dc	0	boundary_rva_007b00dc
0x7b00f1	0	boundary_rva_007b00f1
0x7b0103	0	boundary_rva_007b0103
0x7b0115	0	boundary_rva_007b0115
0x7b013f	0	boundary_rva_007b013f
0x7b014f	0	boundary_rva_007b014f
0x7b015f	0	boundary_rva_007b015f
0x7b0171	0	boundary_rva_007b0171
0x7b0183	0	boundary_rva_007b0183
0x7b0195	0	boundary_rva_007b0195
0x7b01a7	0	boundary_rva_007b01a7
0x7b01d3	0	boundary_rva_007b01d3
0x7b01e8	0	boundary_rva_007b01e8
0x7b01fd	0	boundary_rva_007b01fd
0x7b022c	0	boundary_rva_007b022c
0x7b0241	0	boundary_rva_007b0241
0x7b026b	0	boundary_rva_007b026b
0x7b0280	0	boundary_rva_007b0280
0x7b0290	0	boundary_rva_007b0290
0x7b02a6	0	boundary_rva_007b02a6
0x7b02c3	0	boundary_rva_007b02c3
0x7b02d9	0	boundary_rva_007b02d9
0x7b02f6	0	boundary_rva_007b02f6
0x7b033f	0	boundary_rva_007b033f
0x7b0354	0	boundary_rva_007b0354
0x7b0383	0	boundary_rva_007b0383
0x7b03b2	0	boundary_rva_007b03b2
0x7b03c7	0	boundary_rva_007b03c7
0x7b03f1	0	boundary_rva_007b03f1
0x7b041b	0	boundary_rva_007b041b
0x7b042b	0	boundary_rva_007b042b
0x7b0489	0	boundary_rva_007b0489
0x7b04b3	0	boundary_rva_007b04b3
0x7b04f7	0	boundary_rva_007b04f7
0x7b0521	0	boundary_rva_007b0521
0x7b054b	0	boundary_rva_007b054b
0x7b058f	0	boundary_rva_007b058f
0x7b05a4	0	boundary_rva_007b05a4
0x7b05ce	0	boundary_rva_007b05ce
0x7b05de	0	boundary_rva_007b05de
0x7b0615	0	boundary_rva_007b0615
0x7b0625	0	boundary_rva_007b0625
0x7b063b	0	boundary_rva_007b063b
0x7b0685	0	boundary_rva_007b0685
0x7b06af	0	boundary_rva_007b06af
0x7b06f3	0	boundary_rva_007b06f3
0x7b071d	0	boundary_rva_007b071d
0x7b0747	0	boundary_rva_007b0747
0x7b078b	0	boundary_rva_007b078b
0x7b079b	0	boundary_rva_007b079b
0x7b07ad	0	boundary_rva_007b07ad
0x7b07bf	0	boundary_rva_007b07bf
0x7b07d1	0	boundary_rva_007b07d1
0x7b07e3	0	boundary_rva_007b07e3
0x7b07f5	0	boundary_rva_007b07f5
0x7b0834	0	boundary_rva_007b0834
0x7b0878	0	boundary_rva_007b0878
0x7b08a2	0	boundary_rva_007b08a2
0x7b08b2	0	boundary_rva_007b08b2
0x7b08f6	0	boundary_rva_007b08f6
0x7b0920	0	boundary_rva_007b0920
0x7b094a	0	boundary_rva_007b094a
0x7b09a8	0	boundary_rva_007b09a8
0x7b09ec	0	boundary_rva_007b09ec
0x7b0a16	0	boundary_rva_007b0a16
0x7b0a40	0	boundary_rva_007b0a40
0x7b0a6a	0	boundary_rva_007b0a6a
0x7b0a7c	0	boundary_rva_007b0a7c
0x7b0a8e	0	boundary_rva_007b0a8e
0x7b0aa0	0	boundary_rva_007b0aa0
0x7b0ab2	0	boundary_rva_007b0ab2
0x7b0b12	0	boundary_rva_007b0b12
0x7b0b3c	0	boundary_rva_007b0b3c
0x7b0b66	0	boundary_rva_007b0b66
0x7b0b90	0	boundary_rva_007b0b90
0x7b0ba0	0	boundary_rva_007b0ba0
0x7b0bff	0	boundary_rva_007b0bff
0x7b0c0f	0	boundary_rva_007b0c0f
0x7b0c53	0	boundary_rva_007b0c53
0x7b0c7d	0	boundary_rva_007b0c7d
0x7b0ca7	0	boundary_rva_007b0ca7
0x7b0cb7	0	boundary_rva_007b0cb7
0x7b0cc9	0	boundary_rva_007b0cc9
0x7b0cdb	0	boundary_rva_007b0cdb
0x7b0ced	0	boundary_rva_007b0ced
0x7b0cff	0	boundary_rva_007b0cff
0x7b0d45	0	boundary_rva_007b0d45
0x7b0d55	0	boundary_rva_007b0d55
0x7b0d8c	0	boundary_rva_007b0d8c
0x7b0db6	0	boundary_rva_007b0db6
0x7b0de0	0	boundary_rva_007b0de0
0x7b0e24	0	boundary_rva_007b0e24
0x7b0e4e	0	boundary_rva_007b0e4e
0x7b0e78	0	boundary_rva_007b0e78
0x7b0ea2	0	boundary_rva_007b0ea2
0x7b0ecc	0	boundary_rva_007b0ecc
0x7b0ef6	0	boundary_rva_007b0ef6
0x7b0f20	0	boundary_rva_007b0f20
0x7b0f4a	0	boundary_rva_007b0f4a
0x7b0f74	0	boundary_rva_007b0f74
0x7b0fb8	0	boundary_rva_007b0fb8
0x7b0ffc	0	boundary_rva_007b0ffc
0x7b1026	0	boundary_rva_007b1026
0x7b1050	0	boundary_rva_007b1050
0x7b1094	0	boundary_rva_007b1094
0x7b10be	0	boundary_rva_007b10be
0x7b10e8	0	boundary_rva_007b10e8
0x7b1112	0	boundary_rva_007b1112
0x7b1122	0	boundary_rva_007b1122
0x7b1166	0	boundary_rva_007b1166
0x7b1212	0	boundary_rva_007b1212
0x7b123c	0	boundary_rva_007b123c
0x7b1266	0	boundary_rva_007b1266
0x7b12aa	0	boundary_rva_007b12aa
0x7b12d4	0	boundary_rva_007b12d4
0x7b1318	0	boundary_rva_007b1318
0x7b1328	0	boundary_rva_007b1328
0x7b136c	0	boundary_rva_007b136c
0x7b1396	0	boundary_rva_007b1396
0x7b13c0	0	boundary_rva_007b13c0
0x7b13ea	0	boundary_rva_007b13ea
0x7b142e	0	boundary_rva_007b142e
0x7b148c	0	boundary_rva_007b148c
0x7b14b6	0	boundary_rva_007b14b6
0x7b14e0	0	boundary_rva_007b14e0
0x7b150a	0	boundary_rva_007b150a
0x7b1534	0	boundary_rva_007b1534
0x7b155e	0	boundary_rva_007b155e
0x7b15a2	0	boundary_rva_007b15a2
0x7b15b2	0	boundary_rva_007b15b2
0x7b15f1	0	boundary_rva_007b15f1
0x7b1683	0	boundary_rva_007b1683
0x7b16ad	0	boundary_rva_007b16ad
0x7b170b	0	boundary_rva_007b170b
0x7b1735	0	boundary_rva_007b1735
0x7b175f	0	boundary_rva_007b175f
0x7b17bd	0	boundary_rva_007b17bd
0x7b17e7	0	boundary_rva_007b17e7
0x7b182b	0	boundary_rva_007b182b
0x7b18a3	0	boundary_rva_007b18a3
0x7b18cd	0	boundary_rva_007b18cd
0x7b18f7	0	boundary_rva_007b18f7
0x7b1921	0	boundary_rva_007b1921
0x7b1965	0	boundary_rva_007b1965
0x7b19a9	0	boundary_rva_007b19a9
0x7b19ed	0	boundary_rva_007b19ed
0x7b1a17	0	boundary_rva_007b1a17
0x7b1a27	0	boundary_rva_007b1a27
0x7b1a52	0	boundary_rva_007b1a52
0x7b1a7c	0	boundary_rva_007b1a7c
0x7b1aa6	0	boundary_rva_007b1aa6
0x7b1ad0	0	boundary_rva_007b1ad0
0x7b1afa	0	boundary_rva_007b1afa
0x7b1b24	0	boundary_rva_007b1b24
0x7b1b4e	0	boundary_rva_007b1b4e
0x7b1b92	0	boundary_rva_007b1b92
0x7b1bbc	0	boundary_rva_007b1bbc
0x7b1be6	0	boundary_rva_007b1be6
0x7b1c10	0	boundary_rva_007b1c10
0x7b1c88	0	boundary_rva_007b1c88
0x7b1cb2	0	boundary_rva_007b1cb2
0x7b1cdc	0	boundary_rva_007b1cdc
0x7b1cf2	0	boundary_rva_007b1cf2
0x7b1d1c	0	boundary_rva_007b1d1c
0x7b1d46	0	boundary_rva_007b1d46
0x7b1d70	0	boundary_rva_007b1d70
0x7b1dce	0	boundary_rva_007b1dce
0x7b1df8	0	boundary_rva_007b1df8
0x7b1e22	0	boundary_rva_007b1e22
0x7b1e4c	0	boundary_rva_007b1e4c
0x7b1e90	0	boundary_rva_007b1e90
0x7b1ed4	0	boundary_rva_007b1ed4
0x7b1efe	0	boundary_rva_007b1efe
0x7b1f28	0	boundary_rva_007b1f28
0x7b1f52	0	boundary_rva_007b1f52
0x7b1f7c	0	boundary_rva_007b1f7c
0x7b1fa6	0	boundary_rva_007b1fa6
0x7b1fd0	0	boundary_rva_007b1fd0
0x7b1ffa	0	boundary_rva_007b1ffa
0x7b2024	0	boundary_rva_007b2024
0x7b204e	0	boundary_rva_007b204e
0x7b2078	0	boundary_rva_007b2078
0x7b20a2	0	boundary_rva_007b20a2
0x7b20cc	0	boundary_rva_007b20cc
0x7b20f6	0	boundary_rva_007b20f6
0x7b2120	0	boundary_rva_007b2120
0x7b214a	0	boundary_rva_007b214a
0x7b2174	0	boundary_rva_007b2174
0x7b219e	0	boundary_rva_007b219e
0x7b21c8	0	boundary_rva_007b21c8
0x7b21f2	0	boundary_rva_007b21f2
0x7b221c	0	boundary_rva_007b221c
0x7b2246	0	boundary_rva_007b2246
0x7b2270	0	boundary_rva_007b2270
0x7b229a	0	boundary_rva_007b229a
0x7b22c4	0	boundary_rva_007b22c4
0x7b22ee	0	boundary_rva_007b22ee
0x7b2318	0	boundary_rva_007b2318
0x7b2342	0	boundary_rva_007b2342
0x7b236c	0	boundary_rva_007b236c
0x7b2396	0	boundary_rva_007b2396
0x7b23c0	0	boundary_rva_007b23c0
0x7b23ea	0	boundary_rva_007b23ea
0x7b2414	0	boundary_rva_007b2414
0x7b24c0	0	boundary_rva_007b24c0
0x7b24ea	0	boundary_rva_007b24ea
0x7b2514	0	boundary_rva_007b2514
0x7b253e	0	boundary_rva_007b253e
0x7b2568	0	boundary_rva_007b2568
0x7b25ac	0	boundary_rva_007b25ac
0x7b25bc	0	boundary_rva_007b25bc
0x7b25ce	0	boundary_rva_007b25ce
0x7b25e0	0	boundary_rva_007b25e0
0x7b25f2	0	boundary_rva_007b25f2
0x7b2604	0	boundary_rva_007b2604
0x7b2630	0	boundary_rva_007b2630
0x7b265a	0	boundary_rva_007b265a
0x7b26ec	0	boundary_rva_007b26ec
0x7b274a	0	boundary_rva_007b274a
0x7b2774	0	boundary_rva_007b2774
0x7b27b8	0	boundary_rva_007b27b8
0x7b2830	0	boundary_rva_007b2830
0x7b285a	0	boundary_rva_007b285a
0x7b2906	0	boundary_rva_007b2906
0x7b294a	0	boundary_rva_007b294a
0x7b2974	0	boundary_rva_007b2974
0x7b299e	0	boundary_rva_007b299e
0x7b29c8	0	boundary_rva_007b29c8
0x7b29f2	0	boundary_rva_007b29f2
0x7b2a1c	0	boundary_rva_007b2a1c
0x7b2a60	0	boundary_rva_007b2a60
0x7b2aa4	0	boundary_rva_007b2aa4
0x7b2b36	0	boundary_rva_007b2b36
0x7b2b60	0	boundary_rva_007b2b60
0x7b2b8a	0	boundary_rva_007b2b8a
0x7b2bb4	0	boundary_rva_007b2bb4
0x7b2bde	0	boundary_rva_007b2bde
0x7b2c08	0	boundary_rva_007b2c08
0x7b2c32	0	boundary_rva_007b2c32
0x7b2c5c	0	boundary_rva_007b2c5c
0x7b2c86	0	boundary_rva_007b2c86
0x7b2cb0	0	boundary_rva_007b2cb0
0x7b2cda	0	boundary_rva_007b2cda
0x7b2dee	0	boundary_rva_007b2dee
0x7b2e18	0	boundary_rva_007b2e18
0x7b2e42	0	boundary_rva_007b2e42
0x7b2ea0	0	boundary_rva_007b2ea0
0x7b2eca	0	boundary_rva_007b2eca
0x7b2eda	0	boundary_rva_007b2eda
0x7b2f4e	0	boundary_rva_007b2f4e
0x7b2fe0	0	boundary_rva_007b2fe0
0x7b300a	0	boundary_rva_007b300a
0x7b301a	0	boundary_rva_007b301a
0x7b3064	0	boundary_rva_007b3064
0x7b308e	0	boundary_rva_007b308e
0x7b309e	0	boundary_rva_007b309e
0x7b30c4	0	boundary_rva_007b30c4
0x7b30ee	0	boundary_rva_007b30ee
0x7b3132	0	boundary_rva_007b3132
0x7b3162	0	boundary_rva_007b3162
0x7b31a8	0	boundary_rva_007b31a8
0x7b31df	0	boundary_rva_007b31df
0x7b31fa	0	boundary_rva_007b31fa
0x7b3231	0	boundary_rva_007b3231
0x7b328f	0	boundary_rva_007b328f
0x7b32b9	0	boundary_rva_007b32b9
0x7b32e3	0	boundary_rva_007b32e3
0x7b3327	0	boundary_rva_007b3327
0x7b3351	0	boundary_rva_007b3351
0x7b33af	0	boundary_rva_007b33af
0x7b33c5	0	boundary_rva_007b33c5
0x7b341c	0	boundary_rva_007b341c
0x7b342c	0	boundary_rva_007b342c
0x7b3476	0	boundary_rva_007b3476
0x7b3486	0	boundary_rva_007b3486
0x7b3504	0	boundary_rva_007b3504
0x7b3544	0	boundary_rva_007b3544
0x7b356e	0	boundary_rva_007b356e
0x7b3598	0	boundary_rva_007b3598
0x7b35c2	0	boundary_rva_007b35c2
0x7b35ec	0	boundary_rva_007b35ec
0x7b3664	0	boundary_rva_007b3664
0x7b368e	0	boundary_rva_007b368e
0x7b36d2	0	boundary_rva_007b36d2
0x7b3716	0	boundary_rva_007b3716
0x7b3740	0	boundary_rva_007b3740
0x7b37b8	0	boundary_rva_007b37b8
0x7b37ce	0	boundary_rva_007b37ce
0x7b3832	0	boundary_rva_007b3832
0x7b385c	0	boundary_rva_007b385c
0x7b3886	0	boundary_rva_007b3886
0x7b38ca	0	boundary_rva_007b38ca
0x7b38f4	0	boundary_rva_007b38f4
0x7b3945	0	boundary_rva_007b3945
0x7b395b	0	boundary_rva_007b395b
0x7b39b9	0	boundary_rva_007b39b9
0x7b39e3	0	boundary_rva_007b39e3
0x7b3a0d	0	boundary_rva_007b3a0d
0x7b3a22	0	boundary_rva_007b3a22
0x7b3a2e	0	boundary_rva_007b3a2e
0x7b3a58	0	boundary_rva_007b3a58
0x7b3b26	0	boundary_rva_007b3b26
0x7b3b50	0	boundary_rva_007b3b50
0x7b3b7a	0	boundary_rva_007b3b7a
0x7b3ba4	0	boundary_rva_007b3ba4
0x7b3bce	0	boundary_rva_007b3bce
0x7b3bf8	0	boundary_rva_007b3bf8
0x7b3c22	0	boundary_rva_007b3c22
0x7b3db8	0	boundary_rva_007b3db8
0x7b3dc5	0	boundary_rva_007b3dc5
0x7b3dd2	0	boundary_rva_007b3dd2
0x7b3ddf	0	boundary_rva_007b3ddf
0x7b3e06	0	boundary_rva_007b3e06
0x7b3e4a	0	boundary_rva_007b3e4a
0x7b3e74	0	boundary_rva_007b3e74
0x7b3eca	0	boundary_rva_007b3eca
0x7b3ef4	0	boundary_rva_007b3ef4
0x7b3f1e	0	boundary_rva_007b3f1e
0x7b3fca	0	boundary_rva_007b3fca
0x7b3ff2	0	boundary_rva_007b3ff2
0x7b401c	0	boundary_rva_007b401c
0x7b4100	0	boundary_rva_007b4100
0x7b4116	0	boundary_rva_007b4116
0x7b4194	0	boundary_rva_007b4194
0x7b41d8	0	boundary_rva_007b41d8
0x7b42b8	0	boundary_rva_007b42b8
0x7b4316	0	boundary_rva_007b4316
0x7b433e	0	boundary_rva_007b433e
0x7b434e	0	boundary_rva_007b434e
0x7b4383	0	boundary_rva_007b4383
0x7b43ad	0	boundary_rva_007b43ad
0x7b43bd	0	boundary_rva_007b43bd
0x7b43e5	0	boundary_rva_007b43e5
0x7b440f	0	boundary_rva_007b440f
0x7b4439	0	boundary_rva_007b4439
0x7b445f	0	boundary_rva_007b445f
0x7b4513	0	boundary_rva_007b4513
0x7b4548	0	boundary_rva_007b4548
0x7b457d	0	boundary_rva_007b457d
0x7b458d	0	boundary_rva_007b458d
0x7b45a8	0	boundary_rva_007b45a8
0x7b45c1	0	boundary_rva_007b45c1
0x7b45ce	0	boundary_rva_007b45ce
0x7b45d9	0	boundary_rva_007b45d9
0x7b461b	0	boundary_rva_007b461b
0x7b4636	0	boundary_rva_007b4636
0x7b4651	0	boundary_rva_007b4651
0x7b4662	0	boundary_rva_007b4662
0x7b4670	0	boundary_rva_007b4670
0x7b4698	0	boundary_rva_007b4698
0x7b46a8	0	boundary_rva_007b46a8
0x7b46c3	0	boundary_rva_007b46c3
0x7b46f8	0	boundary_rva_007b46f8
0x7b4722	0	boundary_rva_007b4722
0x7b474c	0	boundary_rva_007b474c
0x7b4756	0	boundary_rva_007b4756
0x7b4760	0	boundary_rva_007b4760
0x7b476a	0	boundary_rva_007b476a
0x7b4774	0	boundary_rva_007b4774
0x7b477e	0	boundary_rva_007b477e
0x7b4788	0	boundary_rva_007b4788
0x7b47bf	0	boundary_rva_007b47bf
0x7b481d	0	boundary_rva_007b481d
0x7b4922	0	boundary_rva_007b4922
0x7b494c	0	boundary_rva_007b494c
0x7b4962	0	boundary_rva_007b4962
0x7b4971	0	boundary_rva_007b4971
0x7b4980	0	boundary_rva_007b4980
0x7b498f	0	boundary_rva_007b498f
0x7b499e	0	boundary_rva_007b499e
0x7b49b3	0	boundary_rva_007b49b3
0x7b4a1a	0	boundary_rva_007b4a1a
0x7b4a30	0	boundary_rva_007b4a30
0x7b4bc6	0	boundary_rva_007b4bc6
0x7b4c38	0	boundary_rva_007b4c38
0x7b4c4e	0	boundary_rva_007b4c4e
0x7b4c64	0	boundary_rva_007b4c64
0x7b4c70	0	boundary_rva_007b4c70
0x7b4c87	0	boundary_rva_007b4c87
0x7b4c9e	0	boundary_rva_007b4c9e
0x7b4cd5	0	boundary_rva_007b4cd5
0x7b4cec	0	boundary_rva_007b4cec
0x7b4d03	0	boundary_rva_007b4d03
0x7b4ef4	0	boundary_rva_007b4ef4
0x7b4f1e	0	boundary_rva_007b4f1e
0x7b4f7c	0	boundary_rva_007b4f7c
0x7b4fda	0	boundary_rva_007b4fda
0x7b4ff0	0	boundary_rva_007b4ff0
0x7b5000	0	boundary_rva_007b5000
0x7b5030	0	boundary_rva_007b5030
0x7b505a	0	boundary_rva_007b505a
0x7b506a	0	boundary_rva_007b506a
0x7b509a	0	boundary_rva_007b509a
0x7b5181	0	boundary_rva_007b5181
0x7b5197	0	boundary_rva_007b5197
0x7b51db	0	boundary_rva_007b51db
0x7b51eb	0	boundary_rva_007b51eb
0x7b521b	0	boundary_rva_007b521b
0x7b5245	0	boundary_rva_007b5245
0x7b526f	0	boundary_rva_007b526f
0x7b5299	0	boundary_rva_007b5299
0x7b5333	0	boundary_rva_007b5333
0x7b5343	0	boundary_rva_007b5343
0x7b53aa	0	boundary_rva_007b53aa
0x7b53d4	0	boundary_rva_007b53d4
0x7b53f0	0	boundary_rva_007b53f0
0x7b5410	0	boundary_rva_007b5410
0x7b54e0	0	boundary_rva_007b54e0
0x7b54f0	0	boundary_rva_007b54f0
0x7b5510	0	boundary_rva_007b5510
0x7b5530	0	boundary_rva_007b5530
0x7b5542	0	boundary_rva_007b5542
0x7b556e	0	boundary_rva_007b556e
0x7b559d	0	boundary_rva_007b559d
0x7b55d0	0	boundary_rva_007b55d0
0x7b55e0	0	boundary_rva_007b55e0
0x7b5600	0	boundary_rva_007b5600
0x7b5620	0	boundary_rva_007b5620
0x7b5640	0	boundary_rva_007b5640
0x7b5660	0	boundary_rva_007b5660
0x7b5680	0	boundary_rva_007b5680
0x7b56a0	0	boundary_rva_007b56a0
0x7b56c0	0	boundary_rva_007b56c0
0x7b56e0	0	boundary_rva_007b56e0
0x7b5700	0	boundary_rva_007b5700
0x7b5720	0	boundary_rva_007b5720
0x7b5740	0	boundary_rva_007b5740
0x7b5760	0	boundary_rva_007b5760
0x7b5780	0	boundary_rva_007b5780
0x7b57a0	0	boundary_rva_007b57a0
0x7b57c0	0	boundary_rva_007b57c0
0x7b57e0	0	boundary_rva_007b57e0
0x7b5800	0	boundary_rva_007b5800
0x7b5820	0	boundary_rva_007b5820
0x7b5840	0	boundary_rva_007b5840
0x7b58a0	0	boundary_rva_007b58a0
0x7b58c0	0	boundary_rva_007b58c0
0x7b58e0	0	boundary_rva_007b58e0
0x7b5900	0	boundary_rva_007b5900
0x7b5920	0	boundary_rva_007b5920
0x7b5940	0	boundary_rva_007b5940
0x7b5960	0	boundary_rva_007b5960
0x7b5980	0	boundary_rva_007b5980
0x7b59a0	0	boundary_rva_007b59a0
0x7b59c0	0	boundary_rva_007b59c0
0x7b59e0	0	boundary_rva_007b59e0
0x7b5a00	0	boundary_rva_007b5a00
0x7b5a20	0	boundary_rva_007b5a20
0x7b5a40	0	boundary_rva_007b5a40
0x7b5a60	0	boundary_rva_007b5a60
0x7b5a80	0	boundary_rva_007b5a80
0x7b5aa0	0	boundary_rva_007b5aa0
0x7b5ac0	0	boundary_rva_007b5ac0
0x7b5ae0	0	boundary_rva_007b5ae0
0x7b5b00	0	boundary_rva_007b5b00
0x7b5b20	0	boundary_rva_007b5b20
0x7b5b40	0	boundary_rva_007b5b40
0x7b5b60	0	boundary_rva_007b5b60
0x7b5b80	0	boundary_rva_007b5b80
0x7b5ba0	0	boundary_rva_007b5ba0
0x7b5bc0	0	boundary_rva_007b5bc0
0x7b5be0	0	boundary_rva_007b5be0
0x7b5c00	0	boundary_rva_007b5c00
0x7b5c20	0	boundary_rva_007b5c20
0x7b5c40	0	boundary_rva_007b5c40
0x7b5c60	0	boundary_rva_007b5c60
0x7b5c80	0	boundary_rva_007b5c80
0x7b5ca0	0	boundary_rva_007b5ca0
0x7b5cc0	0	boundary_rva_007b5cc0
0x7b5ce0	0	boundary_rva_007b5ce0
0x7b5d00	0	boundary_rva_007b5d00
0x7b5d20	0	boundary_rva_007b5d20
0x7b5d40	0	boundary_rva_007b5d40
0x7b5d60	0	boundary_rva_007b5d60
0x7b5d80	0	boundary_rva_007b5d80
0x7b5da0	0	boundary_rva_007b5da0
0x7b5dc0	0	boundary_rva_007b5dc0
0x7b5de0	0	boundary_rva_007b5de0
0x7b5df0	0	boundary_rva_007b5df0
0x7b5e10	0	boundary_rva_007b5e10
0x7b5e30	0	boundary_rva_007b5e30
0x7b5e50	0	boundary_rva_007b5e50
0x7b5e70	0	boundary_rva_007b5e70
0x7b5e90	0	boundary_rva_007b5e90
0x7b5eb0	0	boundary_rva_007b5eb0
0x7b5ed0	0	boundary_rva_007b5ed0
0x7b5ef0	0	boundary_rva_007b5ef0
0x7b5f10	0	boundary_rva_007b5f10
0x7b5f30	0	boundary_rva_007b5f30
0x7b5f50	0	boundary_rva_007b5f50
0x7b5f70	0	boundary_rva_007b5f70
0x7b5f90	0	boundary_rva_007b5f90
0x7b5fb0	0	boundary_rva_007b5fb0
0x7b5fd0	0	boundary_rva_007b5fd0
0x7b5ff0	0	boundary_rva_007b5ff0
0x7b6010	0	boundary_rva_007b6010
0x7b6030	0	boundary_rva_007b6030
0x7b6050	0	boundary_rva_007b6050
0x7b6070	0	boundary_rva_007b6070
0x7b6090	0	boundary_rva_007b6090
0x7b60b0	0	boundary_rva_007b60b0
0x7b60d0	0	boundary_rva_007b60d0
0x7b60f0	0	boundary_rva_007b60f0
0x7b6110	0	boundary_rva_007b6110
0x7b6130	0	boundary_rva_007b6130
0x7b6150	0	boundary_rva_007b6150
0x7b6170	0	boundary_rva_007b6170
0x7b6190	0	boundary_rva_007b6190
0x7b61a0	0	boundary_rva_007b61a0
0x7b61c0	0	boundary_rva_007b61c0
0x7b61e0	0	boundary_rva_007b61e0
0x7b6200	0	boundary_rva_007b6200
0x7b6220	0	boundary_rva_007b6220
0x7b6240	0	boundary_rva_007b6240
0x7b6260	0	boundary_rva_007b6260
0x7b6280	0	boundary_rva_007b6280
0x7b62a0	0	boundary_rva_007b62a0
0x7b62c0	0	boundary_rva_007b62c0
0x7b62e0	0	boundary_rva_007b62e0
0x7b6300	0	boundary_rva_007b6300
0x7b6320	0	boundary_rva_007b6320
0x7b6340	0	boundary_rva_007b6340
0x7b6360	0	boundary_rva_007b6360
0x7b6380	0	boundary_rva_007b6380
0x7b63a0	0	boundary_rva_007b63a0
0x7b63c0	0	boundary_rva_007b63c0
0x7b63e0	0	boundary_rva_007b63e0
0x7b6400	0	boundary_rva_007b6400
0x7b6420	0	boundary_rva_007b6420
0x7b6440	0	boundary_rva_007b6440
0x7b6460	0	boundary_rva_007b6460
0x7b6480	0	boundary_rva_007b6480
0x7b64a0	0	boundary_rva_007b64a0
0x7b64c0	0	boundary_rva_007b64c0
0x7b64e0	0	boundary_rva_007b64e0
0x7b6500	0	boundary_rva_007b6500
0x7b6520	0	boundary_rva_007b6520
0x7b6540	0	boundary_rva_007b6540
0x7b6560	0	boundary_rva_007b6560
0x7b6580	0	boundary_rva_007b6580
0x7b65a0	0	boundary_rva_007b65a0
0x7b65c0	0	boundary_rva_007b65c0
0x7b65e0	0	boundary_rva_007b65e0
0x7b6600	0	boundary_rva_007b6600
0x7b6610	0	boundary_rva_007b6610
0x7b6630	0	boundary_rva_007b6630
0x7b6640	0	boundary_rva_007b6640
0x7b6670	0	boundary_rva_007b6670
0x7b6680	0	boundary_rva_007b6680
0x7b6690	0	boundary_rva_007b6690
0x7b66c0	0	boundary_rva_007b66c0
0x7b66e0	0	boundary_rva_007b66e0
0x7b6700	0	boundary_rva_007b6700
0x7b6720	0	boundary_rva_007b6720
0x7b6740	0	boundary_rva_007b6740
0x7b6760	0	boundary_rva_007b6760
0x7b6780	0	boundary_rva_007b6780
0x7b67a0	0	boundary_rva_007b67a0
0x7b67c0	0	boundary_rva_007b67c0
0x7b67f0	0	boundary_rva_007b67f0
0x7b6800	0	boundary_rva_007b6800
0x7b6830	0	boundary_rva_007b6830
0x7b6a80	0	boundary_rva_007b6a80
0x7b6a90	0	boundary_rva_007b6a90
0x7b6ac8	0	boundary_rva_007b6ac8
0x7b6b05	0	boundary_rva_007b6b05
0x7b6b19	0	boundary_rva_007b6b19
0x7b6b23	0	boundary_rva_007b6b23
0x7b6b37	0	boundary_rva_007b6b37
0x7b6b73	0	boundary_rva_007b6b73
0x7b6b91	0	boundary_rva_007b6b91
0x7b6bb9	0	boundary_rva_007b6bb9
0x7b6be1	0	boundary_rva_007b6be1
0x7b6bf5	0	boundary_rva_007b6bf5
0x7b6c15	0	boundary_rva_007b6c15
0x7b6c2a	0	boundary_rva_007b6c2a
0x7b6c3e	0	boundary_rva_007b6c3e
0x7b6caf	0	boundary_rva_007b6caf
0x7b6ce1	0	boundary_rva_007b6ce1
0x7b6cff	0	boundary_rva_007b6cff
0x7b6d09	0	boundary_rva_007b6d09
0x7b6d1d	0	boundary_rva_007b6d1d
0x7b6d27	0	boundary_rva_007b6d27
0x7b6dfa	0	boundary_rva_007b6dfa
0x7b6e18	0	boundary_rva_007b6e18
0x7b6e72	0	boundary_rva_007b6e72
0x7b6e7c	0	boundary_rva_007b6e7c
0x7b6e90	0	boundary_rva_007b6e90
0x7b6eae	0	boundary_rva_007b6eae
0x7b6ec2	0	boundary_rva_007b6ec2
0x7b6ed6	0	boundary_rva_007b6ed6
0x7b6eea	0	boundary_rva_007b6eea
0x7b6ef4	0	boundary_rva_007b6ef4
0x7b6f08	0	boundary_rva_007b6f08
0x7b6f12	0	boundary_rva_007b6f12
0x7b6f26	0	boundary_rva_007b6f26
0x7b6f27	0	boundary_rva_007b6f27
0x7b6f3c	0	boundary_rva_007b6f3c
0x7b6f3d	0	boundary_rva_007b6f3d
0x7b6f5c	0	boundary_rva_007b6f5c
0x7b6f8e	0	boundary_rva_007b6f8e
0x7b6f98	0	boundary_rva_007b6f98
0x7b70e0	0	boundary_rva_007b70e0
0x7b71aa	0	boundary_rva_007b71aa
0x7b7253	0	boundary_rva_007b7253
0x7b725d	0	boundary_rva_007b725d
0x7b7556	0	boundary_rva_007b7556
0x7b7588	0	boundary_rva_007b7588
0x7b759c	0	boundary_rva_007b759c
0x7b75a6	0	boundary_rva_007b75a6
0x7b75c4	0	boundary_rva_007b75c4
0x7b7650	0	boundary_rva_007b7650
0x7b765a	0	boundary_rva_007b765a
0x7b7664	0	boundary_rva_007b7664
0x7b766e	0	boundary_rva_007b766e
0x7b7678	0	boundary_rva_007b7678
0x7b7682	0	boundary_rva_007b7682
0x7b768c	0	boundary_rva_007b768c
0x7b7696	0	boundary_rva_007b7696
0x7b76a0	0	boundary_rva_007b76a0
0x7b76aa	0	boundary_rva_007b76aa
0x7b76b4	0	boundary_rva_007b76b4
0x7b76be	0	boundary_rva_007b76be
0x7b76c8	0	boundary_rva_007b76c8
0x7b76e6	0	boundary_rva_007b76e6
0x7b76fa	0	boundary_rva_007b76fa
0x7b7704	0	boundary_rva_007b7704
0x7b7718	0	boundary_rva_007b7718
0x7b7736	0	boundary_rva_007b7736
0x7b7740	0	boundary_rva_007b7740
0x7b775e	0	boundary_rva_007b775e
0x7b7768	0	boundary_rva_007b7768
0x7b7786	0	boundary_rva_007b7786
0x7b7810	0	boundary_rva_007b7810
0x7b782e	0	boundary_rva_007b782e
0x7b789c	0	boundary_rva_007b789c
0x7b78a6	0	boundary_rva_007b78a6
0x7b7900	0	boundary_rva_007b7900
0x7b796e	0	boundary_rva_007b796e
0x7b7979	0	boundary_rva_007b7979
0x7b7983	0	boundary_rva_007b7983
0x7b798d	0	boundary_rva_007b798d
0x7b79a1	0	boundary_rva_007b79a1
0x7b79b5	0	boundary_rva_007b79b5
0x7b79fb	0	boundary_rva_007b79fb
0x7b7a05	0	boundary_rva_007b7a05
0x7b7a19	0	boundary_rva_007b7a19
0x7b7a37	0	boundary_rva_007b7a37
0x7b7a41	0	boundary_rva_007b7a41
0x7b7a5f	0	boundary_rva_007b7a5f
0x7b7a69	0	boundary_rva_007b7a69
0x7b7aa5	0	boundary_rva_007b7aa5
0x7b7bbe	0	boundary_rva_007b7bbe
0x7b7c04	0	boundary_rva_007b7c04
0x7b7caf	0	boundary_rva_007b7caf
0x7b7cc3	0	boundary_rva_007b7cc3
0x7b7d27	0	boundary_rva_007b7d27
0x7b7d31	0	boundary_rva_007b7d31
0x7b7d3b	0	boundary_rva_007b7d3b
0x7b7d45	0	boundary_rva_007b7d45
0x7b7d77	0	boundary_rva_007b7d77
0x7b7d81	0	boundary_rva_007b7d81
0x7b7d95	0	boundary_rva_007b7d95
0x7b7db3	0	boundary_rva_007b7db3
0x7b7dc7	0	boundary_rva_007b7dc7
0x7b7dd1	0	boundary_rva_007b7dd1
0x7b7e3f	0	boundary_rva_007b7e3f
0x7b7e49	0	boundary_rva_007b7e49
0x7b7e8f	0	boundary_rva_007b7e8f
0x7b7e99	0	boundary_rva_007b7e99
0x7b7ea3	0	boundary_rva_007b7ea3
0x7b7ead	0	boundary_rva_007b7ead
0x7b7eb7	0	boundary_rva_007b7eb7
0x7b7ec1	0	boundary_rva_007b7ec1
0x7b7ecb	0	boundary_rva_007b7ecb
0x7b7ed5	0	boundary_rva_007b7ed5
0x7b7edf	0	boundary_rva_007b7edf
0x7b7ee9	0	boundary_rva_007b7ee9
0x7b7ef3	0	boundary_rva_007b7ef3
0x7b7efd	0	boundary_rva_007b7efd
0x7b7f07	0	boundary_rva_007b7f07
0x7b7f11	0	boundary_rva_007b7f11
0x7b7f1b	0	boundary_rva_007b7f1b
0x7b7f25	0	boundary_rva_007b7f25
0x7b7f2f	0	boundary_rva_007b7f2f
0x7b7f39	0	boundary_rva_007b7f39
0x7b7f43	0	boundary_rva_007b7f43
0x7b7f4d	0	boundary_rva_007b7f4d
0x7b7f57	0	boundary_rva_007b7f57
0x7b7f61	0	boundary_rva_007b7f61
0x7b7f6b	0	boundary_rva_007b7f6b
0x7b7f75	0	boundary_rva_007b7f75
0x7b7f7f	0	boundary_rva_007b7f7f
0x7b7f89	0	boundary_rva_007b7f89
0x7b7f93	0	boundary_rva_007b7f93
0x7b7f9d	0	boundary_rva_007b7f9d
0x7b7fa7	0	boundary_rva_007b7fa7
0x7b7fb1	0	boundary_rva_007b7fb1
0x7b7fbb	0	boundary_rva_007b7fbb
0x7b7fc5	0	boundary_rva_007b7fc5
0x7b7fcf	0	boundary_rva_007b7fcf
0x7b7fd9	0	boundary_rva_007b7fd9
0x7b7fe3	0	boundary_rva_007b7fe3
0x7b7fed	0	boundary_rva_007b7fed
0x7b7ff7	0	boundary_rva_007b7ff7
0x7b8001	0	boundary_rva_007b8001
0x7b800b	0	boundary_rva_007b800b
0x7b8015	0	boundary_rva_007b8015
0x7b801f	0	boundary_rva_007b801f
0x7b8029	0	boundary_rva_007b8029
0x7b8033	0	boundary_rva_007b8033
0x7b803d	0	boundary_rva_007b803d
0x7b8047	0	boundary_rva_007b8047
0x7b8051	0	boundary_rva_007b8051
0x7b805b	0	boundary_rva_007b805b
0x7b805c	0	boundary_rva_007b805c
0x7b805d	0	boundary_rva_007b805d
0x7b805e	0	boundary_rva_007b805e
0x7b805f	0	boundary_rva_007b805f
0x7b8060	0	boundary_rva_007b8060
0x7b8061	0	boundary_rva_007b8061
0x7b8062	0	boundary_rva_007b8062
0x7b8063	0	boundary_rva_007b8063
0x7b8064	0	boundary_rva_007b8064
0x7b8065	0	boundary_rva_007b8065
0x7b8066	0	boundary_rva_007b8066
0x7b8067	0	boundary_rva_007b8067
0x7b8068	0	boundary_rva_007b8068
0x7b8069	0	boundary_rva_007b8069
0x7b806a	0	boundary_rva_007b806a
0x7b806b	0	boundary_rva_007b806b
0x7b806c	0	boundary_rva_007b806c
0x7b806d	0	boundary_rva_007b806d
0x7b806e	0	boundary_rva_007b806e
0x7b80a1	0	boundary_rva_007b80a1
0x7b80b5	0	boundary_rva_007b80b5
0x7b80bf	0	boundary_rva_007b80bf
0x7b80c9	0	boundary_rva_007b80c9
0x7b816a	0	boundary_rva_007b816a
0x7b8175	0	boundary_rva_007b8175
0x7b817f	0	boundary_rva_007b817f
0x7b8189	0	boundary_rva_007b8189
0x7b8193	0	boundary_rva_007b8193
0x7b8201	0	boundary_rva_007b8201
0x7b8265	0	boundary_rva_007b8265
0x7b8283	0	boundary_rva_007b8283
0x7b8369	0	boundary_rva_007b8369
0x7b839b	0	boundary_rva_007b839b
0x7b83a5	0	boundary_rva_007b83a5
0x7b83b9	0	boundary_rva_007b83b9
0x7b83eb	0	boundary_rva_007b83eb
0x7b83f5	0	boundary_rva_007b83f5
0x7b83ff	0	boundary_rva_007b83ff
0x7b8409	0	boundary_rva_007b8409
0x7b8590	0	boundary_rva_007b8590
0x7b85e0	0	boundary_rva_007b85e0
0x7b85e1	0	boundary_rva_007b85e1
0x7b85e2	0	boundary_rva_007b85e2
0x7b89c1	0	boundary_rva_007b89c1
0x7b8e99	0	boundary_rva_007b8e99
0x7b8f08	0	boundary_rva_007b8f08
0x7b8f12	0	boundary_rva_007b8f12
0x7b8f1c	0	boundary_rva_007b8f1c
0x7b8f44	0	boundary_rva_007b8f44
0x7b8f6d	0	boundary_rva_007b8f6d
0x7b8f9f	0	boundary_rva_007b8f9f
0x7b8fa9	0	boundary_rva_007b8fa9
0x7b8fbd	0	boundary_rva_007b8fbd
0x7b9071	0	boundary_rva_007b9071
0x7b9099	0	boundary_rva_007b9099
0x7b9162	0	boundary_rva_007b9162
0x7b916c	0	boundary_rva_007b916c
0x7b91a8	0	boundary_rva_007b91a8
0x7b91e4	0	boundary_rva_007b91e4
0x7b91f8	0	boundary_rva_007b91f8
0x7b9202	0	boundary_rva_007b9202
0x7b920c	0	boundary_rva_007b920c
0x7b9216	0	boundary_rva_007b9216
0x7b9248	0	boundary_rva_007b9248
0x7b9252	0	boundary_rva_007b9252
0x7b925c	0	boundary_rva_007b925c
0x7b9266	0	boundary_rva_007b9266
0x7b9270	0	boundary_rva_007b9270
0x7b927a	0	boundary_rva_007b927a
0x7b9298	0	boundary_rva_007b9298
0x7b92a2	0	boundary_rva_007b92a2
0x7b92b6	0	boundary_rva_007b92b6
0x7b92c0	0	boundary_rva_007b92c0
0x7b93ec	0	boundary_rva_007b93ec
0x7b945a	0	boundary_rva_007b945a
0x7b94aa	0	boundary_rva_007b94aa
0x7b94b4	0	boundary_rva_007b94b4
0x7b94c8	0	boundary_rva_007b94c8
0x7b94d2	0	boundary_rva_007b94d2
0x7b957c	0	boundary_rva_007b957c
0x7b9586	0	boundary_rva_007b9586
0x7b95a4	0	boundary_rva_007b95a4
0x7b95ea	0	boundary_rva_007b95ea
0x7b961c	0	boundary_rva_007b961c
0x7b9630	0	boundary_rva_007b9630
0x7b969e	0	boundary_rva_007b969e
0x7b96f8	0	boundary_rva_007b96f8
0x7b9702	0	boundary_rva_007b9702
0x7b970c	0	boundary_rva_007b970c
0x7b9720	0	boundary_rva_007b9720
0x7b9843	0	boundary_rva_007b9843
0x7b993d	0	boundary_rva_007b993d
0x7b9947	0	boundary_rva_007b9947
0x7b9965	0	boundary_rva_007b9965
0x7b9983	0	boundary_rva_007b9983
0x7b998d	0	boundary_rva_007b998d
0x7b99b5	0	boundary_rva_007b99b5
0x7b99d3	0	boundary_rva_007b99d3
0x7b99dd	0	boundary_rva_007b99dd
0x7b9a05	0	boundary_rva_007b9a05
0x7b9a23	0	boundary_rva_007b9a23
0x7b9ae0	0	boundary_rva_007b9ae0
0x7b9c20	0	boundary_rva_007b9c20
0x7b9cb2	0	boundary_rva_007b9cb2
