source,linked,unresolved,duplicates,comdat_losers,addresses
Code/GameClient/Drawable/Update/RadarMarkerClientUpdateCtor.cpp,yes,0,0,0,0
Code/GameEngine/Source/Common/AddressTinyBodiesD0083FDF0.cpp,yes,0,0,0,0
Code/GameEngine/Source/Common/AnimationSoundClientBehaviorCtor.cpp,no,3,0,0,3
Code/GameEngine/Source/Common/AnimationSoundTreeFree.cpp,no,1,0,0,0
Code/GameEngine/Source/Common/AsciiStringFoldDeleters.cpp,no,1,2,0,0
Code/GameEngine/Source/Common/AtlSimpleArrayHInstanceAdd.cpp,no,1,0,1,0
Code/GameEngine/Source/Common/AttributeModifierPoolUpdateRva.cpp,yes,0,0,0,0
Code/GameEngine/Source/Common/AutoResolveUnitNameFromIndex.cpp,no,0,0,0,1
Code/GameEngine/Source/Common/BFME2NativeNetworkBaseConstruct.cpp,no,0,0,0,1
Code/GameEngine/Source/Common/Bezier/BezierSegmentConstructionAndLength.cpp,yes,0,0,0,0
Code/GameEngine/Source/Common/Bfme/BfmeChainRecord.cpp,yes,0,0,0,0
Code/GameEngine/Source/Common/Bfme/BfmeLinearInsertFloat.cpp,yes,0,0,0,0
Code/GameEngine/Source/Common/Bfme/Gen_009EBA60Target_bfmeInvoke.cpp,no,0,0,1,0
Code/GameEngine/Source/Common/Bfme/Gen_009EBB60Target_bfmeForward.cpp,yes,0,0,0,0
Code/GameEngine/Source/Common/Bfme/Glo00EF3330_h00489410.cpp,no,1,0,0,0
Code/GameEngine/Source/Common/Bfme/Q1Forwardee0000871A_handle.cpp,yes,0,0,0,0
Code/GameEngine/Source/Common/Bfme/Rva0006D5B0_sum.cpp,yes,0,0,0,0
Code/GameEngine/Source/Common/Bfme/Rva0034FF50SmallHelpers.cpp,yes,0,0,0,0
Code/GameEngine/Source/Common/Bfme/Rva0036265ESet.cpp,yes,0,0,0,0
Code/GameEngine/Source/Common/Bfme/Rva00362693Check.cpp,yes,0,0,0,0
Code/GameEngine/Source/Common/Bfme/Rva003628A6Free.cpp,yes,0,0,0,0
Code/GameEngine/Source/Common/Bfme/Rva00362B22Dtor.cpp,yes,0,0,0,0
Code/GameEngine/Source/Common/Bfme/Rva003A6360CopyCtor.cpp,no,1,0,0,0
Code/GameEngine/Source/Common/Bfme/Rva00409930SlotArray.cpp,yes,0,0,0,0
Code/GameEngine/Source/Common/Bfme/Rva00427A70_assign.cpp,yes,0,0,0,0
Code/GameEngine/Source/Common/Bfme/Rva00477DF0OrderPairs.cpp,yes,0,0,0,0
Code/GameEngine/Source/Common/Bfme/Rva00489360GuardedAdd.cpp,yes,0,0,0,0
Code/GameEngine/Source/Common/Bfme/Rva0048E3D0PairRefAssign.cpp,yes,0,0,0,0
Code/GameEngine/Source/Common/Bfme/Rva004E5821Method.cpp,no,1,0,0,0
Code/GameEngine/Source/Common/Bfme/Rva004E588DFill.cpp,yes,0,0,0,0
Code/GameEngine/Source/Common/Bfme/Rva004E592CMethod.cpp,yes,0,0,0,0
Code/GameEngine/Source/Common/Bfme/Rva004E6273Method.cpp,yes,0,0,0,0
Code/GameEngine/Source/Common/Bfme/Rva004E678BGet.cpp,yes,0,0,0,0
Code/GameEngine/Source/Common/Bfme/Rva004E6816Fire.cpp,no,1,0,0,0
Code/GameEngine/Source/Common/Bfme/Rva00564C7DFill.cpp,yes,0,0,0,0
Code/GameEngine/Source/Common/Bfme/Rva00564CA5Copy.cpp,yes,0,0,0,0
Code/GameEngine/Source/Common/Bfme/Rva00564D38Copy.cpp,yes,0,0,0,0
Code/GameEngine/Source/Common/Bfme/Rva005A4660Copy.cpp,yes,0,0,0,0
Code/GameEngine/Source/Common/Bfme/Rva005B5440ClearFlags.cpp,yes,0,0,0,0
Code/GameEngine/Source/Common/Bfme/Rva005E70AD.cpp,yes,0,0,0,0
Code/GameEngine/Source/Common/Bfme/Rva005E70C6.cpp,yes,0,0,0,0
Code/GameEngine/Source/Common/Bfme/Rva005E70DF.cpp,yes,0,0,0,0
Code/GameEngine/Source/Common/Bfme/Rva005E70F8.cpp,yes,0,0,0,0
Code/GameEngine/Source/Common/Bfme/Rva005E7111.cpp,yes,0,0,0,0
Code/GameEngine/Source/Common/Bfme/Rva005E7198Assign.cpp,yes,0,0,0,0
Code/GameEngine/Source/Common/Bfme/Rva005E71C6Assign.cpp,yes,0,0,0,0
Code/GameEngine/Source/Common/Bfme/Rva005E7204Fill.cpp,yes,0,0,0,0
Code/GameEngine/Source/Common/Bfme/Rva005E7256CopyBackward.cpp,yes,0,0,0,0
Code/GameEngine/Source/Common/Bfme/Rva005E7285Copy.cpp,yes,0,0,0,0
Code/GameEngine/Source/Common/Bfme/Rva005E73E4.cpp,yes,0,0,0,0
Code/GameEngine/Source/Common/Bfme/Rva005E74AADeleting.cpp,yes,0,0,0,0
Code/GameEngine/Source/Common/Bfme/Rva005E7D39Erase.cpp,yes,0,0,0,0
Code/GameEngine/Source/Common/Bfme/Rva005E8044Erase.cpp,yes,0,0,0,0
Code/GameEngine/Source/Common/Bfme/Rva005E8077Clear.cpp,yes,0,0,0,0
Code/GameEngine/Source/Common/Bfme/Rva005E888ADtor.cpp,yes,0,0,0,0
Code/GameEngine/Source/Common/Bfme/Rva005E8908Dtor.cpp,yes,0,0,0,0
Code/GameEngine/Source/Common/Bfme/Rva005E8AAFDtor.cpp,no,0,1,0,0
Code/GameEngine/Source/Common/Bfme/Rva005E8EA1Dtor.cpp,yes,0,0,0,0
Code/GameEngine/Source/Common/Bfme/Rva00739C70Cleanup.cpp,no,3,0,0,0
Code/GameEngine/Source/Common/Bfme/Rva007AE300Copy.cpp,yes,0,0,0,0
Code/GameEngine/Source/Common/Bfme/Rva0080EE80Query.cpp,yes,0,0,0,0
Code/GameEngine/Source/Common/Bfme/Rva0082AFF0Accessor.cpp,yes,0,0,0,0
Code/GameEngine/Source/Common/Bfme/Rva0082BDA0_setByte.cpp,yes,0,0,0,0
Code/GameEngine/Source/Common/Bfme/Rva00882050ImportPatch.cpp,yes,0,0,0,0
Code/GameEngine/Source/Common/Bfme/Rva00882140PatchAllModules.cpp,no,3,0,0,0
Code/GameEngine/Source/Common/Bfme/Rva008830D0.cpp,yes,0,0,0,0
Code/GameEngine/Source/Common/Bfme/Rva00884E50.cpp,yes,0,0,0,0
Code/GameEngine/Source/Common/Bfme/Rva00885920.cpp,no,2,0,0,0
Code/GameEngine/Source/Common/Bfme/Rva00885980.cpp,no,1,0,0,0
Code/GameEngine/Source/Common/Bfme/Rva008859D0.cpp,yes,0,0,0,0
Code/GameEngine/Source/Common/Bfme/Rva00885AF0.cpp,no,1,0,0,1
Code/GameEngine/Source/Common/Bfme/Rva00886A20.cpp,no,1,0,0,1
Code/GameEngine/Source/Common/Bfme/Rva00886AC0.cpp,yes,0,0,0,0
Code/GameEngine/Source/Common/Bfme/Rva00889720.cpp,no,0,0,0,1
Code/GameEngine/Source/Common/Bfme/Rva00889760.cpp,no,1,0,0,0
Code/GameEngine/Source/Common/Bfme/Rva00889780.cpp,no,0,0,0,1
Code/GameEngine/Source/Common/Bfme/Rva00889C90.cpp,yes,0,0,0,0
Code/GameEngine/Source/Common/Bfme/Rva00889D20.cpp,yes,0,0,0,0
Code/GameEngine/Source/Common/Bfme/Rva00889D70.cpp,yes,0,0,0,0
Code/GameEngine/Source/Common/Bfme/Rva00889DD0.cpp,yes,0,0,0,0
Code/GameEngine/Source/Common/Bfme/Rva009A2960MarkState.cpp,yes,0,0,0,0
Code/GameEngine/Source/Common/Bfme/T_009F4FB0.cpp,no,2,0,0,0
Code/GameEngine/Source/Common/Bfme5CeilCellExtent.cpp,yes,0,0,0,0
Code/GameEngine/Source/Common/Bfme5EightyEight.cpp,yes,0,0,0,0
Code/GameEngine/Source/Common/Bfme5EightySeven.cpp,yes,0,0,0,0
Code/GameEngine/Source/Common/Bfme5FactoryStubs.cpp,no,3,0,0,0
Code/GameEngine/Source/Common/Bfme5FiftyFour.cpp,yes,0,0,0,0
Code/GameEngine/Source/Common/Bfme5FiftyOne.cpp,yes,0,0,0,0
Code/GameEngine/Source/Common/Bfme5FiftyThree.cpp,yes,0,0,0,0
Code/GameEngine/Source/Common/Bfme5FiftyTwo.cpp,yes,0,0,0,0
Code/GameEngine/Source/Common/Bfme5IndexedNodeRelease.cpp,no,2,0,0,0
Code/GameEngine/Source/Common/Bfme5InsertLink8F7D90.cpp,yes,0,0,0,0
Code/GameEngine/Source/Common/Bfme5LinkedNode8F7BE0.cpp,yes,0,0,0,0
Code/GameEngine/Source/Common/Bfme5MakeAndReturn.cpp,no,1,0,0,0
Code/GameEngine/Source/Common/Bfme5MeshNameOrTextSet.cpp,no,1,0,0,0
Code/GameEngine/Source/Common/Bfme5Ninety.cpp,yes,0,0,0,0
Code/GameEngine/Source/Common/Bfme5NinetyOne.cpp,no,2,0,0,0
Code/GameEngine/Source/Common/Bfme5NinetyTwo.cpp,no,2,0,0,0
Code/GameEngine/Source/Common/Bfme5NinetyTwoRandom.cpp,no,2,0,0,0
Code/GameEngine/Source/Common/Bfme5SetupPairs.cpp,no,8,0,0,0
Code/GameEngine/Source/Common/Bfme5SeventyFive.cpp,yes,0,0,0,0
Code/GameEngine/Source/Common/Bfme5SeventyFour.cpp,no,2,0,0,0
Code/GameEngine/Source/Common/Bfme5SeventyOne.cpp,yes,0,0,0,0
Code/GameEngine/Source/Common/Bfme5SeventySeven.cpp,no,0,0,0,4
Code/GameEngine/Source/Common/Bfme5SeventySix.cpp,no,1,6,1,0
Code/GameEngine/Source/Common/Bfme5SixtyOne.cpp,yes,0,0,0,0
Code/GameEngine/Source/Common/Bfme5SixtyTwo.cpp,yes,0,0,0,0
Code/GameEngine/Source/Common/Bfme5SmallTests.cpp,yes,0,0,0,0
Code/GameEngine/Source/Common/Bfme5Thirty.cpp,yes,0,0,0,0
Code/GameEngine/Source/Common/Bfme5ThirtyFour.cpp,yes,0,0,0,0
Code/GameEngine/Source/Common/Bfme5ThirtySix.cpp,yes,0,0,0,0
Code/GameEngine/Source/Common/Bfme5ThirtyThree.cpp,yes,0,0,0,0
Code/GameEngine/Source/Common/Bfme5ThirtyTwo.cpp,no,1,0,0,0
Code/GameEngine/Source/Common/Bfme5TinyFifteen.cpp,yes,0,0,0,0
Code/GameEngine/Source/Common/Bfme5TinyNine.cpp,no,1,0,0,0
Code/GameEngine/Source/Common/Bfme5TinySix2.cpp,yes,0,0,0,0
Code/GameEngine/Source/Common/Bfme5TinySix3.cpp,yes,0,0,0,0
Code/GameEngine/Source/Common/Bfme5TinyTen.cpp,no,0,1,0,1
Code/GameEngine/Source/Common/Bfme5TinyThirteen.cpp,yes,0,0,0,0
Code/GameEngine/Source/Common/Bfme5TinyThree.cpp,no,1,0,0,0
Code/GameEngine/Source/Common/Bfme5TinyTwentyFive.cpp,yes,0,0,0,0
Code/GameEngine/Source/Common/Bfme5TinyTwentySix.cpp,yes,0,0,0,0
Code/GameEngine/Source/Common/BfmeAddPack8Mmx.cpp,yes,0,0,0,0
Code/GameEngine/Source/Common/BfmeAddPack8MmxRow.cpp,yes,0,0,0,0
Code/GameEngine/Source/Common/BfmeAddPack8Sse.cpp,yes,0,0,0,0
Code/GameEngine/Source/Common/BfmeAllocBlock.cpp,no,2,0,0,0
Code/GameEngine/Source/Common/BfmeAllocRva.cpp,no,2,0,0,0
Code/GameEngine/Source/Common/BfmeAskRV.cpp,yes,0,0,0,0
Code/GameEngine/Source/Common/BfmeAssignRecord32Assign.cpp,no,0,1,1,0
Code/GameEngine/Source/Common/BfmeAssignRecord36Assign.cpp,no,0,1,1,0
Code/GameEngine/Source/Common/BfmeAvg8to16Mmx.cpp,yes,0,0,0,0
Code/GameEngine/Source/Common/BfmeBlurRows.cpp,yes,0,0,0,0
Code/GameEngine/Source/Common/BfmeCalcBWF.cpp,yes,0,0,0,0
Code/GameEngine/Source/Common/BfmeCallocBlock.cpp,yes,0,0,0,0
Code/GameEngine/Source/Common/BfmeCellAt.cpp,yes,0,0,0,0
Code/GameEngine/Source/Common/BfmeCellSum.cpp,yes,0,0,0,0
Code/GameEngine/Source/Common/BfmeCheckJX.cpp,no,3,0,0,0
Code/GameEngine/Source/Common/BfmeClampBlock.cpp,yes,0,0,0,0
Code/GameEngine/Source/Common/BfmeCodecCpuDispatch.cpp,no,19,0,0,0
Code/GameEngine/Source/Common/BfmeCombine1236.cpp,yes,0,0,0,0
Code/GameEngine/Source/Common/BfmeConv1015.cpp,no,2,0,0,0
Code/GameEngine/Source/Common/BfmeConv1019.cpp,no,3,0,0,0
Code/GameEngine/Source/Common/BfmeConv1020.cpp,no,1,0,0,0
Code/GameEngine/Source/Common/BfmeConv1024.cpp,no,2,0,0,0
Code/GameEngine/Source/Common/BfmeConv1025.cpp,no,3,0,0,0
Code/GameEngine/Source/Common/BfmeConv1026.cpp,no,2,0,0,0
Code/GameEngine/Source/Common/BfmeConv1028.cpp,yes,0,0,0,0
Code/GameEngine/Source/Common/BfmeConv1029.cpp,no,1,0,0,0
Code/GameEngine/Source/Common/BfmeConv1033.cpp,no,2,0,0,0
Code/GameEngine/Source/Common/BfmeConv1034.cpp,no,2,0,0,0
Code/GameEngine/Source/Common/BfmeConv1036.cpp,yes,0,0,0,0
Code/GameEngine/Source/Common/BfmeConv1037.cpp,no,2,0,0,0
Code/GameEngine/Source/Common/BfmeConv1038.cpp,no,2,0,0,0
Code/GameEngine/Source/Common/BfmeConv1039.cpp,no,3,0,0,0
Code/GameEngine/Source/Common/BfmeConv1039E.cpp,yes,0,0,0,0
Code/GameEngine/Source/Common/BfmeConv1040.cpp,no,5,0,0,0
Code/GameEngine/Source/Common/BfmeConv1042.cpp,no,2,0,0,0
Code/GameEngine/Source/Common/BfmeConv1045.cpp,no,3,0,0,0
Code/GameEngine/Source/Common/BfmeConv1050.cpp,no,6,0,0,0
Code/GameEngine/Source/Common/BfmeConv1052.cpp,no,11,2,1,0
Code/GameEngine/Source/Common/BfmeConv1052Do.cpp,no,4,0,0,0
Code/GameEngine/Source/Common/BfmeConv1062.cpp,no,14,0,0,0
Code/GameEngine/Source/Common/BfmeConv1082.cpp,no,8,0,0,0
Code/GameEngine/Source/Common/BfmeConv1083.cpp,no,3,0,0,0
Code/GameEngine/Source/Common/BfmeConv1137Dtor.cpp,no,1,0,0,0
Code/GameEngine/Source/Common/BfmeConv1137Uninstall.cpp,no,7,0,2,0
Code/GameEngine/Source/Common/BfmeConv1149.cpp,no,5,0,0,0
Code/GameEngine/Source/Common/BfmeConv1150.cpp,no,5,0,0,0
Code/GameEngine/Source/Common/BfmeConv1152.cpp,no,2,0,0,0
Code/GameEngine/Source/Common/BfmeConv1153.cpp,no,3,0,0,0
Code/GameEngine/Source/Common/BfmeConv1154.cpp,no,2,0,0,0
Code/GameEngine/Source/Common/BfmeConv1155.cpp,no,1,0,0,0
Code/GameEngine/Source/Common/BfmeConv1173.cpp,yes,0,0,0,0
Code/GameEngine/Source/Common/BfmeConv1173Store.cpp,no,2,0,0,0
Code/GameEngine/Source/Common/BfmeConv1186.cpp,yes,0,0,0,0
Code/GameEngine/Source/Common/BfmeConv1187.cpp,no,1,0,0,0
Code/GameEngine/Source/Common/BfmeConv1191.cpp,no,5,0,0,0
Code/GameEngine/Source/Common/BfmeConv1208.cpp,yes,0,0,0,0
Code/GameEngine/Source/Common/BfmeConv1209.cpp,no,1,0,0,0
Code/GameEngine/Source/Common/BfmeConv1221.cpp,no,3,0,0,0
Code/GameEngine/Source/Common/BfmeConv1228.cpp,no,3,0,0,0
Code/GameEngine/Source/Common/BfmeConv1229.cpp,no,3,0,0,0
Code/GameEngine/Source/Common/BfmeConv1251.cpp,no,2,0,0,0
Code/GameEngine/Source/Common/BfmeConv1287.cpp,no,3,0,0,0
Code/GameEngine/Source/Common/BfmeConv1293.cpp,yes,0,0,0,0
Code/GameEngine/Source/Common/BfmeConv1296.cpp,yes,0,0,0,0
Code/GameEngine/Source/Common/BfmeConv1300.cpp,no,3,0,0,0
Code/GameEngine/Source/Common/BfmeConv1301.cpp,no,1,0,0,0
Code/GameEngine/Source/Common/BfmeConv1302.cpp,no,2,0,0,0
Code/GameEngine/Source/Common/BfmeConv1303.cpp,no,3,0,0,0
Code/GameEngine/Source/Common/BfmeConv1304.cpp,no,3,0,0,0
Code/GameEngine/Source/Common/BfmeConv1305.cpp,yes,0,0,0,0
Code/GameEngine/Source/Common/BfmeConv1308GoTCA.cpp,no,1,0,0,0
Code/GameEngine/Source/Common/BfmeConv1309.cpp,no,5,0,0,0
Code/GameEngine/Source/Common/BfmeConv1312.cpp,no,1,0,0,0
Code/GameEngine/Source/Common/BfmeConv1318.cpp,no,1,0,0,0
Code/GameEngine/Source/Common/BfmeConv1321.cpp,no,3,0,0,2
Code/GameEngine/Source/Common/BfmeConv1322.cpp,no,1,0,0,0
Code/GameEngine/Source/Common/BfmeConv1323.cpp,yes,0,0,0,0
Code/GameEngine/Source/Common/BfmeConv1324.cpp,no,6,0,0,0
Code/GameEngine/Source/Common/BfmeConv1325.cpp,no,11,0,0,0
Code/GameEngine/Source/Common/BfmeConv1325TWC.cpp,no,3,0,0,0
Code/GameEngine/Source/Common/BfmeConv1326.cpp,no,6,0,0,0
Code/GameEngine/Source/Common/BfmeConv1327.cpp,no,5,0,0,0
Code/GameEngine/Source/Common/BfmeConv1329.cpp,no,1,0,0,0
Code/GameEngine/Source/Common/BfmeConv1335.cpp,no,1,0,0,0
Code/GameEngine/Source/Common/BfmeConv1338.cpp,no,10,0,0,0
Code/GameEngine/Source/Common/BfmeConv1339.cpp,no,2,0,0,0
Code/GameEngine/Source/Common/BfmeConv1339_GoUPB.cpp,no,3,0,0,0
Code/GameEngine/Source/Common/BfmeConv1340.cpp,no,1,0,0,0
Code/GameEngine/Source/Common/BfmeConv1341.cpp,no,3,0,0,0
Code/GameEngine/Source/Common/BfmeConv1342.cpp,yes,0,0,0,0
Code/GameEngine/Source/Common/BfmeConv1343.cpp,no,6,0,0,0
Code/GameEngine/Source/Common/BfmeConv1344.cpp,no,5,0,0,0
Code/GameEngine/Source/Common/BfmeConv1347.cpp,no,1,0,0,0
Code/GameEngine/Source/Common/BfmeConv1349.cpp,no,3,0,0,0
Code/GameEngine/Source/Common/BfmeConv1350.cpp,yes,0,0,0,0
Code/GameEngine/Source/Common/BfmeConv1351.cpp,no,4,0,0,0
Code/GameEngine/Source/Common/BfmeConv1355.cpp,no,2,0,0,0
Code/GameEngine/Source/Common/BfmeConv1356.cpp,no,2,0,0,0
Code/GameEngine/Source/Common/BfmeConv1360.cpp,no,8,0,0,0
Code/GameEngine/Source/Common/BfmeConv1361.cpp,no,3,0,0,0
Code/GameEngine/Source/Common/BfmeConv1367.cpp,no,5,0,0,0
Code/GameEngine/Source/Common/BfmeConv1369.cpp,no,4,0,0,0
Code/GameEngine/Source/Common/BfmeConv1371.cpp,yes,0,0,0,0
Code/GameEngine/Source/Common/BfmeConv1372.cpp,yes,0,0,0,0
Code/GameEngine/Source/Common/BfmeConv1372Compute.cpp,yes,0,0,0,0
Code/GameEngine/Source/Common/BfmeConv1373.cpp,no,7,0,0,0
Code/GameEngine/Source/Common/BfmeConv1374.cpp,no,1,0,0,1
Code/GameEngine/Source/Common/BfmeConv1377.cpp,no,6,0,0,0
Code/GameEngine/Source/Common/BfmeConv1378.cpp,no,5,0,0,0
Code/GameEngine/Source/Common/BfmeConv1379.cpp,no,10,0,0,0
Code/GameEngine/Source/Common/BfmeConv1380.cpp,no,8,0,0,0
Code/GameEngine/Source/Common/BfmeConv1381.cpp,no,5,0,0,0
Code/GameEngine/Source/Common/BfmeConv1382.cpp,no,7,0,0,0
Code/GameEngine/Source/Common/BfmeConv1383.cpp,no,5,0,0,0
Code/GameEngine/Source/Common/BfmeConv1384.cpp,no,5,0,0,0
Code/GameEngine/Source/Common/BfmeConv1385.cpp,no,4,0,0,0
Code/GameEngine/Source/Common/BfmeConv1386.cpp,no,8,0,0,0
Code/GameEngine/Source/Common/BfmeConv1387.cpp,no,2,0,0,0
Code/GameEngine/Source/Common/BfmeConv1388.cpp,no,2,0,0,0
Code/GameEngine/Source/Common/BfmeConv1389.cpp,no,2,0,0,0
Code/GameEngine/Source/Common/BfmeConv1390.cpp,no,3,0,0,0
Code/GameEngine/Source/Common/BfmeConv1391.cpp,no,2,0,0,0
Code/GameEngine/Source/Common/BfmeConv1392.cpp,no,4,0,0,0
Code/GameEngine/Source/Common/BfmeConv1393.cpp,no,3,0,0,0
Code/GameEngine/Source/Common/BfmeConv1394.cpp,no,1,0,0,0
Code/GameEngine/Source/Common/BfmeConv1395.cpp,no,2,0,0,0
Code/GameEngine/Source/Common/BfmeConv1404.cpp,no,1,0,0,0
Code/GameEngine/Source/Common/BfmeConv1417.cpp,yes,0,0,0,0
Code/GameEngine/Source/Common/BfmeConv1421.cpp,no,2,0,0,0
Code/GameEngine/Source/Common/BfmeConv1422.cpp,no,2,0,0,0
Code/GameEngine/Source/Common/BfmeConv1423.cpp,no,2,0,0,0
Code/GameEngine/Source/Common/BfmeConv1424.cpp,no,4,0,0,0
Code/GameEngine/Source/Common/BfmeConv1425.cpp,no,1,0,0,0
Code/GameEngine/Source/Common/BfmeConv1426.cpp,yes,0,0,0,0
Code/GameEngine/Source/Common/BfmeConv1427.cpp,no,2,0,0,0
Code/GameEngine/Source/Common/BfmeConv1428.cpp,no,1,0,0,0
Code/GameEngine/Source/Common/BfmeConv1429.cpp,no,1,0,0,0
Code/GameEngine/Source/Common/BfmeConv1430.cpp,yes,0,0,0,0
Code/GameEngine/Source/Common/BfmeConv1431.cpp,no,1,0,0,0
Code/GameEngine/Source/Common/BfmeConv1432.cpp,yes,0,0,0,0
Code/GameEngine/Source/Common/BfmeConv1433.cpp,no,1,0,0,0
Code/GameEngine/Source/Common/BfmeConv1434.cpp,no,1,0,0,0
Code/GameEngine/Source/Common/BfmeConv1435.cpp,no,6,0,0,0
Code/GameEngine/Source/Common/BfmeConv1436.cpp,no,1,0,0,0
Code/GameEngine/Source/Common/BfmeConv1437.cpp,no,1,0,0,0
Code/GameEngine/Source/Common/BfmeConv1438.cpp,no,1,0,0,0
Code/GameEngine/Source/Common/BfmeConv1439.cpp,no,1,0,0,0
Code/GameEngine/Source/Common/BfmeConv1440.cpp,no,1,0,0,0
Code/GameEngine/Source/Common/BfmeConv1441.cpp,yes,0,0,0,0
Code/GameEngine/Source/Common/BfmeConv1443.cpp,yes,0,0,0,0
Code/GameEngine/Source/Common/BfmeConv1444.cpp,no,1,0,0,0
Code/GameEngine/Source/Common/BfmeConv1445.cpp,no,1,0,0,0
Code/GameEngine/Source/Common/BfmeConv1447.cpp,yes,0,0,0,0
Code/GameEngine/Source/Common/BfmeConv1453.cpp,no,3,0,0,0
Code/GameEngine/Source/Common/BfmeConv1454.cpp,no,2,0,0,0
Code/GameEngine/Source/Common/BfmeConv1455.cpp,no,2,0,0,0
Code/GameEngine/Source/Common/BfmeConv1456.cpp,no,3,0,0,0
Code/GameEngine/Source/Common/BfmeConv1457.cpp,no,2,0,0,0
Code/GameEngine/Source/Common/BfmeConv1459.cpp,no,2,0,0,0
Code/GameEngine/Source/Common/BfmeConv1460.cpp,yes,0,0,0,0
Code/GameEngine/Source/Common/BfmeConv1461.cpp,no,3,0,0,0
Code/GameEngine/Source/Common/BfmeConv1462.cpp,no,4,0,0,0
Code/GameEngine/Source/Common/BfmeConv1463.cpp,no,3,0,0,0
Code/GameEngine/Source/Common/BfmeConv1464.cpp,no,3,0,0,0
Code/GameEngine/Source/Common/BfmeConv1466.cpp,yes,0,0,0,0
Code/GameEngine/Source/Common/BfmeConv1468.cpp,yes,0,0,0,0
Code/GameEngine/Source/Common/BfmeConv1471.cpp,yes,0,0,0,0
Code/GameEngine/Source/Common/BfmeConv1472.cpp,yes,0,0,0,0
Code/GameEngine/Source/Common/BfmeConv1473.cpp,yes,0,0,0,0
Code/GameEngine/Source/Common/BfmeConv1474.cpp,no,1,0,0,0
Code/GameEngine/Source/Common/BfmeConv1476.cpp,no,2,0,0,0
Code/GameEngine/Source/Common/BfmeConv1477.cpp,no,2,0,0,0
Code/GameEngine/Source/Common/BfmeConv1478.cpp,no,2,0,0,0
Code/GameEngine/Source/Common/BfmeConv1479.cpp,no,3,0,0,0
Code/GameEngine/Source/Common/BfmeConv1480.cpp,yes,0,0,0,0
Code/GameEngine/Source/Common/BfmeConv1481.cpp,yes,0,0,0,0
Code/GameEngine/Source/Common/BfmeConv1483.cpp,yes,0,0,0,0
Code/GameEngine/Source/Common/BfmeConv1484.cpp,yes,0,0,0,0
Code/GameEngine/Source/Common/BfmeConv1485.cpp,no,3,0,0,0
Code/GameEngine/Source/Common/BfmeConv1486.cpp,no,2,0,0,0
Code/GameEngine/Source/Common/BfmeConv1495.cpp,no,2,0,0,0
Code/GameEngine/Source/Common/BfmeConv1496.cpp,no,1,0,0,0
Code/GameEngine/Source/Common/BfmeConv1497.cpp,no,3,0,0,0
Code/GameEngine/Source/Common/BfmeConv1498.cpp,no,3,0,0,0
Code/GameEngine/Source/Common/BfmeConv1499.cpp,no,4,0,0,0
Code/GameEngine/Source/Common/BfmeConv1500.cpp,no,3,0,0,0
Code/GameEngine/Source/Common/BfmeConv1501.cpp,yes,0,0,0,0
Code/GameEngine/Source/Common/BfmeConv1502.cpp,yes,0,0,0,0
Code/GameEngine/Source/Common/BfmeConv1503.cpp,no,2,0,0,0
Code/GameEngine/Source/Common/BfmeConv1559.cpp,yes,0,0,0,0
Code/GameEngine/Source/Common/BfmeConv1570.cpp,yes,0,0,0,0
Code/GameEngine/Source/Common/BfmeConv1572.cpp,yes,0,0,0,0
Code/GameEngine/Source/Common/BfmeConv1665.cpp,no,2,0,0,0
Code/GameEngine/Source/Common/BfmeConv1668.cpp,no,1,0,0,0
Code/GameEngine/Source/Common/BfmeConv1720.cpp,no,1,0,0,0
Code/GameEngine/Source/Common/BfmeConv1733.cpp,no,1,0,0,0
Code/GameEngine/Source/Common/BfmeConv1857.cpp,no,2,0,0,0
Code/GameEngine/Source/Common/BfmeConv1866.cpp,no,1,0,0,0
Code/GameEngine/Source/Common/BfmeConv1867.cpp,no,4,0,0,0
Code/GameEngine/Source/Common/BfmeConv1871.cpp,no,4,0,0,0
Code/GameEngine/Source/Common/BfmeConv1882.cpp,no,1,0,0,0
Code/GameEngine/Source/Common/BfmeConv1945.cpp,no,2,0,0,0
Code/GameEngine/Source/Common/BfmeConv1972.cpp,no,3,0,0,0
Code/GameEngine/Source/Common/BfmeConv2034.cpp,yes,0,0,0,0
Code/GameEngine/Source/Common/BfmeConv2039.cpp,yes,0,0,0,0
Code/GameEngine/Source/Common/BfmeConv2040.cpp,yes,0,0,0,0
Code/GameEngine/Source/Common/BfmeConv2042.cpp,yes,0,0,0,0
Code/GameEngine/Source/Common/BfmeConv2048.cpp,no,2,0,0,0
Code/GameEngine/Source/Common/BfmeConv2049.cpp,no,2,0,0,0
Code/GameEngine/Source/Common/BfmeConv2050.cpp,no,2,0,0,0
Code/GameEngine/Source/Common/BfmeConv2079.cpp,no,1,0,0,0
Code/GameEngine/Source/Common/BfmeConv2079BucketNew.cpp,no,0,1,1,0
Code/GameEngine/Source/Common/BfmeConv2080.cpp,no,3,0,0,0
Code/GameEngine/Source/Common/BfmeConv2102.cpp,no,1,0,0,0
Code/GameEngine/Source/Common/BfmeConv2109.cpp,no,1,0,0,0
Code/GameEngine/Source/Common/BfmeConv2122.cpp,no,1,0,0,0
Code/GameEngine/Source/Common/BfmeConv2131.cpp,yes,0,0,0,0
Code/GameEngine/Source/Common/BfmeConv441.cpp,yes,0,0,0,0
Code/GameEngine/Source/Common/BfmeConv443.cpp,no,1,0,0,0
Code/GameEngine/Source/Common/BfmeConv448.cpp,yes,0,0,0,0
Code/GameEngine/Source/Common/BfmeConv448FindBEC.cpp,yes,0,0,0,0
Code/GameEngine/Source/Common/BfmeConv454.cpp,no,1,0,0,0
Code/GameEngine/Source/Common/BfmeConv455.cpp,no,1,0,0,0
Code/GameEngine/Source/Common/BfmeConv458.cpp,no,1,0,0,0
Code/GameEngine/Source/Common/BfmeConv465.cpp,no,1,0,0,0
Code/GameEngine/Source/Common/BfmeConv468.cpp,no,1,0,0,0
Code/GameEngine/Source/Common/BfmeConv472.cpp,no,1,0,0,0
Code/GameEngine/Source/Common/BfmeConv476.cpp,no,1,0,0,0
Code/GameEngine/Source/Common/BfmeConv482.cpp,no,2,0,0,0
Code/GameEngine/Source/Common/BfmeConv487.cpp,no,1,0,0,0
Code/GameEngine/Source/Common/BfmeConv491.cpp,no,1,0,0,0
Code/GameEngine/Source/Common/BfmeConv499.cpp,no,2,0,0,0
Code/GameEngine/Source/Common/BfmeConv508.cpp,no,1,0,0,0
Code/GameEngine/Source/Common/BfmeConv534.cpp,no,1,0,0,0
Code/GameEngine/Source/Common/BfmeConv536.cpp,no,1,0,0,0
Code/GameEngine/Source/Common/BfmeConv540.cpp,no,1,0,0,0
Code/GameEngine/Source/Common/BfmeConv541.cpp,no,1,0,0,0
Code/GameEngine/Source/Common/BfmeConv556.cpp,yes,0,0,0,0
Code/GameEngine/Source/Common/BfmeConv557.cpp,yes,0,0,0,0
Code/GameEngine/Source/Common/BfmeConv558.cpp,yes,0,0,0,0
Code/GameEngine/Source/Common/BfmeConv559.cpp,no,1,0,0,0
Code/GameEngine/Source/Common/BfmeConv565.cpp,no,1,0,0,0
Code/GameEngine/Source/Common/BfmeConv575.cpp,no,1,0,0,0
Code/GameEngine/Source/Common/BfmeConv583.cpp,no,2,0,0,0
Code/GameEngine/Source/Common/BfmeConv584.cpp,no,2,0,0,0
Code/GameEngine/Source/Common/BfmeConv585.cpp,no,1,0,0,0
Code/GameEngine/Source/Common/BfmeConv590.cpp,no,1,0,0,0
Code/GameEngine/Source/Common/BfmeConv593.cpp,no,2,0,0,0
Code/GameEngine/Source/Common/BfmeConv597.cpp,no,3,0,0,0
Code/GameEngine/Source/Common/BfmeConv606.cpp,yes,0,0,0,0
Code/GameEngine/Source/Common/BfmeConv607.cpp,yes,0,0,0,0
Code/GameEngine/Source/Common/BfmeConv670.cpp,no,3,0,0,0
Code/GameEngine/Source/Common/BfmeConv671.cpp,no,1,0,0,0
Code/GameEngine/Source/Common/BfmeConv678GoDEB.cpp,no,1,0,0,0
Code/GameEngine/Source/Common/BfmeConv679GoDEC.cpp,no,1,0,0,0
Code/GameEngine/Source/Common/BfmeConv684.cpp,no,2,0,0,0
Code/GameEngine/Source/Common/BfmeConv692.cpp,no,2,0,0,0
Code/GameEngine/Source/Common/BfmeConv693.cpp,no,2,0,0,0
Code/GameEngine/Source/Common/BfmeConv695.cpp,no,2,0,0,0
Code/GameEngine/Source/Common/BfmeConv698.cpp,no,1,0,0,0
Code/GameEngine/Source/Common/BfmeConv699.cpp,no,1,0,0,0
Code/GameEngine/Source/Common/BfmeConv700.cpp,no,1,0,0,0
Code/GameEngine/Source/Common/BfmeConv730.cpp,no,4,0,0,0
Code/GameEngine/Source/Common/BfmeConv759.cpp,no,1,0,0,0
Code/GameEngine/Source/Common/BfmeConv760.cpp,no,1,0,0,0
Code/GameEngine/Source/Common/BfmeConv771.cpp,no,2,0,0,0
Code/GameEngine/Source/Common/BfmeConv773.cpp,no,1,0,0,0
Code/GameEngine/Source/Common/BfmeConv776.cpp,yes,0,0,0,0
Code/GameEngine/Source/Common/BfmeConv780.cpp,no,1,0,0,0
Code/GameEngine/Source/Common/BfmeConv791.cpp,yes,0,0,0,0
Code/GameEngine/Source/Common/BfmeConv792.cpp,yes,0,0,0,0
Code/GameEngine/Source/Common/BfmeConv793.cpp,no,3,0,0,0
Code/GameEngine/Source/Common/BfmeConv794.cpp,no,2,0,0,0
Code/GameEngine/Source/Common/BfmeConv802.cpp,no,1,0,0,0
Code/GameEngine/Source/Common/BfmeConv803.cpp,no,4,0,0,0
Code/GameEngine/Source/Common/BfmeConv803A00.cpp,no,8,0,0,0
Code/GameEngine/Source/Common/BfmeConv803B60.cpp,no,7,0,0,0
Code/GameEngine/Source/Common/BfmeConv803BF0.cpp,no,8,0,0,0
Code/GameEngine/Source/Common/BfmeConv803C90.cpp,no,6,0,0,0
Code/GameEngine/Source/Common/BfmeConv804.cpp,no,2,0,0,0
Code/GameEngine/Source/Common/BfmeConv805.cpp,no,4,0,0,0
Code/GameEngine/Source/Common/BfmeConv812.cpp,no,1,0,0,0
Code/GameEngine/Source/Common/BfmeConv813.cpp,no,1,0,0,0
Code/GameEngine/Source/Common/BfmeConv816.cpp,yes,0,0,0,0
Code/GameEngine/Source/Common/BfmeConv819.cpp,no,4,0,0,0
Code/GameEngine/Source/Common/BfmeConv880GoENK.cpp,no,1,0,0,0
Code/GameEngine/Source/Common/BfmeConv881.cpp,no,3,0,0,0
Code/GameEngine/Source/Common/BfmeConv893.cpp,no,1,0,0,0
Code/GameEngine/Source/Common/BfmeConv908.cpp,no,3,0,0,0
Code/GameEngine/Source/Common/BfmeConv909.cpp,no,3,0,0,0
Code/GameEngine/Source/Common/BfmeConv912.cpp,no,1,0,0,0
Code/GameEngine/Source/Common/BfmeConv924.cpp,no,1,0,0,0
Code/GameEngine/Source/Common/BfmeConv925.cpp,no,1,0,0,0
Code/GameEngine/Source/Common/BfmeConv928.cpp,no,1,0,0,0
Code/GameEngine/Source/Common/BfmeConv929.cpp,yes,0,0,0,0
Code/GameEngine/Source/Common/BfmeConv932.cpp,no,3,0,0,0
Code/GameEngine/Source/Common/BfmeConv932Query932C.cpp,yes,0,0,0,0
Code/GameEngine/Source/Common/BfmeConv936.cpp,no,4,0,0,0
Code/GameEngine/Source/Common/BfmeConv937.cpp,no,2,0,0,0
Code/GameEngine/Source/Common/BfmeConv939Call939D.cpp,no,2,0,0,0
Code/GameEngine/Source/Common/BfmeConv939_Go939D.cpp,no,1,0,0,0
Code/GameEngine/Source/Common/BfmeConv940Go940D.cpp,no,1,0,0,0
Code/GameEngine/Source/Common/BfmeConv943.cpp,no,7,0,0,0
Code/GameEngine/Source/Common/BfmeConv969.cpp,no,4,0,0,0
Code/GameEngine/Source/Common/BfmeConv992.cpp,no,2,0,0,0
Code/GameEngine/Source/Common/BfmeConv998.cpp,no,1,0,0,0
Code/GameEngine/Source/Common/BfmeConv9BD470.cpp,yes,0,0,0,0
Code/GameEngine/Source/Common/BfmeConv9BD750.cpp,no,8,0,0,0
Code/GameEngine/Source/Common/BfmeConv9BE180.cpp,no,8,0,0,0
Code/GameEngine/Source/Common/BfmeConv9C2320.cpp,no,8,0,0,0
Code/GameEngine/Source/Common/BfmeConv9C2620.cpp,no,8,0,0,0
Code/GameEngine/Source/Common/BfmeCopyColAA90.cpp,yes,0,0,0,0
Code/GameEngine/Source/Common/BfmeDeblockEdgeByIndexMmx.cpp,no,6,0,0,0
Code/GameEngine/Source/Common/BfmeDeblockEdgeVerticalByIndexMmx.cpp,no,6,0,0,0
Code/GameEngine/Source/Common/BfmeDropVGO.cpp,no,2,0,0,0
Code/GameEngine/Source/Common/BfmeDualVtableReleaseDtor.cpp,yes,0,0,0,0
Code/GameEngine/Source/Common/BfmeDualVtableReleaseDtorCtor.cpp,no,0,0,0,2
Code/GameEngine/Source/Common/BfmeExpand3to5Mmx.cpp,yes,0,0,0,0
Code/GameEngine/Source/Common/BfmeExpand4to5Mmx.cpp,yes,0,0,0,0
Code/GameEngine/Source/Common/BfmeFillCount82DD70.cpp,no,1,0,0,0
Code/GameEngine/Source/Common/BfmeFilterBlockByIndexMmx.cpp,no,1,0,0,0
Code/GameEngine/Source/Common/BfmeFilterBlockMmx.cpp,yes,0,0,0,0
Code/GameEngine/Source/Common/BfmeFilterBlockPairByIndexMmx.cpp,no,1,0,0,0
Code/GameEngine/Source/Common/BfmeFilterPairMmx.cpp,yes,0,0,0,0
Code/GameEngine/Source/Common/BfmeFilterRowByIndex12Mmx.cpp,no,1,0,0,0
Code/GameEngine/Source/Common/BfmeFilterRowByIndex8Mmx.cpp,no,1,0,0,0
Code/GameEngine/Source/Common/BfmeFindQH.cpp,yes,0,0,0,0
Code/GameEngine/Source/Common/BfmeFiveArgCtorWI.cpp,no,2,0,0,0
Code/GameEngine/Source/Common/BfmeFormatBuffer88A640.cpp,yes,0,0,0,0
Code/GameEngine/Source/Common/BfmeGaussPdf.cpp,yes,0,0,0,0
Code/GameEngine/Source/Common/BfmeGo1053A.cpp,no,2,0,0,0
Code/GameEngine/Source/Common/BfmeGo7760.cpp,yes,0,0,0,0
Code/GameEngine/Source/Common/BfmeGo7820.cpp,no,3,0,0,0
Code/GameEngine/Source/Common/BfmeGo79D0.cpp,no,2,0,0,0
Code/GameEngine/Source/Common/BfmeGridRasterCircle.cpp,no,1,6,2,0
Code/GameEngine/Source/Common/BfmeGrokGrid.cpp,no,1,0,0,0
Code/GameEngine/Source/Common/BfmeGrokOdIf0.cpp,no,1,0,0,0
Code/GameEngine/Source/Common/BfmeGrokOdZero.cpp,yes,0,0,0,0
Code/GameEngine/Source/Common/BfmeHolderDtorBY.cpp,no,2,0,0,0
Code/GameEngine/Source/Common/BfmeHostABD_bfmeAllocABD.cpp,no,2,0,0,0
Code/GameEngine/Source/Common/BfmeImageFilter.cpp,yes,0,0,0,0
Code/GameEngine/Source/Common/BfmeIndexedNodesRva0032C2C4.cpp,yes,0,0,0,0
Code/GameEngine/Source/Common/BfmeInitD70.cpp,yes,0,0,0,0
Code/GameEngine/Source/Common/BfmeInstallSpreadTable.cpp,no,41,0,0,0
Code/GameEngine/Source/Common/BfmeInterpRows2Mmx.cpp,yes,0,0,0,0
Code/GameEngine/Source/Common/BfmeInterpRows5Mmx.cpp,yes,0,0,0,0
Code/GameEngine/Source/Common/BfmeInterpRows6.cpp,yes,0,0,0,0
Code/GameEngine/Source/Common/BfmeInterpRows6Mmx.cpp,yes,0,0,0,0
Code/GameEngine/Source/Common/BfmeInterpRowsMmx.cpp,yes,0,0,0,0
Code/GameEngine/Source/Common/BfmeLimitedEdgeFilters.cpp,no,2,0,0,0
Code/GameEngine/Source/Common/BfmeLoadReplayControlAR.cpp,no,4,0,0,0
Code/GameEngine/Source/Common/BfmeLoopFilterHoriz.cpp,no,1,0,0,0
Code/GameEngine/Source/Common/BfmeLoopFilterVert.cpp,no,1,0,0,0
Code/GameEngine/Source/Common/BfmeMakeBZA.cpp,no,1,0,0,0
Code/GameEngine/Source/Common/BfmeMakeBZB.cpp,yes,0,0,0,0
Code/GameEngine/Source/Common/BfmeMeshHitTest1290.cpp,yes,0,0,0,0
Code/GameEngine/Source/Common/BfmeMixedSixCopyWN.cpp,no,4,0,0,0
Code/GameEngine/Source/Common/BfmeNarrowRecord00079C23Ctor.cpp,no,1,0,16,0
Code/GameEngine/Source/Common/BfmeNodeValueEBDDestructor.cpp,no,1,0,0,0
Code/GameEngine/Source/Common/BfmeObjZHSetZH.cpp,no,3,0,1,0
Code/GameEngine/Source/Common/BfmeObject544CopyCtor.cpp,no,0,0,3,0
Code/GameEngine/Source/Common/BfmeObject544Ctor.cpp,no,2,0,0,0
Code/GameEngine/Source/Common/BfmeObject544Dtor.cpp,no,0,0,3,0
Code/GameEngine/Source/Common/BfmeObject544Find.cpp,yes,0,0,0,0
Code/GameEngine/Source/Common/BfmeOneHundredEightySix.cpp,yes,0,0,0,0
Code/GameEngine/Source/Common/BfmeOneHundredEleven.cpp,yes,0,0,0,0
Code/GameEngine/Source/Common/BfmeOneHundredForty.cpp,yes,0,0,0,0
Code/GameEngine/Source/Common/BfmeOneHundredFortyEight.cpp,yes,0,0,0,0
Code/GameEngine/Source/Common/BfmeOneHundredNinety.cpp,yes,0,0,0,0
Code/GameEngine/Source/Common/BfmeOneHundredNinetyEight.cpp,yes,0,0,0,0
Code/GameEngine/Source/Common/BfmeOneHundredNinetyNine.cpp,yes,0,0,0,0
Code/GameEngine/Source/Common/BfmeOneHundredNinetyThree.cpp,yes,0,0,0,0
Code/GameEngine/Source/Common/BfmeOneHundredSeventyOne.cpp,yes,0,0,0,0
Code/GameEngine/Source/Common/BfmeOneHundredSixtyNine.cpp,yes,0,0,0,0
Code/GameEngine/Source/Common/BfmeOneHundredSixtyOne.cpp,yes,0,0,0,0
Code/GameEngine/Source/Common/BfmeOneHundredSixtyTwo.cpp,yes,0,0,0,0
Code/GameEngine/Source/Common/BfmeOneHundredThirtyTwo.cpp,yes,0,0,0,0
Code/GameEngine/Source/Common/BfmeOneHundredTwentyFive.cpp,yes,0,0,0,0
Code/GameEngine/Source/Common/BfmeOneHundredTwentyFour.cpp,yes,0,0,0,0
Code/GameEngine/Source/Common/BfmeOneHundredTwentySix.cpp,yes,0,0,0,0
Code/GameEngine/Source/Common/BfmeOwnVVDCtor.cpp,no,6,0,0,0
Code/GameEngine/Source/Common/BfmeOwnedStringReset.cpp,no,1,1,1,0
Code/GameEngine/Source/Common/BfmeOwnerCDECreate.cpp,no,2,0,0,0
Code/GameEngine/Source/Common/BfmePackXor80Mmx.cpp,yes,0,0,0,0
Code/GameEngine/Source/Common/BfmePackXor80Sse.cpp,yes,0,0,0,0
Code/GameEngine/Source/Common/BfmePackedColors1280.cpp,yes,0,0,0,0
Code/GameEngine/Source/Common/BfmePathLeafAfterMarker.cpp,yes,0,0,0,0
Code/GameEngine/Source/Common/BfmePathRva00412DD8.cpp,no,2,3,0,0
Code/GameEngine/Source/Common/BfmePicker1284.cpp,no,1,0,0,0
Code/GameEngine/Source/Common/BfmePod60Ctor.cpp,no,0,0,1,0
Code/GameEngine/Source/Common/BfmeQueryForward1279.cpp,yes,0,0,0,0
Code/GameEngine/Source/Common/BfmeQueryProcess1279.cpp,no,3,0,0,0
Code/GameEngine/Source/Common/BfmeRecord001DD3BCDtor.cpp,no,0,1,0,0
Code/GameEngine/Source/Common/BfmeRefVGOCopyDtor.cpp,no,2,0,0,0
Code/GameEngine/Source/Common/BfmeReleaseSetBZB.cpp,yes,0,0,0,0
Code/GameEngine/Source/Common/BfmeResultForwardA.cpp,yes,0,0,0,0
Code/GameEngine/Source/Common/BfmeResultSourceA.cpp,yes,0,0,0,0
Code/GameEngine/Source/Common/BfmeRoomForwarder.cpp,no,2,2,1,0
Code/GameEngine/Source/Common/BfmeRva008C4310Release.cpp,yes,0,0,0,0
Code/GameEngine/Source/Common/BfmeSizedFreeRva.cpp,no,2,0,0,0
Code/GameEngine/Source/Common/BfmeSkipVF.cpp,yes,0,0,0,0
Code/GameEngine/Source/Common/BfmeSlotPool.cpp,yes,0,0,0,0
Code/GameEngine/Source/Common/BfmeSmallAllocPR.cpp,no,3,0,1,0
Code/GameEngine/Source/Common/BfmeStepTDB.cpp,no,4,0,0,0
Code/GameEngine/Source/Common/BfmeStrVM0Dtor.cpp,no,69,1,0,0
Code/GameEngine/Source/Common/BfmeStrVM0Rva0025C134.cpp,yes,0,0,0,0
Code/GameEngine/Source/Common/BfmeStrVM0Rva0025D19E.cpp,no,1,0,0,0
Code/GameEngine/Source/Common/BfmeStringRecord002CF4C6Ctor.cpp,no,0,1,1,0
Code/GameEngine/Source/Common/BfmeStringRecord00448113Less.cpp,yes,0,0,0,0
Code/GameEngine/Source/Common/BfmeStringRecordErase00357CA2.cpp,no,1,1,1,0
Code/GameEngine/Source/Common/BfmeStringTailRecord156Dtor.cpp,no,0,1,1,0
Code/GameEngine/Source/Common/BfmeSub8to16Mmx.cpp,yes,0,0,0,0
Code/GameEngine/Source/Common/BfmeSubBECFilteredFind.cpp,yes,0,0,0,0
Code/GameEngine/Source/Common/BfmeSubBZCSet.cpp,no,3,0,0,0
Code/GameEngine/Source/Common/BfmeSubmitColors1283.cpp,no,1,0,0,0
Code/GameEngine/Source/Common/BfmeSubobject00229875Clear.cpp,yes,0,0,0,0
Code/GameEngine/Source/Common/BfmeThing928FOne.cpp,no,0,0,2,0
Code/GameEngine/Source/Common/BfmeThingCDEDestructor.cpp,no,2,0,0,1
Code/GameEngine/Source/Common/BfmeThingCDEInitializeArray.cpp,no,2,0,0,0
Code/GameEngine/Source/Common/BfmeThingTXAFlags.cpp,no,2,0,0,0
Code/GameEngine/Source/Common/BfmeThingTXAHasFlag.cpp,no,1,0,0,0
Code/GameEngine/Source/Common/BfmeThingTXAHasObject.cpp,no,1,0,0,0
Code/GameEngine/Source/Common/BfmeThreeHundred.cpp,no,1,0,0,0
Code/GameEngine/Source/Common/BfmeThreeHundredEightyFive.cpp,no,1,0,0,0
Code/GameEngine/Source/Common/BfmeThreeHundredEightyFour.cpp,no,1,0,0,0
Code/GameEngine/Source/Common/BfmeThreeHundredFiftyFive.cpp,no,3,0,0,0
Code/GameEngine/Source/Common/BfmeThreeHundredFiftyFour.cpp,no,2,0,0,0
Code/GameEngine/Source/Common/BfmeThreeHundredFiftyOne.cpp,no,2,0,0,1
Code/GameEngine/Source/Common/BfmeThreeHundredFiftyThree.cpp,no,2,0,0,0
Code/GameEngine/Source/Common/BfmeThreeHundredFive.cpp,no,1,0,0,0
Code/GameEngine/Source/Common/BfmeThreeHundredFortyTwo.cpp,no,1,0,0,0
Code/GameEngine/Source/Common/BfmeThreeHundredFortyTwoBase.cpp,no,1,0,0,0
Code/GameEngine/Source/Common/BfmeThreeHundredOne.cpp,no,1,0,0,0
Code/GameEngine/Source/Common/BfmeThreeHundredSix.cpp,no,3,0,0,0
Code/GameEngine/Source/Common/BfmeThreeHundredSixtyThree.cpp,no,2,0,0,0
Code/GameEngine/Source/Common/BfmeThreeHundredThirteen.cpp,yes,0,0,0,0
Code/GameEngine/Source/Common/BfmeThreeHundredThirtyFour.cpp,no,2,0,0,0
Code/GameEngine/Source/Common/BfmeThreeHundredThirtySix.cpp,no,2,0,0,0
Code/GameEngine/Source/Common/BfmeThreeHundredTwelve.cpp,yes,0,0,0,0
Code/GameEngine/Source/Common/BfmeThreeHundredTwentyFour.cpp,no,1,0,0,0
Code/GameEngine/Source/Common/BfmeThreeHundredTwo.cpp,no,1,0,0,0
Code/GameEngine/Source/Common/BfmeThreeStringCopyWH.cpp,no,2,0,0,0
Code/GameEngine/Source/Common/BfmeTwoBZB.cpp,no,0,0,0,1
Code/GameEngine/Source/Common/BfmeTwoBitModeDecode.cpp,yes,0,0,0,0
Code/GameEngine/Source/Common/BfmeTwoHundredEightyFive.cpp,no,1,0,0,0
Code/GameEngine/Source/Common/BfmeTwoHundredEightyThree.cpp,no,1,0,0,0
Code/GameEngine/Source/Common/BfmeTwoHundredEightyTwo.cpp,no,1,0,0,0
Code/GameEngine/Source/Common/BfmeTwoHundredFiftyFive.cpp,no,1,0,0,0
Code/GameEngine/Source/Common/BfmeTwoHundredFiftyOne.cpp,yes,0,0,0,0
Code/GameEngine/Source/Common/BfmeTwoHundredFiftySeven.cpp,yes,0,0,0,0
Code/GameEngine/Source/Common/BfmeTwoHundredFiftySeven_DoOV.cpp,yes,0,0,0,0
Code/GameEngine/Source/Common/BfmeTwoHundredFiftySeven_FindByte.cpp,yes,0,0,0,0
Code/GameEngine/Source/Common/BfmeTwoHundredFiftySeven_FindByteCore.cpp,yes,0,0,0,0
Code/GameEngine/Source/Common/BfmeTwoHundredFiftySix.cpp,no,1,0,0,0
Code/GameEngine/Source/Common/BfmeTwoHundredFiftyThree.cpp,no,1,0,0,0
Code/GameEngine/Source/Common/BfmeTwoHundredFiftyTwo.cpp,yes,0,0,0,0
Code/GameEngine/Source/Common/BfmeTwoHundredFortyNine.cpp,yes,0,0,0,0
Code/GameEngine/Source/Common/BfmeTwoHundredNinety.cpp,no,1,0,0,0
Code/GameEngine/Source/Common/BfmeTwoHundredNinetyFive.cpp,yes,0,0,0,0
Code/GameEngine/Source/Common/BfmeTwoHundredNinetyOne.cpp,no,1,0,0,0
Code/GameEngine/Source/Common/BfmeTwoHundredNinetySeven.cpp,yes,0,0,0,0
Code/GameEngine/Source/Common/BfmeTwoHundredNinetySix.cpp,no,1,0,0,0
Code/GameEngine/Source/Common/BfmeTwoHundredNinetyTwo.cpp,yes,0,0,0,0
Code/GameEngine/Source/Common/BfmeTwoHundredSeventySeven.cpp,no,1,0,0,0
Code/GameEngine/Source/Common/BfmeTwoHundredSeventySix.cpp,yes,0,0,0,0
Code/GameEngine/Source/Common/BfmeTwoHundredSeventyThree.cpp,no,4,0,0,0
Code/GameEngine/Source/Common/BfmeTwoHundredSeventyTwo.cpp,no,2,0,0,0
Code/GameEngine/Source/Common/BfmeTwoHundredSixtyFour.cpp,yes,0,0,0,0
Code/GameEngine/Source/Common/BfmeTwoHundredSixtyNine.cpp,no,1,0,0,0
Code/GameEngine/Source/Common/BfmeTwoHundredSixtySeven.cpp,no,1,0,0,0
Code/GameEngine/Source/Common/BfmeTwoHundredSixtySix.cpp,no,1,0,0,0
Code/GameEngine/Source/Common/BfmeTwoHundredThirteen.cpp,yes,0,0,0,0
Code/GameEngine/Source/Common/BfmeUnpack8to16Mmx.cpp,yes,0,0,0,0
Code/GameEngine/Source/Common/BfmeUnpack8to16Sse.cpp,yes,0,0,0,0
Code/GameEngine/Source/Common/BfmeVp6PredictValue.cpp,no,1,0,0,0
Code/GameEngine/Source/Common/BitFlags101BodyStateGetSingleBitFromName.cpp,no,1,0,0,0
Code/GameEngine/Source/Common/BitFlags104VeterancyGetSingleBitFromName.cpp,no,1,0,0,0
Code/GameEngine/Source/Common/BitFlags116TestSetAndClear.cpp,no,0,1,1,0
Code/GameEngine/Source/Common/BitFlags11DisabilityGetSingleBitFromName.cpp,no,1,0,0,0
Code/GameEngine/Source/Common/BitFlags12EmotionGetSingleBitFromName.cpp,no,1,0,0,0
Code/GameEngine/Source/Common/BitFlags154SpecialPowerGetSingleBitFromName.cpp,no,1,0,0,0
Code/GameEngine/Source/Common/BitFlags15CommandSetGetSingleBitFromName.cpp,no,1,0,0,0
Code/GameEngine/Source/Common/BitFlags21VeterancyLevelGetSingleBitFromName.cpp,no,1,0,0,0
Code/GameEngine/Source/Common/BitFlags304GetSingleBitFromName.cpp,no,1,0,0,0
Code/GameEngine/Source/Common/BitFlags304SetBitByName.cpp,yes,0,0,0,0
Code/GameEngine/Source/Common/BitFlags69Test.cpp,yes,0,0,0,0
Code/GameEngine/Source/Common/BitFlags6AIStateGetSingleBitFromName.cpp,no,1,0,0,0
Code/GameEngine/Source/Common/BucketDtor.cpp,no,1,0,0,0
Code/GameEngine/Source/Common/CAtlBaseModuleAddResourceInstance.cpp,no,0,0,1,0
Code/GameEngine/Source/Common/CAtlBaseModuleGetHInstanceAt.cpp,no,0,0,1,0
Code/GameEngine/Source/Common/CAtlBaseModuleRemoveResourceInstance.cpp,no,0,0,1,0
Code/GameEngine/Source/Common/CDCCacheDestructor.cpp,no,1,0,0,0
Code/GameEngine/Source/Common/CodecStateRelease.cpp,no,3,0,0,0
Code/GameEngine/Source/Common/ColdGlobalDwordGetters.cpp,no,36,0,0,0
Code/GameEngine/Source/Common/ColdGlobalDwordSetters.cpp,no,7,0,0,0
Code/GameEngine/Source/Common/CommandLineFile.cpp,no,1,0,0,0
Code/GameEngine/Source/Common/CommandLineFullVersion.cpp,yes,0,0,0,0
Code/GameEngine/Source/Common/CommandLineLocalFiles.cpp,no,1,0,0,0
Code/GameEngine/Source/Common/CommandLineMapPath.cpp,no,2,0,0,0
Code/GameEngine/Source/Common/CommandLineMod.cpp,no,5,3,1,0
Code/GameEngine/Source/Common/CommandLineNoAudio.cpp,no,2,0,0,0
Code/GameEngine/Source/Common/CommandLineRandomSeed.cpp,no,1,0,0,0
Code/GameEngine/Source/Common/CommandLineResolution.cpp,no,1,0,0,0
Code/GameEngine/Source/Common/CommandLineRif.cpp,no,2,0,0,0
Code/GameEngine/Source/Common/CommandLineScriptDebug.cpp,no,3,0,0,0
Code/GameEngine/Source/Common/CommandLineShellMap.cpp,no,1,0,0,0
Code/GameEngine/Source/Common/CommandLineWatchdog.cpp,no,1,0,0,0
Code/GameEngine/Source/Common/CommandLineWindow.cpp,no,1,0,0,0
Code/GameEngine/Source/Common/CommandList_appendMessageList.cpp,no,0,1,1,0
Code/GameEngine/Source/Common/ConnectionManagerAttachTransport.cpp,yes,0,0,0,0
Code/GameEngine/Source/Common/ConnectionManagerFrameCommands.cpp,yes,0,0,0,0
Code/GameEngine/Source/Common/ConnectionManagerInit.cpp,no,2,0,0,0
Code/GameEngine/Source/Common/ConnectionManagerLocalSlot.cpp,no,0,2,0,0
Code/GameEngine/Source/Common/ConnectionManagerNextRouter.cpp,yes,0,0,0,0
Code/GameEngine/Source/Common/ConnectionManagerPlayerPredicates.cpp,no,0,0,0,3
Code/GameEngine/Source/Common/ConnectionManagerRouterPredicate.cpp,yes,0,0,0,0
Code/GameEngine/Source/Common/ConstBoolFalseGetters.cpp,yes,0,0,0,0
Code/GameEngine/Source/Common/ConstBoolTrueGetters.cpp,yes,0,0,0,0
Code/GameEngine/Source/Common/ConstGlobalGetters.cpp,no,10,0,0,0
Code/GameEngine/Source/Common/ConstGlobalGetters2.cpp,no,31,0,0,0
Code/GameEngine/Source/Common/ConstIntGetters.cpp,no,0,0,0,67
Code/GameEngine/Source/Common/ConstIntGetters10.cpp,no,0,0,0,2
Code/GameEngine/Source/Common/ConstIntGetters2.cpp,no,0,0,0,37
Code/GameEngine/Source/Common/ConstIntGetters3.cpp,no,0,0,0,37
Code/GameEngine/Source/Common/ConstIntGetters4.cpp,no,0,0,0,277
Code/GameEngine/Source/Common/ConstIntGetters5.cpp,no,0,0,0,62
Code/GameEngine/Source/Common/ConstIntGetters6.cpp,no,0,0,0,2
Code/GameEngine/Source/Common/ConstIntGetters7.cpp,no,0,0,0,9
Code/GameEngine/Source/Common/ConstIntGetters8.cpp,no,0,0,0,7
Code/GameEngine/Source/Common/ConstIntGetters9.cpp,no,0,0,0,5
Code/GameEngine/Source/Common/ConstZeroGetters.cpp,yes,0,0,0,0
Code/GameEngine/Source/Common/Coord3DCopy.cpp,yes,0,0,0,0
Code/GameEngine/Source/Common/Coord3DUninitializedCopy.cpp,no,0,0,1,0
Code/GameEngine/Source/Common/Coord3DUninitializedFillN.cpp,no,0,0,1,0
Code/GameEngine/Source/Common/Coord3DUninitializedFillNWrapper.cpp,no,0,0,1,0
Code/GameEngine/Source/Common/Coord3DVectorFillInsertO1.cpp,no,0,0,17,0
Code/GameEngine/Source/Common/CpuFeatureProbe.cpp,yes,0,0,0,0
Code/GameEngine/Source/Common/CpuTierFlags.cpp,yes,0,0,0,0
Code/GameEngine/Source/Common/CriticalSectionDeleteWrapper.cpp,yes,0,0,0,0
Code/GameEngine/Source/Common/D008790B0RandomSeed.cpp,no,2,0,0,0
Code/GameEngine/Source/Common/D008791E0HandleTableRemove.cpp,no,1,0,0,0
Code/GameEngine/Source/Common/D008794C0RegistryStatus.cpp,yes,0,0,0,0
Code/GameEngine/Source/Common/D3DXTexCLockVolume.cpp,yes,0,0,0,0
Code/GameEngine/Source/Common/DamageFX.cpp,no,7,1,16,0
Code/GameEngine/Source/Common/DamageFXParseCommon.cpp,no,1,0,0,0
Code/GameEngine/Source/Common/DamageFX_hashtableNewNode.cpp,no,0,0,68,0
Code/GameEngine/Source/Common/DamageFX_hashtableResize.cpp,no,0,0,14,0
Code/GameEngine/Source/Common/DamageFX_pairConstruct.cpp,no,0,0,2,0
Code/GameEngine/Source/Common/Debug_recordCallsite.cpp,no,1,0,0,0
Code/GameEngine/Source/Common/Dict.cpp,yes,0,0,0,0
Code/GameEngine/Source/Common/DictPairClear.cpp,no,4,1,2,1
Code/GameEngine/Source/Common/DictRva00329CF0.cpp,yes,0,0,0,0
Code/GameEngine/Source/Common/DictSetReal.cpp,yes,0,0,0,0
Code/GameEngine/Source/Common/Disp0DwordFieldGetters.cpp,yes,0,0,0,0
Code/GameEngine/Source/Common/Disp0DwordImmSetters.cpp,no,0,0,0,128
Code/GameEngine/Source/Common/Disp0DwordOrSetters.cpp,yes,0,0,0,0
Code/GameEngine/Source/Common/Disp0PtrChaseDwordGetters.cpp,yes,0,0,0,0
Code/GameEngine/Source/Common/Disp32ByteGetters.cpp,yes,0,0,0,0
Code/GameEngine/Source/Common/Disp32CvtFloatIntGetters.cpp,yes,0,0,0,0
Code/GameEngine/Source/Common/Disp32DwordClearers2.cpp,yes,0,0,0,0
Code/GameEngine/Source/Common/Disp32DwordFieldClearers.cpp,yes,0,0,0,0
Code/GameEngine/Source/Common/Disp32DwordFieldGetters.cpp,yes,0,0,0,0
Code/GameEngine/Source/Common/Disp32DwordFieldIncDec.cpp,yes,0,0,0,0
Code/GameEngine/Source/Common/Disp32FirstChaseGetters.cpp,yes,0,0,0,0
Code/GameEngine/Source/Common/Disp32FloatFieldSetters.cpp,yes,0,0,0,0
Code/GameEngine/Source/Common/Disp32FloatGetters.cpp,yes,0,0,0,0
Code/GameEngine/Source/Common/Disp32IntPairFieldGetters.cpp,yes,0,0,0,0
Code/GameEngine/Source/Common/Disp32IntToFloatFieldSetters.cpp,yes,0,0,0,0
Code/GameEngine/Source/Common/Disp32MovzxByteGetters.cpp,yes,0,0,0,0
Code/GameEngine/Source/Common/Disp32MovzxWordGetters.cpp,yes,0,0,0,0
Code/GameEngine/Source/Common/Disp8AddDwordFieldGetters.cpp,yes,0,0,0,0
Code/GameEngine/Source/Common/Disp8AddImm32DwordFieldGetters.cpp,yes,0,0,0,0
Code/GameEngine/Source/Common/Disp8BinaryAddGetters.cpp,yes,0,0,0,0
Code/GameEngine/Source/Common/Disp8BinarySubGetters.cpp,yes,0,0,0,0
Code/GameEngine/Source/Common/Disp8BumpCounters.cpp,yes,0,0,0,0
Code/GameEngine/Source/Common/Disp8ByteChaseGetters.cpp,yes,0,0,0,0
Code/GameEngine/Source/Common/Disp8ByteChaseOneSetters.cpp,yes,0,0,0,0
Code/GameEngine/Source/Common/Disp8ByteFieldGetters.cpp,yes,0,0,0,0
Code/GameEngine/Source/Common/Disp8ByteFieldSetters.cpp,yes,0,0,0,0
Code/GameEngine/Source/Common/Disp8ByteOneSetters.cpp,yes,0,0,0,0
Code/GameEngine/Source/Common/Disp8ByteSetters.cpp,yes,0,0,0,0
Code/GameEngine/Source/Common/Disp8CmpBoolGetters.cpp,no,0,0,0,2
Code/GameEngine/Source/Common/Disp8DivAvgDwordGetters.cpp,yes,0,0,0,0
Code/GameEngine/Source/Common/Disp8DivMovDwordGetters.cpp,yes,0,0,0,0
Code/GameEngine/Source/Common/Disp8DwordClearers.cpp,yes,0,0,0,0
Code/GameEngine/Source/Common/Disp8DwordFieldGetters.cpp,yes,0,0,0,0
Code/GameEngine/Source/Common/Disp8DwordFieldIncDec.cpp,yes,0,0,0,0
Code/GameEngine/Source/Common/Disp8DwordFieldSetters.cpp,yes,0,0,0,0
Code/GameEngine/Source/Common/Disp8DwordImmSetters.cpp,yes,0,0,0,0
Code/GameEngine/Source/Common/Disp8DwordSetters.cpp,yes,0,0,0,0
Code/GameEngine/Source/Common/Disp8FildFieldGetters.cpp,yes,0,0,0,0
Code/GameEngine/Source/Common/Disp8FloatChaseGetters.cpp,yes,0,0,0,0
Code/GameEngine/Source/Common/Disp8FloatFieldGetters.cpp,yes,0,0,0,0
Code/GameEngine/Source/Common/Disp8ImulAddDwordGetters.cpp,yes,0,0,0,0
Code/GameEngine/Source/Common/Disp8LeaFieldGetters.cpp,yes,0,0,0,0
Code/GameEngine/Source/Common/Disp8LeaNegSbbGetters.cpp,yes,0,0,0,0
Code/GameEngine/Source/Common/Disp8MaskedChaseDwordGetters.cpp,yes,0,0,0,0
Code/GameEngine/Source/Common/Disp8MaskedDwordFieldGetters.cpp,yes,0,0,0,0
Code/GameEngine/Source/Common/Disp8MovLeaNegSbbGetters.cpp,yes,0,0,0,0
Code/GameEngine/Source/Common/Disp8MovzxByteChaseNullGetters.cpp,yes,0,0,0,0
Code/GameEngine/Source/Common/Disp8MovzxFieldGetters.cpp,yes,0,0,0,0
Code/GameEngine/Source/Common/Disp8NullAdjustGetters.cpp,no,2,0,0,0
Code/GameEngine/Source/Common/Disp8PtrChaseDwordGetters.cpp,yes,0,0,0,0
Code/GameEngine/Source/Common/Disp8SarAvgDwordGetters.cpp,yes,0,0,0,0
Code/GameEngine/Source/Common/Disp8SarDwordFieldGetters.cpp,yes,0,0,0,0
Code/GameEngine/Source/Common/Disp8ShlDwordFieldGetters.cpp,yes,0,0,0,0
Code/GameEngine/Source/Common/Disp8ShrAndDwordGetters.cpp,yes,0,0,0,0
Code/GameEngine/Source/Common/Disp8SubDwordFieldGetters.cpp,yes,0,0,0,0
Code/GameEngine/Source/Common/Disp8SubImm32DwordFieldGetters.cpp,yes,0,0,0,0
Code/GameEngine/Source/Common/Disp8WordChaseGetters.cpp,yes,0,0,0,0
Code/GameEngine/Source/Common/Disp8WordFieldGetters.cpp,yes,0,0,0,0
Code/GameEngine/Source/Common/Disp8WordFieldSetters.cpp,yes,0,0,0,0
Code/GameEngine/Source/Common/DispByteFieldGetters.cpp,yes,0,0,0,0
Code/GameEngine/Source/Common/DispByteFieldSetters.cpp,yes,0,0,0,0
Code/GameEngine/Source/Common/DispByteFloatFieldGetters.cpp,yes,0,0,0,0
Code/GameEngine/Source/Common/DispByteOneSetters.cpp,yes,0,0,0,0
Code/GameEngine/Source/Common/DispDwordFieldGetters.cpp,yes,0,0,0,0
Code/GameEngine/Source/Common/DispDwordFieldSetters.cpp,yes,0,0,0,0
Code/GameEngine/Source/Common/DispDwordImmSetters.cpp,no,0,0,0,1
Code/GameEngine/Source/Common/DispDwordLeaFieldGetters.cpp,yes,0,0,0,0
Code/GameEngine/Source/Common/DispFieldCopiers.cpp,yes,0,0,0,0
Code/GameEngine/Source/Common/DispFloatFieldGetters.cpp,yes,0,0,0,0
Code/GameEngine/Source/Common/DispMovsxByteFieldGetters.cpp,yes,0,0,0,0
Code/GameEngine/Source/Common/DispScaledIntFloatGetters.cpp,no,1,0,0,0
Code/GameEngine/Source/Common/DispWordFieldGetters.cpp,yes,0,0,0,0
Code/GameEngine/Source/Common/DispWordIntGetters.cpp,yes,0,0,0,0
Code/GameEngine/Source/Common/DisplayStringDtor.cpp,no,5,1,2,0
Code/GameEngine/Source/Common/DrawableLocoInfoCtor.cpp,no,1,0,0,0
Code/GameEngine/Source/Common/DrawableVectorResize.cpp,no,0,0,2,0
Code/GameEngine/Source/Common/ElementStrideWalks.cpp,no,2,0,0,0
Code/GameEngine/Source/Common/FamilyDeletingDtors.cpp,no,0,35,52,0
Code/GameEngine/Source/Common/FamilyDeletingDtors2.cpp,no,2,0,0,0
Code/GameEngine/Source/Common/FamilyDeletingDtors3.cpp,no,0,0,1,0
Code/GameEngine/Source/Common/FamilyDeletingDtors4.cpp,no,0,2,3,0
Code/GameEngine/Source/Common/FamilyDeletingDtors5.cpp,no,0,3,7,0
Code/GameEngine/Source/Common/FamilyDeletingDtors7.cpp,no,1,0,0,0
Code/GameEngine/Source/Common/FamilyDeletingDtors_0021C7.cpp,no,0,1,2,0
Code/GameEngine/Source/Common/FamilyDeletingDtors_0021C7b.cpp,no,0,1,1,0
Code/GameEngine/Source/Common/FamilyDeletingDtors_0021C7c.cpp,no,1,0,0,0
Code/GameEngine/Source/Common/FamilyDeletingDtors_0021C7d.cpp,no,0,1,1,0
Code/GameEngine/Source/Common/FamilyDeletingDtors_0021C7e.cpp,no,0,7,12,0
Code/GameEngine/Source/Common/FamilyDeletingDtors_0021C7f.cpp,yes,0,0,0,0
Code/GameEngine/Source/Common/FamilyDeletingDtors_0072C0.cpp,no,0,1,2,0
Code/GameEngine/Source/Common/FamilyDeletingDtors_039920.cpp,no,0,1,2,0
Code/GameEngine/Source/Common/FamilyDeletingDtors_PushButtonData.cpp,yes,0,0,0,0
Code/GameEngine/Source/Common/FamilyDeletingDtors_Rva00151632.cpp,no,0,1,1,0
Code/GameEngine/Source/Common/FamilyDeletingDtors_Rva001517DE.cpp,no,0,1,1,0
Code/GameEngine/Source/Common/FamilyDeletingDtors_Rva001805E0.cpp,no,0,1,1,0
Code/GameEngine/Source/Common/FamilyDeletingDtors_Rva001EBFE5.cpp,no,0,1,1,0
Code/GameEngine/Source/Common/FamilyDeletingDtors_Rva001EC349.cpp,yes,0,0,0,0
Code/GameEngine/Source/Common/FamilyDeletingDtors_Rva001ED0DE.cpp,yes,0,0,0,0
Code/GameEngine/Source/Common/FamilyDeletingDtors_Rva00205224.cpp,no,0,1,1,0
Code/GameEngine/Source/Common/FamilyDeletingDtors_Rva0020D583.cpp,no,0,1,1,0
Code/GameEngine/Source/Common/FamilyDeletingDtors_Rva00216108.cpp,yes,0,0,0,0
Code/GameEngine/Source/Common/FamilyDeletingDtors_Rva002544B5.cpp,no,0,1,1,0
Code/GameEngine/Source/Common/FamilyDeletingDtors_Rva002560E3.cpp,no,0,1,1,0
Code/GameEngine/Source/Common/FamilyDeletingDtors_Rva0025FC61.cpp,no,0,1,1,0
Code/GameEngine/Source/Common/FamilyDeletingDtors_Rva00283081.cpp,no,0,1,1,0
Code/GameEngine/Source/Common/FamilyDeletingDtors_Rva0029B816.cpp,no,0,1,1,0
Code/GameEngine/Source/Common/FamilyDeletingDtors_Rva0029B8DD.cpp,no,0,1,1,0
Code/GameEngine/Source/Common/FamilyDeletingDtors_Rva0029E0FE.cpp,yes,0,0,0,0
Code/GameEngine/Source/Common/FamilyDeletingDtors_Rva002D3573.cpp,no,0,1,1,0
Code/GameEngine/Source/Common/FamilyDeletingDtors_Rva002D8888.cpp,no,0,1,1,0
Code/GameEngine/Source/Common/FamilyDeletingDtors_Rva002DAC58.cpp,no,0,1,1,0
Code/GameEngine/Source/Common/FamilyDeletingDtors_Rva002FED8D.cpp,no,0,1,1,0
Code/GameEngine/Source/Common/FamilyDeletingDtors_Rva0035FD0A.cpp,no,0,1,1,0
Code/GameEngine/Source/Common/FamilyDeletingDtors_Rva0036783F.cpp,no,0,1,2,0
Code/GameEngine/Source/Common/FamilyDeletingDtors_Rva003F7EC7.cpp,no,0,1,1,0
Code/GameEngine/Source/Common/FamilyDeletingDtors_Rva003FAFB9.cpp,no,0,1,2,0
Code/GameEngine/Source/Common/FamilyDeletingDtors_Rva003FD3EF.cpp,no,0,1,2,0
Code/GameEngine/Source/Common/FamilyDeletingDtors_Rva003FD4DA.cpp,no,0,1,2,0
Code/GameEngine/Source/Common/FamilyDeletingDtors_Rva003FD789.cpp,no,0,1,2,0
Code/GameEngine/Source/Common/FamilyDeletingDtors_Rva00414932.cpp,no,0,1,1,0
Code/GameEngine/Source/Common/FamilyDeletingDtors_Rva004209CC.cpp,no,0,1,1,0
Code/GameEngine/Source/Common/FamilyDeletingDtors_Rva004211CA.cpp,no,0,1,1,0
Code/GameEngine/Source/Common/FamilyDeletingDtors_Rva00469D86.cpp,yes,0,0,0,0
Code/GameEngine/Source/Common/FamilyDeletingDtors_Rva0054080A.cpp,no,0,1,1,0
Code/GameEngine/Source/Common/FamilyDeletingDtors_Rva005AA55D.cpp,no,0,1,1,0
Code/GameEngine/Source/Common/FamilyDeletingDtors_Rva005D3731.cpp,yes,0,0,0,0
Code/GameEngine/Source/Common/FamilyDeletingDtors_Rva005DB100.cpp,no,0,1,1,0
Code/GameEngine/Source/Common/FamilyDeletingDtors_Rva006D6D20.cpp,no,1,1,2,0
Code/GameEngine/Source/Common/FamilyDeletingDtors_Rva006F8460.cpp,no,0,1,2,1
Code/GameEngine/Source/Common/FamilyDeletingDtors_StructureTopple.cpp,no,0,1,2,0
Code/GameEngine/Source/Common/FamilyDeletingDtors_muse-01-585D21.cpp,yes,0,0,0,0
Code/GameEngine/Source/Common/FamilyDeletingDtors_muse-01-5D2495.cpp,no,0,1,2,0
Code/GameEngine/Source/Common/FamilyDeletingDtors_muse-01.cpp,no,0,1,1,0
Code/GameEngine/Source/Common/FamilyDeletingDtors_muse-01b0.cpp,no,0,1,1,0
Code/GameEngine/Source/Common/FamilyDeletingDtors_muse-02-1DD38E.cpp,yes,0,0,0,0
Code/GameEngine/Source/Common/FamilyDeletingDtors_muse-02-201A17.cpp,yes,0,0,0,0
Code/GameEngine/Source/Common/FamilyDeletingDtors_muse-02-238DE4.cpp,yes,0,0,0,0
Code/GameEngine/Source/Common/FamilyDeletingDtors_muse-02-4D6A81.cpp,no,0,1,2,0
Code/GameEngine/Source/Common/FamilyDeletingDtors_muse-02-4D6AB9.cpp,no,0,1,2,0
Code/GameEngine/Source/Common/FamilyDeletingDtors_muse-02-4D6B0D.cpp,no,0,1,2,0
Code/GameEngine/Source/Common/FamilyDeletingDtors_muse-02-5C367B.cpp,no,0,1,1,0
Code/GameEngine/Source/Common/FamilyDeletingDtors_muse-02.cpp,yes,0,0,0,0
Code/GameEngine/Source/Common/FamilyDeletingDtors_muse-03-204AF6.cpp,yes,0,0,0,0
Code/GameEngine/Source/Common/FamilyDeletingDtors_muse-03-31F831.cpp,yes,0,0,0,0
Code/GameEngine/Source/Common/FamilyDeletingDtors_muse-03-5C451B.cpp,no,0,1,2,0
Code/GameEngine/Source/Common/FamilyDeletingDtors_muse-03.cpp,no,0,2,1,0
Code/GameEngine/Source/Common/FamilyDeletingDtors_muse-04-2AF53E.cpp,no,0,1,1,0
Code/GameEngine/Source/Common/FamilyDeletingDtors_muse-04-39225E.cpp,no,0,1,1,0
Code/GameEngine/Source/Common/FamilyDeletingDtors_muse-04-39AF5A.cpp,no,0,1,2,0
Code/GameEngine/Source/Common/FamilyDeletingDtors_muse-04-39B0F1.cpp,no,0,1,2,0
Code/GameEngine/Source/Common/FamilyDeletingDtors_muse-04-448089.cpp,yes,0,0,0,0
Code/GameEngine/Source/Common/FamilyDeletingDtors_muse-04-466E23.cpp,yes,0,0,0,0
Code/GameEngine/Source/Common/FamilyDeletingDtors_muse-04-4AFBE3.cpp,no,0,1,1,0
Code/GameEngine/Source/Common/FamilyDeletingDtors_muse-04.cpp,no,0,7,1,0
Code/GameEngine/Source/Common/FamilyDeletingDtors_muse-04a.cpp,no,0,1,1,0
Code/GameEngine/Source/Common/FamilyDeletingDtors_muse-04b.cpp,no,0,1,1,0
Code/GameEngine/Source/Common/FamilyDeletingDtors_muse-05-003EF728.cpp,yes,0,0,0,0
Code/GameEngine/Source/Common/FamilyDeletingDtors_muse-05.cpp,no,0,7,6,0
Code/GameEngine/Source/Common/FamilyDeletingDtors_muse-06-25EFF1.cpp,no,0,1,1,0
Code/GameEngine/Source/Common/FamilyDeletingDtors_muse-06-2E21B5.cpp,no,0,1,1,0
Code/GameEngine/Source/Common/FamilyDeletingDtors_muse-06-4FF318.cpp,yes,0,0,0,0
Code/GameEngine/Source/Common/FamilyDeletingDtors_muse-06-5E88C1.cpp,yes,0,0,0,0
Code/GameEngine/Source/Common/FamilyDeletingDtors_muse-06-5E8A93.cpp,no,0,1,1,0
Code/GameEngine/Source/Common/FamilyDeletingDtors_muse-06-5E8EA9.cpp,yes,0,0,0,0
Code/GameEngine/Source/Common/FamilyDeletingDtors_muse-06.cpp,yes,0,0,0,0
Code/GameEngine/Source/Common/FamilyDeletingDtors_muse-0612.cpp,no,0,1,1,0
Code/GameEngine/Source/Common/FamilyDeletingDtors_muse-06c4.cpp,no,1,2,4,0
Code/GameEngine/Source/Common/FamilyDeletingDtors_muse-07-23DACC.cpp,yes,0,0,0,0
Code/GameEngine/Source/Common/FamilyDeletingDtors_muse-07-44818B.cpp,yes,0,0,0,0
Code/GameEngine/Source/Common/FamilyDeletingDtors_muse-08-4D6AD5.cpp,no,0,1,2,0
Code/GameEngine/Source/Common/FamilyDeletingDtors_muse-08-4D6AF1.cpp,no,0,1,1,0
Code/GameEngine/Source/Common/FamilyDeletingDtors_muse-08-5B7352.cpp,yes,0,0,0,0
Code/GameEngine/Source/Common/FamilyDeletingDtors_muse-08-5B7888.cpp,no,0,1,1,0
Code/GameEngine/Source/Common/FamilyDeletingDtors_muse-08.cpp,no,0,2,1,0
Code/GameEngine/Source/Common/FamilyDeletingDtors_muse-08b.cpp,yes,0,0,0,0
Code/GameEngine/Source/Common/FamilyDeletingDtors_muse-09-211ED9.cpp,yes,0,0,0,0
Code/GameEngine/Source/Common/FamilyDeletingDtors_muse-09-52BBBB.cpp,yes,0,0,0,0
Code/GameEngine/Source/Common/FamilyDeletingDtors_muse-09.cpp,no,0,6,1,0
Code/GameEngine/Source/Common/FamilyDeletingDtors_muse-0a3a.cpp,yes,0,0,0,0
Code/GameEngine/Source/Common/FamilyDeletingDtors_muse-0a57.cpp,no,0,1,1,0
Code/GameEngine/Source/Common/FamilyDeletingDtors_muse-0ecc.cpp,no,0,2,2,0
Code/GameEngine/Source/Common/FamilyDeletingDtors_muse-10-0021AAC5.cpp,yes,0,0,0,0
Code/GameEngine/Source/Common/FamilyDeletingDtors_muse-10-1B4B40.cpp,yes,0,0,0,0
Code/GameEngine/Source/Common/FamilyDeletingDtors_muse-10-2105A6.cpp,no,0,1,1,0
Code/GameEngine/Source/Common/FamilyDeletingDtors_muse-10-381DE2.cpp,yes,0,0,0,0
Code/GameEngine/Source/Common/FamilyDeletingDtors_muse-10-40E09B.cpp,no,0,1,2,0
Code/GameEngine/Source/Common/FamilyDeletingDtors_muse-10-539961.cpp,no,0,1,1,0
Code/GameEngine/Source/Common/FamilyDeletingDtors_muse-10-54D958.cpp,yes,0,0,0,0
Code/GameEngine/Source/Common/FamilyDeletingDtors_muse-10.cpp,no,0,4,1,0
Code/GameEngine/Source/Common/FamilyDeletingDtors_muse-11-3831EB.cpp,no,0,1,1,0
Code/GameEngine/Source/Common/FamilyDeletingDtors_muse-11-4D6A9D.cpp,no,0,1,1,0
Code/GameEngine/Source/Common/FamilyDeletingDtors_muse-11.cpp,no,0,5,1,0
Code/GameEngine/Source/Common/FamilyDeletingDtors_muse-12-3F1180.cpp,yes,0,0,0,0
Code/GameEngine/Source/Common/FamilyDeletingDtors_muse-14b2.cpp,no,0,1,1,0
Code/GameEngine/Source/Common/FamilyDeletingDtors_muse-167e.cpp,no,0,1,0,0
Code/GameEngine/Source/Common/FamilyDeletingDtors_muse-1a67.cpp,no,0,1,1,0
Code/GameEngine/Source/Common/FamilyDeletingDtors_muse-1fea.cpp,no,0,4,5,0
Code/GameEngine/Source/Common/FamilyDeletingDtors_muse-206f.cpp,no,0,1,1,0
Code/GameEngine/Source/Common/FamilyDeletingDtors_muse-2254.cpp,no,0,1,1,0
Code/GameEngine/Source/Common/FamilyDeletingDtors_muse-22f6.cpp,no,0,1,2,0
Code/GameEngine/Source/Common/FamilyDeletingDtors_muse-2335.cpp,no,0,4,5,0
Code/GameEngine/Source/Common/FamilyDeletingDtors_muse-2703.cpp,no,0,1,2,0
Code/GameEngine/Source/Common/FamilyDeletingDtors_muse-2768.cpp,no,0,1,2,0
Code/GameEngine/Source/Common/FamilyDeletingDtors_muse-2c79.cpp,no,0,3,3,0
Code/GameEngine/Source/Common/FamilyDeletingDtors_muse-3266.cpp,no,0,1,2,0
Code/GameEngine/Source/Common/FamilyDeletingDtors_muse-3298.cpp,no,0,1,1,0
Code/GameEngine/Source/Common/FamilyDeletingDtors_muse-334e.cpp,no,0,1,1,0
Code/GameEngine/Source/Common/FamilyDeletingDtors_muse-357b.cpp,no,0,1,2,0
Code/GameEngine/Source/Common/FamilyDeletingDtors_muse-3fc4.cpp,yes,0,0,0,0
Code/GameEngine/Source/Common/FamilyDeletingDtors_muse-4ae4.cpp,no,0,1,1,0
Code/GameEngine/Source/Common/FamilyDeletingDtors_muse-4b3e.cpp,no,0,1,3,0
Code/GameEngine/Source/Common/FamilyDeletingDtors_muse-4f8a.cpp,no,0,2,3,0
Code/GameEngine/Source/Common/FamilyDeletingDtors_muse-531d.cpp,no,0,1,1,0
Code/GameEngine/Source/Common/FamilyDeletingDtors_muse-556a.cpp,no,0,1,1,0
Code/GameEngine/Source/Common/FamilyDeletingDtors_muse-5c68.cpp,no,0,1,1,0
Code/GameEngine/Source/Common/FamilyDeletingDtors_muse-5c79.cpp,no,0,3,4,0
Code/GameEngine/Source/Common/FamilyDeletingDtors_muse-5ca3.cpp,no,0,1,1,0
Code/GameEngine/Source/Common/FamilyDeletingDtors_muse-60d4.cpp,yes,0,0,0,0
Code/GameEngine/Source/Common/FamilyDeletingDtors_muse-6293.cpp,yes,0,0,0,0
Code/GameEngine/Source/Common/FamilyDeletingDtors_muse-63c1.cpp,no,0,3,4,0
Code/GameEngine/Source/Common/FamilyDeletingDtors_muse-67c0.cpp,no,0,2,3,0
Code/GameEngine/Source/Common/FamilyDeletingDtors_muse-6937.cpp,yes,0,0,0,0
Code/GameEngine/Source/Common/FamilyDeletingDtors_muse-74cd.cpp,no,0,2,2,0
Code/GameEngine/Source/Common/FamilyDeletingDtors_muse-7a10.cpp,no,0,0,1,0
Code/GameEngine/Source/Common/FamilyDeletingDtors_muse-7a10b.cpp,no,1,0,0,0
Code/GameEngine/Source/Common/FamilyDeletingDtors_muse-7a10c.cpp,no,0,1,2,0
Code/GameEngine/Source/Common/FamilyDeletingDtors_muse-7a10d.cpp,no,0,1,2,0
Code/GameEngine/Source/Common/FamilyDeletingDtors_muse-7c2e.cpp,no,0,2,2,0
Code/GameEngine/Source/Common/FamilyDeletingDtors_muse-7f3a.cpp,no,0,1,1,0
Code/GameEngine/Source/Common/FamilyDeletingDtors_muse-7f75.cpp,no,0,3,2,0
Code/GameEngine/Source/Common/FamilyDeletingDtors_muse-7fd4.cpp,no,0,1,1,0
Code/GameEngine/Source/Common/FamilyDeletingDtors_muse-81e4.cpp,no,0,1,1,0
Code/GameEngine/Source/Common/FamilyDeletingDtors_muse-8fbc.cpp,no,0,3,6,0
Code/GameEngine/Source/Common/FamilyDeletingDtors_muse-8fbc30.cpp,no,0,0,1,0
Code/GameEngine/Source/Common/FamilyDeletingDtors_muse-91c6.cpp,no,0,2,3,0
Code/GameEngine/Source/Common/FamilyDeletingDtors_muse-94e1.cpp,no,0,1,1,0
Code/GameEngine/Source/Common/FamilyDeletingDtors_muse-953e.cpp,no,0,1,1,0
Code/GameEngine/Source/Common/FamilyDeletingDtors_muse-95ab.cpp,no,0,3,3,0
Code/GameEngine/Source/Common/FamilyDeletingDtors_muse-95c8.cpp,no,0,1,1,0
Code/GameEngine/Source/Common/FamilyDeletingDtors_muse-98d1.cpp,no,0,1,1,0
Code/GameEngine/Source/Common/FamilyDeletingDtors_muse-a0ab.cpp,no,0,3,2,0
Code/GameEngine/Source/Common/FamilyDeletingDtors_muse-a530.cpp,no,0,1,2,0
Code/GameEngine/Source/Common/FamilyDeletingDtors_muse-a729.cpp,yes,0,0,0,0
Code/GameEngine/Source/Common/FamilyDeletingDtors_muse-a8e6.cpp,no,0,2,2,0
Code/GameEngine/Source/Common/FamilyDeletingDtors_muse-ad75.cpp,no,0,1,2,0
Code/GameEngine/Source/Common/FamilyDeletingDtors_muse-ae2e.cpp,no,0,2,2,0
Code/GameEngine/Source/Common/FamilyDeletingDtors_muse-b055.cpp,yes,0,0,0,0
Code/GameEngine/Source/Common/FamilyDeletingDtors_muse-b075.cpp,no,0,2,3,0
Code/GameEngine/Source/Common/FamilyDeletingDtors_muse-b0cb.cpp,no,0,1,1,0
Code/GameEngine/Source/Common/FamilyDeletingDtors_muse-b1dd.cpp,no,0,3,1,0
Code/GameEngine/Source/Common/FamilyDeletingDtors_muse-b4e7.cpp,no,0,1,1,0
Code/GameEngine/Source/Common/FamilyDeletingDtors_muse-b4f6.cpp,yes,0,0,0,0
Code/GameEngine/Source/Common/FamilyDeletingDtors_muse-b9d7.cpp,no,0,1,1,0
Code/GameEngine/Source/Common/FamilyDeletingDtors_muse-bf61.cpp,no,0,1,2,0
Code/GameEngine/Source/Common/FamilyDeletingDtors_muse-c9a1.cpp,no,0,6,3,0
Code/GameEngine/Source/Common/FamilyDeletingDtors_muse-ca77.cpp,no,0,1,1,0
Code/GameEngine/Source/Common/FamilyDeletingDtors_muse-caa4.cpp,no,0,1,1,0
Code/GameEngine/Source/Common/FamilyDeletingDtors_muse-cd13.cpp,no,0,0,1,0
Code/GameEngine/Source/Common/FamilyDeletingDtors_muse-cfe6.cpp,no,0,4,6,0
Code/GameEngine/Source/Common/FamilyDeletingDtors_muse-d4d4.cpp,no,0,1,2,0
Code/GameEngine/Source/Common/FamilyDeletingDtors_muse-d57a.cpp,no,0,2,2,0
Code/GameEngine/Source/Common/FamilyDeletingDtors_muse-d648.cpp,no,0,1,1,0
Code/GameEngine/Source/Common/FamilyDeletingDtors_muse-d8bd.cpp,no,0,1,1,0
Code/GameEngine/Source/Common/FamilyDeletingDtors_muse-d8bd2.cpp,no,0,1,1,0
Code/GameEngine/Source/Common/FamilyDeletingDtors_muse-d9ee.cpp,no,0,1,3,0
Code/GameEngine/Source/Common/FamilyDeletingDtors_muse-daf3.cpp,no,0,1,2,0
Code/GameEngine/Source/Common/FamilyDeletingDtors_muse-e157.cpp,no,0,5,3,0
Code/GameEngine/Source/Common/FamilyDeletingDtors_muse-e1cc.cpp,no,0,1,1,0
Code/GameEngine/Source/Common/FamilyDeletingDtors_muse-e282.cpp,no,0,2,1,0
Code/GameEngine/Source/Common/FamilyDeletingDtors_muse-e2a5.cpp,no,0,1,1,0
Code/GameEngine/Source/Common/FamilyDeletingDtors_muse-e2de.cpp,no,0,2,1,0
Code/GameEngine/Source/Common/FamilyDeletingDtors_muse-e49c.cpp,no,0,1,2,0
Code/GameEngine/Source/Common/FamilyDeletingDtors_muse-e4e5.cpp,no,0,2,2,0
Code/GameEngine/Source/Common/FamilyDeletingDtors_muse-e81b.cpp,no,0,1,1,0
Code/GameEngine/Source/Common/FamilyDeletingDtors_muse-e9f1.cpp,no,0,1,1,0
Code/GameEngine/Source/Common/FamilyDeletingDtors_muse-e9f1b.cpp,no,0,1,2,0
Code/GameEngine/Source/Common/FamilyDeletingDtors_muse-eeab.cpp,no,0,3,2,0
Code/GameEngine/Source/Common/FamilyDeletingDtors_muse-f27a.cpp,no,0,1,1,0
Code/GameEngine/Source/Common/FamilyDeletingDtors_muse-f911.cpp,no,0,1,1,0
Code/GameEngine/Source/Common/FamilyDeletingDtors_muse-fd8f.cpp,no,0,1,2,0
Code/GameEngine/Source/Common/FamilyDeletingDtors_muse-k9p-644b.cpp,no,0,1,3,0
Code/GameEngine/Source/Common/FamilyDeletingDtors_muse-k9x-d5f9.cpp,no,0,3,3,0
Code/GameEngine/Source/Common/FamilyDeletingDtors_muse-p3k-dae2.cpp,yes,0,0,0,0
Code/GameEngine/Source/Common/FamilyDeletingDtors_muse-p7k-0128.cpp,no,0,3,1,0
Code/GameEngine/Source/Common/FamilyDeletingDtors_muse-p7k.cpp,no,0,1,0,0
Code/GameEngine/Source/Common/FamilyDeletingDtors_muse-p7z-f52d.cpp,no,0,3,1,0
Code/GameEngine/Source/Common/FamilyDeletingDtors_muse-q2x-4b0d.cpp,no,0,1,1,0
Code/GameEngine/Source/Common/FamilyDeletingDtors_muse-q8z-19f8.cpp,no,0,4,4,0
Code/GameEngine/Source/Common/FamilyDeletingDtors_muse-v4q-f92c.cpp,no,0,1,1,0
Code/GameEngine/Source/Common/FamilyDeletingDtors_muse-v8k-b1a0.cpp,no,0,1,1,0
Code/GameEngine/Source/Common/FamilyDeletingDtors_muse-v8k-b1a0b.cpp,no,0,1,1,0
Code/GameEngine/Source/Common/FamilyDeletingDtors_muse-w8m-e59e.cpp,no,0,1,2,0
Code/GameEngine/Source/Common/FamilyDeletingDtors_muse-x7k-9927.cpp,no,0,1,2,0
Code/GameEngine/Source/Common/FamilyDeletingDtors_muse-x7k-f694.cpp,yes,0,0,0,0
Code/GameEngine/Source/Common/FamilyDeletingDtors_muse-x7q-eb73.cpp,no,0,3,3,0
Code/GameEngine/Source/Common/FamilyDeletingDtors_muse-x7q-f4c9.cpp,yes,0,0,0,0
Code/GameEngine/Source/Common/FamilyDeletingDtors_muse-zqk.cpp,no,0,6,4,0
Code/GameEngine/Source/Common/FamilyDeletingDtors_muse07-2E5711.cpp,yes,0,0,0,0
Code/GameEngine/Source/Common/FamilyDeletingDtors_muse07-2E6158.cpp,yes,0,0,0,0
Code/GameEngine/Source/Common/FamilyDeletingDtors_muse1928.cpp,no,0,1,2,0
Code/GameEngine/Source/Common/FamilyTailDtors1DBAC3.cpp,no,13,1,0,0
Code/GameEngine/Source/Common/FamilyVectorDtors_CodexSep26.cpp,no,1,0,3,0
Code/GameEngine/Source/Common/FamilyVectorDtors_muse-3fc4.cpp,no,0,0,3,0
Code/GameEngine/Source/Common/FixedStorageCopyBFME2.cpp,yes,0,0,0,0
Code/GameEngine/Source/Common/FlatMultiVptrDestructors.cpp,no,84,2,0,0
Code/GameEngine/Source/Common/FourCCGetters.cpp,yes,0,0,0,0
Code/GameEngine/Source/Common/FprintfAppendLine.cpp,no,2,0,0,0
Code/GameEngine/Source/Common/FrameDataManagerCounts.cpp,no,2,0,0,1
Code/GameEngine/Source/Common/FrameDataManagerReset.cpp,no,0,0,0,1
Code/GameEngine/Source/Common/FrameDataManagerZeroFrames.cpp,no,0,0,0,1
Code/GameEngine/Source/Common/FreeMemberDeleters.cpp,yes,0,0,0,0
Code/GameEngine/Source/Common/FunctorNotSetCtor.cpp,no,0,0,0,1
Code/GameEngine/Source/Common/GODupBaseConstructor.cpp,no,3,0,0,0
Code/GameEngine/Source/Common/GameAudioRandomValue_getValueReal.cpp,no,0,1,1,0
Code/GameEngine/Source/Common/GameClientAudioRandomValue_getValueInt.cpp,no,0,2,2,0
Code/GameEngine/Source/Common/GameEngineClientSubsystems.cpp,no,14,0,0,0
Code/GameEngine/Source/Common/GameEngineCompleteDestructor.cpp,no,0,1,1,0
Code/GameEngine/Source/Common/GameEngineDeletingBaseDerived.cpp,yes,0,0,0,0
Code/GameEngine/Source/Common/GameEngineDeletingBaseDerived2.cpp,yes,0,0,0,0
Code/GameEngine/Source/Common/GameEngineDeletingBaseDtor.cpp,no,1,1,2,0
Code/GameEngine/Source/Common/GameEngineDestructor.cpp,no,0,2,0,0
Code/GameEngine/Source/Common/GameEngineFrameAdmission.cpp,no,0,0,0,3
Code/GameEngine/Source/Common/GameEngineFrameTiming.cpp,no,0,0,0,2
Code/GameEngine/Source/Common/GameEngineNetworkHelpers.cpp,no,0,1,0,0
Code/GameEngine/Source/Common/GameEngineRva004443E7.cpp,no,1,0,0,3
Code/GameEngine/Source/Common/GameEngineTerminateChildProcesses.cpp,yes,0,0,0,0
Code/GameEngine/Source/Common/GameLOD.cpp,no,7,8,24,0
Code/GameEngine/Source/Common/GameLODManagerGetAudioLODIndex.cpp,no,2,0,0,0
Code/GameEngine/Source/Common/GameLODManagerGetStaticGameLODIndex.cpp,no,0,2,2,0
Code/GameEngine/Source/Common/GameLODNewBenchProfile.cpp,yes,0,0,0,0
Code/GameEngine/Source/Common/GameLogicRandomInit.cpp,no,0,2,2,0
Code/GameEngine/Source/Common/GameLogicRandomSeedCRC_get.cpp,no,0,1,1,0
Code/GameEngine/Source/Common/GameLogicRandomSeed_get.cpp,no,0,1,0,0
Code/GameEngine/Source/Common/GameLogicRandomValue_getValue.cpp,no,0,1,1,0
Code/GameEngine/Source/Common/GameLogicRandomValue_getValueInt.cpp,no,0,1,1,0
Code/GameEngine/Source/Common/GameLogicRandomValue_getValueReal.cpp,no,0,1,1,0
Code/GameEngine/Source/Common/GameMessageAllocArg.cpp,no,1,1,2,0
Code/GameEngine/Source/Common/GameMessageGetArgument.cpp,no,0,1,1,0
Code/GameEngine/Source/Common/GameMessageIntWideArgs.cpp,no,0,2,2,0
Code/GameEngine/Source/Common/GameMessageStructArgs.cpp,no,0,2,2,0
Code/GameEngine/Source/Common/GameModePreferences.cpp,no,3,4,15,0
Code/GameEngine/Source/Common/GameSlotRva004479B1.cpp,no,1,1,0,0
Code/GameEngine/Source/Common/GameSpyLoginPreferences.cpp,no,2,5,37,0
Code/GameEngine/Source/Common/Gen001DB2C0Dtor.cpp,no,0,0,2,0
Code/GameEngine/Source/Common/Gen00473A40UpperBound.cpp,yes,0,0,0,0
Code/GameEngine/Source/Common/Gen008AB970.cpp,yes,0,0,0,0
Code/GameEngine/Source/Common/Gen008D42C0.cpp,yes,0,0,0,0
Code/GameEngine/Source/Common/Gen008D4980.cpp,yes,0,0,0,0
Code/GameEngine/Source/Common/Gen008D57B0.cpp,yes,0,0,0,0
Code/GameEngine/Source/Common/Gen009D6220.cpp,no,2,0,0,0
Code/GameEngine/Source/Common/Gen009D6DD0.cpp,no,0,0,0,1
Code/GameEngine/Source/Common/Gen009D6E10.cpp,no,1,0,0,0
Code/GameEngine/Source/Common/Gen009D8BD0.cpp,yes,0,0,0,0
Code/GameEngine/Source/Common/Gen009D90D0.cpp,no,1,0,0,0
Code/GameEngine/Source/Common/Gen009D93A0.cpp,no,2,0,0,0
Code/GameEngine/Source/Common/Gen009F5040Handle.cpp,no,2,0,0,0
Code/GameEngine/Source/Common/Gen_000cd680.cpp,yes,0,0,0,0
Code/GameEngine/Source/Common/Gen_00942BC0.cpp,no,1,0,0,0
Code/GameEngine/Source/Common/Gen_00943CF0.cpp,no,4,0,0,0
Code/GameEngine/Source/Common/Gen_dtor_009f2600.cpp,no,2,1,0,0
Code/GameEngine/Source/Common/GeometryInfoCalcPitches.cpp,no,0,0,2,0
Code/GameEngine/Source/Common/GeometryInfo_getMaxHeightAbovePosition.cpp,yes,0,0,0,0
Code/GameEngine/Source/Common/GeometryInfo_getMaxHeightBelowPosition.cpp,yes,0,0,0,0
Code/GameEngine/Source/Common/GetBasePathFromPath.cpp,no,2,4,3,1
Code/GameEngine/Source/Common/Glo012F1024ItemRun.cpp,no,5,0,0,0
Code/GameEngine/Source/Common/Glo012F1028TypeClearEntries.cpp,no,1,0,0,0
Code/GameEngine/Source/Common/GlobalArrayIndexGetters.cpp,no,1,0,0,0
Code/GameEngine/Source/Common/GlobalByteFlagSetters.cpp,no,0,0,0,3
Code/GameEngine/Source/Common/GlobalByteGetters.cpp,no,12,0,0,0
Code/GameEngine/Source/Common/GlobalDataOptionPreferences.cpp,yes,0,0,0,0
Code/GameEngine/Source/Common/GlobalDataSetTimeOfDay.cpp,yes,0,0,0,0
Code/GameEngine/Source/Common/GlobalFlagClearers_04.cpp,no,1,0,0,0
Code/GameEngine/Source/Common/GlobalFlagClearers_06.cpp,no,5,0,0,0
Code/GameEngine/Source/Common/GlobalFlagClearers_08.cpp,no,3,0,0,0
Code/GameEngine/Source/Common/GlobalFlagClearers_DE1Exx.cpp,no,6,0,0,0
Code/GameEngine/Source/Common/GlobalFlagClearers_DE60C0.cpp,no,1,0,0,0
Code/GameEngine/Source/Common/GlobalFlagClearers_DE60xx.cpp,no,6,0,0,0
Code/GameEngine/Source/Common/GlobalFlagClearers_DE6128.cpp,no,1,0,0,0
Code/GameEngine/Source/Common/GlobalFlagClearers_DEAFxx.cpp,no,22,0,0,0
Code/GameEngine/Source/Common/GlobalFlagClearers_DEAxxx.cpp,no,9,0,0,0
Code/GameEngine/Source/Common/GlobalFlagClearers_DFD8xx.cpp,no,7,0,0,0
Code/GameEngine/Source/Common/GlobalFlagClearers_DFE3xx.cpp,no,12,0,0,0
Code/GameEngine/Source/Common/GlobalFlagClearers_DFE4xx.cpp,no,5,0,0,0
Code/GameEngine/Source/Common/GlobalFlagClearers_DFE9xx.cpp,no,10,0,0,0
Code/GameEngine/Source/Common/GlobalFlagClearers_DFEAxx.cpp,no,12,9,0,0
Code/GameEngine/Source/Common/GlobalFlagClearers_DFECxx.cpp,no,7,7,0,0
Code/GameEngine/Source/Common/GlobalFlagClearers_DFEDE4.cpp,no,3,0,0,0
Code/GameEngine/Source/Common/GlobalFlagClearers_DFEDxx.cpp,no,15,2,0,0
Code/GameEngine/Source/Common/GlobalFlagClearers_DFEExx.cpp,no,10,0,0,0
Code/GameEngine/Source/Common/GlobalFlagClearers_DFF0xx.cpp,no,6,0,0,0
Code/GameEngine/Source/Common/GlobalFlagClearers_DFxx.cpp,no,26,0,0,0
Code/GameEngine/Source/Common/GlobalFlagClearers_E0102xx.cpp,no,17,0,0,0
Code/GameEngine/Source/Common/GlobalFlagClearers_E01Dxx.cpp,no,3,0,0,0
Code/GameEngine/Source/Common/GlobalFlagClearers_E01Exx.cpp,no,8,0,0,0
Code/GameEngine/Source/Common/GlobalFlagClearers_E022xx.cpp,no,5,0,0,0
Code/GameEngine/Source/Common/GlobalFlagClearers_E027xx.cpp,no,9,0,0,0
Code/GameEngine/Source/Common/GlobalFlagClearers_E028xx.cpp,no,15,0,0,0
Code/GameEngine/Source/Common/GlobalFlagClearers_E02Axx.cpp,no,10,0,0,0
Code/GameEngine/Source/Common/GlobalFlagClearers_E02Dxx.cpp,no,13,0,0,0
Code/GameEngine/Source/Common/GlobalFlagClearers_E02Exx.cpp,no,11,0,0,0
Code/GameEngine/Source/Common/GlobalFlagClearers_E02Fxx.cpp,no,4,0,0,0
Code/GameEngine/Source/Common/GlobalFlagClearers_E030xx.cpp,no,3,0,0,0
Code/GameEngine/Source/Common/GlobalFlagClearers_E031xx.cpp,no,3,0,0,0
Code/GameEngine/Source/Common/GlobalFlagClearers_E033xx.cpp,no,13,0,0,0
Code/GameEngine/Source/Common/GlobalFlagClearers_E034xx.cpp,no,21,0,0,0
Code/GameEngine/Source/Common/GlobalFlagClearers_E035xx.cpp,no,8,0,0,0
Code/GameEngine/Source/Common/GlobalFlagClearers_E036xx.cpp,no,16,0,0,0
Code/GameEngine/Source/Common/GlobalFlagClearers_E037xx.cpp,no,24,0,0,0
Code/GameEngine/Source/Common/GlobalFlagClearers_E038xx.cpp,no,26,0,0,0
Code/GameEngine/Source/Common/GlobalFlagClearers_E039xx.cpp,no,27,0,0,0
Code/GameEngine/Source/Common/GlobalFlagClearers_E03Axx.cpp,no,17,0,0,0
Code/GameEngine/Source/Common/GlobalFlagClearers_E03Bxx.cpp,no,25,0,0,0
Code/GameEngine/Source/Common/GlobalFlagClearers_E03Cxx.cpp,no,23,0,0,0
Code/GameEngine/Source/Common/GlobalFlagClearers_E03Dxx.cpp,no,24,0,0,0
Code/GameEngine/Source/Common/GlobalFlagClearers_E03Exx.cpp,no,23,0,0,0
Code/GameEngine/Source/Common/GlobalFlagClearers_E03Fxx.cpp,no,25,0,0,0
Code/GameEngine/Source/Common/GlobalFlagClearers_E040xx.cpp,no,20,0,0,0
Code/GameEngine/Source/Common/GlobalFlagClearers_E041xx.cpp,no,17,0,0,0
Code/GameEngine/Source/Common/GlobalFlagClearers_E042xx.cpp,no,22,0,0,0
Code/GameEngine/Source/Common/GlobalFlagClearers_E043xx.cpp,no,23,0,0,0
Code/GameEngine/Source/Common/GlobalFlagClearers_E044xx.cpp,no,10,0,0,0
Code/GameEngine/Source/Common/GlobalFlagClearers_E045xx.cpp,no,10,0,0,0
Code/GameEngine/Source/Common/GlobalFlagClearers_E049xx.cpp,no,11,0,0,0
Code/GameEngine/Source/Common/GlobalFlagClearers_E05x.cpp,no,6,0,0,0
Code/GameEngine/Source/Common/GlobalFlagClearers_E06x.cpp,no,15,0,0,0
Code/GameEngine/Source/Common/GlobalFlagClearers_E1F4E0.cpp,no,1,0,0,0
Code/GameEngine/Source/Common/GlobalFloatGetters.cpp,no,12,0,0,0
Code/GameEngine/Source/Common/GlobalGetterSingles.cpp,no,24,0,0,0
Code/GameEngine/Source/Common/GlobalWordGetters.cpp,no,2,0,0,0
Code/GameEngine/Source/Common/INI/INIExceptionCtor.cpp,no,2,0,0,0
Code/GameEngine/Source/Common/INIParseAudioLODDefinition.cpp,no,2,5,0,0
Code/GameEngine/Source/Common/IntOneGetters.cpp,yes,0,0,0,0
Code/GameEngine/Source/Common/IntZeroGetters.cpp,yes,0,0,0,0
Code/GameEngine/Source/Common/KindOfGetSingleBitFromName.cpp,no,1,0,0,0
Code/GameEngine/Source/Common/LadderPrefCopy.cpp,no,1,3,0,0
Code/GameEngine/Source/Common/LadderPreferencesDtor.cpp,no,1,0,0,0
Code/GameEngine/Source/Common/LeapYearPredicateThunk.cpp,yes,0,0,0,0
Code/GameEngine/Source/Common/Made002CC7DECtor_muse-8c42.cpp,no,0,0,0,1
Code/GameEngine/Source/Common/MessageStream.cpp,no,7,20,6,0
Code/GameEngine/Source/Common/MessageStreamDtor.cpp,no,0,1,4,0
Code/GameEngine/Source/Common/MessageStreamListCtors.cpp,no,0,7,12,0
Code/GameEngine/Source/Common/MessageStream_propagateMessages.cpp,no,0,1,1,0
Code/GameEngine/Source/Common/MiscStringGetters.cpp,yes,0,0,0,0
Code/GameEngine/Source/Common/MixFileInfoBufferUnlink.cpp,no,0,1,1,0
Code/GameEngine/Source/Common/MixFileInfoBuffer_releaseInto.cpp,no,2,1,1,0
Code/GameEngine/Source/Common/ModuleFactoryRva00256F39.cpp,yes,0,0,0,0
Code/GameEngine/Source/Common/ModuleNameGetters.cpp,yes,0,0,0,0
Code/GameEngine/Source/Common/ModuleNameGetters2.cpp,yes,0,0,0,0
Code/GameEngine/Source/Common/ModuleNameGetters3.cpp,yes,0,0,0,0
Code/GameEngine/Source/Common/ModuleNameGetters4.cpp,yes,0,0,0,0
Code/GameEngine/Source/Common/MoneyVectorPushBack.cpp,no,5,1,19,0
Code/GameEngine/Source/Common/MultiPlayMoneyMultParse.cpp,no,0,0,1,0
Code/GameEngine/Source/Common/MultiPlayMultGetters.cpp,yes,0,0,0,0
Code/GameEngine/Source/Common/MultiPlayMultSetters.cpp,yes,0,0,0,0
Code/GameEngine/Source/Common/MultiPlayOtherMultParsers.cpp,no,0,0,1,0
Code/GameEngine/Source/Common/MultiplayerColorDefinitionCopy.cpp,yes,0,0,0,0
Code/GameEngine/Source/Common/MultiplayerColorDefinitionCtor.cpp,no,0,2,1,0
Code/GameEngine/Source/Common/MultiplayerColorMapOperator.cpp,no,0,0,10,0
Code/GameEngine/Source/Common/MultiplayerColorPairConstructor.cpp,no,0,0,1,0
Code/GameEngine/Source/Common/MultiplayerColorTooltipName.cpp,no,0,1,1,0
Code/GameEngine/Source/Common/MultiplayerColorTreeDtor.cpp,no,0,0,8,0
Code/GameEngine/Source/Common/MultiplayerSettings.cpp,no,5,6,9,0
Code/GameEngine/Source/Common/MultiplayerSettingsCtor.cpp,no,0,1,4,0
Code/GameEngine/Source/Common/MultiplayerSettingsDeletingDtor.cpp,no,0,1,1,0
Code/GameEngine/Source/Common/MultiplayerSettingsDtor.cpp,no,0,1,0,0
Code/GameEngine/Source/Common/MultiplayerSettingsNewColor.cpp,no,0,1,2,0
Code/GameEngine/Source/Common/NameKeyCacheGet.cpp,yes,0,0,0,0
Code/GameEngine/Source/Common/NameKeyGenerator.cpp,no,0,2,1,0
Code/GameEngine/Source/Common/NameKeyGeneratorMapInsert.cpp,no,3,0,0,0
Code/GameEngine/Source/Common/NameKeyGeneratorNameToLowercaseKey.cpp,no,0,3,2,0
Code/GameEngine/Source/Common/NameKeyGeneratorRvaLowercaseKey.cpp,no,0,1,0,0
Code/GameEngine/Source/Common/NameKeyGenerator_nameToKey_ascii.cpp,no,0,1,1,0
Code/GameEngine/Source/Common/NarrowStringRecord0041A5D2Delete.cpp,yes,0,0,0,0
Code/GameEngine/Source/Common/NarrowStringRecord0041A5D2Dtor.cpp,no,0,0,5,0
Code/GameEngine/Source/Common/NarrowStringRecord00427F75Helpers.cpp,yes,0,0,0,0
Code/GameEngine/Source/Common/NarrowStringRecord16DequePop.cpp,no,0,0,5,0
Code/GameEngine/Source/Common/NarrowStringRecordCopyBFME2.cpp,no,1,0,36,0
Code/GameEngine/Source/Common/NarrowStringRecordDequePop.cpp,yes,0,0,0,0
Code/GameEngine/Source/Common/NarrowStringRecordDequePush.cpp,yes,0,0,0,0
Code/GameEngine/Source/Common/NetworkInterfaceConstructor.cpp,no,1,0,0,1
Code/GameEngine/Source/Common/NetworkInterfaceFrameAdvance.cpp,no,1,0,0,5
Code/GameEngine/Source/Common/NetworkInterfaceFramePacing.cpp,no,0,0,0,7
Code/GameEngine/Source/Common/NetworkInterfaceRouter.cpp,yes,0,0,0,0
Code/GameEngine/Source/Common/OnlineMiscPrefAccumulate.cpp,no,2,3,1,0
Code/GameEngine/Source/Common/OnlineMiscPrefReset.cpp,no,0,2,6,0
Code/GameEngine/Source/Common/OnlineMiscPrefSum.cpp,no,1,3,1,0
Code/GameEngine/Source/Common/OpaqueScalarDeletingDtors.cpp,no,139,19,0,0
Code/GameEngine/Source/Common/OpaqueScalarDeletingDtorsB01.cpp,no,1,8,0,0
Code/GameEngine/Source/Common/OpaqueSingleInheritanceDtors.cpp,no,15,7,6,0
Code/GameEngine/Source/Common/Open2Destructors.cpp,no,0,1,0,0
Code/GameEngine/Source/Common/Open2Rec4F1120MapFind.cpp,no,1,2,0,0
Code/GameEngine/Source/Common/Open2Rec4F1280.cpp,no,1,3,2,0
Code/GameEngine/Source/Common/Open2RecChain146.cpp,no,1,5,1,0
Code/GameEngine/Source/Common/Open2Records.cpp,no,1,3,1,0
Code/GameEngine/Source/Common/OverridableDeleteOverrides.cpp,no,0,1,1,0
Code/GameEngine/Source/Common/OwnedRecordArray56Copy.cpp,yes,0,0,0,0
Code/GameEngine/Source/Common/P8ZeroingCtors.cpp,no,1,0,0,0
Code/GameEngine/Source/Common/P8ZeroingCtorsInit.cpp,no,1,0,0,0
Code/GameEngine/Source/Common/ParseAlphaNumericBitMask_Thunk.cpp,no,1,0,0,0
Code/GameEngine/Source/Common/PartitionSolver.cpp,no,0,0,2,0
Code/GameEngine/Source/Common/PartitionSolverSortO1.cpp,no,0,0,30,0
Code/GameEngine/Source/Common/PlayerTemplateGetDisplayName.cpp,no,1,1,1,0
Code/GameEngine/Source/Common/PlayerTemplateGetName.cpp,no,1,0,0,0
Code/GameEngine/Source/Common/PlayerTemplateImageGetters.cpp,no,0,0,0,1
Code/GameEngine/Source/Common/PlayerTemplateStoreFactionLookup.cpp,yes,0,0,0,0
Code/GameEngine/Source/Common/PlayerTemplateStoreFind.cpp,yes,0,0,0,0
Code/GameEngine/Source/Common/PlayerTemplateStoreGetNth.cpp,yes,0,0,0,0
Code/GameEngine/Source/Common/ProfilePreferences.cpp,no,5,4,6,0
Code/GameEngine/Source/Common/PtrChaseNullOrZeroGetters.cpp,yes,0,0,0,0
Code/GameEngine/Source/Common/Q1ZeroingConstructors.cpp,yes,0,0,0,0
Code/GameEngine/Source/Common/Q3LazyCachedAccessor.cpp,no,8,0,0,0
Code/GameEngine/Source/Common/Q3MakeDerivedFamily.cpp,no,13,1,0,0
Code/GameEngine/Source/Common/R1GuardedReleaseHelpers.cpp,no,1,0,0,0
Code/GameEngine/Source/Common/R1SmallFieldInitialisers.cpp,yes,0,0,0,0
Code/GameEngine/Source/Common/R2GuardedFieldGetters.cpp,yes,0,0,0,0
Code/GameEngine/Source/Common/R2GuardedGlobalCalls.cpp,no,1,0,0,0
Code/GameEngine/Source/Common/R2GuardedOwnedRelease.cpp,yes,0,0,0,0
Code/GameEngine/Source/Common/R2SmallMemberOps.cpp,yes,0,0,0,0
Code/GameEngine/Source/Common/R2ZeroingConstructors.cpp,no,3,0,0,0
Code/GameEngine/Source/Common/R3ScalarFieldConstructors1.cpp,no,1,0,0,0
Code/GameEngine/Source/Common/R3ScalarFieldConstructors2.cpp,yes,0,0,0,0
Code/GameEngine/Source/Common/R3ScalarFieldConstructors3.cpp,yes,0,0,0,0
Code/GameEngine/Source/Common/R4PerfectHashWithOverflow.cpp,no,6,0,0,0
Code/GameEngine/Source/Common/R4PerfectHashWordSets.cpp,no,10,0,0,0
Code/GameEngine/Source/Common/RTS/BfmeOwnerCDEUpdate.cpp,yes,0,0,0,0
Code/GameEngine/Source/Common/RTS/EnergyConstructorThunk.cpp,no,1,0,0,0
Code/GameEngine/Source/Common/RTS/Handicap.cpp,yes,0,0,0,0
Code/GameEngine/Source/Common/RTS/Player.cpp,no,144,30,20,0
Code/GameEngine/Source/Common/RTS/PlayerGetRelationship.cpp,no,0,1,12,0
Code/GameEngine/Source/Common/RTS/PlayerGetScienceAvailabilityTypeFromString.cpp,no,0,1,1,0
Code/GameEngine/Source/Common/RTS/PlayerHasScience.cpp,no,1,1,1,0
Code/GameEngine/Source/Common/RTS/PlayerIsLocalPlayer.cpp,no,0,1,1,0
Code/GameEngine/Source/Common/RTS/PlayerList.cpp,no,11,5,5,0
Code/GameEngine/Source/Common/RTS/PlayerListDeletingDtor.cpp,no,0,1,2,0
Code/GameEngine/Source/Common/RTS/PlayerListDtor.cpp,no,3,2,4,2
Code/GameEngine/Source/Common/RTS/PlayerListRva002A7AFE.cpp,yes,0,0,0,0
Code/GameEngine/Source/Common/RTS/PlayerList_Rva002A7A6F.cpp,yes,0,0,0,0
Code/GameEngine/Source/Common/RTS/PlayerList_findPlayerWithNameKey.cpp,no,0,1,2,0
Code/GameEngine/Source/Common/RTS/PlayerList_getNthPlayer.cpp,no,0,1,1,0
Code/GameEngine/Source/Common/RTS/PlayerO1Shard.cpp,no,4,5,9,0
Code/GameEngine/Source/Common/RTS/PlayerRva002AB7FD.cpp,yes,0,0,0,0
Code/GameEngine/Source/Common/RTS/PlayerRva002AB87D.cpp,yes,0,0,0,0
Code/GameEngine/Source/Common/RTS/PlayerRva002ABA9B.cpp,yes,0,0,0,0
Code/GameEngine/Source/Common/RTS/PlayerRva002AC629.cpp,no,1,0,0,1
Code/GameEngine/Source/Common/RTS/PlayerRva002AC673.cpp,no,0,0,0,1
Code/GameEngine/Source/Common/RTS/PlayerRva002ACD09.cpp,no,0,0,19,0
Code/GameEngine/Source/Common/RTS/PlayerRva002AE252.cpp,no,2,0,0,3
Code/GameEngine/Source/Common/RTS/PlayerScienceAssign.cpp,no,0,0,14,0
Code/GameEngine/Source/Common/RTS/PlayerSetScienceAvailability.cpp,yes,0,0,0,0
Code/GameEngine/Source/Common/RTS/Player_hasRadar.cpp,no,0,1,1,0
Code/GameEngine/Source/Common/RTS/ProductionPrerequisite.cpp,no,4,11,41,0
Code/GameEngine/Source/Common/RTS/Rva000D3FA0Destructor.cpp,no,6,1,5,0
Code/GameEngine/Source/Common/RTS/Rva001085B4.cpp,yes,0,0,0,0
Code/GameEngine/Source/Common/RTS/Rva002A8F24.cpp,no,0,0,5,0
Code/GameEngine/Source/Common/RTS/Rva002A9BF2Get.cpp,no,1,0,0,0
Code/GameEngine/Source/Common/RTS/Rva002AA292Check.cpp,yes,0,0,0,0
Code/GameEngine/Source/Common/RTS/Rva002AAE81Set.cpp,no,0,1,1,0
Code/GameEngine/Source/Common/RTS/Rva002AD19EArmor.cpp,no,0,0,9,0
Code/GameEngine/Source/Common/RTS/Rva0039EA21.cpp,yes,0,0,0,0
Code/GameEngine/Source/Common/RTS/Rva0039F56E.cpp,yes,0,0,0,0
Code/GameEngine/Source/Common/RTS/Rva00439920Reset.cpp,no,0,0,0,1
Code/GameEngine/Source/Common/RTS/Rva00739CA0.cpp,yes,0,0,0,0
Code/GameEngine/Source/Common/RTS/Rva0073BAA0.cpp,yes,0,0,0,0
Code/GameEngine/Source/Common/RTS/Rva0073BB40.cpp,yes,0,0,0,0
Code/GameEngine/Source/Common/RTS/Rva0073BBE0.cpp,yes,0,0,0,0
Code/GameEngine/Source/Common/RTS/Rva0073BF40Raster.cpp,yes,0,0,0,0
Code/GameEngine/Source/Common/RTS/Rva0073C350Raster.cpp,yes,0,0,0,0
Code/GameEngine/Source/Common/RTS/Rva0073C3B0Raster.cpp,yes,0,0,0,0
Code/GameEngine/Source/Common/RTS/Rva0073C7C0Fill.cpp,yes,0,0,0,0
Code/GameEngine/Source/Common/RTS/Rva0073C820Raster.cpp,yes,0,0,0,0
Code/GameEngine/Source/Common/RTS/Rva0073CE30.cpp,no,1,0,0,0
Code/GameEngine/Source/Common/RTS/ScienceStoreFindScienceInfo.cpp,yes,0,0,0,0
Code/GameEngine/Source/Common/RTS/ScienceStoreFriendLookupScience.cpp,no,2,0,0,0
Code/GameEngine/Source/Common/RTS/ScienceStoreIsScienceGrantable.cpp,yes,0,0,0,0
Code/GameEngine/Source/Common/RTS/ScienceStoreIsValidScience.cpp,yes,0,0,0,0
Code/GameEngine/Source/Common/RTS/ScienceStoreNameDescription.cpp,no,1,0,0,0
Code/GameEngine/Source/Common/RTS/ScoreKeeper.cpp,no,3,5,24,0
Code/GameEngine/Source/Common/RTS/ScoreKeeperDestroyedWorkersBfme2.cpp,yes,0,0,0,0
Code/GameEngine/Source/Common/RTS/ScoreKeeperTotalDestroyedBfme2.cpp,no,0,2,2,0
Code/GameEngine/Source/Common/RTS/ScoreKeeper_insert_unique.cpp,no,0,0,5,0
Code/GameEngine/Source/Common/RTS/ShroudManagerImpl008FBA40.cpp,no,5,4,0,0
Code/GameEngine/Source/Common/RTS/ShroudManagerImpl008FBA40CtorDrain.cpp,no,2,5,1,0
Code/GameEngine/Source/Common/RTS/ShroudManager_setRegion.cpp,no,1,4,0,0
Code/GameEngine/Source/Common/RTS/ShroudVariantCircle008F9BB0.cpp,no,1,0,0,0
Code/GameEngine/Source/Common/RTS/SidesInfoSetScriptList.cpp,no,0,1,1,0
Code/GameEngine/Source/Common/RTS/TeamDidPartialEnter.cpp,no,2,0,1,0
Code/GameEngine/Source/Common/RTS/TeamFactoryList.cpp,yes,0,0,0,0
Code/GameEngine/Source/Common/RTS/TeamGetControllingPlayer.cpp,yes,0,0,0,0
Code/GameEngine/Source/Common/RTS/TeamHasAnyObjects.cpp,no,0,0,1,0
Code/GameEngine/Source/Common/RTS/TeamHealAllObjects.cpp,yes,0,0,0,0
Code/GameEngine/Source/Common/RTS/TeamIterateTeamMemberList.cpp,no,1,1,2,0
Code/GameEngine/Source/Common/RTS/TeamPrototypeRva0039D73A.cpp,yes,0,0,0,0
Code/GameEngine/Source/Common/RTS/TeamRva0039D8BA.cpp,no,0,0,0,1
Code/GameEngine/Source/Common/RTS/TeamRva0039D8D3.cpp,no,0,0,0,2
Code/GameEngine/Source/Common/RTS/TeamRva0039D8FB.cpp,yes,0,0,0,0
Code/GameEngine/Source/Common/RTS/TeamRva0039D9E3.cpp,no,0,0,1,0
Code/GameEngine/Source/Common/RTS/TeamRva0039DA2A.cpp,no,1,0,1,0
Code/GameEngine/Source/Common/RTS/TeamRva0039DC9E.cpp,no,0,0,1,0
Code/GameEngine/Source/Common/RTS/TeamRva0039DD12.cpp,no,0,0,1,0
Code/GameEngine/Source/Common/RTS/TeamRva0039E8EB.cpp,no,0,0,1,0
Code/GameEngine/Source/Common/RandomValue.cpp,no,0,13,1,0
Code/GameEngine/Source/Common/RandomValue_randomValue.cpp,yes,0,0,0,0
Code/GameEngine/Source/Common/Rva00017B00StringInit.cpp,no,1,0,0,0
Code/GameEngine/Source/Common/Rva00020620GuardedFree.cpp,yes,0,0,0,0
Code/GameEngine/Source/Common/Rva00028C70Forward.cpp,yes,0,0,0,0
Code/GameEngine/Source/Common/Rva00030890Set.cpp,no,2,0,0,0
Code/GameEngine/Source/Common/Rva000308B0Clear.cpp,no,2,0,0,0
Code/GameEngine/Source/Common/Rva000308E0AddHeap.cpp,no,2,0,0,0
Code/GameEngine/Source/Common/Rva000309B0TlsSet.cpp,no,1,0,0,0
Code/GameEngine/Source/Common/Rva00030DD0AddRef.cpp,yes,0,0,0,0
Code/GameEngine/Source/Common/Rva00040F1EMutex.cpp,no,1,0,0,0
Code/GameEngine/Source/Common/Rva00041004Lock.cpp,no,1,0,0,0
Code/GameEngine/Source/Common/Rva00041168.cpp,yes,0,0,0,0
Code/GameEngine/Source/Common/Rva000421FD.cpp,yes,0,0,0,0
Code/GameEngine/Source/Common/Rva0004224C.cpp,no,0,0,0,1
Code/GameEngine/Source/Common/Rva000422A0.cpp,no,0,1,1,0
Code/GameEngine/Source/Common/Rva000425CB.cpp,yes,0,0,0,0
Code/GameEngine/Source/Common/Rva0004263F.cpp,yes,0,0,0,0
Code/GameEngine/Source/Common/Rva00042F67Get.cpp,no,1,0,0,0
Code/GameEngine/Source/Common/Rva00042F6DGet.cpp,no,1,0,0,0
Code/GameEngine/Source/Common/Rva00045411BitSet.cpp,yes,0,0,0,0
Code/GameEngine/Source/Common/Rva00045473Equal.cpp,yes,0,0,0,0
Code/GameEngine/Source/Common/Rva0004584DCtor.cpp,no,1,0,0,0
Code/GameEngine/Source/Common/Rva00049D20Get.cpp,yes,0,0,0,0
Code/GameEngine/Source/Common/Rva0004CABDBoolGetter.cpp,yes,0,0,0,0
Code/GameEngine/Source/Common/Rva0004CB5FSet.cpp,no,1,0,0,0
Code/GameEngine/Source/Common/Rva00050C61Dispatch.cpp,yes,0,0,0,0
Code/GameEngine/Source/Common/Rva00050DBDChecks.cpp,yes,0,0,0,0
Code/GameEngine/Source/Common/Rva00050DF0Check.cpp,yes,0,0,0,0
Code/GameEngine/Source/Common/Rva000514EBDec.cpp,yes,0,0,0,0
Code/GameEngine/Source/Common/Rva000518E0Thunk.cpp,yes,0,0,0,0
Code/GameEngine/Source/Common/Rva000519DF.cpp,yes,0,0,0,0
Code/GameEngine/Source/Common/Rva00051B89Mod.cpp,yes,0,0,0,0
Code/GameEngine/Source/Common/Rva00053D66Assign.cpp,yes,0,0,0,0
Code/GameEngine/Source/Common/Rva00053D89Clear.cpp,yes,0,0,0,0
Code/GameEngine/Source/Common/Rva00056EB1Free.cpp,yes,0,0,0,0
Code/GameEngine/Source/Common/Rva000591A3Method.cpp,no,2,1,13,0
Code/GameEngine/Source/Common/Rva00059A25Method.cpp,no,2,0,0,0
Code/GameEngine/Source/Common/Rva0005D6D0DisableImmTextFrameService.cpp,yes,0,0,0,0
Code/GameEngine/Source/Common/Rva00064640Copy.cpp,yes,0,0,0,0
Code/GameEngine/Source/Common/Rva00064640Insert.cpp,no,0,1,3,0
Code/GameEngine/Source/Common/Rva0006653BClampedLookup.cpp,yes,0,0,0,0
Code/GameEngine/Source/Common/Rva00067878Clear.cpp,yes,0,0,0,0
Code/GameEngine/Source/Common/Rva0006B76CMethod.cpp,no,2,2,0,0
Code/GameEngine/Source/Common/Rva0006B7BFMethod.cpp,yes,0,0,0,0
Code/GameEngine/Source/Common/Rva0006E52ASet.cpp,yes,0,0,0,0
Code/GameEngine/Source/Common/Rva0006E567Set.cpp,yes,0,0,0,0
Code/GameEngine/Source/Common/Rva0006E5A0Get.cpp,no,1,0,0,0
Code/GameEngine/Source/Common/Rva0006EB3BReverse.cpp,yes,0,0,0,0
Code/GameEngine/Source/Common/Rva0006ED29Delete.cpp,yes,0,0,0,0
Code/GameEngine/Source/Common/Rva000724AEClear.cpp,yes,0,0,0,0
Code/GameEngine/Source/Common/Rva000728E2Clear.cpp,yes,0,0,0,0
Code/GameEngine/Source/Common/Rva00072A94Assign.cpp,no,0,0,1,0
Code/GameEngine/Source/Common/Rva000752BDGetters.cpp,no,4,0,0,0
Code/GameEngine/Source/Common/Rva00075E36Getters.cpp,no,2,0,0,0
Code/GameEngine/Source/Common/Rva00078460Dtor.cpp,no,1,0,0,0
Code/GameEngine/Source/Common/Rva000789A0Update.cpp,yes,0,0,0,0
Code/GameEngine/Source/Common/Rva00078BEEGetters.cpp,no,2,0,0,0
Code/GameEngine/Source/Common/Rva0007912DGet.cpp,yes,0,0,0,0
Code/GameEngine/Source/Common/Rva00079554RecordDtor.cpp,no,0,0,4,0
Code/GameEngine/Source/Common/Rva0007B9EEGet.cpp,yes,0,0,0,0
Code/GameEngine/Source/Common/Rva0007BAD6Clear.cpp,yes,0,0,0,0
Code/GameEngine/Source/Common/Rva0007BB4BGet.cpp,no,1,0,0,0
Code/GameEngine/Source/Common/Rva0007BEA7Overlap.cpp,yes,0,0,0,0
Code/GameEngine/Source/Common/Rva0007E016Thunk.cpp,yes,0,0,0,0
Code/GameEngine/Source/Common/Rva0007E02AThunk.cpp,yes,0,0,0,0
Code/GameEngine/Source/Common/Rva0007E12F.cpp,no,0,0,1,0
Code/GameEngine/Source/Common/Rva0007E2FACopy.cpp,yes,0,0,0,0
Code/GameEngine/Source/Common/Rva0009990DSet.cpp,yes,0,0,0,0
Code/GameEngine/Source/Common/Rva0009AAA8Get.cpp,yes,0,0,0,0
Code/GameEngine/Source/Common/Rva000A77B3Close.cpp,yes,0,0,0,0
Code/GameEngine/Source/Common/Rva000A880FClear.cpp,yes,0,0,0,0
Code/GameEngine/Source/Common/Rva000A8879Clear.cpp,yes,0,0,0,0
Code/GameEngine/Source/Common/Rva000A89C1Thunk.cpp,yes,0,0,0,0
Code/GameEngine/Source/Common/Rva000A8C9BClear.cpp,yes,0,0,0,0
Code/GameEngine/Source/Common/Rva000AAD26FamilyDtors.cpp,no,0,4,8,2
Code/GameEngine/Source/Common/Rva000AD6F4Members.cpp,yes,0,0,0,0
Code/GameEngine/Source/Common/Rva000AD8EBCopy.cpp,yes,0,0,0,0
Code/GameEngine/Source/Common/Rva000B2B42Clamp.cpp,yes,0,0,0,0
Code/GameEngine/Source/Common/Rva000B2BE5Get.cpp,yes,0,0,0,0
Code/GameEngine/Source/Common/Rva000B2D4DThunk.cpp,yes,0,0,0,0
Code/GameEngine/Source/Common/Rva000B304B.cpp,yes,0,0,0,0
Code/GameEngine/Source/Common/Rva000B3A68.cpp,yes,0,0,0,0
Code/GameEngine/Source/Common/Rva000B3E96Get.cpp,yes,0,0,0,0
Code/GameEngine/Source/Common/Rva000B3EECNotEqual.cpp,yes,0,0,0,0
Code/GameEngine/Source/Common/Rva000B56F0SelectStorage.cpp,yes,0,0,0,0
Code/GameEngine/Source/Common/Rva000B6253.cpp,yes,0,0,0,0
Code/GameEngine/Source/Common/Rva000B642ACtor.cpp,yes,0,0,0,0
Code/GameEngine/Source/Common/Rva000B646BFree.cpp,yes,0,0,0,0
Code/GameEngine/Source/Common/Rva000B6498Free.cpp,yes,0,0,0,0
Code/GameEngine/Source/Common/Rva000B64C5Build.cpp,yes,0,0,0,0
Code/GameEngine/Source/Common/Rva000B69EA.cpp,no,1,2,0,0
Code/GameEngine/Source/Common/Rva000B6A67Ctor.cpp,yes,0,0,0,0
Code/GameEngine/Source/Common/Rva000B6AA9Build.cpp,yes,0,0,0,0
Code/GameEngine/Source/Common/Rva000B6AF5Build.cpp,yes,0,0,0,0
Code/GameEngine/Source/Common/Rva000B9074Copy.cpp,no,1,0,0,0
Code/GameEngine/Source/Common/Rva000B980ECopy.cpp,yes,0,0,0,0
Code/GameEngine/Source/Common/Rva000B9AAACTor.cpp,yes,0,0,0,0
Code/GameEngine/Source/Common/Rva000BB491Copy.cpp,yes,0,0,0,0
Code/GameEngine/Source/Common/Rva000BB4ACCopy.cpp,yes,0,0,0,0
Code/GameEngine/Source/Common/Rva000BBD66Write.cpp,yes,0,0,0,0
Code/GameEngine/Source/Common/Rva000BC834Write.cpp,yes,0,0,0,0
Code/GameEngine/Source/Common/Rva000C0513Resize.cpp,yes,0,0,0,0
Code/GameEngine/Source/Common/Rva000C0CE1Copy.cpp,yes,0,0,0,0
Code/GameEngine/Source/Common/Rva000C0D13Copy.cpp,yes,0,0,0,0
Code/GameEngine/Source/Common/Rva000C18E3Chain.cpp,yes,0,0,0,0
Code/GameEngine/Source/Common/Rva000C2067Dtor.cpp,yes,0,0,0,0
Code/GameEngine/Source/Common/Rva000C2AA4Add.cpp,no,1,2,0,0
Code/GameEngine/Source/Common/Rva000C3380Copy.cpp,no,0,1,1,0
Code/GameEngine/Source/Common/Rva000C79C9Derived.cpp,no,4,0,0,0
Code/GameEngine/Source/Common/Rva000CBA20DistSq.cpp,yes,0,0,0,0
Code/GameEngine/Source/Common/Rva000D1930Ctor.cpp,no,1,0,0,0
Code/GameEngine/Source/Common/Rva000D1BEA.cpp,no,0,0,0,1
Code/GameEngine/Source/Common/Rva000D1C10.cpp,yes,0,0,0,0
Code/GameEngine/Source/Common/Rva000D1C83.cpp,yes,0,0,0,0
Code/GameEngine/Source/Common/Rva000DF920Assign.cpp,no,1,0,0,0
Code/GameEngine/Source/Common/Rva000E007DEqual.cpp,yes,0,0,0,0
Code/GameEngine/Source/Common/Rva000E19A3Dtor.cpp,no,2,1,1,0
Code/GameEngine/Source/Common/Rva000E1D51Forward.cpp,no,1,0,0,0
Code/GameEngine/Source/Common/Rva000E440DPred.cpp,yes,0,0,0,0
Code/GameEngine/Source/Common/Rva000E4567Clear.cpp,yes,0,0,0,0
Code/GameEngine/Source/Common/Rva000E459F.cpp,no,2,0,0,0
Code/GameEngine/Source/Common/Rva000E488F.cpp,yes,0,0,0,0
Code/GameEngine/Source/Common/Rva000E48BC.cpp,no,1,0,1,0
Code/GameEngine/Source/Common/Rva000E5725Xfer.cpp,yes,0,0,0,0
Code/GameEngine/Source/Common/Rva000E5EC1.cpp,yes,0,0,0,0
Code/GameEngine/Source/Common/Rva000E5EE5Method.cpp,yes,0,0,0,0
Code/GameEngine/Source/Common/Rva000E5F60Lookup.cpp,yes,0,0,0,0
Code/GameEngine/Source/Common/Rva000E6135Method.cpp,yes,0,0,0,0
Code/GameEngine/Source/Common/Rva000E6594.cpp,yes,0,0,0,0
Code/GameEngine/Source/Common/Rva000E76B8.cpp,yes,0,0,0,0
Code/GameEngine/Source/Common/Rva000EB08CCheck.cpp,no,1,0,1,0
Code/GameEngine/Source/Common/Rva000EFDA0Clear.cpp,yes,0,0,0,0
Code/GameEngine/Source/Common/Rva000EFDA0Free.cpp,yes,0,0,0,0
Code/GameEngine/Source/Common/Rva000F0AF7Ctor.cpp,yes,0,0,0,0
Code/GameEngine/Source/Common/Rva000F1A32Ctor.cpp,no,5,0,0,0
Code/GameEngine/Source/Common/Rva000F1AD8Clear.cpp,no,0,0,2,0
Code/GameEngine/Source/Common/Rva000F1B8FCtor.cpp,yes,0,0,0,0
Code/GameEngine/Source/Common/Rva000F1B8FDtor.cpp,no,0,1,1,0
Code/GameEngine/Source/Common/Rva000F1BC5Method.cpp,yes,0,0,0,0
Code/GameEngine/Source/Common/Rva000F26DCAlloc.cpp,yes,0,0,0,0
Code/GameEngine/Source/Common/Rva000F26DCFree.cpp,yes,0,0,0,0
Code/GameEngine/Source/Common/Rva000F278FForward.cpp,yes,0,0,0,0
Code/GameEngine/Source/Common/Rva000F5B43Get.cpp,no,2,0,0,1
Code/GameEngine/Source/Common/Rva000F5D1BGet.cpp,no,1,0,0,0
Code/GameEngine/Source/Common/Rva000F630CGet.cpp,no,2,0,0,0
Code/GameEngine/Source/Common/Rva000FD4B3.cpp,no,1,0,0,0
Code/GameEngine/Source/Common/Rva000FE001Move.cpp,yes,0,0,0,0
Code/GameEngine/Source/Common/Rva00104E03Dtor.cpp,no,0,1,1,0
Code/GameEngine/Source/Common/Rva00106874Host.cpp,yes,0,0,0,0
Code/GameEngine/Source/Common/Rva00108660ReAcquire.cpp,yes,0,0,0,0
Code/GameEngine/Source/Common/Rva00108A0BCtor.cpp,yes,0,0,0,0
Code/GameEngine/Source/Common/Rva00108DBCInit.cpp,yes,0,0,0,0
Code/GameEngine/Source/Common/Rva0010959E.cpp,yes,0,0,0,0
Code/GameEngine/Source/Common/Rva00109610Dtor.cpp,no,0,1,1,0
Code/GameEngine/Source/Common/Rva00109C27Ctor.cpp,no,1,0,0,0
Code/GameEngine/Source/Common/Rva00109C7FDtor.cpp,no,0,1,1,0
Code/GameEngine/Source/Common/Rva00109CB5Add.cpp,yes,0,0,0,0
Code/GameEngine/Source/Common/Rva0010E482Check.cpp,yes,0,0,0,0
Code/GameEngine/Source/Common/Rva0010E4D4Loop.cpp,yes,0,0,0,0
Code/GameEngine/Source/Common/Rva0010ECB5Set.cpp,yes,0,0,0,0
Code/GameEngine/Source/Common/Rva0010ED3DMax.cpp,yes,0,0,0,0
Code/GameEngine/Source/Common/Rva0010EFB1Inc.cpp,yes,0,0,0,0
Code/GameEngine/Source/Common/Rva0010F0C4Dtor.cpp,no,0,1,1,1
Code/GameEngine/Source/Common/Rva0010F110Wait.cpp,yes,0,0,0,0
Code/GameEngine/Source/Common/Rva0010F24FLock.cpp,yes,0,0,0,0
Code/GameEngine/Source/Common/Rva0010F33CStart.cpp,yes,0,0,0,0
Code/GameEngine/Source/Common/Rva0010F38APause.cpp,yes,0,0,0,0
Code/GameEngine/Source/Common/Rva0010F7EEDtor.cpp,no,0,1,1,1
Code/GameEngine/Source/Common/Rva0011009AGetters.cpp,no,2,0,0,0
Code/GameEngine/Source/Common/Rva00116482Method.cpp,yes,0,0,0,0
Code/GameEngine/Source/Common/Rva00116496Method.cpp,yes,0,0,0,0
Code/GameEngine/Source/Common/Rva001164AAMethod.cpp,yes,0,0,0,0
Code/GameEngine/Source/Common/Rva00118CA0Free.cpp,yes,0,0,0,0
Code/GameEngine/Source/Common/Rva00129510Inc.cpp,no,1,0,0,0
Code/GameEngine/Source/Common/Rva00129670Inc.cpp,no,1,0,0,0
Code/GameEngine/Source/Common/Rva0013101ECopy.cpp,yes,0,0,0,0
Code/GameEngine/Source/Common/Rva0013107ACtor.cpp,no,1,0,0,0
Code/GameEngine/Source/Common/Rva00132FE9Forward.cpp,yes,0,0,0,0
Code/GameEngine/Source/Common/Rva0013A820Reset.cpp,no,1,0,0,0
Code/GameEngine/Source/Common/Rva00142C30Indexer.cpp,yes,0,0,0,0
Code/GameEngine/Source/Common/Rva00142C80LeaIndexer.cpp,yes,0,0,0,0
Code/GameEngine/Source/Common/Rva00145000Derived.cpp,no,1,1,0,0
Code/GameEngine/Source/Common/Rva00149DF0Set.cpp,yes,0,0,0,0
Code/GameEngine/Source/Common/Rva0014A470Assign.cpp,no,1,0,0,0
Code/GameEngine/Source/Common/Rva0014AE40OwnerDestructor.cpp,no,1,2,0,0
Code/GameEngine/Source/Common/Rva0014CD63Dtor.cpp,no,1,1,1,0
Code/GameEngine/Source/Common/Rva0014CE67Ctor.cpp,yes,0,0,0,0
Code/GameEngine/Source/Common/Rva0014F3E7Destroy.cpp,yes,0,0,0,0
Code/GameEngine/Source/Common/Rva0014F401Copy.cpp,no,1,0,0,0
Code/GameEngine/Source/Common/Rva0014F40CCtor.cpp,no,4,0,0,0
Code/GameEngine/Source/Common/Rva0014F5FillN.cpp,yes,0,0,0,0
Code/GameEngine/Source/Common/Rva0014F699Assign.cpp,yes,0,0,0,0
Code/GameEngine/Source/Common/Rva0014F746CopyBackward.cpp,yes,0,0,0,0
Code/GameEngine/Source/Common/Rva0014F9FillN.cpp,yes,0,0,0,0
Code/GameEngine/Source/Common/Rva0014FA0DCopyBackward.cpp,yes,0,0,0,0
Code/GameEngine/Source/Common/Rva0014FA2AFill.cpp,yes,0,0,0,0
Code/GameEngine/Source/Common/Rva0014FA90Copy.cpp,yes,0,0,0,0
Code/GameEngine/Source/Common/Rva0014FDerivedCopies.cpp,no,3,0,0,0
Code/GameEngine/Source/Common/Rva00150265Copy.cpp,yes,0,0,0,0
Code/GameEngine/Source/Common/Rva0015115CLoad.cpp,no,1,0,0,0
Code/GameEngine/Source/Common/Rva00151288SetPath.cpp,yes,0,0,0,0
Code/GameEngine/Source/Common/Rva00151632Ctor.cpp,no,0,2,1,0
Code/GameEngine/Source/Common/Rva00151632Dtor.cpp,no,1,1,0,0
Code/GameEngine/Source/Common/Rva001516C1RegisterPrototype.cpp,yes,0,0,0,0
Code/GameEngine/Source/Common/Rva00151744Clear.cpp,no,0,0,3,0
Code/GameEngine/Source/Common/Rva001517B5Link.cpp,yes,0,0,0,0
Code/GameEngine/Source/Common/Rva001517DEDtor.cpp,no,0,3,2,0
Code/GameEngine/Source/Common/Rva00151866Ctor.cpp,yes,0,0,0,0
Code/GameEngine/Source/Common/Rva001518D1Get.cpp,yes,0,0,0,0
Code/GameEngine/Source/Common/Rva00151DABTextureRelease.cpp,yes,0,0,0,0
Code/GameEngine/Source/Common/Rva0015CC90Derived.cpp,no,1,1,0,0
Code/GameEngine/Source/Common/Rva00160530Set.cpp,yes,0,0,0,0
Code/GameEngine/Source/Common/Rva00160620Set.cpp,yes,0,0,0,0
Code/GameEngine/Source/Common/Rva00161220Ctor.cpp,yes,0,0,0,0
Code/GameEngine/Source/Common/Rva0016A490Set.cpp,yes,0,0,0,0
Code/GameEngine/Source/Common/Rva001705A0LazyObject.cpp,no,3,1,9,0
Code/GameEngine/Source/Common/Rva0017FB41Ctor.cpp,yes,0,0,0,0
Code/GameEngine/Source/Common/Rva0017FB94Dtor.cpp,no,1,1,1,0
Code/GameEngine/Source/Common/Rva0017FF77Ctor.cpp,no,2,0,0,0
Code/GameEngine/Source/Common/Rva001803D3Ctor.cpp,yes,0,0,0,0
Code/GameEngine/Source/Common/Rva001804CBCreate.cpp,yes,0,0,0,0
Code/GameEngine/Source/Common/Rva00180527Dtor.cpp,no,1,1,1,0
Code/GameEngine/Source/Common/Rva00180587.cpp,yes,0,0,0,0
Code/GameEngine/Source/Common/Rva001805E0Ctor.cpp,no,0,1,0,0
Code/GameEngine/Source/Common/Rva001806D8Create.cpp,yes,0,0,0,0
Code/GameEngine/Source/Common/Rva00180847Ctor.cpp,yes,0,0,0,0
Code/GameEngine/Source/Common/Rva001809EACreate.cpp,yes,0,0,0,0
Code/GameEngine/Source/Common/Rva00180A46Dtor.cpp,no,1,1,1,0
Code/GameEngine/Source/Common/Rva00180AB5.cpp,yes,0,0,0,0
Code/GameEngine/Source/Common/Rva00180B94Ctor.cpp,no,0,1,0,0
Code/GameEngine/Source/Common/Rva00180C6FCreate.cpp,yes,0,0,0,0
Code/GameEngine/Source/Common/Rva00181450ReturnThis.cpp,yes,0,0,0,0
Code/GameEngine/Source/Common/Rva00193660Set.cpp,yes,0,0,0,0
Code/GameEngine/Source/Common/Rva00193660SetGuard.cpp,yes,0,0,0,0
Code/GameEngine/Source/Common/Rva00198170Delete.cpp,yes,0,0,0,0
Code/GameEngine/Source/Common/Rva001BC390Select.cpp,no,0,0,0,1
Code/GameEngine/Source/Common/Rva001CA000Vp6WideAccum.cpp,no,4,0,0,0
Code/GameEngine/Source/Common/Rva001DB3E0ListDestructor.cpp,yes,0,0,0,0
Code/GameEngine/Source/Common/Rva001DB60FDtor.cpp,yes,0,0,0,0
Code/GameEngine/Source/Common/Rva001DB66ADelete.cpp,yes,0,0,0,0
Code/GameEngine/Source/Common/Rva001DBAA4Ctor.cpp,no,1,0,0,0
Code/GameEngine/Source/Common/Rva001DBAC3Derived.cpp,no,6,0,0,0
Code/GameEngine/Source/Common/Rva001DCB90Eq.cpp,yes,0,0,0,0
Code/GameEngine/Source/Common/Rva001DCD30Kind.cpp,yes,0,0,0,0
Code/GameEngine/Source/Common/Rva001DD0A0Copy.cpp,yes,0,0,0,0
Code/GameEngine/Source/Common/Rva001DD8C9Alloc.cpp,no,0,0,2,0
Code/GameEngine/Source/Common/Rva001DE4F0Copy.cpp,no,1,0,0,0
Code/GameEngine/Source/Common/Rva001DFE56TestMasks.cpp,yes,0,0,0,0
Code/GameEngine/Source/Common/Rva001E3459Flag.cpp,yes,0,0,0,0
Code/GameEngine/Source/Common/Rva001E34FA.cpp,yes,0,0,0,0
Code/GameEngine/Source/Common/Rva001E3591.cpp,yes,0,0,0,0
Code/GameEngine/Source/Common/Rva001E3E43Dtor.cpp,no,4,1,1,1
Code/GameEngine/Source/Common/Rva001E3F08Calc.cpp,no,1,0,0,0
Code/GameEngine/Source/Common/Rva001E4147Copy.cpp,yes,0,0,0,0
Code/GameEngine/Source/Common/Rva001E415FSet.cpp,no,0,0,0,1
Code/GameEngine/Source/Common/Rva001E4194Get.cpp,yes,0,0,0,0
Code/GameEngine/Source/Common/Rva001E434ASelect.cpp,yes,0,0,0,0
Code/GameEngine/Source/Common/Rva001E4426Test.cpp,yes,0,0,0,0
Code/GameEngine/Source/Common/Rva001E4912Init.cpp,yes,0,0,0,0
Code/GameEngine/Source/Common/Rva001EAF7BClear.cpp,yes,0,0,0,0
Code/GameEngine/Source/Common/Rva001EAFC1Assign.cpp,no,1,0,0,0
Code/GameEngine/Source/Common/Rva001EB023Search.cpp,yes,0,0,0,0
Code/GameEngine/Source/Common/Rva001EB0B1Thunk.cpp,yes,0,0,0,0
Code/GameEngine/Source/Common/Rva001EB0CAFlag.cpp,yes,0,0,0,0
Code/GameEngine/Source/Common/Rva001EB0FBHas.cpp,yes,0,0,0,0
Code/GameEngine/Source/Common/Rva001EB130Clear.cpp,no,1,0,0,0
Code/GameEngine/Source/Common/Rva001EB3A6BoundsCheck.cpp,no,0,0,1,0
Code/GameEngine/Source/Common/Rva001EB435Check.cpp,yes,0,0,0,0
Code/GameEngine/Source/Common/Rva001ED01EClear.cpp,yes,0,0,0,0
Code/GameEngine/Source/Common/Rva001ED0A9Ctor.cpp,no,0,1,0,0
Code/GameEngine/Source/Common/Rva001ED3A2Clear.cpp,yes,0,0,0,0
Code/GameEngine/Source/Common/Rva001EDD1CSetter.cpp,yes,0,0,0,0
Code/GameEngine/Source/Common/Rva001EDD80Range.cpp,yes,0,0,0,0
Code/GameEngine/Source/Common/Rva001EF291Find.cpp,no,1,0,0,0
Code/GameEngine/Source/Common/Rva001F37C4Xfer.cpp,yes,0,0,0,0
Code/GameEngine/Source/Common/Rva001F385AXfer.cpp,yes,0,0,0,0
Code/GameEngine/Source/Common/Rva001F3899Set.cpp,yes,0,0,0,0
Code/GameEngine/Source/Common/Rva001F38C1Set.cpp,yes,0,0,0,0
Code/GameEngine/Source/Common/Rva001F3C20Slots.cpp,yes,0,0,0,0
Code/GameEngine/Source/Common/Rva001F3C9ACheck.cpp,yes,0,0,0,0
Code/GameEngine/Source/Common/Rva001F3D03Set.cpp,yes,0,0,0,0
Code/GameEngine/Source/Common/Rva001F3FD0Set.cpp,yes,0,0,0,0
Code/GameEngine/Source/Common/Rva001F41AFAssign.cpp,yes,0,0,0,0
Code/GameEngine/Source/Common/Rva001F41CDAssign.cpp,yes,0,0,0,0
Code/GameEngine/Source/Common/Rva001F4206.cpp,yes,0,0,0,0
Code/GameEngine/Source/Common/Rva001F458BWrite.cpp,yes,0,0,0,0
Code/GameEngine/Source/Common/Rva001F45DFGet.cpp,no,1,0,0,0
Code/GameEngine/Source/Common/Rva001F4882Unlink.cpp,yes,0,0,0,0
Code/GameEngine/Source/Common/Rva001F4DC4.cpp,yes,0,0,0,0
Code/GameEngine/Source/Common/Rva001F4DF9.cpp,yes,0,0,0,0
Code/GameEngine/Source/Common/Rva001F4E1BGet.cpp,yes,0,0,0,0
Code/GameEngine/Source/Common/Rva001F58D4.cpp,yes,0,0,0,0
Code/GameEngine/Source/Common/Rva001F5BBE.cpp,yes,0,0,0,0
Code/GameEngine/Source/Common/Rva001F7270Get.cpp,yes,0,0,0,0
Code/GameEngine/Source/Common/Rva001FD2D9ArrayCopy.cpp,yes,0,0,0,0
Code/GameEngine/Source/Common/Rva001FD404Assign.cpp,yes,0,0,0,0
Code/GameEngine/Source/Common/Rva001FD42BAssign.cpp,yes,0,0,0,0
Code/GameEngine/Source/Common/Rva001FD42BClear.cpp,yes,0,0,0,0
Code/GameEngine/Source/Common/Rva001FD42BDtor.cpp,no,1,0,0,0
Code/GameEngine/Source/Common/Rva001FD42BErase.cpp,yes,0,0,0,0
Code/GameEngine/Source/Common/Rva001FD458Assign.cpp,yes,0,0,0,0
Code/GameEngine/Source/Common/Rva001FD458Dtor.cpp,no,1,0,0,0
Code/GameEngine/Source/Common/Rva001FD458Erase.cpp,yes,0,0,0,0
Code/GameEngine/Source/Common/Rva001FD9EFFree.cpp,yes,0,0,0,0
Code/GameEngine/Source/Common/Rva001FDB55Ctor.cpp,no,1,0,9,0
Code/GameEngine/Source/Common/Rva001FF6AEClear.cpp,yes,0,0,0,0
Code/GameEngine/Source/Common/Rva001FF6D7List.cpp,no,1,0,0,0
Code/GameEngine/Source/Common/Rva001FF725Get.cpp,yes,0,0,0,0
Code/GameEngine/Source/Common/Rva00201A33.cpp,yes,0,0,0,0
Code/GameEngine/Source/Common/Rva00201B64HolderDtor.cpp,no,0,0,11,0
Code/GameEngine/Source/Common/Rva00202B6CGet.cpp,no,0,1,1,0
Code/GameEngine/Source/Common/Rva00202BB2Parse.cpp,no,2,3,2,0
Code/GameEngine/Source/Common/Rva002034E9Host.cpp,yes,0,0,0,0
Code/GameEngine/Source/Common/Rva00203688Host.cpp,no,0,0,0,1
Code/GameEngine/Source/Common/Rva00203693Host.cpp,no,0,0,0,1
Code/GameEngine/Source/Common/Rva002036B4GlobalCopiers.cpp,no,1,0,0,0
Code/GameEngine/Source/Common/Rva002039B6Host.cpp,no,0,0,0,1
Code/GameEngine/Source/Common/Rva002039C5Host.cpp,no,0,0,0,1
Code/GameEngine/Source/Common/Rva00203D6AChain.cpp,yes,0,0,0,0
Code/GameEngine/Source/Common/Rva00203D86Chain.cpp,yes,0,0,0,0
Code/GameEngine/Source/Common/Rva00203E11Xfer.cpp,yes,0,0,0,0
Code/GameEngine/Source/Common/Rva00203E2CXfer.cpp,yes,0,0,0,0
Code/GameEngine/Source/Common/Rva0020D583Dtor.cpp,no,0,1,0,0
Code/GameEngine/Source/Common/Rva0020D613Alloc.cpp,no,1,0,0,0
Code/GameEngine/Source/Common/Rva0020DA21Load.cpp,no,1,2,1,0
Code/GameEngine/Source/Common/Rva0020DD50FieldSetter.cpp,yes,0,0,0,0
Code/GameEngine/Source/Common/Rva0020DEB0.cpp,no,0,0,16,0
Code/GameEngine/Source/Common/Rva0020DFC0VirtualChain.cpp,yes,0,0,0,0
Code/GameEngine/Source/Common/Rva0020DFFBRegister.cpp,no,1,0,7,0
Code/GameEngine/Source/Common/Rva0020E150PositiveRatio.cpp,yes,0,0,0,0
Code/GameEngine/Source/Common/Rva0020E3ADLevel.cpp,yes,0,0,0,0
Code/GameEngine/Source/Common/Rva0020E449Add.cpp,yes,0,0,0,0
Code/GameEngine/Source/Common/Rva0020E449Scale.cpp,yes,0,0,0,0
Code/GameEngine/Source/Common/Rva002105A6Dtor.cpp,no,1,2,11,0
Code/GameEngine/Source/Common/Rva00210749Clear.cpp,no,0,0,7,0
Code/GameEngine/Source/Common/Rva00210C33ShowCursor.cpp,yes,0,0,0,0
Code/GameEngine/Source/Common/Rva00210DC9Get.cpp,no,0,0,0,1
Code/GameEngine/Source/Common/Rva002111C8.cpp,yes,0,0,0,0
Code/GameEngine/Source/Common/Rva00211E0DUninitCopy.cpp,yes,0,0,0,0
Code/GameEngine/Source/Common/Rva002120A4MapLookup.cpp,yes,0,0,0,0
Code/GameEngine/Source/Common/Rva00213E3BOverflow.cpp,no,2,0,1,0
Code/GameEngine/Source/Common/Rva002147D1Get.cpp,yes,0,0,0,0
Code/GameEngine/Source/Common/Rva00215E6F.cpp,yes,0,0,0,0
Code/GameEngine/Source/Common/Rva00216094Dtor.cpp,no,1,0,0,0
Code/GameEngine/Source/Common/Rva002160C4Dtor.cpp,no,0,1,1,0
Code/GameEngine/Source/Common/Rva00216108Dtor.cpp,no,0,1,1,0
Code/GameEngine/Source/Common/Rva00216787Free.cpp,yes,0,0,0,0
Code/GameEngine/Source/Common/Rva0021915BAssign.cpp,yes,0,0,0,0
Code/GameEngine/Source/Common/Rva0021956EPushHeap.cpp,yes,0,0,0,0
Code/GameEngine/Source/Common/Rva002195B7CopyBackward.cpp,yes,0,0,0,0
Code/GameEngine/Source/Common/Rva002198ECAdjustHeap.cpp,yes,0,0,0,0
Code/GameEngine/Source/Common/Rva00219B9EAccessor.cpp,no,3,0,1,0
Code/GameEngine/Source/Common/Rva0021A0C2Dtor.cpp,yes,0,0,0,0
Code/GameEngine/Source/Common/Rva0021A106Accessor.cpp,yes,0,0,0,0
Code/GameEngine/Source/Common/Rva0021ACB9Swap.cpp,no,0,1,1,0
Code/GameEngine/Source/Common/Rva0021AD5DTreeAccess.cpp,yes,0,0,0,0
Code/GameEngine/Source/Common/Rva0021B9A0Median.cpp,yes,0,0,0,0
Code/GameEngine/Source/Common/Rva002253C2Init.cpp,no,0,0,0,1
Code/GameEngine/Source/Common/Rva00225D38Check.cpp,no,0,0,0,2
Code/GameEngine/Source/Common/Rva00225F12Create.cpp,yes,0,0,0,0
Code/GameEngine/Source/Common/Rva00226146Less.cpp,yes,0,0,0,0
Code/GameEngine/Source/Common/Rva00226829TreeFree.cpp,yes,0,0,0,0
Code/GameEngine/Source/Common/Rva00226856TreeFree.cpp,yes,0,0,0,0
Code/GameEngine/Source/Common/Rva00226883TreeFree.cpp,yes,0,0,0,0
Code/GameEngine/Source/Common/Rva002268B0TreeFree.cpp,yes,0,0,0,0
Code/GameEngine/Source/Common/Rva0022C612Dtor.cpp,yes,0,0,0,0
Code/GameEngine/Source/Common/Rva00232F84Layout.cpp,no,1,0,0,0
Code/GameEngine/Source/Common/Rva0023309ACtor.cpp,no,1,0,0,0
Code/GameEngine/Source/Common/Rva002337F0Set.cpp,yes,0,0,0,0
Code/GameEngine/Source/Common/Rva00235A21Ctor.cpp,no,0,0,1,0
Code/GameEngine/Source/Common/Rva00235A37Assign.cpp,yes,0,0,0,0
Code/GameEngine/Source/Common/Rva00238AB6BuildFieldParse.cpp,no,0,0,0,1
Code/GameEngine/Source/Common/Rva00238E1BCounter.cpp,yes,0,0,0,0
Code/GameEngine/Source/Common/Rva002390CBCopy.cpp,yes,0,0,0,0
Code/GameEngine/Source/Common/Rva002390CBDtor.cpp,no,0,1,0,0
Code/GameEngine/Source/Common/Rva00239380Clear.cpp,no,1,0,0,0
Code/GameEngine/Source/Common/Rva00239435Get.cpp,yes,0,0,0,0
Code/GameEngine/Source/Common/Rva002399EBFind.cpp,yes,0,0,0,0
Code/GameEngine/Source/Common/Rva00239BD8Alloc.cpp,no,1,0,0,0
Code/GameEngine/Source/Common/Rva00239C38Erase.cpp,no,1,0,0,0
Code/GameEngine/Source/Common/Rva00239C5EFind.cpp,yes,0,0,0,0
Code/GameEngine/Source/Common/Rva00239D02Insert.cpp,yes,0,0,0,0
Code/GameEngine/Source/Common/Rva00239FA0Store.cpp,yes,0,0,0,0
Code/GameEngine/Source/Common/Rva00239FE4Dedup.cpp,no,0,0,1,0
Code/GameEngine/Source/Common/Rva0023A014Insert.cpp,no,0,0,1,0
Code/GameEngine/Source/Common/Rva0023AB78Insert.cpp,no,0,2,0,0
Code/GameEngine/Source/Common/Rva0023C420Delete.cpp,yes,0,0,0,0
Code/GameEngine/Source/Common/Rva0023C641Write.cpp,yes,0,0,0,0
Code/GameEngine/Source/Common/Rva0023C6A4Check.cpp,no,1,0,0,0
Code/GameEngine/Source/Common/Rva0023C83BEnable.cpp,no,1,0,0,0
Code/GameEngine/Source/Common/Rva0023C85EDisable.cpp,no,1,0,0,0
Code/GameEngine/Source/Common/Rva0023D229Set.cpp,no,1,0,0,0
Code/GameEngine/Source/Common/Rva0023D30FCall.cpp,no,2,0,0,0
Code/GameEngine/Source/Common/Rva0023D339Check.cpp,no,3,0,0,0
Code/GameEngine/Source/Common/Rva0023D377Dtor.cpp,yes,0,0,0,0
Code/GameEngine/Source/Common/Rva0023D607Check.cpp,no,1,0,0,0
Code/GameEngine/Source/Common/Rva0023D614Film.cpp,yes,0,0,0,0
Code/GameEngine/Source/Common/Rva0023D661List.cpp,no,1,0,0,0
Code/GameEngine/Source/Common/Rva0023DCCESet.cpp,no,1,0,0,0
Code/GameEngine/Source/Common/Rva0023E7B4Find.cpp,yes,0,0,0,0
Code/GameEngine/Source/Common/Rva0023E7D9Clear.cpp,no,4,0,6,0
Code/GameEngine/Source/Common/Rva00248D35.cpp,yes,0,0,0,0
Code/GameEngine/Source/Common/Rva0024A797DeletingDtor.cpp,no,3,0,0,0
Code/GameEngine/Source/Common/Rva0024A797Derived.cpp,no,37,1,0,0
Code/GameEngine/Source/Common/Rva0024A797Grandchildren.cpp,no,26,0,0,0
Code/GameEngine/Source/Common/Rva0025A3F0Eq.cpp,yes,0,0,0,0
Code/GameEngine/Source/Common/Rva0025BF8CHeroRemover.cpp,no,0,0,1,0
Code/GameEngine/Source/Common/Rva0025BFE3Ctor.cpp,yes,0,0,0,0
Code/GameEngine/Source/Common/Rva0025BFE3Derived.cpp,yes,0,0,0,0
Code/GameEngine/Source/Common/Rva0025BFF8ObjectGetter.cpp,no,0,0,0,1
Code/GameEngine/Source/Common/Rva0025C010Prune.cpp,no,0,0,0,1
Code/GameEngine/Source/Common/Rva0025C061Push.cpp,yes,0,0,0,0
Code/GameEngine/Source/Common/Rva0025C0FFClear.cpp,yes,0,0,0,0
Code/GameEngine/Source/Common/Rva0025C6E2.cpp,yes,0,0,0,0
Code/GameEngine/Source/Common/Rva0025CEEFCheck.cpp,no,1,0,0,0
Code/GameEngine/Source/Common/Rva0025DDD2Float.cpp,yes,0,0,0,0
Code/GameEngine/Source/Common/Rva00261058Ctor.cpp,no,1,0,0,0
Code/GameEngine/Source/Common/Rva002611F2Ctor.cpp,no,1,0,0,0
Code/GameEngine/Source/Common/Rva0026157ETestMasks.cpp,yes,0,0,0,0
Code/GameEngine/Source/Common/Rva00261723.cpp,no,1,0,0,0
Code/GameEngine/Source/Common/Rva00261790Ctor.cpp,no,0,0,0,2
Code/GameEngine/Source/Common/Rva0026185B.cpp,yes,0,0,0,0
Code/GameEngine/Source/Common/Rva002618A2.cpp,yes,0,0,0,0
Code/GameEngine/Source/Common/Rva00261B7E.cpp,yes,0,0,0,0
Code/GameEngine/Source/Common/Rva0026201CCtor.cpp,no,0,0,0,1
Code/GameEngine/Source/Common/Rva00262045Unlink.cpp,yes,0,0,0,0
Code/GameEngine/Source/Common/Rva00262271Method.cpp,no,0,0,0,1
Code/GameEngine/Source/Common/Rva0026228FMethod.cpp,no,0,0,0,1
Code/GameEngine/Source/Common/Rva00262436Setter.cpp,yes,0,0,0,0
Code/GameEngine/Source/Common/Rva00262453.cpp,no,1,0,0,0
Code/GameEngine/Source/Common/Rva002634E0Equal.cpp,yes,0,0,0,0
Code/GameEngine/Source/Common/Rva002634F8NotEqual.cpp,yes,0,0,0,0
Code/GameEngine/Source/Common/Rva00263546Overlap.cpp,yes,0,0,0,0
Code/GameEngine/Source/Common/Rva00268B04Forward.cpp,no,1,0,0,0
Code/GameEngine/Source/Common/Rva0026E4A0Set.cpp,yes,0,0,0,0
Code/GameEngine/Source/Common/Rva0026E836Derived.cpp,no,5,0,0,3
Code/GameEngine/Source/Common/Rva0027000E.cpp,yes,0,0,0,0
Code/GameEngine/Source/Common/Rva00270025Ctor.cpp,no,1,0,0,0
Code/GameEngine/Source/Common/Rva002701F4Ctor.cpp,no,0,0,1,0
Code/GameEngine/Source/Common/Rva00270BA8.cpp,yes,0,0,0,0
Code/GameEngine/Source/Common/Rva00270FEE.cpp,yes,0,0,0,0
Code/GameEngine/Source/Common/Rva00271058.cpp,no,0,0,0,2
Code/GameEngine/Source/Common/Rva002710AE.cpp,yes,0,0,0,0
Code/GameEngine/Source/Common/Rva00271496Free.cpp,no,1,0,0,0
Code/GameEngine/Source/Common/Rva002714CALoop.cpp,no,1,0,0,0
Code/GameEngine/Source/Common/Rva002714E6List.cpp,yes,0,0,0,0
Code/GameEngine/Source/Common/Rva00271547.cpp,no,0,0,0,3
Code/GameEngine/Source/Common/Rva002716Broadcast.cpp,yes,0,0,0,0
Code/GameEngine/Source/Common/Rva00271A0FXfer.cpp,yes,0,0,0,0
Code/GameEngine/Source/Common/Rva00271A80.cpp,yes,0,0,0,0
Code/GameEngine/Source/Common/Rva00271AEALoop.cpp,yes,0,0,0,0
Code/GameEngine/Source/Common/Rva00271C68Setter.cpp,yes,0,0,0,0
Code/GameEngine/Source/Common/Rva00271C8ALoop.cpp,yes,0,0,0,0
Code/GameEngine/Source/Common/Rva002722AABranchedGetters.cpp,yes,0,0,0,0
Code/GameEngine/Source/Common/Rva00275D9FGet.cpp,no,0,0,0,3
Code/GameEngine/Source/Common/Rva0027C208.cpp,yes,0,0,0,0
Code/GameEngine/Source/Common/Rva0027C230Init.cpp,yes,0,0,0,0
Code/GameEngine/Source/Common/Rva0027C36ACopyCtor.cpp,yes,0,0,0,0
Code/GameEngine/Source/Common/Rva0027C36ACtor.cpp,no,1,0,1,0
Code/GameEngine/Source/Common/Rva0027D1A4Forward.cpp,no,0,0,0,1
Code/GameEngine/Source/Common/Rva0027D244Init.cpp,no,0,0,0,1
Code/GameEngine/Source/Common/Rva0027D35FSlot30.cpp,no,0,0,0,1
Code/GameEngine/Source/Common/Rva0027D3CBForward.cpp,no,0,0,0,1
Code/GameEngine/Source/Common/Rva0027EA49Dtor.cpp,yes,0,0,0,0
Code/GameEngine/Source/Common/Rva00283081Dtor.cpp,no,0,1,0,0
Code/GameEngine/Source/Common/Rva00283401Insert.cpp,yes,0,0,0,0
Code/GameEngine/Source/Common/Rva002834C4Ctor.cpp,yes,0,0,0,0
Code/GameEngine/Source/Common/Rva00285D34Cell.cpp,no,1,0,0,0
Code/GameEngine/Source/Common/Rva00286116PoolFrees.cpp,no,2,0,0,0
Code/GameEngine/Source/Common/Rva002861B0Copy6.cpp,yes,0,0,0,0
Code/GameEngine/Source/Common/Rva0028867DCheck.cpp,no,0,0,0,1
Code/GameEngine/Source/Common/Rva0028A6E7List.cpp,yes,0,0,0,0
Code/GameEngine/Source/Common/Rva0028A704ListRemove.cpp,yes,0,0,0,0
Code/GameEngine/Source/Common/Rva0028BC20Copy.cpp,no,1,0,0,0
Code/GameEngine/Source/Common/Rva0028C6FB.cpp,no,0,0,0,1
Code/GameEngine/Source/Common/Rva0028C725.cpp,no,0,0,0,1
Code/GameEngine/Source/Common/Rva0028C753.cpp,no,0,0,0,1
Code/GameEngine/Source/Common/Rva0028CBFDCleanup.cpp,yes,0,0,0,0
Code/GameEngine/Source/Common/Rva002918E0ConditionalFlag.cpp,yes,0,0,0,0
Code/GameEngine/Source/Common/Rva00295927.cpp,no,0,0,4,0
Code/GameEngine/Source/Common/Rva0029AA27Copy.cpp,yes,0,0,0,0
Code/GameEngine/Source/Common/Rva0029E00DDtor.cpp,yes,0,0,0,0
Code/GameEngine/Source/Common/Rva0029E015Clear.cpp,yes,0,0,0,0
Code/GameEngine/Source/Common/Rva0029E03EClear.cpp,yes,0,0,0,0
Code/GameEngine/Source/Common/Rva0029E067Ctor.cpp,no,1,2,0,0
Code/GameEngine/Source/Common/Rva0029E2A9Dtor.cpp,no,0,1,0,0
Code/GameEngine/Source/Common/Rva0029FB63Init.cpp,yes,0,0,0,0
Code/GameEngine/Source/Common/Rva002A14FAFree.cpp,yes,0,0,0,0
Code/GameEngine/Source/Common/Rva002A9BBDGet.cpp,yes,0,0,0,0
Code/GameEngine/Source/Common/Rva002A9DACGet.cpp,no,0,0,0,1
Code/GameEngine/Source/Common/Rva002A9EFBSub.cpp,yes,0,0,0,0
Code/GameEngine/Source/Common/Rva002AA031Find.cpp,yes,0,0,0,0
Code/GameEngine/Source/Common/Rva002AA201IndexedByteGetter.cpp,no,0,0,0,1
Code/GameEngine/Source/Common/Rva002AC026MemberInit.cpp,no,2,0,0,0
Code/GameEngine/Source/Common/Rva002AC04EAlloc.cpp,no,1,0,0,0
Code/GameEngine/Source/Common/Rva002AC340Ctor.cpp,yes,0,0,0,0
Code/GameEngine/Source/Common/Rva002AC340Dtor.cpp,no,3,2,2,1
Code/GameEngine/Source/Common/Rva002AC3BECtor.cpp,no,0,0,4,0
Code/GameEngine/Source/Common/Rva002ACF9CInsert.cpp,yes,0,0,0,0
Code/GameEngine/Source/Common/Rva002ACFD6NewNode.cpp,no,0,0,2,0
Code/GameEngine/Source/Common/Rva002ACFFBEqual.cpp,yes,0,0,0,0
Code/GameEngine/Source/Common/Rva002AE5EBCtor.cpp,no,1,0,0,0
Code/GameEngine/Source/Common/Rva002AE627Dtor.cpp,no,0,2,4,1
Code/GameEngine/Source/Common/Rva002B256EThunk.cpp,no,0,0,0,1
Code/GameEngine/Source/Common/Rva002B2B5BForward.cpp,yes,0,0,0,0
Code/GameEngine/Source/Common/Rva002B2F0CSet.cpp,yes,0,0,0,0
Code/GameEngine/Source/Common/Rva002B2F97Assign.cpp,yes,0,0,0,0
Code/GameEngine/Source/Common/Rva002B2FE2Copy.cpp,yes,0,0,0,0
Code/GameEngine/Source/Common/Rva002B367CLess.cpp,yes,0,0,0,0
Code/GameEngine/Source/Common/Rva002B38A3.cpp,yes,0,0,0,0
Code/GameEngine/Source/Common/Rva002B41F4.cpp,no,0,0,0,1
Code/GameEngine/Source/Common/Rva002B4280.cpp,no,0,0,0,1
Code/GameEngine/Source/Common/Rva002B4360.cpp,yes,0,0,0,0
Code/GameEngine/Source/Common/Rva002B438D.cpp,yes,0,0,0,0
Code/GameEngine/Source/Common/Rva002B43BA.cpp,yes,0,0,0,0
Code/GameEngine/Source/Common/Rva002B442DCopy.cpp,yes,0,0,0,0
Code/GameEngine/Source/Common/Rva002B44DC.cpp,yes,0,0,0,0
Code/GameEngine/Source/Common/Rva002B4509.cpp,yes,0,0,0,0
Code/GameEngine/Source/Common/Rva002B48E1Find.cpp,yes,0,0,0,0
Code/GameEngine/Source/Common/Rva002B4DE2.cpp,no,0,1,0,0
Code/GameEngine/Source/Common/Rva002B4FEB.cpp,no,0,0,0,1
Code/GameEngine/Source/Common/Rva002B5073Check.cpp,yes,0,0,0,0
Code/GameEngine/Source/Common/Rva002B54F9.cpp,yes,0,0,0,0
Code/GameEngine/Source/Common/Rva002B5522.cpp,yes,0,0,0,0
Code/GameEngine/Source/Common/Rva002B5558.cpp,yes,0,0,0,0
Code/GameEngine/Source/Common/Rva002B5558Dtor.cpp,no,1,0,0,0
Code/GameEngine/Source/Common/Rva002B55AECopy.cpp,no,1,0,0,0
Code/GameEngine/Source/Common/Rva002B57AC.cpp,yes,0,0,0,0
Code/GameEngine/Source/Common/Rva002B57ACDtor.cpp,no,1,0,0,0
Code/GameEngine/Source/Common/Rva002B57D5.cpp,yes,0,0,0,0
Code/GameEngine/Source/Common/Rva002B57D5Dtor.cpp,no,1,0,0,0
Code/GameEngine/Source/Common/Rva002B5C5EMapFind.cpp,yes,0,0,0,0
Code/GameEngine/Source/Common/Rva002B62DEAssign.cpp,yes,0,0,0,0
Code/GameEngine/Source/Common/Rva002B644ACtor.cpp,no,1,0,4,0
Code/GameEngine/Source/Common/Rva002B6498Find.cpp,no,1,0,0,0
Code/GameEngine/Source/Common/Rva002B68AAFind.cpp,yes,0,0,0,0
Code/GameEngine/Source/Common/Rva002B6900Clear.cpp,yes,0,0,0,0
Code/GameEngine/Source/Common/Rva002B72C9Copy.cpp,no,0,0,16,0
Code/GameEngine/Source/Common/Rva002B82D5Dtor.cpp,yes,0,0,0,0
Code/GameEngine/Source/Common/Rva002BAEAB.cpp,no,1,0,2,0
Code/GameEngine/Source/Common/Rva002BE7DBCopy.cpp,yes,0,0,0,0
Code/GameEngine/Source/Common/Rva002BE8D4Check.cpp,no,1,0,0,0
Code/GameEngine/Source/Common/Rva002BECCDCalls.cpp,yes,0,0,0,0
Code/GameEngine/Source/Common/Rva002BED91Clear.cpp,yes,0,0,0,0
Code/GameEngine/Source/Common/Rva002C5556SortHeap.cpp,yes,0,0,0,0
Code/GameEngine/Source/Common/Rva002C589BDtor.cpp,yes,0,0,0,0
Code/GameEngine/Source/Common/Rva002C7492Or.cpp,yes,0,0,0,0
Code/GameEngine/Source/Common/Rva002CEC0ACtor.cpp,no,0,0,4,0
Code/GameEngine/Source/Common/Rva002CEC0ADtor.cpp,no,1,1,1,0
Code/GameEngine/Source/Common/Rva002CEC34Clear.cpp,yes,0,0,0,0
Code/GameEngine/Source/Common/Rva002CECAELog.cpp,no,2,0,0,0
Code/GameEngine/Source/Common/Rva002CEE1BAdd.cpp,yes,0,0,0,0
Code/GameEngine/Source/Common/Rva002CEE1BDtor.cpp,yes,0,0,0,0
Code/GameEngine/Source/Common/Rva002CEF2AAssign.cpp,yes,0,0,0,0
Code/GameEngine/Source/Common/Rva002CEF4BAssign.cpp,no,1,0,0,0
Code/GameEngine/Source/Common/Rva002CF1FBFind.cpp,yes,0,0,0,0
Code/GameEngine/Source/Common/Rva002CF21BGet.cpp,no,0,0,0,2
Code/GameEngine/Source/Common/Rva002CF571Loop.cpp,yes,0,0,0,0
Code/GameEngine/Source/Common/Rva002CF891Wrap.cpp,yes,0,0,0,0
Code/GameEngine/Source/Common/Rva002CFB90Free.cpp,yes,0,0,0,0
Code/GameEngine/Source/Common/Rva002D22CACtor.cpp,yes,0,0,0,0
Code/GameEngine/Source/Common/Rva002D22CADerived.cpp,no,3,0,0,0
Code/GameEngine/Source/Common/Rva002D22CAInit.cpp,no,9,0,0,0
Code/GameEngine/Source/Common/Rva002D22CARegister.cpp,no,0,2,0,0
Code/GameEngine/Source/Common/Rva002D22CAValidate.cpp,yes,0,0,0,0
Code/GameEngine/Source/Common/Rva002D2D13Calls.cpp,yes,0,0,0,0
Code/GameEngine/Source/Common/Rva002D317CCalls.cpp,no,2,0,0,0
Code/GameEngine/Source/Common/Rva002D752DFind.cpp,yes,0,0,0,0
Code/GameEngine/Source/Common/Rva002D76A6Ctor.cpp,no,1,0,0,0
Code/GameEngine/Source/Common/Rva002D76BBRelease.cpp,yes,0,0,0,0
Code/GameEngine/Source/Common/Rva002D94CECondSetter.cpp,yes,0,0,0,0
Code/GameEngine/Source/Common/Rva002D94DDMulGetter.cpp,yes,0,0,0,0
Code/GameEngine/Source/Common/Rva002D94E4MulGetter.cpp,yes,0,0,0,0
Code/GameEngine/Source/Common/Rva002D94EBFloatSub.cpp,yes,0,0,0,0
Code/GameEngine/Source/Common/Rva002D9531CondSetter.cpp,yes,0,0,0,0
Code/GameEngine/Source/Common/Rva002D9576GuardedGetter.cpp,yes,0,0,0,0
Code/GameEngine/Source/Common/Rva002D9608AudioCheck.cpp,no,1,0,0,0
Code/GameEngine/Source/Common/Rva002DAC58Dtor.cpp,no,0,1,0,0
Code/GameEngine/Source/Common/Rva002DAF2BSet.cpp,no,0,1,1,0
Code/GameEngine/Source/Common/Rva002DB311Dtor.cpp,yes,0,0,0,0
Code/GameEngine/Source/Common/Rva002DB44FSetter.cpp,yes,0,0,0,0
Code/GameEngine/Source/Common/Rva002DB9B6Copy.cpp,yes,0,0,0,0
Code/GameEngine/Source/Common/Rva002DB9CBClear.cpp,yes,0,0,0,0
Code/GameEngine/Source/Common/Rva002DB9EFGet.cpp,yes,0,0,0,0
Code/GameEngine/Source/Common/Rva002DBA3FXfer.cpp,yes,0,0,0,0
Code/GameEngine/Source/Common/Rva002DBC97Get.cpp,no,4,0,0,0
Code/GameEngine/Source/Common/Rva002DBD80Make.cpp,yes,0,0,0,0
Code/GameEngine/Source/Common/Rva002DBE62Get.cpp,no,2,0,0,0
Code/GameEngine/Source/Common/Rva002DCDBFFind.cpp,yes,0,0,0,0
Code/GameEngine/Source/Common/Rva002DF730Set.cpp,yes,0,0,0,0
Code/GameEngine/Source/Common/Rva002DFC30Copy.cpp,no,1,0,0,0
Code/GameEngine/Source/Common/Rva002DFC30CopyLoop.cpp,yes,0,0,0,0
Code/GameEngine/Source/Common/Rva002DFC30Destroy.cpp,no,1,1,0,0
Code/GameEngine/Source/Common/Rva002E063BGet.cpp,yes,0,0,0,0
Code/GameEngine/Source/Common/Rva002E071ECompare.cpp,yes,0,0,0,0
Code/GameEngine/Source/Common/Rva002E07ACAdd.cpp,yes,0,0,0,0
Code/GameEngine/Source/Common/Rva002E07B9Add.cpp,yes,0,0,0,0
Code/GameEngine/Source/Common/Rva002E08A2Insert.cpp,yes,0,0,0,0
Code/GameEngine/Source/Common/Rva002E0CD4Get.cpp,yes,0,0,0,0
Code/GameEngine/Source/Common/Rva002E0F1EDtor.cpp,no,0,2,2,1
Code/GameEngine/Source/Common/Rva002E1001.cpp,no,0,0,0,3
Code/GameEngine/Source/Common/Rva002E15BCClear.cpp,yes,0,0,0,0
Code/GameEngine/Source/Common/Rva002E17F0Assign.cpp,no,1,0,0,0
Code/GameEngine/Source/Common/Rva002E1EB7Insert.cpp,yes,0,0,0,0
Code/GameEngine/Source/Common/Rva002E1F42Dtor.cpp,no,0,1,0,0
Code/GameEngine/Source/Common/Rva002E27F0Forward.cpp,no,1,0,0,0
Code/GameEngine/Source/Common/Rva002E36D5Find.cpp,no,0,0,0,1
Code/GameEngine/Source/Common/Rva002E373CClear.cpp,no,0,0,0,2
Code/GameEngine/Source/Common/Rva002E3766Setter.cpp,yes,0,0,0,0
Code/GameEngine/Source/Common/Rva002E37E5Write.cpp,yes,0,0,0,0
Code/GameEngine/Source/Common/Rva002E3A80Call.cpp,yes,0,0,0,0
Code/GameEngine/Source/Common/Rva002E3E51Dtor.cpp,no,0,0,0,1
Code/GameEngine/Source/Common/Rva002E4272DeletingDestructor.cpp,no,0,1,1,0
Code/GameEngine/Source/Common/Rva002E6AF3Get.cpp,yes,0,0,0,0
Code/GameEngine/Source/Common/Rva002E6B06Get.cpp,yes,0,0,0,0
Code/GameEngine/Source/Common/Rva002E6C4DGet.cpp,yes,0,0,0,0
Code/GameEngine/Source/Common/Rva002E6C79Get.cpp,yes,0,0,0,0
Code/GameEngine/Source/Common/Rva002E6DC4Check.cpp,no,0,0,0,1
Code/GameEngine/Source/Common/Rva002E6E6CGet.cpp,yes,0,0,0,0
Code/GameEngine/Source/Common/Rva002E6E8AGet.cpp,yes,0,0,0,0
Code/GameEngine/Source/Common/Rva002E6ECAGet.cpp,yes,0,0,0,0
Code/GameEngine/Source/Common/Rva002E6F8BClear.cpp,yes,0,0,0,0
Code/GameEngine/Source/Common/Rva002E6FDFClear.cpp,yes,0,0,0,0
Code/GameEngine/Source/Common/Rva002E8B7AInit.cpp,yes,0,0,0,0
Code/GameEngine/Source/Common/Rva002E8B9B.cpp,no,1,0,0,0
Code/GameEngine/Source/Common/Rva002E8BCFCtor.cpp,yes,0,0,0,0
Code/GameEngine/Source/Common/Rva002E9E70Copy.cpp,no,1,0,0,0
Code/GameEngine/Source/Common/Rva002FED8DCtor.cpp,no,1,3,1,0
Code/GameEngine/Source/Common/Rva002FED8DDtor.cpp,no,0,2,4,0
Code/GameEngine/Source/Common/Rva0030062CGet.cpp,no,1,2,1,0
Code/GameEngine/Source/Common/Rva00300678Get.cpp,no,1,2,1,0
Code/GameEngine/Source/Common/Rva00306769Forward.cpp,no,0,0,0,1
Code/GameEngine/Source/Common/Rva00308663Fill.cpp,yes,0,0,0,0
Code/GameEngine/Source/Common/Rva00308765IndexedAssign.cpp,yes,0,0,0,0
Code/GameEngine/Source/Common/Rva0030A120Dtor.cpp,no,0,1,0,0
Code/GameEngine/Source/Common/Rva0030AE42Slot.cpp,no,8,0,0,0
Code/GameEngine/Source/Common/Rva0030B2B6Write.cpp,yes,0,0,0,0
Code/GameEngine/Source/Common/Rva0030B31ASwap.cpp,no,0,1,0,0
Code/GameEngine/Source/Common/Rva0030B76FSwap.cpp,no,0,0,1,0
Code/GameEngine/Source/Common/Rva0030B812Swap.cpp,yes,0,0,0,0
Code/GameEngine/Source/Common/Rva0030B96BReserve.cpp,yes,0,0,0,0
Code/GameEngine/Source/Common/Rva0030B9CAClear.cpp,no,0,0,1,0
Code/GameEngine/Source/Common/Rva0030BA8CPush.cpp,no,0,0,1,0
Code/GameEngine/Source/Common/Rva0030BAA0Set.cpp,yes,0,0,0,0
Code/GameEngine/Source/Common/Rva0030BBA9Getter.cpp,yes,0,0,0,0
Code/GameEngine/Source/Common/Rva0030BBB4Set.cpp,yes,0,0,0,0
Code/GameEngine/Source/Common/Rva0030BBE5Set.cpp,yes,0,0,0,0
Code/GameEngine/Source/Common/Rva0030BF0CEqual.cpp,yes,0,0,0,0
Code/GameEngine/Source/Common/Rva0030CA53Set.cpp,yes,0,0,0,0
Code/GameEngine/Source/Common/Rva0030F47ACtor.cpp,no,0,0,0,2
Code/GameEngine/Source/Common/Rva0031404ASetter.cpp,yes,0,0,0,0
Code/GameEngine/Source/Common/Rva003140ABContains.cpp,yes,0,0,0,0
Code/GameEngine/Source/Common/Rva00314C13Get.cpp,yes,0,0,0,0
Code/GameEngine/Source/Common/Rva00314C3EFindImage.cpp,no,1,2,2,0
Code/GameEngine/Source/Common/Rva00317BBBDtor.cpp,yes,0,0,0,0
Code/GameEngine/Source/Common/Rva00317C34Set.cpp,no,0,1,0,0
Code/GameEngine/Source/Common/Rva00317C68Concat.cpp,no,2,0,1,0
Code/GameEngine/Source/Common/Rva00317F6FCtor.cpp,no,1,2,16,0
Code/GameEngine/Source/Common/Rva0031804DAssign.cpp,yes,0,0,0,0
Code/GameEngine/Source/Common/Rva003182CDCheck.cpp,yes,0,0,0,0
Code/GameEngine/Source/Common/Rva00318BEBAudio.cpp,no,0,0,0,1
Code/GameEngine/Source/Common/Rva00318CEBCheck.cpp,yes,0,0,0,0
Code/GameEngine/Source/Common/Rva00318D05Check.cpp,yes,0,0,0,0
Code/GameEngine/Source/Common/Rva00318D75Copy.cpp,yes,0,0,0,0
Code/GameEngine/Source/Common/Rva00318D9BFill.cpp,yes,0,0,0,0
Code/GameEngine/Source/Common/Rva00318E8CGet.cpp,yes,0,0,0,0
Code/GameEngine/Source/Common/Rva0031B4D6Load.cpp,no,1,1,0,0
Code/GameEngine/Source/Common/Rva0031F7ABCtor.cpp,no,0,2,0,0
Code/GameEngine/Source/Common/Rva0031F7EBCtor.cpp,no,0,2,0,0
Code/GameEngine/Source/Common/Rva0031F831Dtor.cpp,yes,0,0,0,0
Code/GameEngine/Source/Common/Rva0031F89E.cpp,no,1,0,0,0
Code/GameEngine/Source/Common/Rva0031FA40Create.cpp,no,1,0,0,0
Code/GameEngine/Source/Common/Rva0031FC08.cpp,yes,0,0,0,0
Code/GameEngine/Source/Common/Rva00327C1BGetter.cpp,yes,0,0,0,0
Code/GameEngine/Source/Common/Rva00329D0EDtor.cpp,yes,0,0,0,0
Code/GameEngine/Source/Common/Rva0032AF56Destroy.cpp,yes,0,0,0,0
Code/GameEngine/Source/Common/Rva0032C4D5Dtor.cpp,yes,0,0,0,0
Code/GameEngine/Source/Common/Rva0033070EFind.cpp,yes,0,0,0,0
Code/GameEngine/Source/Common/Rva00331682Test.cpp,yes,0,0,0,0
Code/GameEngine/Source/Common/Rva003317B0Check.cpp,yes,0,0,0,0
Code/GameEngine/Source/Common/Rva00331EADCtor.cpp,yes,0,0,0,0
Code/GameEngine/Source/Common/Rva003323ADCtor.cpp,no,1,0,0,0
Code/GameEngine/Source/Common/Rva0033269B.cpp,no,0,0,13,0
Code/GameEngine/Source/Common/Rva00332F5BCtor.cpp,yes,0,0,0,0
Code/GameEngine/Source/Common/Rva00332FC1Ctor.cpp,yes,0,0,0,0
Code/GameEngine/Source/Common/Rva00333374Get.cpp,no,1,3,0,0
Code/GameEngine/Source/Common/Rva00336C90Assign.cpp,no,1,0,0,0
Code/GameEngine/Source/Common/Rva003371B1Copy.cpp,no,1,2,10,0
Code/GameEngine/Source/Common/Rva003371B1FillN.cpp,yes,0,0,0,0
Code/GameEngine/Source/Common/Rva003371B1UninitCopy.cpp,yes,0,0,0,0
Code/GameEngine/Source/Common/Rva0033738BCopy.cpp,yes,0,0,0,0
Code/GameEngine/Source/Common/Rva0033A3F4Lookup.cpp,no,1,0,2,0
Code/GameEngine/Source/Common/Rva0033A453TestMasks.cpp,yes,0,0,0,0
Code/GameEngine/Source/Common/Rva0033A4F0Copy.cpp,no,1,0,0,0
Code/GameEngine/Source/Common/Rva0033A5F4Getter.cpp,yes,0,0,0,0
Code/GameEngine/Source/Common/Rva0033A65EGetter.cpp,no,0,0,0,1
Code/GameEngine/Source/Common/Rva0033A68AWrapper.cpp,yes,0,0,0,0
Code/GameEngine/Source/Common/Rva0033A8D9Wrapper.cpp,yes,0,0,0,0
Code/GameEngine/Source/Common/Rva0033A8FCBuildFieldParse.cpp,no,0,0,0,2
Code/GameEngine/Source/Common/Rva0033A920Setter.cpp,yes,0,0,0,0
Code/GameEngine/Source/Common/Rva0033AC7FGuardedSet.cpp,no,1,0,0,0
Code/GameEngine/Source/Common/Rva0033B830Ctor.cpp,no,1,0,0,0
Code/GameEngine/Source/Common/Rva0033BD50Free.cpp,yes,0,0,0,0
Code/GameEngine/Source/Common/Rva0033BD88Free.cpp,yes,0,0,0,0
Code/GameEngine/Source/Common/Rva0033BDC0Free.cpp,yes,0,0,0,0
Code/GameEngine/Source/Common/Rva0033BEF5Make.cpp,yes,0,0,0,0
Code/GameEngine/Source/Common/Rva0033C3F3Free.cpp,yes,0,0,0,0
Code/GameEngine/Source/Common/Rva0033EF86.cpp,yes,0,0,0,0
Code/GameEngine/Source/Common/Rva0033F16ECopy.cpp,yes,0,0,0,0
Code/GameEngine/Source/Common/Rva0033F33DCtor.cpp,no,2,0,0,0
Code/GameEngine/Source/Common/Rva0033F33DDtor.cpp,no,0,1,0,0
Code/GameEngine/Source/Common/Rva0033F33DXfer.cpp,yes,0,0,0,0
Code/GameEngine/Source/Common/Rva0033F6DACtor.cpp,no,2,0,0,0
Code/GameEngine/Source/Common/Rva0033F83DSetter.cpp,yes,0,0,0,0
Code/GameEngine/Source/Common/Rva0033F852Setter.cpp,yes,0,0,0,0
Code/GameEngine/Source/Common/Rva0033F8D4Pred.cpp,yes,0,0,0,0
Code/GameEngine/Source/Common/Rva0033FA64Do.cpp,yes,0,0,0,0
Code/GameEngine/Source/Common/Rva0033FA79Do.cpp,yes,0,0,0,0
Code/GameEngine/Source/Common/Rva0033FB20Dtor.cpp,no,0,1,0,0
Code/GameEngine/Source/Common/Rva0033FBB7Dtor.cpp,no,0,1,0,0
Code/GameEngine/Source/Common/Rva0033FC42Ctor.cpp,no,2,0,0,0
Code/GameEngine/Source/Common/Rva0033FC42Dtor.cpp,no,1,1,0,0
Code/GameEngine/Source/Common/Rva0033FCC8Copy.cpp,yes,0,0,0,0
Code/GameEngine/Source/Common/Rva0033FE65Ctor.cpp,no,2,0,0,0
Code/GameEngine/Source/Common/Rva0033FF2BDtor.cpp,no,2,1,0,0
Code/GameEngine/Source/Common/Rva0033FF2BXfer.cpp,no,1,0,0,0
Code/GameEngine/Source/Common/Rva00340123Xfer.cpp,yes,0,0,0,0
Code/GameEngine/Source/Common/Rva00340461Xfer.cpp,yes,0,0,0,0
Code/GameEngine/Source/Common/Rva00340BDCDtor.cpp,no,0,1,1,0
Code/GameEngine/Source/Common/Rva00340C5FMethod.cpp,no,0,0,0,3
Code/GameEngine/Source/Common/Rva00340CB0Xfer.cpp,yes,0,0,0,0
Code/GameEngine/Source/Common/Rva00340D1FDtor.cpp,no,0,1,1,0
Code/GameEngine/Source/Common/Rva00340D70Xfer.cpp,yes,0,0,0,0
Code/GameEngine/Source/Common/Rva00340E97Xfer.cpp,yes,0,0,0,0
Code/GameEngine/Source/Common/Rva0034103BXfer.cpp,no,0,0,0,1
Code/GameEngine/Source/Common/Rva0034117CXfer.cpp,yes,0,0,0,0
Code/GameEngine/Source/Common/Rva00341205Xfer.cpp,yes,0,0,0,0
Code/GameEngine/Source/Common/Rva0034149BDtor.cpp,no,0,1,1,0
Code/GameEngine/Source/Common/Rva003414F6Xfer.cpp,yes,0,0,0,0
Code/GameEngine/Source/Common/Rva00341557.cpp,yes,0,0,0,0
Code/GameEngine/Source/Common/Rva0034159ADtor.cpp,no,0,1,1,0
Code/GameEngine/Source/Common/Rva00341796Dtor.cpp,no,0,1,1,0
Code/GameEngine/Source/Common/Rva003418EAMethod.cpp,yes,0,0,0,0
Code/GameEngine/Source/Common/Rva00341930Xfer.cpp,yes,0,0,0,0
Code/GameEngine/Source/Common/Rva00341D9BXfer.cpp,yes,0,0,0,0
Code/GameEngine/Source/Common/Rva00341DFCMethod.cpp,yes,0,0,0,0
Code/GameEngine/Source/Common/Rva00341E22Xfer.cpp,yes,0,0,0,0
Code/GameEngine/Source/Common/Rva00341E70Dtor.cpp,no,0,1,1,0
Code/GameEngine/Source/Common/Rva00341E70VSlot.cpp,yes,0,0,0,0
Code/GameEngine/Source/Common/Rva00341F99Dtor.cpp,no,1,1,1,0
Code/GameEngine/Source/Common/Rva00341F99Slot5.cpp,yes,0,0,0,0
Code/GameEngine/Source/Common/Rva00342157Dtor.cpp,no,1,1,0,0
Code/GameEngine/Source/Common/Rva00342157Slot4.cpp,no,0,0,0,2
Code/GameEngine/Source/Common/Rva00342228Dtor.cpp,no,1,1,0,0
Code/GameEngine/Source/Common/Rva00342228Slot4.cpp,no,0,0,0,2
Code/GameEngine/Source/Common/Rva00342228Xfer.cpp,yes,0,0,0,0
Code/GameEngine/Source/Common/Rva003424B1Xfer.cpp,yes,0,0,0,0
Code/GameEngine/Source/Common/Rva00342502Xfer.cpp,yes,0,0,0,0
Code/GameEngine/Source/Common/Rva0034252CXfer.cpp,yes,0,0,0,0
Code/GameEngine/Source/Common/Rva00342572Get.cpp,yes,0,0,0,0
Code/GameEngine/Source/Common/Rva003426ABSlot4.cpp,yes,0,0,0,0
Code/GameEngine/Source/Common/Rva003427DDCopy.cpp,yes,0,0,0,0
Code/GameEngine/Source/Common/Rva00342FCDCtor.cpp,no,1,0,0,0
Code/GameEngine/Source/Common/Rva00345CABDtor.cpp,no,0,1,0,0
Code/GameEngine/Source/Common/Rva00345F21Dtor.cpp,no,0,1,0,0
Code/GameEngine/Source/Common/Rva003468F5RangeCheck.cpp,yes,0,0,0,0
Code/GameEngine/Source/Common/Rva0034C5E0.cpp,no,3,0,0,0
Code/GameEngine/Source/Common/Rva0034C5E0Dtor.cpp,no,4,1,2,0
Code/GameEngine/Source/Common/Rva0034F9D0ListInsert.cpp,yes,0,0,0,0
Code/GameEngine/Source/Common/Rva0034FE00Assign.cpp,no,1,0,0,0
Code/GameEngine/Source/Common/Rva00352ECAAICommand.cpp,no,0,0,1,0
Code/GameEngine/Source/Common/Rva00352F2FOpaqueInvoke.cpp,no,0,0,1,0
Code/GameEngine/Source/Common/Rva00352F9DAICommand.cpp,no,0,0,1,0
Code/GameEngine/Source/Common/Rva00355D66Dtor.cpp,no,1,4,0,0
Code/GameEngine/Source/Common/Rva003560EDDtor.cpp,no,1,0,0,0
Code/GameEngine/Source/Common/Rva00358333.cpp,yes,0,0,0,0
Code/GameEngine/Source/Common/Rva00358946Dtor.cpp,no,1,0,0,0
Code/GameEngine/Source/Common/Rva00358B65Dtor.cpp,yes,0,0,0,0
Code/GameEngine/Source/Common/Rva00359330StringRecordClearNodes.cpp,no,2,0,0,0
Code/GameEngine/Source/Common/Rva00359835Ratio.cpp,no,1,0,0,0
Code/GameEngine/Source/Common/Rva0035986CCtor.cpp,no,1,0,0,0
Code/GameEngine/Source/Common/Rva003598D3Ctor.cpp,no,1,0,0,0
Code/GameEngine/Source/Common/Rva00359D42.cpp,yes,0,0,0,0
Code/GameEngine/Source/Common/Rva0035B140Pred.cpp,yes,0,0,0,0
Code/GameEngine/Source/Common/Rva0035B6B8Getter.cpp,yes,0,0,0,0
Code/GameEngine/Source/Common/Rva0035BD3FAudio.cpp,no,1,0,0,0
Code/GameEngine/Source/Common/Rva0035CCCAModuleData.cpp,no,2,0,0,0
Code/GameEngine/Source/Common/Rva0035D352Slot1.cpp,yes,0,0,0,0
Code/GameEngine/Source/Common/Rva0035E2E6Ctor.cpp,no,1,0,0,0
Code/GameEngine/Source/Common/Rva0035E327Parse.cpp,no,1,0,0,1
Code/GameEngine/Source/Common/Rva0035E60BCtor.cpp,no,1,0,0,0
Code/GameEngine/Source/Common/Rva0035E650Parse.cpp,no,1,0,0,1
Code/GameEngine/Source/Common/Rva0035EDA1Init.cpp,yes,0,0,0,0
Code/GameEngine/Source/Common/Rva0035EE66Ctor.cpp,no,1,0,0,0
Code/GameEngine/Source/Common/Rva0035EEA7Parse.cpp,no,1,0,0,1
Code/GameEngine/Source/Common/Rva0035F4A6Ctor.cpp,no,1,0,0,0
Code/GameEngine/Source/Common/Rva0035F4E7Parse.cpp,no,1,0,0,1
Code/GameEngine/Source/Common/Rva0035FD0ADtor.cpp,no,2,1,0,0
Code/GameEngine/Source/Common/Rva0035FF76Ctor.cpp,no,6,0,1,0
Code/GameEngine/Source/Common/Rva0035FF76Init.cpp,yes,0,0,0,0
Code/GameEngine/Source/Common/Rva003600D6Parse.cpp,no,2,0,0,0
Code/GameEngine/Source/Common/Rva00362499Check.cpp,yes,0,0,0,0
Code/GameEngine/Source/Common/Rva003625C3Glow.cpp,yes,0,0,0,0
Code/GameEngine/Source/Common/Rva003638BAMethod.cpp,no,0,0,0,1
Code/GameEngine/Source/Common/Rva0036748ESetter.cpp,yes,0,0,0,0
Code/GameEngine/Source/Common/Rva00367539Ctor.cpp,no,2,0,0,0
Code/GameEngine/Source/Common/Rva00367647Ctor.cpp,no,2,0,0,0
Code/GameEngine/Source/Common/Rva00367647Xfer.cpp,yes,0,0,0,0
Code/GameEngine/Source/Common/Rva0036783FDtor.cpp,no,1,1,0,0
Code/GameEngine/Source/Common/Rva003678F7Ctor.cpp,no,2,0,0,0
Code/GameEngine/Source/Common/Rva00367F8DDtor.cpp,no,0,1,0,0
Code/GameEngine/Source/Common/Rva00368004Getter.cpp,yes,0,0,0,0
Code/GameEngine/Source/Common/Rva00368270Ctor.cpp,no,1,1,0,0
Code/GameEngine/Source/Common/Rva003685CFCtor.cpp,no,1,0,0,0
Code/GameEngine/Source/Common/Rva0036BDD0Set.cpp,yes,0,0,0,0
Code/GameEngine/Source/Common/Rva0036CA00StrCopy.cpp,yes,0,0,0,0
Code/GameEngine/Source/Common/Rva0036CB94Ctor.cpp,yes,0,0,0,0
Code/GameEngine/Source/Common/Rva0036E346Count.cpp,yes,0,0,0,0
Code/GameEngine/Source/Common/Rva00376A62Contains.cpp,yes,0,0,0,0
Code/GameEngine/Source/Common/Rva0037D076Ctor.cpp,no,0,0,8,0
Code/GameEngine/Source/Common/Rva0037DC8AEqual.cpp,yes,0,0,0,0
Code/GameEngine/Source/Common/Rva0037DCA5Get.cpp,no,0,0,0,1
Code/GameEngine/Source/Common/Rva0037DE0ECopy.cpp,yes,0,0,0,0
Code/GameEngine/Source/Common/Rva0037DF2CCtor.cpp,no,2,1,0,1
Code/GameEngine/Source/Common/Rva0037E09A.cpp,yes,0,0,0,0
Code/GameEngine/Source/Common/Rva0037E0ECEqual.cpp,yes,0,0,0,0
Code/GameEngine/Source/Common/Rva0037E270Lookup.cpp,yes,0,0,0,0
Code/GameEngine/Source/Common/Rva0037E421Accessor.cpp,yes,0,0,0,0
Code/GameEngine/Source/Common/Rva0037EACCCopy.cpp,yes,0,0,0,0
Code/GameEngine/Source/Common/Rva0037EB1DCopy.cpp,yes,0,0,0,0
Code/GameEngine/Source/Common/Rva00381E56Assign.cpp,no,1,0,0,0
Code/GameEngine/Source/Common/Rva00381F04Assign.cpp,no,1,0,0,0
Code/GameEngine/Source/Common/Rva0038201DFree.cpp,yes,0,0,0,0
Code/GameEngine/Source/Common/Rva00382B3FDtor.cpp,yes,0,0,0,0
Code/GameEngine/Source/Common/Rva003833BBErase.cpp,yes,0,0,0,0
Code/GameEngine/Source/Common/Rva00383F9CErase.cpp,yes,0,0,0,0
Code/GameEngine/Source/Common/Rva0038404AFree.cpp,yes,0,0,0,0
Code/GameEngine/Source/Common/Rva0038901DFormat.cpp,no,1,3,0,0
Code/GameEngine/Source/Common/Rva00389F4AMapAssign.cpp,no,0,0,21,0
Code/GameEngine/Source/Common/Rva00391667Ctor.cpp,yes,0,0,0,0
Code/GameEngine/Source/Common/Rva00391F4EBitSet.cpp,yes,0,0,0,0
Code/GameEngine/Source/Common/Rva0039205CDtor.cpp,no,0,0,1,0
Code/GameEngine/Source/Common/Rva0039225ECtor.cpp,no,0,1,9,0
Code/GameEngine/Source/Common/Rva0039225EDtor.cpp,no,0,1,4,0
Code/GameEngine/Source/Common/Rva00395561.cpp,no,0,0,0,1
Code/GameEngine/Source/Common/Rva0039727ACount.cpp,yes,0,0,0,0
Code/GameEngine/Source/Common/Rva00397C94Clear.cpp,yes,0,0,0,0
Code/GameEngine/Source/Common/Rva00398257.cpp,yes,0,0,0,0
Code/GameEngine/Source/Common/Rva0039AD56Dtor.cpp,no,4,3,1,1
Code/GameEngine/Source/Common/Rva0039AF76Method.cpp,yes,0,0,0,0
Code/GameEngine/Source/Common/Rva0039B1F9Refresh.cpp,no,1,0,0,0
Code/GameEngine/Source/Common/Rva0039B20CSetter.cpp,yes,0,0,0,0
Code/GameEngine/Source/Common/Rva0039B2E6Method.cpp,yes,0,0,0,0
Code/GameEngine/Source/Common/Rva0039B709DivGetter.cpp,no,0,0,0,2
Code/GameEngine/Source/Common/Rva0039B795CondAdd.cpp,no,0,0,0,1
Code/GameEngine/Source/Common/Rva0039B893DefaultCtor.cpp,no,1,0,0,0
Code/GameEngine/Source/Common/Rva0039B92DCopyBackward.cpp,yes,0,0,0,0
Code/GameEngine/Source/Common/Rva0039BA22UninitCopy.cpp,yes,0,0,0,0
Code/GameEngine/Source/Common/Rva0039BA4BCopyBackward.cpp,yes,0,0,0,0
Code/GameEngine/Source/Common/Rva0039BA68Fill.cpp,yes,0,0,0,0
Code/GameEngine/Source/Common/Rva0039BAA0Copy.cpp,yes,0,0,0,0
Code/GameEngine/Source/Common/Rva0039BD9BCopy.cpp,yes,0,0,0,0
Code/GameEngine/Source/Common/Rva0039C190Assign.cpp,yes,0,0,0,0
Code/GameEngine/Source/Common/Rva0039C7A5Add.cpp,yes,0,0,0,0
Code/GameEngine/Source/Common/Rva0039D40FIsInList.cpp,yes,0,0,0,0
Code/GameEngine/Source/Common/Rva0039D429Prepend.cpp,yes,0,0,0,0
Code/GameEngine/Source/Common/Rva0039D440Remove.cpp,yes,0,0,0,0
Code/GameEngine/Source/Common/Rva0039D4B5MaybePrepend.cpp,yes,0,0,0,0
Code/GameEngine/Source/Common/Rva0039D4D8MaybeRemove.cpp,yes,0,0,0,0
Code/GameEngine/Source/Common/Rva0039D4FBDrain.cpp,yes,0,0,0,0
Code/GameEngine/Source/Common/Rva0039D5A9Sum.cpp,yes,0,0,0,0
Code/GameEngine/Source/Common/Rva0039D769Assign.cpp,yes,0,0,0,0
Code/GameEngine/Source/Common/Rva0039D7A6Setter.cpp,yes,0,0,0,0
Code/GameEngine/Source/Common/Rva003A4322Xfer.cpp,yes,0,0,0,0
Code/GameEngine/Source/Common/Rva003A49D1Xfer.cpp,yes,0,0,0,0
Code/GameEngine/Source/Common/Rva003A4CAEXfer.cpp,yes,0,0,0,0
Code/GameEngine/Source/Common/Rva003A578ADoXfer.cpp,yes,0,0,0,0
Code/GameEngine/Source/Common/Rva003A6F70Ctor.cpp,no,1,0,0,0
Code/GameEngine/Source/Common/Rva003ABD20Ctor.cpp,no,1,0,0,0
Code/GameEngine/Source/Common/Rva003ABD81Ctor.cpp,no,1,0,0,0
Code/GameEngine/Source/Common/Rva003AC980Set.cpp,yes,0,0,0,0
Code/GameEngine/Source/Common/Rva003AD070Copy.cpp,no,1,0,0,0
Code/GameEngine/Source/Common/Rva003AD0A0Copy.cpp,no,1,0,0,0
Code/GameEngine/Source/Common/Rva003AD160Copy.cpp,yes,0,0,0,0
Code/GameEngine/Source/Common/Rva003ADEBFUIntCtor.cpp,no,2,0,0,0
Code/GameEngine/Source/Common/Rva003ADFDBCopyCtor.cpp,no,4,0,0,0
Code/GameEngine/Source/Common/Rva003ADFDBUIntCtor.cpp,no,2,0,0,0
Code/GameEngine/Source/Common/Rva003ADFFAClone.cpp,yes,0,0,0,0
Code/GameEngine/Source/Common/Rva003AE017CopyCtor.cpp,no,3,0,0,0
Code/GameEngine/Source/Common/Rva003AE03DCopyCtor.cpp,no,3,0,0,0
Code/GameEngine/Source/Common/Rva003AE0AFCopyCtor.cpp,no,3,0,0,0
Code/GameEngine/Source/Common/Rva003AE0D5CopyCtor.cpp,no,3,0,0,0
Code/GameEngine/Source/Common/Rva003AE18AClone.cpp,yes,0,0,0,0
Code/GameEngine/Source/Common/Rva003AE1A7CopyCtor.cpp,no,3,0,0,0
Code/GameEngine/Source/Common/Rva003AE1CDCopyCtor.cpp,no,3,0,0,0
Code/GameEngine/Source/Common/Rva003AE2A9CopyCtor.cpp,no,3,0,0,0
Code/GameEngine/Source/Common/Rva003AE2A9Xfer.cpp,yes,0,0,0,0
Code/GameEngine/Source/Common/Rva003AE2CFCopyCtor.cpp,no,3,0,0,0
Code/GameEngine/Source/Common/Rva003B1F65Derived.cpp,no,1,1,0,0
Code/GameEngine/Source/Common/Rva003B242CGet.cpp,no,0,0,0,3
Code/GameEngine/Source/Common/Rva003B24C7Set.cpp,yes,0,0,0,0
Code/GameEngine/Source/Common/Rva003B3080Assign.cpp,no,1,0,0,0
Code/GameEngine/Source/Common/Rva003B3371Call.cpp,no,2,0,0,0
Code/GameEngine/Source/Common/Rva003B8B2ACheck.cpp,yes,0,0,0,0
Code/GameEngine/Source/Common/Rva003B8B61Destroy.cpp,yes,0,0,0,0
Code/GameEngine/Source/Common/Rva003B8BAALookup.cpp,no,0,0,0,1
Code/GameEngine/Source/Common/Rva003B8E13DestroyRange.cpp,yes,0,0,0,0
Code/GameEngine/Source/Common/Rva003BClearLeaves.cpp,yes,0,0,0,0
Code/GameEngine/Source/Common/Rva003BCopyLeaves.cpp,yes,0,0,0,0
Code/GameEngine/Source/Common/Rva003CDDB0BitsetOverlap.cpp,yes,0,0,0,0
Code/GameEngine/Source/Common/Rva003E40AFGet.cpp,yes,0,0,0,0
Code/GameEngine/Source/Common/Rva003E41E3Get.cpp,no,0,0,0,1
Code/GameEngine/Source/Common/Rva003ED498Count.cpp,no,1,0,0,0
Code/GameEngine/Source/Common/Rva003ED658Ctor.cpp,no,0,0,16,0
Code/GameEngine/Source/Common/Rva003ED9B1Merge.cpp,no,1,0,0,0
Code/GameEngine/Source/Common/Rva003EDE16Forward_muse-8c42.cpp,yes,0,0,0,0
Code/GameEngine/Source/Common/Rva003EDE2AForward_muse-8c42.cpp,yes,0,0,0,0
Code/GameEngine/Source/Common/Rva003EE900Forward.cpp,no,6,0,0,0
Code/GameEngine/Source/Common/Rva003EE980Forward.cpp,no,2,0,0,0
Code/GameEngine/Source/Common/Rva003EF634Count.cpp,yes,0,0,0,0
Code/GameEngine/Source/Common/Rva003EF728Dtor.cpp,yes,0,0,0,0
Code/GameEngine/Source/Common/Rva003EFD6FLookup.cpp,no,1,0,0,0
Code/GameEngine/Source/Common/Rva003EFDDBCompare.cpp,yes,0,0,0,0
Code/GameEngine/Source/Common/Rva003EFE82Get.cpp,yes,0,0,0,0
Code/GameEngine/Source/Common/Rva003F02E4.cpp,no,1,0,0,0
Code/GameEngine/Source/Common/Rva003F0DA5Contains.cpp,yes,0,0,0,0
Code/GameEngine/Source/Common/Rva003F0FD1MapCheck.cpp,no,1,2,1,0
Code/GameEngine/Source/Common/Rva003F69C0NestedSet.cpp,yes,0,0,0,0
Code/GameEngine/Source/Common/Rva003F74A0Mul.cpp,yes,0,0,0,0
Code/GameEngine/Source/Common/Rva003F74CFCopy.cpp,yes,0,0,0,0
Code/GameEngine/Source/Common/Rva003F74F5Fill.cpp,yes,0,0,0,0
Code/GameEngine/Source/Common/Rva003F7520Set.cpp,yes,0,0,0,0
Code/GameEngine/Source/Common/Rva003F8443.cpp,no,1,0,0,0
Code/GameEngine/Source/Common/Rva003F8ED6.cpp,no,0,1,10,0
Code/GameEngine/Source/Common/Rva003FAC3F.cpp,no,1,0,0,0
Code/GameEngine/Source/Common/Rva003FAFB9Dtor.cpp,no,4,2,1,0
Code/GameEngine/Source/Common/Rva003FB7C7.cpp,no,2,0,0,0
Code/GameEngine/Source/Common/Rva003FC3E4Reset.cpp,yes,0,0,0,0
Code/GameEngine/Source/Common/Rva003FC43ACompare.cpp,yes,0,0,0,0
Code/GameEngine/Source/Common/Rva003FC7FCClear.cpp,no,2,0,0,0
Code/GameEngine/Source/Common/Rva003FD1C5Xfer.cpp,yes,0,0,0,0
Code/GameEngine/Source/Common/Rva003FD2C2Xfer.cpp,yes,0,0,0,0
Code/GameEngine/Source/Common/Rva003FF02EPowerCap.cpp,no,3,4,0,0
Code/GameEngine/Source/Common/Rva0040327BGet.cpp,yes,0,0,0,0
Code/GameEngine/Source/Common/Rva00405337Clear.cpp,yes,0,0,0,0
Code/GameEngine/Source/Common/Rva00406BB0CopyCtor.cpp,no,2,0,0,0
Code/GameEngine/Source/Common/Rva00406BB0Ctor.cpp,no,2,0,0,0
Code/GameEngine/Source/Common/Rva00406F51Find.cpp,yes,0,0,0,0
Code/GameEngine/Source/Common/Rva00406F9CCheck.cpp,yes,0,0,0,0
Code/GameEngine/Source/Common/Rva004070D4TreeFree.cpp,yes,0,0,0,0
Code/GameEngine/Source/Common/Rva00407137Crc.cpp,no,0,1,0,0
Code/GameEngine/Source/Common/Rva004074B6NameKey.cpp,no,0,0,0,1
Code/GameEngine/Source/Common/Rva004075E0.cpp,yes,0,0,0,0
Code/GameEngine/Source/Common/Rva004076EEObject.cpp,no,0,0,0,1
Code/GameEngine/Source/Common/Rva00407A6A.cpp,no,1,0,0,0
Code/GameEngine/Source/Common/Rva00407C6BClear.cpp,no,0,0,6,0
Code/GameEngine/Source/Common/Rva00409580Set.cpp,yes,0,0,0,0
Code/GameEngine/Source/Common/Rva0040C351Ctor.cpp,no,0,0,0,3
Code/GameEngine/Source/Common/Rva0040C4CBCopy.cpp,yes,0,0,0,0
Code/GameEngine/Source/Common/Rva0040C598BitAnd.cpp,yes,0,0,0,0
Code/GameEngine/Source/Common/Rva0040C985Init.cpp,no,0,0,0,2
Code/GameEngine/Source/Common/Rva0040CB11EntryCtor.cpp,yes,0,0,0,0
Code/GameEngine/Source/Common/Rva0040CB3ABinarySearch.cpp,yes,0,0,0,0
Code/GameEngine/Source/Common/Rva0040CC0EIndexedGetters.cpp,yes,0,0,0,0
Code/GameEngine/Source/Common/Rva0040D0A4Assign.cpp,yes,0,0,0,0
Code/GameEngine/Source/Common/Rva0040D11CSwap.cpp,yes,0,0,0,0
Code/GameEngine/Source/Common/Rva0040D251CopyBackward.cpp,yes,0,0,0,0
Code/GameEngine/Source/Common/Rva0040D564Copy.cpp,yes,0,0,0,0
Code/GameEngine/Source/Common/Rva0040DB52Dtor.cpp,no,4,2,1,0
Code/GameEngine/Source/Common/Rva0040DC1FErase.cpp,no,1,1,0,0
Code/GameEngine/Source/Common/Rva0040DDD6Sum.cpp,yes,0,0,0,0
Code/GameEngine/Source/Common/Rva0040F9DEvent.cpp,no,1,0,0,0
Code/GameEngine/Source/Common/Rva004104ABCtor.cpp,yes,0,0,0,0
Code/GameEngine/Source/Common/Rva004104C9Dtor.cpp,no,0,1,0,0
Code/GameEngine/Source/Common/Rva004104F0Test.cpp,yes,0,0,0,0
Code/GameEngine/Source/Common/Rva00410619Check.cpp,no,2,0,0,0
Code/GameEngine/Source/Common/Rva00410688Dtor.cpp,no,0,1,0,0
Code/GameEngine/Source/Common/Rva0041097BDelete.cpp,yes,0,0,0,0
Code/GameEngine/Source/Common/Rva00410A3DClear.cpp,yes,0,0,0,0
Code/GameEngine/Source/Common/Rva00410AABFree.cpp,yes,0,0,0,0
Code/GameEngine/Source/Common/Rva00412FC0SetVec.cpp,yes,0,0,0,0
Code/GameEngine/Source/Common/Rva004134E3Lookup.cpp,no,0,0,5,0
Code/GameEngine/Source/Common/Rva004135CDParse.cpp,no,3,0,0,0
Code/GameEngine/Source/Common/Rva00413DCCParse.cpp,no,3,0,0,0
Code/GameEngine/Source/Common/Rva00414093Copy.cpp,no,0,0,17,0
Code/GameEngine/Source/Common/Rva0041573FCopy.cpp,no,0,2,4,0
Code/GameEngine/Source/Common/Rva00415C56Parse.cpp,no,0,0,0,1
Code/GameEngine/Source/Common/Rva00416088Dtor.cpp,no,0,1,0,0
Code/GameEngine/Source/Common/Rva004161F1Notify.cpp,no,9,6,1,0
Code/GameEngine/Source/Common/Rva00416504Ctor.cpp,yes,0,0,0,0
Code/GameEngine/Source/Common/Rva00418BB7Compare.cpp,yes,0,0,0,0
Code/GameEngine/Source/Common/Rva00418BFBSearch.cpp,no,1,0,0,0
Code/GameEngine/Source/Common/Rva00418C33Insert.cpp,no,1,0,0,0
Code/GameEngine/Source/Common/Rva00418CC8.cpp,yes,0,0,0,0
Code/GameEngine/Source/Common/Rva00418D3CInsertUnique.cpp,no,1,0,0,0
Code/GameEngine/Source/Common/Rva00418DE2Forwarder.cpp,yes,0,0,0,0
Code/GameEngine/Source/Common/Rva004194D6.cpp,no,0,0,0,1
Code/GameEngine/Source/Common/Rva0041A00FMethod.cpp,yes,0,0,0,0
Code/GameEngine/Source/Common/Rva0041C21BIsVisible.cpp,yes,0,0,0,0
Code/GameEngine/Source/Common/Rva0041F760Dtor.cpp,no,0,1,15,0
Code/GameEngine/Source/Common/Rva0041FE86Init.cpp,no,1,0,0,0
Code/GameEngine/Source/Common/Rva0042094DGet.cpp,yes,0,0,0,0
Code/GameEngine/Source/Common/Rva004209CCDtor.cpp,no,0,1,0,0
Code/GameEngine/Source/Common/Rva004210A0Add.cpp,yes,0,0,0,0
Code/GameEngine/Source/Common/Rva004210B0Contains.cpp,yes,0,0,0,0
Code/GameEngine/Source/Common/Rva004211CADtor.cpp,no,1,1,0,0
Code/GameEngine/Source/Common/Rva004266A1Check.cpp,yes,0,0,0,0
Code/GameEngine/Source/Common/Rva004267E9Getter.cpp,no,1,0,0,0
Code/GameEngine/Source/Common/Rva0042680DGetter.cpp,yes,0,0,0,0
Code/GameEngine/Source/Common/Rva004268F6Getter.cpp,yes,0,0,0,0
Code/GameEngine/Source/Common/Rva004269F7Getter.cpp,yes,0,0,0,0
Code/GameEngine/Source/Common/Rva00427A50Holder.cpp,yes,0,0,0,0
Code/GameEngine/Source/Common/Rva0042818FSwap.cpp,yes,0,0,0,0
Code/GameEngine/Source/Common/Rva004281DAInsert.cpp,yes,0,0,0,0
Code/GameEngine/Source/Common/Rva00428233PushHeap.cpp,yes,0,0,0,0
Code/GameEngine/Source/Common/Rva00428512Partition.cpp,yes,0,0,0,0
Code/GameEngine/Source/Common/Rva0042C1F9.cpp,yes,0,0,0,0
Code/GameEngine/Source/Common/Rva0042C936.cpp,yes,0,0,0,0
Code/GameEngine/Source/Common/Rva0042D71ACond.cpp,yes,0,0,0,0
Code/GameEngine/Source/Common/Rva0042D8D4Ctor.cpp,no,1,2,1,0
Code/GameEngine/Source/Common/Rva00432F23Remove.cpp,yes,0,0,0,0
Code/GameEngine/Source/Common/Rva004340A4Getter.cpp,yes,0,0,0,0
Code/GameEngine/Source/Common/Rva00438144Update.cpp,no,1,0,0,1
Code/GameEngine/Source/Common/Rva004381B0.cpp,yes,0,0,0,0
Code/GameEngine/Source/Common/Rva0043821C.cpp,no,1,0,0,0
Code/GameEngine/Source/Common/Rva0043822E.cpp,yes,0,0,0,0
Code/GameEngine/Source/Common/Rva0043A31ECleanup.cpp,no,0,0,0,2
Code/GameEngine/Source/Common/Rva0043A568Rank.cpp,no,3,3,3,2
Code/GameEngine/Source/Common/Rva0043B1C9TreeAlloc.cpp,yes,0,0,0,0
Code/GameEngine/Source/Common/Rva0043B208InitWrapper.cpp,no,1,0,0,0
Code/GameEngine/Source/Common/Rva0043C6EABoolWrap.cpp,yes,0,0,0,0
Code/GameEngine/Source/Common/Rva0043D3A8Clear.cpp,no,0,0,4,0
Code/GameEngine/Source/Common/Rva0043D3DAClear.cpp,no,2,0,3,0
Code/GameEngine/Source/Common/Rva0043DA65Getter.cpp,yes,0,0,0,0
Code/GameEngine/Source/Common/Rva0043DB3DGlobalSet.cpp,no,0,0,0,1
Code/GameEngine/Source/Common/Rva0043DB47DoubleSetter.cpp,yes,0,0,0,0
Code/GameEngine/Source/Common/Rva0043FC20Copy.cpp,no,1,0,0,0
Code/GameEngine/Source/Common/Rva00444083.cpp,no,2,0,0,0
Code/GameEngine/Source/Common/Rva00444165.cpp,no,1,0,0,0
Code/GameEngine/Source/Common/Rva004442FD.cpp,yes,0,0,0,0
Code/GameEngine/Source/Common/Rva00444362.cpp,yes,0,0,0,0
Code/GameEngine/Source/Common/Rva00444462.cpp,yes,0,0,0,0
Code/GameEngine/Source/Common/Rva004444D2Dtor.cpp,no,0,1,1,0
Code/GameEngine/Source/Common/Rva00446A71Get.cpp,no,1,0,0,0
Code/GameEngine/Source/Common/Rva00446A77Enable.cpp,no,3,0,0,0
Code/GameEngine/Source/Common/Rva00447773Indexer.cpp,yes,0,0,0,0
Code/GameEngine/Source/Common/Rva0044780FCopy.cpp,yes,0,0,0,0
Code/GameEngine/Source/Common/Rva004478A9Copy.cpp,yes,0,0,0,0
Code/GameEngine/Source/Common/Rva00447909Copy.cpp,yes,0,0,0,0
Code/GameEngine/Source/Common/Rva004479FDAssign.cpp,no,1,0,0,0
Code/GameEngine/Source/Common/Rva00447B0EDtor.cpp,no,1,0,0,0
Code/GameEngine/Source/Common/Rva00447FD5Append.cpp,no,0,0,0,1
Code/GameEngine/Source/Common/Rva00448089Dtor.cpp,yes,0,0,0,0
Code/GameEngine/Source/Common/Rva00448D96Free.cpp,yes,0,0,0,0
Code/GameEngine/Source/Common/Rva00448E3BClear.cpp,yes,0,0,0,0
Code/GameEngine/Source/Common/Rva0044D56ADerived.cpp,no,1,0,0,0
Code/GameEngine/Source/Common/Rva0044E633FilteredFind.cpp,yes,0,0,0,0
Code/GameEngine/Source/Common/Rva0044E6AEVirtForward.cpp,yes,0,0,0,0
Code/GameEngine/Source/Common/Rva0044ECCEDtor.cpp,no,4,1,1,0
Code/GameEngine/Source/Common/Rva00451F45Derived.cpp,no,4,0,0,0
Code/GameEngine/Source/Common/Rva004561A2Xfer.cpp,yes,0,0,0,0
Code/GameEngine/Source/Common/Rva00458AAEXfer.cpp,yes,0,0,0,0
Code/GameEngine/Source/Common/Rva0045ADC1Xfer.cpp,yes,0,0,0,0
Code/GameEngine/Source/Common/Rva0045B134Xfer.cpp,yes,0,0,0,0
Code/GameEngine/Source/Common/Rva0045CE8CXfer.cpp,yes,0,0,0,0
Code/GameEngine/Source/Common/Rva0045D39EDerived.cpp,no,4,0,0,1
Code/GameEngine/Source/Common/Rva0045EF90CopyConstructor.cpp,no,1,2,1,0
Code/GameEngine/Source/Common/Rva0045EF90Dtor.cpp,no,1,1,1,0
Code/GameEngine/Source/Common/Rva0046247DCondPair.cpp,yes,0,0,0,0
Code/GameEngine/Source/Common/Rva00468520Set.cpp,yes,0,0,0,0
Code/GameEngine/Source/Common/Rva00469075Setter.cpp,yes,0,0,0,0
Code/GameEngine/Source/Common/Rva00469124Xfer.cpp,yes,0,0,0,0
Code/GameEngine/Source/Common/Rva004691A5Ctor.cpp,yes,0,0,0,0
Code/GameEngine/Source/Common/Rva00469294Find.cpp,yes,0,0,0,0
Code/GameEngine/Source/Common/Rva004693ADCheck.cpp,yes,0,0,0,0
Code/GameEngine/Source/Common/Rva004695DAGet.cpp,yes,0,0,0,0
Code/GameEngine/Source/Common/Rva00469B73Call.cpp,yes,0,0,0,0
Code/GameEngine/Source/Common/Rva00469BEAConstruct.cpp,yes,0,0,0,0
Code/GameEngine/Source/Common/Rva00469BEACtor.cpp,yes,0,0,0,0
Code/GameEngine/Source/Common/Rva00469C07Free.cpp,yes,0,0,0,0
Code/GameEngine/Source/Common/Rva00469D86Dtor.cpp,yes,0,0,0,0
Code/GameEngine/Source/Common/Rva0046AC52.cpp,yes,0,0,0,0
Code/GameEngine/Source/Common/Rva004733E0Set.cpp,yes,0,0,0,0
Code/GameEngine/Source/Common/Rva004781A0Get.cpp,yes,0,0,0,0
Code/GameEngine/Source/Common/Rva004784F0Get.cpp,yes,0,0,0,0
Code/GameEngine/Source/Common/Rva00478E50Set.cpp,yes,0,0,0,0
Code/GameEngine/Source/Common/Rva00478E90Set.cpp,yes,0,0,0,0
Code/GameEngine/Source/Common/Rva00478F40Apply.cpp,yes,0,0,0,0
Code/GameEngine/Source/Common/Rva0047ED64AICommand.cpp,no,0,0,1,0
Code/GameEngine/Source/Common/Rva00481805Dtor.cpp,yes,0,0,0,0
Code/GameEngine/Source/Common/Rva00482641Xfer.cpp,yes,0,0,0,0
Code/GameEngine/Source/Common/Rva004839D3Xfer.cpp,yes,0,0,0,0
Code/GameEngine/Source/Common/Rva00483C35Xfer.cpp,yes,0,0,0,0
Code/GameEngine/Source/Common/Rva0048593DDerived.cpp,no,2,0,0,0
Code/GameEngine/Source/Common/Rva00485BB8Xfer.cpp,yes,0,0,0,0
Code/GameEngine/Source/Common/Rva00485BD4Xfer.cpp,yes,0,0,0,0
Code/GameEngine/Source/Common/Rva004892B5Xfer_muse-4f8a.cpp,yes,0,0,0,0
Code/GameEngine/Source/Common/Rva0048947DXfer_muse-4f8a.cpp,yes,0,0,0,0
Code/GameEngine/Source/Common/Rva004894A9Xfer_muse-4f8a.cpp,yes,0,0,0,0
Code/GameEngine/Source/Common/Rva004894CAXfer_muse-4f8a.cpp,yes,0,0,0,0
Code/GameEngine/Source/Common/Rva0048C200StringOwnerCtor.cpp,no,2,0,0,0
Code/GameEngine/Source/Common/Rva0048C200StringOwnerDtor.cpp,yes,0,0,0,0
Code/GameEngine/Source/Common/Rva0048D742Xfer.cpp,yes,0,0,0,0
Code/GameEngine/Source/Common/Rva00491DD3Method.cpp,yes,0,0,0,0
Code/GameEngine/Source/Common/Rva00491DD3Xfer.cpp,yes,0,0,0,0
Code/GameEngine/Source/Common/Rva00493DEFDerived.cpp,no,22,0,0,0
Code/GameEngine/Source/Common/Rva00494A97Xfer.cpp,yes,0,0,0,0
Code/GameEngine/Source/Common/Rva00499F45Xfer.cpp,yes,0,0,0,0
Code/GameEngine/Source/Common/Rva0049B2A2Xfer.cpp,yes,0,0,0,0
Code/GameEngine/Source/Common/Rva0049B47CDerived.cpp,no,2,0,0,0
Code/GameEngine/Source/Common/Rva0049B47CThreeVptrDerived.cpp,no,7,0,0,0
Code/GameEngine/Source/Common/Rva0049B6AEAppend.cpp,no,0,0,0,1
Code/GameEngine/Source/Common/Rva004A1855Xfer.cpp,yes,0,0,0,0
Code/GameEngine/Source/Common/Rva004A3F8BXfer.cpp,yes,0,0,0,0
Code/GameEngine/Source/Common/Rva004A54A8Xfer.cpp,yes,0,0,0,0
Code/GameEngine/Source/Common/Rva004A6E8EBatch.cpp,yes,0,0,0,0
Code/GameEngine/Source/Common/Rva004A7E43Slot.cpp,yes,0,0,0,0
Code/GameEngine/Source/Common/Rva004A8091Xfer.cpp,yes,0,0,0,0
Code/GameEngine/Source/Common/Rva004AB4ABCheck.cpp,yes,0,0,0,0
Code/GameEngine/Source/Common/Rva004ABB03CopyCtor.cpp,no,1,0,0,0
Code/GameEngine/Source/Common/Rva004B0DA0Setter.cpp,yes,0,0,0,0
Code/GameEngine/Source/Common/Rva004B237BXfer.cpp,yes,0,0,0,0
Code/GameEngine/Source/Common/Rva004B8732Xfer.cpp,yes,0,0,0,0
Code/GameEngine/Source/Common/Rva004B89C4Xfer.cpp,yes,0,0,0,0
Code/GameEngine/Source/Common/Rva004B8B0F.cpp,no,0,0,1,0
Code/GameEngine/Source/Common/Rva004B8CDEDeletingDtor.cpp,no,3,0,0,0
Code/GameEngine/Source/Common/Rva004B8CDEDerived.cpp,no,8,0,0,0
Code/GameEngine/Source/Common/Rva004B96CCDerived.cpp,no,4,0,0,0
Code/GameEngine/Source/Common/Rva004BA1B2Ctor.cpp,yes,0,0,0,0
Code/GameEngine/Source/Common/Rva004BA1C8Record.cpp,no,0,1,17,0
Code/GameEngine/Source/Common/Rva004BA1D0Record.cpp,no,0,1,14,0
Code/GameEngine/Source/Common/Rva004BA324CopyRange.cpp,no,1,0,0,0
Code/GameEngine/Source/Common/Rva004BA399EraseRange.cpp,yes,0,0,0,0
Code/GameEngine/Source/Common/Rva004BB68EDerived.cpp,no,5,0,0,0
Code/GameEngine/Source/Common/Rva004BC4FCDerived.cpp,no,2,0,0,0
Code/GameEngine/Source/Common/Rva004BF951Derived.cpp,no,11,0,0,0
Code/GameEngine/Source/Common/Rva004C0D4F.cpp,yes,0,0,0,0
Code/GameEngine/Source/Common/Rva004C0E8B.cpp,yes,0,0,0,0
Code/GameEngine/Source/Common/Rva004C0FB5.cpp,yes,0,0,0,0
Code/GameEngine/Source/Common/Rva004C131BDerived.cpp,no,3,0,0,0
Code/GameEngine/Source/Common/Rva004C5DD0Set.cpp,yes,0,0,0,0
Code/GameEngine/Source/Common/Rva004C6F77Median.cpp,yes,0,0,0,0
Code/GameEngine/Source/Common/Rva004CA125Copy.cpp,no,1,0,0,0
Code/GameEngine/Source/Common/Rva004CA13Reload.cpp,no,2,2,0,0
Code/GameEngine/Source/Common/Rva004CBF9AClear.cpp,no,1,0,0,0
Code/GameEngine/Source/Common/Rva004CC63AXfer.cpp,yes,0,0,0,0
Code/GameEngine/Source/Common/Rva004CE245.cpp,yes,0,0,0,0
Code/GameEngine/Source/Common/Rva004CE56DXfer.cpp,yes,0,0,0,0
Code/GameEngine/Source/Common/Rva004CE6E4Xfer.cpp,yes,0,0,0,0
Code/GameEngine/Source/Common/Rva004D3906Clear.cpp,yes,0,0,0,0
Code/GameEngine/Source/Common/Rva004D39DEGet.cpp,yes,0,0,0,0
Code/GameEngine/Source/Common/Rva004D6119Get.cpp,no,0,1,1,0
Code/GameEngine/Source/Common/Rva004D6187Set.cpp,no,1,0,0,0
Code/GameEngine/Source/Common/Rva004D632DGet.cpp,yes,0,0,0,0
Code/GameEngine/Source/Common/Rva004D65F9Set.cpp,no,0,1,0,0
Code/GameEngine/Source/Common/Rva004D662DSet.cpp,no,0,1,0,0
Code/GameEngine/Source/Common/Rva004D68C6Create.cpp,no,0,0,0,3
Code/GameEngine/Source/Common/Rva004D6BCDHas.cpp,yes,0,0,0,0
Code/GameEngine/Source/Common/Rva004D6C29Clear.cpp,yes,0,0,0,0
Code/GameEngine/Source/Common/Rva004D6C7CAdd.cpp,yes,0,0,0,0
Code/GameEngine/Source/Common/Rva004D6C9CAdd.cpp,no,0,0,1,0
Code/GameEngine/Source/Common/Rva004D759CCtor.cpp,no,1,3,1,0
Code/GameEngine/Source/Common/Rva004D759CDerived.cpp,yes,0,0,0,0
Code/GameEngine/Source/Common/Rva004D92FECtor.cpp,no,1,0,0,0
Code/GameEngine/Source/Common/Rva004D933BPred.cpp,yes,0,0,0,0
Code/GameEngine/Source/Common/Rva004D93F7Check.cpp,no,0,0,0,2
Code/GameEngine/Source/Common/Rva004D9596Check.cpp,yes,0,0,0,0
Code/GameEngine/Source/Common/Rva004D964ECopy.cpp,yes,0,0,0,0
Code/GameEngine/Source/Common/Rva004D968DClear.cpp,yes,0,0,0,0
Code/GameEngine/Source/Common/Rva004D971DCopy.cpp,yes,0,0,0,0
Code/GameEngine/Source/Common/Rva004D9A3CVectorDeletingDtor.cpp,yes,0,0,0,0
Code/GameEngine/Source/Common/Rva004D9A44Ctor.cpp,yes,0,0,0,0
Code/GameEngine/Source/Common/Rva004D9A62Clear.cpp,yes,0,0,0,0
Code/GameEngine/Source/Common/Rva004D9A8BCtor.cpp,yes,0,0,0,0
Code/GameEngine/Source/Common/Rva004D9B18Ctor.cpp,yes,0,0,0,0
Code/GameEngine/Source/Common/Rva004DC9EDEntryDtor.cpp,yes,0,0,0,0
Code/GameEngine/Source/Common/Rva004DD722Convert.cpp,yes,0,0,0,0
Code/GameEngine/Source/Common/Rva004DD843Getter.cpp,yes,0,0,0,0
Code/GameEngine/Source/Common/Rva004DF161Ratio.cpp,yes,0,0,0,0
Code/GameEngine/Source/Common/Rva004DF17FCompare.cpp,yes,0,0,0,0
Code/GameEngine/Source/Common/Rva004DF18DAdd.cpp,yes,0,0,0,0
Code/GameEngine/Source/Common/Rva004DF1AFAdd.cpp,yes,0,0,0,0
Code/GameEngine/Source/Common/Rva004DF2E2StatusSetter.cpp,yes,0,0,0,0
Code/GameEngine/Source/Common/Rva004DF324Dtor.cpp,no,1,0,0,0
Code/GameEngine/Source/Common/Rva004DF7C2Derived.cpp,no,5,0,0,0
Code/GameEngine/Source/Common/Rva004DF81BXfer.cpp,yes,0,0,0,0
Code/GameEngine/Source/Common/Rva004DF87CXfer.cpp,yes,0,0,0,0
Code/GameEngine/Source/Common/Rva004DFA0EChain.cpp,yes,0,0,0,0
Code/GameEngine/Source/Common/Rva004DFB55HeroRemover.cpp,no,0,0,2,0
Code/GameEngine/Source/Common/Rva004DFEC8Add.cpp,yes,0,0,0,0
Code/GameEngine/Source/Common/Rva004DFED8Dtor.cpp,yes,0,0,0,0
Code/GameEngine/Source/Common/Rva004E04FDCtor.cpp,yes,0,0,0,0
Code/GameEngine/Source/Common/Rva004E0625Getters.cpp,yes,0,0,0,0
Code/GameEngine/Source/Common/Rva004E06A7Call.cpp,yes,0,0,0,0
Code/GameEngine/Source/Common/Rva004E0705Find.cpp,no,0,0,0,1
Code/GameEngine/Source/Common/Rva004E0741VCalls.cpp,yes,0,0,0,0
Code/GameEngine/Source/Common/Rva004E075FGet.cpp,yes,0,0,0,0
Code/GameEngine/Source/Common/Rva004E0790Release.cpp,yes,0,0,0,0
Code/GameEngine/Source/Common/Rva004E08F6Set.cpp,yes,0,0,0,0
Code/GameEngine/Source/Common/Rva004E09FBAssign.cpp,yes,0,0,0,0
Code/GameEngine/Source/Common/Rva004E12D7Parse.cpp,yes,0,0,0,0
Code/GameEngine/Source/Common/Rva004E13EBCtor.cpp,no,1,0,0,0
Code/GameEngine/Source/Common/Rva004E179ADoXfer.cpp,yes,0,0,0,0
Code/GameEngine/Source/Common/Rva004E179ADtor.cpp,no,4,1,1,0
Code/GameEngine/Source/Common/Rva004E18A2Dtor.cpp,no,1,1,1,0
Code/GameEngine/Source/Common/Rva004E1A04Dtor.cpp,yes,0,0,0,0
Code/GameEngine/Source/Common/Rva004E1B00DoXfer.cpp,yes,0,0,0,0
Code/GameEngine/Source/Common/Rva004E1B72Dtor.cpp,yes,0,0,0,0
Code/GameEngine/Source/Common/Rva004E2382Ctor.cpp,no,0,1,8,0
Code/GameEngine/Source/Common/Rva004E2CD5Contains.cpp,yes,0,0,0,0
Code/GameEngine/Source/Common/Rva004E3184CopyCtor.cpp,no,1,3,20,1
Code/GameEngine/Source/Common/Rva004E3184Dtor.cpp,no,1,2,1,1
Code/GameEngine/Source/Common/Rva004E3184Xfer.cpp,no,0,0,0,1
Code/GameEngine/Source/Common/Rva004E32F2Dtor.cpp,no,1,1,1,0
Code/GameEngine/Source/Common/Rva004E35A3Ctor.cpp,no,0,0,7,0
Code/GameEngine/Source/Common/Rva004E35D5Notify.cpp,no,0,0,1,0
Code/GameEngine/Source/Common/Rva004E364FCtor.cpp,no,0,0,1,0
Code/GameEngine/Source/Common/Rva004E366EClear.cpp,yes,0,0,0,0
Code/GameEngine/Source/Common/Rva004E38B9Shrink.cpp,yes,0,0,0,0
Code/GameEngine/Source/Common/Rva004E3CD0Derived.cpp,no,1,0,0,0
Code/GameEngine/Source/Common/Rva004E44C9Check.cpp,yes,0,0,0,0
Code/GameEngine/Source/Common/Rva004E44FBPlayerTable.cpp,no,2,2,0,0
Code/GameEngine/Source/Common/Rva004E7A76Fwd.cpp,yes,0,0,0,0
Code/GameEngine/Source/Common/Rva004E9B70Assign.cpp,no,2,0,0,0
Code/GameEngine/Source/Common/Rva004EBF4BCopy.cpp,yes,0,0,0,0
Code/GameEngine/Source/Common/Rva004EDCE9Derived.cpp,no,1,0,0,0
Code/GameEngine/Source/Common/Rva004EE037Div.cpp,no,0,0,0,2
Code/GameEngine/Source/Common/Rva004EE0C6.cpp,yes,0,0,0,0
Code/GameEngine/Source/Common/Rva004EE260.cpp,yes,0,0,0,0
Code/GameEngine/Source/Common/Rva004EE35D.cpp,yes,0,0,0,0
Code/GameEngine/Source/Common/Rva004EE3AB.cpp,yes,0,0,0,0
Code/GameEngine/Source/Common/Rva004EE3F9.cpp,yes,0,0,0,0
Code/GameEngine/Source/Common/Rva004EE540Clear.cpp,yes,0,0,0,0
Code/GameEngine/Source/Common/Rva004F6093CopyCtor.cpp,yes,0,0,0,0
Code/GameEngine/Source/Common/Rva004F6318EntryCtor.cpp,yes,0,0,0,0
Code/GameEngine/Source/Common/Rva004F6352AllocateCopy.cpp,yes,0,0,0,0
Code/GameEngine/Source/Common/Rva004F6352Assign.cpp,yes,0,0,0,0
Code/GameEngine/Source/Common/Rva004F6352Construct.cpp,yes,0,0,0,0
Code/GameEngine/Source/Common/Rva004F6352Swap.cpp,yes,0,0,0,0
Code/GameEngine/Source/Common/Rva004F6352UninitializedCopy.cpp,yes,0,0,0,0
Code/GameEngine/Source/Common/Rva004F64FCAssign.cpp,yes,0,0,0,0
Code/GameEngine/Source/Common/Rva004F691EDtor.cpp,yes,0,0,0,0
Code/GameEngine/Source/Common/Rva004F692BCopyCtor.cpp,yes,0,0,0,0
Code/GameEngine/Source/Common/Rva004F6966CopyCtor.cpp,yes,0,0,0,0
Code/GameEngine/Source/Common/Rva004F6986Dtor.cpp,yes,0,0,0,0
Code/GameEngine/Source/Common/Rva004F69C3Destroy.cpp,no,0,1,0,0
Code/GameEngine/Source/Common/Rva004F69C3Dtor.cpp,yes,0,0,0,0
Code/GameEngine/Source/Common/Rva004F6B69Construct.cpp,yes,0,0,0,0
Code/GameEngine/Source/Common/Rva004F6B7BInit.cpp,yes,0,0,0,0
Code/GameEngine/Source/Common/Rva004F6BB3Fill.cpp,yes,0,0,0,0
Code/GameEngine/Source/Common/Rva004F711CCreate.cpp,yes,0,0,0,0
Code/GameEngine/Source/Common/Rva004F8373Destroy.cpp,yes,0,0,0,0
Code/GameEngine/Source/Common/Rva004F838CDestroy.cpp,yes,0,0,0,0
Code/GameEngine/Source/Common/Rva004F89DBClear.cpp,yes,0,0,0,0
Code/GameEngine/Source/Common/Rva004F8A17VectorDtor.cpp,yes,0,0,0,0
Code/GameEngine/Source/Common/Rva004FA5F8Find.cpp,no,0,0,0,1
Code/GameEngine/Source/Common/Rva004FA830Ctor.cpp,no,1,0,0,0
Code/GameEngine/Source/Common/Rva004FAC21Ctor.cpp,yes,0,0,0,0
Code/GameEngine/Source/Common/Rva004FAC4F.cpp,yes,0,0,0,0
Code/GameEngine/Source/Common/Rva004FAFF2Assign.cpp,yes,0,0,0,0
Code/GameEngine/Source/Common/Rva004FCA5ASearch.cpp,yes,0,0,0,0
Code/GameEngine/Source/Common/Rva004FCD49Ctor.cpp,yes,0,0,0,0
Code/GameEngine/Source/Common/Rva004FCE73Dtor.cpp,no,0,1,8,0
Code/GameEngine/Source/Common/Rva004FDB57Assign.cpp,no,1,1,0,0
Code/GameEngine/Source/Common/Rva004FF2F4Dtor.cpp,yes,0,0,0,0
Code/GameEngine/Source/Common/Rva004FF582.cpp,yes,0,0,0,0
Code/GameEngine/Source/Common/Rva00500500Ctors.cpp,no,0,0,0,1
Code/GameEngine/Source/Common/Rva00503D26Bezier.cpp,no,2,0,0,0
Code/GameEngine/Source/Common/Rva00503E17BezierCall.cpp,no,3,0,0,0
Code/GameEngine/Source/Common/Rva0050492FSwap.cpp,no,0,0,1,0
Code/GameEngine/Source/Common/Rva00506A0CCheck.cpp,yes,0,0,0,0
Code/GameEngine/Source/Common/Rva00506A34Ctor.cpp,no,0,0,4,0
Code/GameEngine/Source/Common/Rva00506B1BCtor.cpp,no,2,0,0,0
Code/GameEngine/Source/Common/Rva00506B74CopyCompare.cpp,no,1,0,0,0
Code/GameEngine/Source/Common/Rva00506C82Find.cpp,no,1,0,0,0
Code/GameEngine/Source/Common/Rva00507823Check.cpp,yes,0,0,0,0
Code/GameEngine/Source/Common/Rva00507823Ctor.cpp,no,3,1,13,2
Code/GameEngine/Source/Common/Rva00507823Dtor.cpp,no,1,1,0,0
Code/GameEngine/Source/Common/Rva00507877Resolve.cpp,no,0,1,7,0
Code/GameEngine/Source/Common/Rva005088CEBuildFieldParse.cpp,no,1,0,0,0
Code/GameEngine/Source/Common/Rva00508CF7Dtor.cpp,no,0,1,1,0
Code/GameEngine/Source/Common/Rva00508E87Dtor.cpp,no,1,1,1,0
Code/GameEngine/Source/Common/Rva0050BFFDSet.cpp,no,0,1,0,0
Code/GameEngine/Source/Common/Rva0050E8D6Allies.cpp,yes,0,0,0,0
Code/GameEngine/Source/Common/Rva0050E9D3Enable.cpp,no,16,0,0,4
Code/GameEngine/Source/Common/Rva0050EA74Ctor.cpp,no,1,2,0,0
Code/GameEngine/Source/Common/Rva00512C88Shutdown.cpp,no,2,0,0,0
Code/GameEngine/Source/Common/Rva00512CE9Kick.cpp,no,2,0,0,0
Code/GameEngine/Source/Common/Rva00514E20Restart.cpp,no,1,0,0,0
Code/GameEngine/Source/Common/Rva00515633Delete.cpp,no,1,2,1,0
Code/GameEngine/Source/Common/Rva00517027Set.cpp,yes,0,0,0,0
Code/GameEngine/Source/Common/Rva00517048Chat.cpp,no,2,2,0,2
Code/GameEngine/Source/Common/Rva0051719BDtor.cpp,yes,0,0,0,0
Code/GameEngine/Source/Common/Rva0051732ASet.cpp,yes,0,0,0,0
Code/GameEngine/Source/Common/Rva00517345Ctor.cpp,yes,0,0,0,0
Code/GameEngine/Source/Common/Rva00517397Dtor.cpp,no,0,1,1,0
Code/GameEngine/Source/Common/Rva005173CBSet.cpp,yes,0,0,0,0
Code/GameEngine/Source/Common/Rva00517547Set.cpp,yes,0,0,0,0
Code/GameEngine/Source/Common/Rva00518262Enable.cpp,no,2,0,0,0
Code/GameEngine/Source/Common/Rva00518359Combo.cpp,yes,0,0,0,0
Code/GameEngine/Source/Common/Rva0051847BAudio.cpp,no,4,1,1,0
Code/GameEngine/Source/Common/Rva005186E1Format.cpp,no,2,2,0,0
Code/GameEngine/Source/Common/Rva005189CFText.cpp,no,5,5,0,0
Code/GameEngine/Source/Common/Rva0051AF0BEnable.cpp,no,3,0,0,0
Code/GameEngine/Source/Common/Rva0051ED51AllocateCopy.cpp,yes,0,0,0,0
Code/GameEngine/Source/Common/Rva00523630Cmp.cpp,yes,0,0,0,0
Code/GameEngine/Source/Common/Rva00524A4CClear.cpp,yes,0,0,0,0
Code/GameEngine/Source/Common/Rva00528264Setter.cpp,yes,0,0,0,0
Code/GameEngine/Source/Common/Rva00528273Clear.cpp,yes,0,0,0,0
Code/GameEngine/Source/Common/Rva00528309Clear.cpp,yes,0,0,0,0
Code/GameEngine/Source/Common/Rva00528B06Ctor.cpp,yes,0,0,0,0
Code/GameEngine/Source/Common/Rva00528B37Compare.cpp,no,1,0,0,0
Code/GameEngine/Source/Common/Rva00528B72Init.cpp,yes,0,0,0,0
Code/GameEngine/Source/Common/Rva00528BDDFirer.cpp,no,2,0,0,0
Code/GameEngine/Source/Common/Rva00528C65Getter.cpp,yes,0,0,0,0
Code/GameEngine/Source/Common/Rva00528FE6Setter.cpp,yes,0,0,0,0
Code/GameEngine/Source/Common/Rva0052B53CLazy.cpp,yes,0,0,0,0
Code/GameEngine/Source/Common/Rva0052BAB2Getter.cpp,yes,0,0,0,0
Code/GameEngine/Source/Common/Rva0052C93BCopy.cpp,yes,0,0,0,0
Code/GameEngine/Source/Common/Rva0052C961UninitCopy.cpp,yes,0,0,0,0
Code/GameEngine/Source/Common/Rva0052C9ADUninitCopy.cpp,no,1,0,0,0
Code/GameEngine/Source/Common/Rva0052C9D3UninitCopy.cpp,yes,0,0,0,0
Code/GameEngine/Source/Common/Rva0052CEDD.cpp,yes,0,0,0,0
Code/GameEngine/Source/Common/Rva0052CEF6.cpp,yes,0,0,0,0
Code/GameEngine/Source/Common/Rva0052DA1C.cpp,yes,0,0,0,0
Code/GameEngine/Source/Common/Rva0052DAC4Set.cpp,yes,0,0,0,0
Code/GameEngine/Source/Common/Rva0052DC3F.cpp,no,2,0,0,0
Code/GameEngine/Source/Common/Rva0052DC97.cpp,yes,0,0,0,0
Code/GameEngine/Source/Common/Rva0052DE5BState.cpp,no,1,0,0,0
Code/GameEngine/Source/Common/Rva0052DE9BRelease.cpp,yes,0,0,0,0
Code/GameEngine/Source/Common/Rva00531132.cpp,yes,0,0,0,0
Code/GameEngine/Source/Common/Rva005312BEClear.cpp,yes,0,0,0,0
Code/GameEngine/Source/Common/Rva00531A44Alloc.cpp,yes,0,0,0,0
Code/GameEngine/Source/Common/Rva00531E14Lookup.cpp,yes,0,0,0,0
Code/GameEngine/Source/Common/Rva0053249DLowerBound.cpp,yes,0,0,0,0
Code/GameEngine/Source/Common/Rva005348ADCtor.cpp,no,0,0,16,0
Code/GameEngine/Source/Common/Rva005382A6Getter.cpp,yes,0,0,0,0
Code/GameEngine/Source/Common/Rva0053850BSave.cpp,yes,0,0,0,0
Code/GameEngine/Source/Common/Rva005386B7Swap.cpp,no,0,0,1,0
Code/GameEngine/Source/Common/Rva005386F5Copy.cpp,yes,0,0,0,0
Code/GameEngine/Source/Common/Rva005388C2Copy.cpp,yes,0,0,0,0
Code/GameEngine/Source/Common/Rva00538B2FFind.cpp,yes,0,0,0,0
Code/GameEngine/Source/Common/Rva00538F61Dtor.cpp,yes,0,0,0,0
Code/GameEngine/Source/Common/Rva005391FD.cpp,yes,0,0,0,0
Code/GameEngine/Source/Common/Rva005396E6Dtor.cpp,no,2,1,0,0
Code/GameEngine/Source/Common/Rva005399D0Check.cpp,yes,0,0,0,0
Code/GameEngine/Source/Common/Rva0053F8E9Write.cpp,yes,0,0,0,0
Code/GameEngine/Source/Common/Rva0053FB33Dtor.cpp,no,0,1,1,0
Code/GameEngine/Source/Common/Rva0053FB91Read.cpp,yes,0,0,0,0
Code/GameEngine/Source/Common/Rva0053FBFEWrite.cpp,yes,0,0,0,0
Code/GameEngine/Source/Common/Rva0053FC81Setter.cpp,yes,0,0,0,0
Code/GameEngine/Source/Common/Rva0053FF1DWrite.cpp,yes,0,0,0,0
Code/GameEngine/Source/Common/Rva005407C9Dtor.cpp,yes,0,0,0,0
Code/GameEngine/Source/Common/Rva0054080ADtor.cpp,no,0,1,0,0
Code/GameEngine/Source/Common/Rva00540C0ARead.cpp,yes,0,0,0,0
Code/GameEngine/Source/Common/Rva00540C59Write.cpp,yes,0,0,0,0
Code/GameEngine/Source/Common/Rva00540CB2Read.cpp,yes,0,0,0,0
Code/GameEngine/Source/Common/Rva00540CEDWrite.cpp,yes,0,0,0,0
Code/GameEngine/Source/Common/Rva00540E82Init.cpp,no,1,0,0,0
Code/GameEngine/Source/Common/Rva00540F0BWrite.cpp,yes,0,0,0,0
Code/GameEngine/Source/Common/Rva00540F4DWrite.cpp,yes,0,0,0,0
Code/GameEngine/Source/Common/Rva005440BCVSlot5440CD.cpp,yes,0,0,0,0
Code/GameEngine/Source/Common/Rva00546982Ctor.cpp,no,1,0,8,0
Code/GameEngine/Source/Common/Rva00546C26Ctor.cpp,no,1,0,0,0
Code/GameEngine/Source/Common/Rva00546CADCtor.cpp,no,1,0,0,0
Code/GameEngine/Source/Common/Rva00546CADXfer.cpp,yes,0,0,0,0
Code/GameEngine/Source/Common/Rva00546DD4.cpp,yes,0,0,0,0
Code/GameEngine/Source/Common/Rva00546F61Ctor.cpp,no,1,0,0,0
Code/GameEngine/Source/Common/Rva00546F61Slot8.cpp,yes,0,0,0,0
Code/GameEngine/Source/Common/Rva00546F61Xfer.cpp,yes,0,0,0,0
Code/GameEngine/Source/Common/Rva005472D3Alloc.cpp,yes,0,0,0,0
Code/GameEngine/Source/Common/Rva00548948Derived.cpp,no,1,0,0,0
Code/GameEngine/Source/Common/Rva00548B97Free.cpp,no,2,0,0,0
Code/GameEngine/Source/Common/Rva00548FD4ItemList.cpp,yes,0,0,0,0
Code/GameEngine/Source/Common/Rva00549000Cmp.cpp,yes,0,0,0,0
Code/GameEngine/Source/Common/Rva005490D2Sum.cpp,yes,0,0,0,0
Code/GameEngine/Source/Common/Rva00549237ClampedSetter.cpp,yes,0,0,0,0
Code/GameEngine/Source/Common/Rva00549DF2Cmp.cpp,yes,0,0,0,0
Code/GameEngine/Source/Common/Rva0054D8D8Dtor.cpp,no,0,0,3,0
Code/GameEngine/Source/Common/Rva0054D974Dtor.cpp,no,0,0,9,0
Code/GameEngine/Source/Common/Rva0054F508Ctor.cpp,no,1,2,2,0
Code/GameEngine/Source/Common/Rva0054FC14Cleanup.cpp,yes,0,0,0,0
Code/GameEngine/Source/Common/Rva0054FD83Destroy.cpp,no,0,0,10,0
Code/GameEngine/Source/Common/Rva005505E3Lock.cpp,yes,0,0,0,0
Code/GameEngine/Source/Common/Rva0055076FRelease.cpp,yes,0,0,0,0
Code/GameEngine/Source/Common/Rva0055436ACtor.cpp,no,1,0,9,0
Code/GameEngine/Source/Common/Rva005543D5Init.cpp,yes,0,0,0,0
Code/GameEngine/Source/Common/Rva00555B79Dtor.cpp,no,1,0,0,0
Code/GameEngine/Source/Common/Rva00556050Teardown.cpp,yes,0,0,0,0
Code/GameEngine/Source/Common/Rva005562DDClear.cpp,yes,0,0,0,0
Code/GameEngine/Source/Common/Rva0055A246Ctor.cpp,yes,0,0,0,0
Code/GameEngine/Source/Common/Rva0055AA06ListPush.cpp,no,0,0,11,1
Code/GameEngine/Source/Common/Rva0055ADD8Thunk.cpp,yes,0,0,0,0
Code/GameEngine/Source/Common/Rva0055AED6Xfer.cpp,yes,0,0,0,0
Code/GameEngine/Source/Common/Rva0055AFF1ListRemove.cpp,no,0,0,7,0
Code/GameEngine/Source/Common/Rva0055B0CCDerived.cpp,no,1,0,0,0
Code/GameEngine/Source/Common/Rva0055E697Get.cpp,yes,0,0,0,0
Code/GameEngine/Source/Common/Rva0055EFE1Ctor.cpp,no,0,0,0,2
Code/GameEngine/Source/Common/Rva0055F197Ctor.cpp,no,3,0,0,0
Code/GameEngine/Source/Common/Rva0055F218Ctor.cpp,no,6,0,0,0
Code/GameEngine/Source/Common/Rva0055F9B4Ctor.cpp,no,2,0,0,0
Code/GameEngine/Source/Common/Rva00564522Xfer.cpp,yes,0,0,0,0
Code/GameEngine/Source/Common/Rva00564C08Loop.cpp,no,1,0,0,0
Code/GameEngine/Source/Common/Rva00565643FillN.cpp,yes,0,0,0,0
Code/GameEngine/Source/Common/Rva00565685FillN.cpp,yes,0,0,0,0
Code/GameEngine/Source/Common/Rva0056574BFill.cpp,no,1,0,0,0
Code/GameEngine/Source/Common/Rva00565770FillN.cpp,yes,0,0,0,0
Code/GameEngine/Source/Common/Rva005657B2Copy.cpp,yes,0,0,0,0
Code/GameEngine/Source/Common/Rva0056644EOverflow.cpp,no,2,0,1,0
Code/GameEngine/Source/Common/Rva00566527Thunk.cpp,yes,0,0,0,0
Code/GameEngine/Source/Common/Rva00566663Copy.cpp,yes,0,0,0,0
Code/GameEngine/Source/Common/Rva00566695Assign.cpp,no,0,0,7,0
Code/GameEngine/Source/Common/Rva00566AB7.cpp,no,0,0,1,0
Code/GameEngine/Source/Common/Rva00566B81EraseRange.cpp,yes,0,0,0,0
Code/GameEngine/Source/Common/Rva00566E6CParse.cpp,no,2,2,0,0
Code/GameEngine/Source/Common/Rva005686C1Getter.cpp,yes,0,0,0,0
Code/GameEngine/Source/Common/Rva00568721Less.cpp,yes,0,0,0,0
Code/GameEngine/Source/Common/Rva00568920Check.cpp,yes,0,0,0,0
Code/GameEngine/Source/Common/Rva00568C36Overlap.cpp,yes,0,0,0,0
Code/GameEngine/Source/Common/Rva0056A9B5GuardedOneSetter.cpp,yes,0,0,0,0
Code/GameEngine/Source/Common/Rva0056AC26Derived.cpp,no,6,0,0,0
Code/GameEngine/Source/Common/Rva0056EE5FRegistry.cpp,no,0,3,1,0
Code/GameEngine/Source/Common/Rva00573117Ctor.cpp,no,1,1,1,0
Code/GameEngine/Source/Common/Rva005734EBCtor.cpp,no,1,1,1,0
Code/GameEngine/Source/Common/Rva005737AFCtor.cpp,no,1,1,1,0
Code/GameEngine/Source/Common/Rva00573A00Set.cpp,no,0,0,0,1
Code/GameEngine/Source/Common/Rva00573A35Xfer.cpp,yes,0,0,0,0
Code/GameEngine/Source/Common/Rva00573B23Dtor.cpp,no,1,1,0,0
Code/GameEngine/Source/Common/Rva00573F9FXfer.cpp,yes,0,0,0,0
Code/GameEngine/Source/Common/Rva0057416BCtor.cpp,yes,0,0,0,0
Code/GameEngine/Source/Common/Rva00574815Ctor.cpp,no,1,0,0,1
Code/GameEngine/Source/Common/Rva00574EA2Method.cpp,yes,0,0,0,0
Code/GameEngine/Source/Common/Rva0057551CCtor.cpp,no,0,0,0,1
Code/GameEngine/Source/Common/Rva00575540Ctor.cpp,no,0,0,0,1
Code/GameEngine/Source/Common/Rva00575674Set.cpp,yes,0,0,0,0
Code/GameEngine/Source/Common/Rva005756B6Ctor.cpp,no,1,0,0,1
Code/GameEngine/Source/Common/Rva0057702EClear.cpp,yes,0,0,0,0
Code/GameEngine/Source/Common/Rva005778E3Acquire.cpp,yes,0,0,0,0
Code/GameEngine/Source/Common/Rva005778FCRelease.cpp,yes,0,0,0,0
Code/GameEngine/Source/Common/Rva00577CA0Fill.cpp,yes,0,0,0,0
Code/GameEngine/Source/Common/Rva005786E7Deleter.cpp,yes,0,0,0,0
Code/GameEngine/Source/Common/Rva00578C0EDerived.cpp,yes,0,0,0,0
Code/GameEngine/Source/Common/Rva00579676Parse.cpp,yes,0,0,0,0
Code/GameEngine/Source/Common/Rva00579E47Delegate.cpp,yes,0,0,0,0
Code/GameEngine/Source/Common/Rva0057A24AFlt.cpp,no,0,0,0,1
Code/GameEngine/Source/Common/Rva0057BC63FunctorHolder.cpp,no,1,0,0,0
Code/GameEngine/Source/Common/Rva0057BCD7Ctor.cpp,no,2,0,0,0
Code/GameEngine/Source/Common/Rva00583015Destroy.cpp,no,1,0,0,0
Code/GameEngine/Source/Common/Rva005830AE.cpp,no,8,2,1,0
Code/GameEngine/Source/Common/Rva00583202Timeout.cpp,no,3,4,1,1
Code/GameEngine/Source/Common/Rva005832D0MapName.cpp,no,1,2,1,1
Code/GameEngine/Source/Common/Rva00583A72Set.cpp,yes,0,0,0,0
Code/GameEngine/Source/Common/Rva00583A84FillN.cpp,yes,0,0,0,0
Code/GameEngine/Source/Common/Rva00583B11Copy.cpp,yes,0,0,0,0
Code/GameEngine/Source/Common/Rva00583B54FillN.cpp,yes,0,0,0,0
Code/GameEngine/Source/Common/Rva0058731DCheck.cpp,no,2,0,0,0
Code/GameEngine/Source/Common/Rva00587375Copy.cpp,yes,0,0,0,0
Code/GameEngine/Source/Common/Rva00587410Copy.cpp,yes,0,0,0,0
Code/GameEngine/Source/Common/Rva00587422Fill.cpp,yes,0,0,0,0
Code/GameEngine/Source/Common/Rva00587599Copy.cpp,yes,0,0,0,0
Code/GameEngine/Source/Common/Rva005875DCFill.cpp,yes,0,0,0,0
Code/GameEngine/Source/Common/Rva00589051Xfer.cpp,yes,0,0,0,0
Code/GameEngine/Source/Common/Rva00589079Derived.cpp,no,13,0,0,0
Code/GameEngine/Source/Common/Rva00589079Xfer.cpp,yes,0,0,0,0
Code/GameEngine/Source/Common/Rva005890A6Pause.cpp,yes,0,0,0,0
Code/GameEngine/Source/Common/Rva0058A0F4Derived.cpp,no,3,0,0,0
Code/GameEngine/Source/Common/Rva0058A0F4Dtor.cpp,no,3,0,4,0
Code/GameEngine/Source/Common/Rva0058AD7ABase.cpp,yes,0,0,0,0
Code/GameEngine/Source/Common/Rva0058AD7ACtor.cpp,no,0,0,1,0
Code/GameEngine/Source/Common/Rva0059534ACleanup.cpp,yes,0,0,0,0
Code/GameEngine/Source/Common/Rva00596095Bits.cpp,yes,0,0,0,0
Code/GameEngine/Source/Common/Rva005961D6Ctor.cpp,yes,0,0,0,0
Code/GameEngine/Source/Common/Rva005965A5Ctor.cpp,yes,0,0,0,0
Code/GameEngine/Source/Common/Rva0059675ADtor.cpp,no,0,1,1,0
Code/GameEngine/Source/Common/Rva00596CDFDtor.cpp,no,0,1,1,0
Code/GameEngine/Source/Common/Rva00596CEAXfer.cpp,yes,0,0,0,0
Code/GameEngine/Source/Common/Rva00596F18Dtor.cpp,no,0,1,1,0
Code/GameEngine/Source/Common/Rva0059734BDerived.cpp,yes,0,0,0,0
Code/GameEngine/Source/Common/Rva0059A71CMethod.cpp,no,1,0,10,0
Code/GameEngine/Source/Common/Rva0059B072Dtor.cpp,yes,0,0,0,0
Code/GameEngine/Source/Common/Rva0059B0DDConcat.cpp,no,3,0,0,0
Code/GameEngine/Source/Common/Rva0059B3C1Write.cpp,yes,0,0,0,0
Code/GameEngine/Source/Common/Rva0059B3E9Write.cpp,yes,0,0,0,0
Code/GameEngine/Source/Common/Rva0059B7CBCtor.cpp,no,1,0,0,0
Code/GameEngine/Source/Common/Rva0059BD2DCopy.cpp,yes,0,0,0,0
Code/GameEngine/Source/Common/Rva0059BD58Free.cpp,yes,0,0,0,0
Code/GameEngine/Source/Common/Rva0059D74BNormalize.cpp,no,1,0,0,0
Code/GameEngine/Source/Common/Rva0059E2FDContains.cpp,yes,0,0,0,0
Code/GameEngine/Source/Common/Rva0059E8A1Parse.cpp,no,0,0,10,0
Code/GameEngine/Source/Common/Rva0059EF62Set.cpp,yes,0,0,0,0
Code/GameEngine/Source/Common/Rva0059F20BSet.cpp,no,2,3,1,0
Code/GameEngine/Source/Common/Rva0059F2EBAssign.cpp,no,0,1,1,0
Code/GameEngine/Source/Common/Rva0059F479Copy.cpp,yes,0,0,0,0
Code/GameEngine/Source/Common/Rva0059FC9FFind.cpp,no,1,1,0,0
Code/GameEngine/Source/Common/Rva0059FF9DDo.cpp,no,3,0,0,0
Code/GameEngine/Source/Common/Rva005A0B4CListAppend.cpp,no,0,0,1,0
Code/GameEngine/Source/Common/Rva005A6709Predicate.cpp,yes,0,0,0,0
Code/GameEngine/Source/Common/Rva005A7A90Ctor.cpp,yes,0,0,0,0
Code/GameEngine/Source/Common/Rva005AA55DDtor.cpp,no,0,1,0,0
Code/GameEngine/Source/Common/Rva005AFE3FDerived.cpp,no,1,0,0,0
Code/GameEngine/Source/Common/Rva005AFE86Ctor.cpp,no,1,0,0,1
Code/GameEngine/Source/Common/Rva005B01D3Lerp.cpp,yes,0,0,0,0
Code/GameEngine/Source/Common/Rva005B1A00Ctor.cpp,yes,0,0,0,0
Code/GameEngine/Source/Common/Rva005B266DCtor.cpp,yes,0,0,0,0
Code/GameEngine/Source/Common/Rva005B4BDB.cpp,no,0,2,0,0
Code/GameEngine/Source/Common/Rva005B61B3Comparer.cpp,yes,0,0,0,0
Code/GameEngine/Source/Common/Rva005B62DBPartition.cpp,yes,0,0,0,0
Code/GameEngine/Source/Common/Rva005B6324Insert.cpp,yes,0,0,0,0
Code/GameEngine/Source/Common/Rva005B6353Adjust.cpp,yes,0,0,0,0
Code/GameEngine/Source/Common/Rva005B639FGuarded.cpp,yes,0,0,0,0
Code/GameEngine/Source/Common/Rva005B63E4Sort.cpp,yes,0,0,0,0
Code/GameEngine/Source/Common/Rva005B6409Heap.cpp,yes,0,0,0,0
Code/GameEngine/Source/Common/Rva005B646ASort.cpp,yes,0,0,0,0
Code/GameEngine/Source/Common/Rva005B649ASort.cpp,yes,0,0,0,0
Code/GameEngine/Source/Common/Rva005B64B5Pop.cpp,yes,0,0,0,0
Code/GameEngine/Source/Common/Rva005B6521Pop.cpp,yes,0,0,0,0
Code/GameEngine/Source/Common/Rva005B6543Final.cpp,yes,0,0,0,0
Code/GameEngine/Source/Common/Rva005B65ADPop.cpp,yes,0,0,0,0
Code/GameEngine/Source/Common/Rva005B72E7Dtor.cpp,no,1,0,0,0
Code/GameEngine/Source/Common/Rva005B77F1Dtor.cpp,no,0,1,7,0
Code/GameEngine/Source/Common/Rva005BA36DGet.cpp,no,1,0,0,0
Code/GameEngine/Source/Common/Rva005C18F0Dtor.cpp,no,0,2,2,0
Code/GameEngine/Source/Common/Rva005C1A36Dtor.cpp,no,0,1,1,0
Code/GameEngine/Source/Common/Rva005C3549Dtor.cpp,no,0,1,0,0
Code/GameEngine/Source/Common/Rva005C3975Ctor.cpp,yes,0,0,0,0
Code/GameEngine/Source/Common/Rva005C39C4TreeHint.cpp,yes,0,0,0,0
Code/GameEngine/Source/Common/Rva005C436EDispatch.cpp,no,3,2,1,2
Code/GameEngine/Source/Common/Rva005C4469Xfer.cpp,yes,0,0,0,0
Code/GameEngine/Source/Common/Rva005C45D2Xfer.cpp,yes,0,0,0,0
Code/GameEngine/Source/Common/Rva005C4808Xfer.cpp,yes,0,0,0,0
Code/GameEngine/Source/Common/Rva005C48D0Ctor.cpp,no,0,0,0,1
Code/GameEngine/Source/Common/Rva005C4986Ctor.cpp,no,0,0,0,2
Code/GameEngine/Source/Common/Rva005C4B56.cpp,yes,0,0,0,0
Code/GameEngine/Source/Common/Rva005C702DRead.cpp,yes,0,0,0,0
Code/GameEngine/Source/Common/Rva005C706AWrite.cpp,yes,0,0,0,0
Code/GameEngine/Source/Common/Rva005C743BCompare.cpp,yes,0,0,0,0
Code/GameEngine/Source/Common/Rva005C76C0Ctor.cpp,yes,0,0,0,0
Code/GameEngine/Source/Common/Rva005CB23CBase.cpp,yes,0,0,0,0
Code/GameEngine/Source/Common/Rva005CB23CDerived.cpp,no,0,3,0,0
Code/GameEngine/Source/Common/Rva005CB4E6ElemCtor.cpp,yes,0,0,0,0
Code/GameEngine/Source/Common/Rva005CB8D4Ctor.cpp,yes,0,0,0,0
Code/GameEngine/Source/Common/Rva005CBA04Ctor.cpp,yes,0,0,0,0
Code/GameEngine/Source/Common/Rva005CCC07Dtor.cpp,yes,0,0,0,0
Code/GameEngine/Source/Common/Rva005CCC69Dtor.cpp,no,0,1,0,0
Code/GameEngine/Source/Common/Rva005CD0FEElemCtor.cpp,yes,0,0,0,0
Code/GameEngine/Source/Common/Rva005CD1A9Ctor.cpp,yes,0,0,0,0
Code/GameEngine/Source/Common/Rva005CD651Ctor.cpp,no,2,0,0,0
Code/GameEngine/Source/Common/Rva005CD708Notify.cpp,yes,0,0,0,0
Code/GameEngine/Source/Common/Rva005CD7BDCtor.cpp,yes,0,0,0,0
Code/GameEngine/Source/Common/Rva005CDB8FCtor.cpp,no,1,0,0,0
Code/GameEngine/Source/Common/Rva005CDF6CCtor.cpp,no,1,0,0,0
Code/GameEngine/Source/Common/Rva005D242FDtor.cpp,no,0,1,0,0
Code/GameEngine/Source/Common/Rva005D2462Ctor.cpp,yes,0,0,0,0
Code/GameEngine/Source/Common/Rva005D2F96Build.cpp,yes,0,0,0,0
Code/GameEngine/Source/Common/Rva005D2FD0Apt.cpp,no,4,3,0,0
Code/GameEngine/Source/Common/Rva005D38C8Fetch.cpp,no,5,5,0,0
Code/GameEngine/Source/Common/Rva005D3B9APortrait.cpp,no,2,2,0,0
Code/GameEngine/Source/Common/Rva005D3F6DSetter.cpp,yes,0,0,0,0
Code/GameEngine/Source/Common/Rva005D3FBDBitSetter.cpp,yes,0,0,0,0
Code/GameEngine/Source/Common/Rva005D3FE4FloatSetter.cpp,yes,0,0,0,0
Code/GameEngine/Source/Common/Rva005D4EC6Dtor.cpp,yes,0,0,0,0
Code/GameEngine/Source/Common/Rva005D583CCtor.cpp,no,1,0,0,3
Code/GameEngine/Source/Common/Rva005D5853Swap.cpp,yes,0,0,0,0
Code/GameEngine/Source/Common/Rva005D59F0Rank.cpp,no,3,3,3,2
Code/GameEngine/Source/Common/Rva005D5A7EComparator.cpp,yes,0,0,0,0
Code/GameEngine/Source/Common/Rva005D5BA3PushHeap.cpp,yes,0,0,0,0
Code/GameEngine/Source/Common/Rva005D64D9MakeHeap.cpp,yes,0,0,0,0
Code/GameEngine/Source/Common/Rva005D7D88Derived.cpp,yes,0,0,0,0
Code/GameEngine/Source/Common/Rva005D8964Derived.cpp,yes,0,0,0,0
Code/GameEngine/Source/Common/Rva005D896FGet_muse-1b6d.cpp,yes,0,0,0,0
Code/GameEngine/Source/Common/Rva005D9DC1Ctor.cpp,yes,0,0,0,0
Code/GameEngine/Source/Common/Rva005D9DC1Derived.cpp,yes,0,0,0,0
Code/GameEngine/Source/Common/Rva005DA831Ctor.cpp,no,1,0,0,0
Code/GameEngine/Source/Common/Rva005DAAB6Slot15.cpp,no,3,0,0,0
Code/GameEngine/Source/Common/Rva005DAC85Dtor.cpp,no,14,0,0,0
Code/GameEngine/Source/Common/Rva005DB004Copy.cpp,yes,0,0,0,0
Code/GameEngine/Source/Common/Rva005DB023Chain.cpp,yes,0,0,0,0
Code/GameEngine/Source/Common/Rva005DB100Dtor.cpp,no,0,1,0,0
Code/GameEngine/Source/Common/Rva005DB8F7Set.cpp,yes,0,0,0,0
Code/GameEngine/Source/Common/Rva005DB98EGet.cpp,yes,0,0,0,0
Code/GameEngine/Source/Common/Rva005DBBA5Get.cpp,yes,0,0,0,0
Code/GameEngine/Source/Common/Rva005DBCA6Get.cpp,yes,0,0,0,0
Code/GameEngine/Source/Common/Rva005DBD4FUninitCopy.cpp,yes,0,0,0,0
Code/GameEngine/Source/Common/Rva005DBD78FillN.cpp,yes,0,0,0,0
Code/GameEngine/Source/Common/Rva005DC73CDerived.cpp,yes,0,0,0,0
Code/GameEngine/Source/Common/Rva005DC87BDerived.cpp,yes,0,0,0,0
Code/GameEngine/Source/Common/Rva005DCB27Derived.cpp,yes,0,0,0,0
Code/GameEngine/Source/Common/Rva005DCBE3Derived.cpp,yes,0,0,0,0
Code/GameEngine/Source/Common/Rva005DCC24Derived.cpp,yes,0,0,0,0
Code/GameEngine/Source/Common/Rva005DD1EADtor.cpp,no,0,1,1,0
Code/GameEngine/Source/Common/Rva005DD772Ctor.cpp,no,1,5,0,0
Code/GameEngine/Source/Common/Rva005DDC6BSum.cpp,no,1,0,0,0
Code/GameEngine/Source/Common/Rva005E16DA.cpp,no,2,0,0,0
Code/GameEngine/Source/Common/Rva005E2138.cpp,yes,0,0,0,0
Code/GameEngine/Source/Common/Rva005E2D74.cpp,no,2,3,0,0
Code/GameEngine/Source/Common/Rva005E36A0Write.cpp,yes,0,0,0,0
Code/GameEngine/Source/Common/Rva005E36EAMat.cpp,no,2,0,0,0
Code/GameEngine/Source/Common/Rva005E59FCCopy.cpp,yes,0,0,0,0
Code/GameEngine/Source/Common/Rva005ED310Get.cpp,no,2,3,3,1
Code/GameEngine/Source/Common/Rva005ED445Apt.cpp,no,4,2,0,0
Code/GameEngine/Source/Common/Rva005ED708Apt.cpp,no,1,1,0,0
Code/GameEngine/Source/Common/Rva005EE2A0Ctor.cpp,yes,0,0,0,0
Code/GameEngine/Source/Common/Rva005EE2A0Derived.cpp,yes,0,0,0,0
Code/GameEngine/Source/Common/Rva005EE30CChain.cpp,yes,0,0,0,0
Code/GameEngine/Source/Common/Rva005EE30CCtor.cpp,yes,0,0,0,0
Code/GameEngine/Source/Common/Rva005EE30CDerived.cpp,yes,0,0,0,0
Code/GameEngine/Source/Common/Rva005EE30CDerivedCtors_muse-1b6d.cpp,yes,0,0,0,0
Code/GameEngine/Source/Common/Rva005EE317RandomDir.cpp,yes,0,0,0,0
Code/GameEngine/Source/Common/Rva005EE9CEClear.cpp,yes,0,0,0,0
Code/GameEngine/Source/Common/Rva005EEDAACtor.cpp,yes,0,0,0,0
Code/GameEngine/Source/Common/Rva005EEDAADerived.cpp,yes,0,0,0,0
Code/GameEngine/Source/Common/Rva005EEE33Ctor.cpp,yes,0,0,0,0
Code/GameEngine/Source/Common/Rva005EEE33Derived.cpp,yes,0,0,0,0
Code/GameEngine/Source/Common/Rva005EEFA9Copy.cpp,yes,0,0,0,0
Code/GameEngine/Source/Common/Rva005EEFD2Assign.cpp,yes,0,0,0,0
Code/GameEngine/Source/Common/Rva005EF000CopyBackward.cpp,yes,0,0,0,0
Code/GameEngine/Source/Common/Rva005EF4C0Copy.cpp,yes,0,0,0,0
Code/GameEngine/Source/Common/Rva005EF5EFClear.cpp,no,1,0,0,0
Code/GameEngine/Source/Common/Rva005F002CImageFind.cpp,no,0,0,0,2
Code/GameEngine/Source/Common/Rva005F0152ImageGet.cpp,no,1,0,0,1
Code/GameEngine/Source/Common/Rva005F05E6Indexer.cpp,yes,0,0,0,0
Code/GameEngine/Source/Common/Rva005F0647Deleting.cpp,no,0,1,1,3
Code/GameEngine/Source/Common/Rva005F120FFree.cpp,yes,0,0,0,0
Code/GameEngine/Source/Common/Rva005F17C6Build.cpp,yes,0,0,0,0
Code/GameEngine/Source/Common/Rva005F2278MapContains.cpp,no,0,0,5,0
Code/GameEngine/Source/Common/Rva005F3F41Setter.cpp,yes,0,0,0,0
Code/GameEngine/Source/Common/Rva005F4AD7Dtor.cpp,yes,0,0,0,0
Code/GameEngine/Source/Common/Rva005F7750Dtor.cpp,no,1,0,0,0
Code/GameEngine/Source/Common/Rva005F8F96Dtor.cpp,yes,0,0,0,0
Code/GameEngine/Source/Common/Rva005F9364Region.cpp,no,4,2,0,0
Code/GameEngine/Source/Common/Rva005FA393Dtor.cpp,no,1,0,0,0
Code/GameEngine/Source/Common/Rva005FB22BCtor.cpp,no,1,0,0,0
Code/GameEngine/Source/Common/Rva005FCBitAccess.cpp,yes,0,0,0,0
Code/GameEngine/Source/Common/Rva005FCBitThunks.cpp,yes,0,0,0,0
Code/GameEngine/Source/Common/Rva005FD788Apt.cpp,no,4,2,0,0
Code/GameEngine/Source/Common/Rva005FDF1CApt.cpp,no,3,2,0,0
Code/GameEngine/Source/Common/Rva006003A5.cpp,yes,0,0,0,0
Code/GameEngine/Source/Common/Rva006003FCDtor.cpp,yes,0,0,0,0
Code/GameEngine/Source/Common/Rva0060061ADtor.cpp,no,2,0,0,0
Code/GameEngine/Source/Common/Rva00600676Get.cpp,no,1,0,0,0
Code/GameEngine/Source/Common/Rva006007A5Free.cpp,yes,0,0,0,0
Code/GameEngine/Source/Common/Rva0060C3C3Bind.cpp,yes,0,0,0,0
Code/GameEngine/Source/Common/Rva0060C45EClear.cpp,yes,0,0,0,0
Code/GameEngine/Source/Common/Rva00614200Identity.cpp,yes,0,0,0,0
Code/GameEngine/Source/Common/Rva00625840Init.cpp,yes,0,0,0,0
Code/GameEngine/Source/Common/Rva00627AA0Call.cpp,yes,0,0,0,0
Code/GameEngine/Source/Common/Rva0062AF7Rva0027D815.cpp,no,1,0,0,2
Code/GameEngine/Source/Common/Rva00630D60Assign.cpp,no,1,0,0,0
Code/GameEngine/Source/Common/Rva00662950CopyPair.cpp,yes,0,0,0,0
Code/GameEngine/Source/Common/Rva0066B100Get.cpp,yes,0,0,0,0
Code/GameEngine/Source/Common/Rva0066B3E0Adj.cpp,yes,0,0,0,0
Code/GameEngine/Source/Common/Rva00690FF0Handle.cpp,no,2,0,0,0
Code/GameEngine/Source/Common/Rva00699180Volume_Refresh.cpp,no,0,0,0,2
Code/GameEngine/Source/Common/Rva006BCE40Destructor.cpp,yes,0,0,0,0
Code/GameEngine/Source/Common/Rva006BD490RawDispatch.cpp,no,0,0,0,1
Code/GameEngine/Source/Common/Rva006BE2E0Copy.cpp,yes,0,0,0,0
Code/GameEngine/Source/Common/Rva006C0800.cpp,yes,0,0,0,0
Code/GameEngine/Source/Common/Rva006C0810.cpp,yes,0,0,0,0
Code/GameEngine/Source/Common/Rva006C0820.cpp,yes,0,0,0,0
Code/GameEngine/Source/Common/Rva006C0DA0.cpp,yes,0,0,0,0
Code/GameEngine/Source/Common/Rva006C17B0.cpp,yes,0,0,0,0
Code/GameEngine/Source/Common/Rva006C1850Find.cpp,yes,0,0,0,0
Code/GameEngine/Source/Common/Rva006C1F60.cpp,yes,0,0,0,0
Code/GameEngine/Source/Common/Rva006CC110Log.cpp,no,1,0,0,0
Code/GameEngine/Source/Common/Rva006CC950Mouse.cpp,no,3,0,0,0
Code/GameEngine/Source/Common/Rva006CD460Free.cpp,no,1,0,0,0
Code/GameEngine/Source/Common/Rva006CDBD0Pop.cpp,no,1,0,0,0
Code/GameEngine/Source/Common/Rva006D0320Release.cpp,no,2,0,0,0
Code/GameEngine/Source/Common/Rva006D63C0Derived.cpp,no,1,0,0,0
Code/GameEngine/Source/Common/Rva006D6470Derived.cpp,no,1,0,0,0
Code/GameEngine/Source/Common/Rva006D8510DeletingDtor.cpp,no,1,1,1,0
Code/GameEngine/Source/Common/Rva006D86F0DeletingDtor.cpp,no,1,1,1,0
Code/GameEngine/Source/Common/Rva006D88B0DeletingDtor.cpp,no,1,1,1,0
Code/GameEngine/Source/Common/Rva006DB2F0Set.cpp,yes,0,0,0,0
Code/GameEngine/Source/Common/Rva006DB3C0DeletingDtor.cpp,no,2,0,1,0
Code/GameEngine/Source/Common/Rva006DE150Clear.cpp,no,1,0,0,0
Code/GameEngine/Source/Common/Rva006DE2B0Slot11.cpp,yes,0,0,0,0
Code/GameEngine/Source/Common/Rva006DE2B0Slot7.cpp,yes,0,0,0,0
Code/GameEngine/Source/Common/Rva006DE350Derived.cpp,no,0,5,0,0
Code/GameEngine/Source/Common/Rva006F1360Derived.cpp,yes,0,0,0,0
Code/GameEngine/Source/Common/Rva006F1360Dtor.cpp,no,1,0,0,0
Code/GameEngine/Source/Common/Rva006F8460Dtor.cpp,no,1,1,0,1
Code/GameEngine/Source/Common/Rva006F84C0DeletingDtor.cpp,no,0,0,0,1
Code/GameEngine/Source/Common/Rva006FB9B0DeletingDtor.cpp,no,1,1,1,0
Code/GameEngine/Source/Common/Rva006FBA10DeletingDtor.cpp,no,1,1,1,0
Code/GameEngine/Source/Common/Rva006FBC30Slot13.cpp,yes,0,0,0,0
Code/GameEngine/Source/Common/Rva006FBC90OwnerDtor.cpp,no,1,0,0,0
Code/GameEngine/Source/Common/Rva006FD510MeshMatDescGetTexture.cpp,no,1,0,1,0
Code/GameEngine/Source/Common/Rva0070A5C0Find.cpp,no,1,0,0,0
Code/GameEngine/Source/Common/Rva0070DF80Slot13.cpp,yes,0,0,0,0
Code/GameEngine/Source/Common/Rva0070DFB0Pred.cpp,no,1,0,0,0
Code/GameEngine/Source/Common/Rva0070DFF0Reg.cpp,no,1,0,0,0
Code/GameEngine/Source/Common/Rva00711330Dtor.cpp,no,1,0,0,0
Code/GameEngine/Source/Common/Rva0073B660False.cpp,yes,0,0,0,0
Code/GameEngine/Source/Common/Rva0073DAB0Set.cpp,yes,0,0,0,0
Code/GameEngine/Source/Common/Rva0073F778Thread.cpp,no,1,0,0,0
Code/GameEngine/Source/Common/Rva0073F96ADtor.cpp,no,3,0,0,0
Code/GameEngine/Source/Common/Rva0074011FRelease.cpp,yes,0,0,0,0
Code/GameEngine/Source/Common/Rva00740169.cpp,yes,0,0,0,0
Code/GameEngine/Source/Common/Rva007401A3Set.cpp,yes,0,0,0,0
Code/GameEngine/Source/Common/Rva007401F6Dtor.cpp,no,0,2,1,1
Code/GameEngine/Source/Common/Rva00740242Dtor.cpp,no,0,1,1,0
Code/GameEngine/Source/Common/Rva00740A45Create.cpp,yes,0,0,0,0
Code/GameEngine/Source/Common/Rva00740A60Get.cpp,yes,0,0,0,0
Code/GameEngine/Source/Common/Rva00740EA1Distance.cpp,yes,0,0,0,0
Code/GameEngine/Source/Common/Rva00751B90Get.cpp,yes,0,0,0,0
Code/GameEngine/Source/Common/Rva00752630Copy.cpp,no,1,0,0,0
Code/GameEngine/Source/Common/Rva00758210Thunks.cpp,yes,0,0,0,0
Code/GameEngine/Source/Common/Rva007589F0Collect.cpp,yes,0,0,0,0
Code/GameEngine/Source/Common/Rva00758B20Collect.cpp,yes,0,0,0,0
Code/GameEngine/Source/Common/Rva0075B1A0Bit.cpp,yes,0,0,0,0
Code/GameEngine/Source/Common/Rva00785140HandleDestructor.cpp,no,1,1,0,0
Code/GameEngine/Source/Common/Rva00789900Init.cpp,no,1,0,0,0
Code/GameEngine/Source/Common/Rva007AE4A0Interpolate.cpp,yes,0,0,0,0
Code/GameEngine/Source/Common/Rva007AE5E0RefPtr.cpp,yes,0,0,0,0
Code/GameEngine/Source/Common/Rva007AECC0Slot.cpp,yes,0,0,0,0
Code/GameEngine/Source/Common/Rva007AED00UpdateOffsets.cpp,yes,0,0,0,0
Code/GameEngine/Source/Common/Rva007AFF00OwnerDtor.cpp,no,0,1,0,0
Code/GameEngine/Source/Common/Rva007B6610.cpp,no,1,0,0,2
Code/GameEngine/Source/Common/Rva007B6880Thunks.cpp,no,9,0,2,0
Code/GameEngine/Source/Common/Rva007BBDB0Str.cpp,yes,0,0,0,0
Code/GameEngine/Source/Common/Rva007C454Ctor.cpp,no,2,0,4,0
Code/GameEngine/Source/Common/Rva007D6B70FilterShutdown.cpp,yes,0,0,0,0
Code/GameEngine/Source/Common/Rva007D85C0FilterShutdown.cpp,yes,0,0,0,0
Code/GameEngine/Source/Common/Rva007E3410VirtualCall.cpp,yes,0,0,0,0
Code/GameEngine/Source/Common/Rva007E8810Ctor.cpp,no,2,0,0,0
Code/GameEngine/Source/Common/Rva007E8980Guard.cpp,yes,0,0,0,0
Code/GameEngine/Source/Common/Rva007E9A50Lookups.cpp,no,8,0,0,0
Code/GameEngine/Source/Common/Rva007EB270Shutdown.cpp,no,3,0,0,0
Code/GameEngine/Source/Common/Rva007EB2C0ObjectDestructor.cpp,no,1,0,0,0
Code/GameEngine/Source/Common/Rva007EB310Destroy.cpp,no,4,0,0,0
Code/GameEngine/Source/Common/Rva007EB6E0VirtualTail.cpp,yes,0,0,0,0
Code/GameEngine/Source/Common/Rva007EB6F0VirtualTail.cpp,yes,0,0,0,0
Code/GameEngine/Source/Common/Rva007EB700VirtualTail.cpp,yes,0,0,0,0
Code/GameEngine/Source/Common/Rva007EB830GlobalRelease.cpp,no,1,0,0,0
Code/GameEngine/Source/Common/Rva007EFF60CallbackDispatch.cpp,yes,0,0,0,0
Code/GameEngine/Source/Common/Rva007F0060GlobalRelease.cpp,no,1,0,0,0
Code/GameEngine/Source/Common/Rva007F00B0AllocatorInit.cpp,no,1,0,0,3
Code/GameEngine/Source/Common/Rva007F0210Set.cpp,yes,0,0,0,0
Code/GameEngine/Source/Common/Rva007F2C10RankSerialize.cpp,no,1,0,0,0
Code/GameEngine/Source/Common/Rva007F3850Constructor.cpp,no,4,1,0,0
Code/GameEngine/Source/Common/Rva007F3980AttributeSerialize.cpp,no,1,0,0,0
Code/GameEngine/Source/Common/Rva007F4B80Eq.cpp,yes,0,0,0,0
Code/GameEngine/Source/Common/Rva007F4DA0Ctor.cpp,no,2,1,0,0
Code/GameEngine/Source/Common/Rva007F5700ValueAndStateSetter.cpp,yes,0,0,0,0
Code/GameEngine/Source/Common/Rva007F57C0ThresholdPredicate.cpp,yes,0,0,0,0
Code/GameEngine/Source/Common/Rva007F63D0Set.cpp,yes,0,0,0,0
Code/GameEngine/Source/Common/Rva007F70F0Get.cpp,yes,0,0,0,0
Code/GameEngine/Source/Common/Rva007F7160Get.cpp,yes,0,0,0,0
Code/GameEngine/Source/Common/Rva007FAC90CallWrapper.cpp,yes,0,0,0,0
Code/GameEngine/Source/Common/Rva008008C0ClearFields.cpp,yes,0,0,0,0
Code/GameEngine/Source/Common/Rva00800A40Owner.cpp,yes,0,0,0,0
Code/GameEngine/Source/Common/Rva00801430ClearFields.cpp,yes,0,0,0,0
Code/GameEngine/Source/Common/Rva00802910Forwarder.cpp,yes,0,0,0,0
Code/GameEngine/Source/Common/Rva00813E30Wrap.cpp,yes,0,0,0,0
Code/GameEngine/Source/Common/Rva008143A0Set.cpp,yes,0,0,0,0
Code/GameEngine/Source/Common/Rva00815730Set.cpp,yes,0,0,0,0
Code/GameEngine/Source/Common/Rva0081C2F0Set.cpp,yes,0,0,0,0
Code/GameEngine/Source/Common/Rva0081D3E0CallbackForward.cpp,yes,0,0,0,0
Code/GameEngine/Source/Common/Rva0081D520Owner.cpp,yes,0,0,0,0
Code/GameEngine/Source/Common/Rva0082B290Slot.cpp,yes,0,0,0,0
Code/GameEngine/Source/Common/Rva0082BC30Empty.cpp,yes,0,0,0,0
Code/GameEngine/Source/Common/Rva0082BE40Copy.cpp,no,1,0,0,0
Code/GameEngine/Source/Common/Rva0082BE60FillN.cpp,no,1,0,0,0
Code/GameEngine/Source/Common/Rva0082BEC0Copy.cpp,yes,0,0,0,0
Code/GameEngine/Source/Common/Rva0082C000Add.cpp,yes,0,0,0,0
Code/GameEngine/Source/Common/Rva0082C160Deref.cpp,yes,0,0,0,0
Code/GameEngine/Source/Common/Rva0082C300At.cpp,no,1,0,0,0
Code/GameEngine/Source/Common/Rva0082C360Pop.cpp,yes,0,0,0,0
Code/GameEngine/Source/Common/Rva0082C6E0VectorErase.cpp,no,1,0,0,0
Code/GameEngine/Source/Common/Rva0082C740Find.cpp,yes,0,0,0,0
Code/GameEngine/Source/Common/Rva0082D9D0Add.cpp,yes,0,0,0,0
Code/GameEngine/Source/Common/Rva0084D200Alloc.cpp,yes,0,0,0,0
Code/GameEngine/Source/Common/Rva00857BA0PlayerReady.cpp,yes,0,0,0,0
Code/GameEngine/Source/Common/Rva008747F0RandomFill.cpp,no,0,0,0,1
Code/GameEngine/Source/Common/Rva008793B0ClockDelta.cpp,yes,0,0,0,0
Code/GameEngine/Source/Common/Rva008793C0Div.cpp,yes,0,0,0,0
Code/GameEngine/Source/Common/Rva0087DC00Get.cpp,yes,0,0,0,0
Code/GameEngine/Source/Common/Rva0087E150At.cpp,no,1,0,0,0
Code/GameEngine/Source/Common/Rva0087EAA0Copy.cpp,no,1,0,0,0
Code/GameEngine/Source/Common/Rva0087EAA0Fill.cpp,yes,0,0,0,0
Code/GameEngine/Source/Common/Rva0087EBB0Max.cpp,no,2,0,0,0
Code/GameEngine/Source/Common/Rva0087F270GeometryRecordUpdate.cpp,no,1,0,0,0
Code/GameEngine/Source/Common/Rva0087F4D0Copy.cpp,no,1,0,0,0
Code/GameEngine/Source/Common/Rva0087F520Fill.cpp,no,1,0,0,0
Code/GameEngine/Source/Common/Rva0087F9C0Flag.cpp,no,2,0,0,0
Code/GameEngine/Source/Common/Rva0087FA50UpdateFlags.cpp,no,1,0,0,0
Code/GameEngine/Source/Common/Rva0087FB90Erase.cpp,no,1,0,0,0
Code/GameEngine/Source/Common/Rva0087FF50Push.cpp,no,2,0,0,0
Code/GameEngine/Source/Common/Rva0087FFC0Copy.cpp,no,1,0,0,0
Code/GameEngine/Source/Common/Rva00880260Resize.cpp,no,3,0,0,0
Code/GameEngine/Source/Common/Rva00880440Push.cpp,no,2,0,0,0
Code/GameEngine/Source/Common/Rva00880D10CircleBoxTest.cpp,yes,0,0,0,0
Code/GameEngine/Source/Common/Rva00880D90SphereOverlap.cpp,yes,0,0,0,0
Code/GameEngine/Source/Common/Rva0088A1F0Broadcast.cpp,yes,0,0,0,0
Code/GameEngine/Source/Common/Rva0088D8E0RecordInitialize.cpp,yes,0,0,0,0
Code/GameEngine/Source/Common/Rva0088D910VirtualDispatch.cpp,no,0,0,0,1
Code/GameEngine/Source/Common/Rva0088D930VirtualDispatch.cpp,no,0,0,0,1
Code/GameEngine/Source/Common/Rva00891CA0ZeroCtor.cpp,yes,0,0,0,0
Code/GameEngine/Source/Common/Rva00891FA0Diagnostics.cpp,no,4,0,0,0
Code/GameEngine/Source/Common/Rva00892500InlinePointerPredicate.cpp,yes,0,0,0,0
Code/GameEngine/Source/Common/Rva00893030ManagerCopyOut.cpp,no,2,0,0,0
Code/GameEngine/Source/Common/Rva00893030RefDispatch.cpp,no,4,0,0,0
Code/GameEngine/Source/Common/Rva00893E70ContainerDestructor.cpp,no,2,0,0,0
Code/GameEngine/Source/Common/Rva008947A0OwnerCtor.cpp,no,3,0,0,0
Code/GameEngine/Source/Common/Rva00894D80IncrementPointer.cpp,yes,0,0,0,0
Code/GameEngine/Source/Common/Rva008951B0Find.cpp,yes,0,0,0,0
Code/GameEngine/Source/Common/Rva00895340InlineContainer.cpp,no,3,0,0,0
Code/GameEngine/Source/Common/Rva00898D60GlobalTail.cpp,no,2,0,0,0
Code/GameEngine/Source/Common/Rva0089CompactHelpers.cpp,yes,0,0,0,0
Code/GameEngine/Source/Common/Rva0089E1E0Cmp.cpp,yes,0,0,0,0
Code/GameEngine/Source/Common/Rva008A1CF0.cpp,yes,0,0,0,0
Code/GameEngine/Source/Common/Rva008A2C80Constructor.cpp,no,6,0,0,0
Code/GameEngine/Source/Common/Rva008A2C80RefDrop.cpp,no,3,1,1,0
Code/GameEngine/Source/Common/Rva008A4630ReleaseGlobals.cpp,no,18,0,0,0
Code/GameEngine/Source/Common/Rva008A47B0ReleaseGlobals.cpp,no,8,0,0,0
Code/GameEngine/Source/Common/Rva008A98B0ReleaseAll.cpp,no,12,0,0,0
Code/GameEngine/Source/Common/Rva008AC6C0Accumulate.cpp,no,1,0,0,0
Code/GameEngine/Source/Common/Rva008ACAC0GlobalReleases.cpp,no,27,0,0,0
Code/GameEngine/Source/Common/Rva008B2BD0ReleaseGlobals.cpp,no,6,0,0,0
Code/GameEngine/Source/Common/Rva008B2EF0Constructors.cpp,no,3,0,0,0
Code/GameEngine/Source/Common/Rva008B8B80ReleaseAll.cpp,no,11,0,0,0
Code/GameEngine/Source/Common/Rva008C3E70CallAdapter.cpp,no,1,0,0,0
Code/GameEngine/Source/Common/Rva008F7B00Get.cpp,yes,0,0,0,0
Code/GameEngine/Source/Common/Rva008F8C30Set.cpp,yes,0,0,0,0
Code/GameEngine/Source/Common/Rva008FC2D0CellReset.cpp,yes,0,0,0,0
Code/GameEngine/Source/Common/Rva0090C280Ctor.cpp,no,0,0,0,1
Code/GameEngine/Source/Common/Rva0090E190Set.cpp,yes,0,0,0,0
Code/GameEngine/Source/Common/Rva0090E250Set.cpp,yes,0,0,0,0
Code/GameEngine/Source/Common/Rva009263F0FourWordCtor.cpp,yes,0,0,0,0
Code/GameEngine/Source/Common/Rva0096D2C0ReadBlock.cpp,no,1,0,0,0
Code/GameEngine/Source/Common/Rva0098477Ctor.cpp,no,0,0,0,1
Code/GameEngine/Source/Common/Rva00990030RecordLookup.cpp,yes,0,0,0,0
Code/GameEngine/Source/Common/Rva00990210RecordLookup.cpp,yes,0,0,0,0
Code/GameEngine/Source/Common/Rva009A2030OwnedRecordDeletingDestructor.cpp,no,3,0,0,0
Code/GameEngine/Source/Common/Rva009A2350Init.cpp,yes,0,0,0,0
Code/GameEngine/Source/Common/Rva009A29A0WindowManager.cpp,yes,0,0,0,0
Code/GameEngine/Source/Common/Rva009A29A0WindowManagerSet.cpp,yes,0,0,0,0
Code/GameEngine/Source/Common/Rva009A3290HashInsert.cpp,yes,0,0,0,0
Code/GameEngine/Source/Common/Rva009A3540TwoKeyHashRemove.cpp,yes,0,0,0,0
Code/GameEngine/Source/Common/Rva009A36F0Owner.cpp,no,1,0,0,0
Code/GameEngine/Source/Common/Rva009A4D00TableInit.cpp,no,6,0,0,4
Code/GameEngine/Source/Common/Rva009A5800Forward.cpp,no,1,0,0,0
Code/GameEngine/Source/Common/Rva009A5AA0InstallFilter.cpp,no,13,0,0,0
Code/GameEngine/Source/Common/Rva009A5C40Initialize.cpp,yes,0,0,0,0
Code/GameEngine/Source/Common/Rva009A6780BuildQuantizers.cpp,no,16,0,0,0
Code/GameEngine/Source/Common/Rva009A6DA0ReleaseBuffers.cpp,yes,0,0,0,0
Code/GameEngine/Source/Common/Rva009A6EC0Release.cpp,yes,0,0,0,0
Code/GameEngine/Source/Common/Rva009A78E0.cpp,yes,0,0,0,0
Code/GameEngine/Source/Common/Rva009A7950.cpp,yes,0,0,0,0
Code/GameEngine/Source/Common/Rva009A7EF0.cpp,yes,0,0,0,0
Code/GameEngine/Source/Common/Rva009A7F60.cpp,yes,0,0,0,0
Code/GameEngine/Source/Common/Rva009A8880Release.cpp,yes,0,0,0,0
Code/GameEngine/Source/Common/Rva009A8910Initialize.cpp,yes,0,0,0,0
Code/GameEngine/Source/Common/Rva009A9070CopyStreams.cpp,no,1,0,0,0
Code/GameEngine/Source/Common/Rva009A9550Expand3to5.cpp,yes,0,0,0,0
Code/GameEngine/Source/Common/Rva009A9720InterpRows2.cpp,yes,0,0,0,0
Code/GameEngine/Source/Common/Rva009A9920Average.cpp,yes,0,0,0,0
Code/GameEngine/Source/Common/Rva009A9960CopyBytes.cpp,yes,0,0,0,0
Code/GameEngine/Source/Common/Rva009A9AD0Scale2D.cpp,no,2,0,0,0
Code/GameEngine/Source/Common/Rva009A9D90ScalePlanes.cpp,yes,0,0,0,0
Code/GameEngine/Source/Common/Rva009AA260Scale.cpp,no,9,0,0,0
Code/GameEngine/Source/Common/Rva009AA750CopyPlanes.cpp,yes,0,0,0,0
Code/GameEngine/Source/Common/Rva009AA8F0Dispatch.cpp,no,2,0,0,0
Code/GameEngine/Source/Common/Rva009AA970DumpRaw.cpp,yes,0,0,0,0
Code/GameEngine/Source/Common/Rva009AA9E0RawDump.cpp,yes,0,0,0,0
Code/GameEngine/Source/Common/Rva009AABB0CodecDispatch.cpp,no,2,0,0,0
Code/GameEngine/Source/Common/Rva009AAC80CodecGrid.cpp,no,1,0,0,0
Code/GameEngine/Source/Common/Rva009AAF80ArithmeticStep.cpp,yes,0,0,0,0
Code/GameEngine/Source/Common/Rva009AAFE0BuildTable.cpp,yes,0,0,0,0
Code/GameEngine/Source/Common/Rva009AB0B0ExpandWeights.cpp,yes,0,0,0,0
Code/GameEngine/Source/Common/Rva009AB200BuildWeights.cpp,yes,0,0,0,0
Code/GameEngine/Source/Common/Rva009AB320BuildTables.cpp,no,1,0,0,0
Code/GameEngine/Source/Common/Rva009AB760Initialize.cpp,yes,0,0,0,0
Code/GameEngine/Source/Common/Rva009AB7F0Reset.cpp,yes,0,0,0,0
Code/GameEngine/Source/Common/Rva009AC240StateInit.cpp,yes,0,0,0,0
Code/GameEngine/Source/Common/Rva009AC4B0AddValue.cpp,no,2,0,0,0
Code/GameEngine/Source/Common/Rva009AC5D0ReadBits.cpp,yes,0,0,0,0
Code/GameEngine/Source/Common/Rva009ACBA0SetupBounding.cpp,yes,0,0,0,0
Code/GameEngine/Source/Common/Rva009ACC40SetupFilter.cpp,no,3,0,0,0
Code/GameEngine/Source/Common/Rva009AF0D0CopyPlane.cpp,no,1,0,0,0
Code/GameEngine/Source/Common/Rva009AF200CopyPlanes.cpp,no,4,0,0,0
Code/GameEngine/Source/Common/Rva009AF320CopyPlanes.cpp,no,5,0,0,0
Code/GameEngine/Source/Common/Rva009AF490SetupBounding.cpp,yes,0,0,0,0
Code/GameEngine/Source/Common/Rva009AF530SetupDispatch.cpp,no,2,0,0,0
Code/GameEngine/Source/Common/Rva009AF570FilterVert.cpp,no,1,0,0,0
Code/GameEngine/Source/Common/Rva009AF6A0FilterHoriz.cpp,no,1,0,0,0
Code/GameEngine/Source/Common/Rva009AF800Fold.cpp,yes,0,0,0,0
Code/GameEngine/Source/Common/Rva009B3800PlaneCopy.cpp,no,5,0,0,0
Code/GameEngine/Source/Common/Rva009B4600DecodeBool.cpp,yes,0,0,0,0
Code/GameEngine/Source/Common/Rva009B4680Normalize.cpp,yes,0,0,0,0
Code/GameEngine/Source/Common/Rva009B47B0ReadBit.cpp,yes,0,0,0,0
Code/GameEngine/Source/Common/Rva009B4800DecodeBool.cpp,yes,0,0,0,0
Code/GameEngine/Source/Common/Rva009B50F0DecodeToken.cpp,yes,0,0,0,0
Code/GameEngine/Source/Common/Rva009B5200DecodeMotionVector.cpp,yes,0,0,0,0
Code/GameEngine/Source/Common/Rva009B5830ReconstructBlock.cpp,no,5,0,0,0
Code/GameEngine/Source/Common/Rva009B5DB0Vp6DecodeBlock.cpp,no,2,0,0,0
Code/GameEngine/Source/Common/Rva009B62A0ExpandTable.cpp,yes,0,0,0,0
Code/GameEngine/Source/Common/Rva009B6320DecodeTree.cpp,yes,0,0,0,0
Code/GameEngine/Source/Common/Rva009B64A0BuildTone.cpp,no,2,0,0,0
Code/GameEngine/Source/Common/Rva009B6950DecodeScale.cpp,yes,0,0,0,0
Code/GameEngine/Source/Common/Rva009B6A30LoadTables.cpp,no,2,0,0,0
Code/GameEngine/Source/Common/Rva009B6D40InitPattern.cpp,yes,0,0,0,0
Code/GameEngine/Source/Common/Rva009BA790.cpp,yes,0,0,0,0
Code/GameEngine/Source/Common/Rva009C3CF0.cpp,yes,0,0,0,0
Code/GameEngine/Source/Common/Rva009C4DF0.cpp,yes,0,0,0,0
Code/GameEngine/Source/Common/Rva009C4E90.cpp,yes,0,0,0,0
Code/GameEngine/Source/Common/Rva009C5360.cpp,yes,0,0,0,0
Code/GameEngine/Source/Common/Rva009C54A0DequantZigzag.cpp,yes,0,0,0,0
Code/GameEngine/Source/Common/Rva009C5CA0FixedPoint.cpp,yes,0,0,0,0
Code/GameEngine/Source/Common/Rva009C6390BinkMmx.cpp,yes,0,0,0,0
Code/GameEngine/Source/Common/Rva009C6470BinkMmx.cpp,yes,0,0,0,0
Code/GameEngine/Source/Common/Rva009C6540BinkMmx.cpp,yes,0,0,0,0
Code/GameEngine/Source/Common/Rva009C6620BinkMmx.cpp,yes,0,0,0,0
Code/GameEngine/Source/Common/Rva009C66F0BinkMmx.cpp,yes,0,0,0,0
Code/GameEngine/Source/Common/Rva009C6780BinkMmx.cpp,yes,0,0,0,0
Code/GameEngine/Source/Common/Rva009C6800.cpp,no,1,0,0,0
Code/GameEngine/Source/Common/Rva009C69D0BinkMmx.cpp,yes,0,0,0,0
Code/GameEngine/Source/Common/Rva009C6A30.cpp,no,1,0,0,0
Code/GameEngine/Source/Common/Rva009C6CB0BinkMmx.cpp,yes,0,0,0,0
Code/GameEngine/Source/Common/Rva009C6D30BinkCopy.cpp,yes,0,0,0,0
Code/GameEngine/Source/Common/Rva009C6F20BinkSse.cpp,yes,0,0,0,0
Code/GameEngine/Source/Common/Rva009C6FC0BinkSse.cpp,yes,0,0,0,0
Code/GameEngine/Source/Common/Rva009C7060BinkSse.cpp,yes,0,0,0,0
Code/GameEngine/Source/Common/Rva009C70D0BinkSse.cpp,yes,0,0,0,0
Code/GameEngine/Source/Common/Rva009C7140BinkSse.cpp,yes,0,0,0,0
Code/GameEngine/Source/Common/Rva009C7200BinkSse.cpp,yes,0,0,0,0
Code/GameEngine/Source/Common/Rva009C72C0BinkSse.cpp,yes,0,0,0,0
Code/GameEngine/Source/Common/Rva009C7320BinkSse.cpp,yes,0,0,0,0
Code/GameEngine/Source/Common/Rva009C7380BinkSse.cpp,no,1,0,0,0
Code/GameEngine/Source/Common/Rva009C7490BinkSse.cpp,yes,0,0,0,0
Code/GameEngine/Source/Common/Rva009C7760BinkSse.cpp,yes,0,0,0,0
Code/GameEngine/Source/Common/Rva009C77C0.cpp,no,2,0,0,0
Code/GameEngine/Source/Common/Rva009C7CC0ButterflySse.cpp,no,2,0,0,0
Code/GameEngine/Source/Common/Rva009C8130ByteDispersion.cpp,yes,0,0,0,0
Code/GameEngine/Source/Common/Rva009C81C0TableInit.cpp,yes,0,0,0,0
Code/GameEngine/Source/Common/Rva009C84D0Vp6Filter.cpp,no,3,0,0,0
Code/GameEngine/Source/Common/Rva009F2AB0Mask.cpp,yes,0,0,0,0
Code/GameEngine/Source/Common/Rva009F2D00Median.cpp,yes,0,0,0,0
Code/GameEngine/Source/Common/Rva009F2D60Median.cpp,yes,0,0,0,0
Code/GameEngine/Source/Common/Rva009F40E0Recursive.cpp,yes,0,0,0,0
Code/GameEngine/Source/Common/Rva009F4130WideQuery.cpp,no,1,0,0,0
Code/GameEngine/Source/Common/Rva009F5970StateCtor.cpp,no,2,0,0,0
Code/GameEngine/Source/Common/Rva009F66F0.cpp,no,1,0,2,0
Code/GameEngine/Source/Common/Rva009F68C6PointerArray.cpp,yes,0,0,0,0
Code/GameEngine/Source/Common/Rva009F6948IndexedSet.cpp,yes,0,0,0,0
Code/GameEngine/Source/Common/Rva00CE12FCMutex.cpp,no,5,0,0,0
Code/GameEngine/Source/Common/Rva00CE1E14BaseCtor.cpp,no,2,0,0,0
Code/GameEngine/Source/Common/Rva00DFF024RegistryLookup56.cpp,no,1,0,0,0
Code/GameEngine/Source/Common/Rva00E08D3CString.cpp,yes,0,0,0,0
Code/GameEngine/Source/Common/Rva14AA50VirtualDispatch.cpp,yes,0,0,0,0
Code/GameEngine/Source/Common/Rva192000SwapUnsignedShort.cpp,yes,0,0,0,0
Code/GameEngine/Source/Common/Rva5322DEFillUnsignedShort.cpp,yes,0,0,0,0
Code/GameEngine/Source/Common/Rva7F4CC0ConstructorThunk.cpp,no,1,0,0,0
Code/GameEngine/Source/Common/Rva8D0D80ResultAdd.cpp,no,1,0,0,0
Code/GameEngine/Source/Common/RvaA22F0FieldReset.cpp,yes,0,0,0,0
Code/GameEngine/Source/Common/S1CallThenMemberStore.cpp,no,1,0,0,0
Code/GameEngine/Source/Common/S1IndirectSlotCalls.cpp,no,2,0,0,0
Code/GameEngine/Source/Common/S1ZeroingConstructors.cpp,yes,0,0,0,0
Code/GameEngine/Source/Common/S2DualVptrDerivedCtors.cpp,no,5,0,0,0
Code/GameEngine/Source/Common/S3AllocatorOperatorNewDelete.cpp,yes,0,0,0,0
Code/GameEngine/Source/Common/S3ArrayOwnerDestructors.cpp,no,1,0,0,0
Code/GameEngine/Source/Common/S3FieldInitialisers.cpp,yes,0,0,0,0
Code/GameEngine/Source/Common/S3GuardedDelegates3.cpp,no,2,0,0,0
Code/GameEngine/Source/Common/S3GuardedSetters.cpp,yes,0,0,0,0
Code/GameEngine/Source/Common/S3GuardedVirtualArgs.cpp,yes,0,0,0,0
Code/GameEngine/Source/Common/S3IteratorMakers.cpp,no,2,0,0,0
Code/GameEngine/Source/Common/S3PolymorphicArrayClear.cpp,yes,0,0,0,0
Code/GameEngine/Source/Common/S3PolymorphicArrayClear128.cpp,yes,0,0,0,0
Code/GameEngine/Source/Common/S3SmallAccessorFamilies.cpp,yes,0,0,0,0
Code/GameEngine/Source/Common/S4TwoMemberDestructors.cpp,no,3,0,0,0
Code/GameEngine/Source/Common/SListTagBlockIndexRemoveAllThunk.cpp,no,1,0,0,0
Code/GameEngine/Source/Common/ScoreKeeperMapCount.cpp,no,0,0,1,0
Code/GameEngine/Source/Common/SideFlagsParseCallbacks.cpp,yes,0,0,0,0
Code/GameEngine/Source/Common/SizedDeleteDestructors.cpp,no,2,0,0,0
Code/GameEngine/Source/Common/SkirmishPreferences.cpp,no,8,10,37,0
Code/GameEngine/Source/Common/Small03bLeafTrio.cpp,yes,0,0,0,0
Code/GameEngine/Source/Common/Small03fFontTwin.cpp,yes,0,0,0,0
Code/GameEngine/Source/Common/SmallGaps/Rva00664EA0FieldSetter.cpp,yes,0,0,0,0
Code/GameEngine/Source/Common/SmallGaps/Rva00664EA0PairSetter.cpp,yes,0,0,0,0
Code/GameEngine/Source/Common/SmallGaps/Rva006D3800HashLower.cpp,yes,0,0,0,0
Code/GameEngine/Source/Common/SmallGaps/Rva007F0910RecordCtor.cpp,yes,0,0,0,0
Code/GameEngine/Source/Common/SmallGaps/Rva007F0F20Ctor.cpp,yes,0,0,0,0
Code/GameEngine/Source/Common/SmallGaps/Rva007F0F80Ctor.cpp,yes,0,0,0,0
Code/GameEngine/Source/Common/SmallGaps/Rva007F5A70VideoBufferValue.cpp,no,1,0,0,0
Code/GameEngine/Source/Common/SmallGaps/Rva007F6A10AllocSlot.cpp,yes,0,0,0,0
Code/GameEngine/Source/Common/SmallGaps/Rva007F9A40GetOrCreateSlot.cpp,yes,0,0,0,0
Code/GameEngine/Source/Common/SmallGaps/Rva008011D0ResetFields.cpp,yes,0,0,0,0
Code/GameEngine/Source/Common/SmallGaps/Rva008063B0AddSlot.cpp,no,1,0,0,0
Code/GameEngine/Source/Common/SmallGaps/Rva00822FB0ParseTag.cpp,yes,0,0,0,0
Code/GameEngine/Source/Common/SmallGaps/Rva00826740ResetTables.cpp,no,2,0,0,0
Code/GameEngine/Source/Common/SmallGaps/Rva00826840ResetTables.cpp,no,2,0,0,0
Code/GameEngine/Source/Common/SmallGaps/Rva0083ED40StreamStateReport.cpp,no,2,0,0,0
Code/GameEngine/Source/Common/SmallGaps/Rva00879270FileProbeStatus.cpp,yes,0,0,0,0
Code/GameEngine/Source/Common/SmallGaps/Rva008792A0CloseFile.cpp,yes,0,0,0,0
Code/GameEngine/Source/Common/SmallGaps/Rva0087DBA0BaseValue.cpp,yes,0,0,0,0
Code/GameEngine/Source/Common/SmallGaps/Rva008809E0Transform2D.cpp,yes,0,0,0,0
Code/GameEngine/Source/Common/SmallGaps/Rva008981E0AptTypeChecks.cpp,yes,0,0,0,0
Code/GameEngine/Source/Common/SmallGaps/Rva008993E0Bit8Access.cpp,yes,0,0,0,0
Code/GameEngine/Source/Common/SmallGaps/Rva008A4570NameCompare.cpp,yes,0,0,0,0
Code/GameEngine/Source/Common/SmallGaps/Rva008AC080NameCompare.cpp,yes,0,0,0,0
Code/GameEngine/Source/Common/SmallGaps/Rva008BAA60FlagConvert.cpp,yes,0,0,0,0
Code/GameEngine/Source/Common/SmallGaps/Rva008BCF90BuildMatrix.cpp,yes,0,0,0,0
Code/GameEngine/Source/Common/SmallGaps/Rva00947170SkinContainerCtor.cpp,yes,0,0,0,0
Code/GameEngine/Source/Common/SmallGaps/Rva00958960AssignRef.cpp,yes,0,0,0,0
Code/GameEngine/Source/Common/SmallGaps/Rva009A2A20TableCtor.cpp,yes,0,0,0,0
Code/GameEngine/Source/Common/SmallGaps/Rva009A2AB0HashIterNext.cpp,yes,0,0,0,0
Code/GameEngine/Source/Common/SmallGaps/Rva009A2B50TableCtor.cpp,yes,0,0,0,0
Code/GameEngine/Source/Common/SmallGaps/Rva009A2BE0HashIterNext.cpp,yes,0,0,0,0
Code/GameEngine/Source/Common/SmallGaps/Rva009A2C30ReleaseNode.cpp,yes,0,0,0,0
Code/GameEngine/Source/Common/SmallGaps/Rva009A3250HashFind.cpp,yes,0,0,0,0
Code/GameEngine/Source/Common/SmallGaps/Rva009A7040Average8x8.cpp,yes,0,0,0,0
Code/GameEngine/Source/Common/SmallGaps/Rva009A7300Subtract8x8.cpp,yes,0,0,0,0
Code/GameEngine/Source/Common/SmallGaps/Rva009A74D0BlockCopies.cpp,yes,0,0,0,0
Code/GameEngine/Source/Common/SmallGaps/Rva009B3E40Init.cpp,no,5,0,0,0
Code/GameEngine/Source/Common/SmallGaps/Rva009B3EC0Init.cpp,no,5,0,0,0
Code/GameEngine/Source/Common/SmallGaps/Rva009F2FA0PopSqrt.cpp,no,0,0,2,0
Code/GameEngine/Source/Common/SmallGaps/Rva009F3D80PartialSortWrappers.cpp,yes,0,0,0,0
Code/GameEngine/Source/Common/SmallGaps/aptKeyCode.cpp,no,3,0,0,0
Code/GameEngine/Source/Common/SmallGaps/compareStrings.cpp,yes,0,0,0,0
Code/GameEngine/Source/Common/SmallGaps/copyName.cpp,yes,0,0,0,0
Code/GameEngine/Source/Common/SmallGaps/copyTwelveVec3.cpp,yes,0,0,0,0
Code/GameEngine/Source/Common/SmallGaps/daysInYear.cpp,yes,0,0,0,0
Code/GameEngine/Source/Common/SmallGaps/fillBytes.cpp,yes,0,0,0,0
Code/GameEngine/Source/Common/SmallGaps/initPattern.cpp,yes,0,0,0,0
Code/GameEngine/Source/Common/SmallGaps/log2Dword.cpp,yes,0,0,0,0
Code/GameEngine/Source/Common/SmallGaps/probeFile.cpp,yes,0,0,0,0
Code/GameEngine/Source/Common/SmallGaps/rangeDistSq.cpp,yes,0,0,0,0
Code/GameEngine/Source/Common/SmallGaps/reduceMatrix.cpp,yes,0,0,0,0
Code/GameEngine/Source/Common/SmallGaps/resolveHostAddress.cpp,no,3,0,0,0
Code/GameEngine/Source/Common/SmallGaps/spreadTable.cpp,no,2,0,0,0
Code/GameEngine/Source/Common/SmallGaps/widen8x8.cpp,yes,0,0,0,0
Code/GameEngine/Source/Common/SmallGaps/wrapAngle.cpp,yes,0,0,0,0
Code/GameEngine/Source/Common/SmallIniParseCallbacks.cpp,yes,0,0,0,0
Code/GameEngine/Source/Common/SmallLeafBodies3.cpp,yes,0,0,0,0
Code/GameEngine/Source/Common/SmallLeafFreeSub.cpp,yes,0,0,0,0
Code/GameEngine/Source/Common/StateCtor.cpp,no,1,0,0,0
Code/GameEngine/Source/Common/StateDerivedCtorRva00342619.cpp,no,2,0,0,0
Code/GameEngine/Source/Common/StateDerivedCtorRva003426AB.cpp,no,2,0,0,0
Code/GameEngine/Source/Common/StateDerivedCtorRva004D7B70.cpp,no,1,0,0,0
Code/GameEngine/Source/Common/StateDerivedCtors_muse-4f8a.cpp,no,2,0,0,0
Code/GameEngine/Source/Common/StateDerivedCtors_muse-a7a4.cpp,no,7,0,0,0
Code/GameEngine/Source/Common/StateRva004D7127.cpp,yes,0,0,0,0
Code/GameEngine/Source/Common/StaticTagInitializers.cpp,no,61,0,0,0
Code/GameEngine/Source/Common/StatsCollector.cpp,no,2,2,5,1
Code/GameEngine/Source/Common/StringBaseTailDtors_muse-8fbc.cpp,yes,0,0,0,0
Code/GameEngine/Source/Common/StringContainerRecordCopyBFME2.cpp,no,1,2,18,0
Code/GameEngine/Source/Common/StringContainerRecordVector.cpp,no,0,1,0,0
Code/GameEngine/Source/Common/StringContainerRecordVectorDestructor.cpp,no,2,1,1,0
Code/GameEngine/Source/Common/StringRecord00204A30Dtor.cpp,yes,0,0,0,0
Code/GameEngine/Source/Common/StringRecord002CF550Dtor.cpp,no,0,2,0,0
Code/GameEngine/Source/Common/StringRecordCopyBFME2.cpp,no,0,1,1,0
Code/GameEngine/Source/Common/StringRecordDtors.cpp,no,2,1,1,0
Code/GameEngine/Source/Common/StringRecordInlineCopyBFME2.cpp,no,2,5,3,0
Code/GameEngine/Source/Common/StringRecordVectorGrowthG7.cpp,no,0,2,4,0
Code/GameEngine/Source/Common/StringScalarVectorCopyBFME2.cpp,no,3,2,4,0
Code/GameEngine/Source/Common/StringVectorRecordAssignBFME2.cpp,yes,0,0,0,0
Code/GameEngine/Source/Common/StringVectorRecordAssignC0BEC.cpp,yes,0,0,0,0
Code/GameEngine/Source/Common/StringVectorRecordCopyBFME2.cpp,no,1,3,36,0
Code/GameEngine/Source/Common/SubsystemDerivedDtors.cpp,no,0,3,3,0
Code/GameEngine/Source/Common/SubsystemNameGetters.cpp,yes,0,0,0,0
Code/GameEngine/Source/Common/SubsystemNameGetters2.cpp,yes,0,0,0,0
Code/GameEngine/Source/Common/SubsystemNameGetters3.cpp,yes,0,0,0,0
Code/GameEngine/Source/Common/SubsystemNameGetters4.cpp,yes,0,0,0,0
Code/GameEngine/Source/Common/SubsystemNameGetters5.cpp,yes,0,0,0,0
Code/GameEngine/Source/Common/System/ArchiveDirInfoO1.cpp,no,1,1,25,0
Code/GameEngine/Source/Common/System/ArchiveDirInfoO1Copy.cpp,no,1,2,1,0
Code/GameEngine/Source/Common/System/ArchiveDirInfoO1Copy2.cpp,no,1,4,2,0
Code/GameEngine/Source/Common/System/ArchiveDirInfoO1Copy3.cpp,no,1,2,2,0
Code/GameEngine/Source/Common/System/ArchiveFile.cpp,no,6,6,17,0
Code/GameEngine/Source/Common/System/ArmorUpgradePoolKey.cpp,yes,0,0,0,0
Code/GameEngine/Source/Common/System/AsciiString.cpp,yes,0,0,0,0
Code/GameEngine/Source/Common/System/AsciiStringConstruct.cpp,no,0,1,2,0
Code/GameEngine/Source/Common/System/AsciiStringRvoGetters.cpp,no,1,1,1,0
Code/GameEngine/Source/Common/System/AsciiStringVectorInsertOverflow.cpp,no,1,2,23,0
Code/GameEngine/Source/Common/System/AsciiStringVectorPushBackEmit.cpp,no,1,2,10,0
Code/GameEngine/Source/Common/System/AsciiString_skipWhitespace.cpp,yes,0,0,0,0
Code/GameEngine/Source/Common/System/AttributeModifierUpgradePoolKey.cpp,yes,0,0,0,0
Code/GameEngine/Source/Common/System/AudioEventRTSAssign.cpp,yes,0,0,0,0
Code/GameEngine/Source/Common/System/AudioEventRTSCtor.cpp,no,0,1,0,0
Code/GameEngine/Source/Common/System/AudioEventRTSDtor.cpp,no,0,1,1,0
Code/GameEngine/Source/Common/System/BaseUpgradePoolKey.cpp,yes,0,0,0,0
Code/GameEngine/Source/Common/System/BfmeRva00C7B388Xfer.cpp,no,10,1,2,0
Code/GameEngine/Source/Common/System/BitFlags117CountInverseIntersection.cpp,no,0,1,1,0
Code/GameEngine/Source/Common/System/BitFlags11Any.cpp,yes,0,0,0,0
Code/GameEngine/Source/Common/System/BitFlags11DisabilityCtors.cpp,no,0,0,1,0
Code/GameEngine/Source/Common/System/BitFlags11Test.cpp,yes,0,0,0,0
Code/GameEngine/Source/Common/System/BitFlags218Any.cpp,yes,0,0,0,0
Code/GameEngine/Source/Common/System/BitFlagsCountIntersection.cpp,no,0,0,2,0
Code/GameEngine/Source/Common/System/BuildableHeroListUpgradePoolKey.cpp,yes,0,0,0,0
Code/GameEngine/Source/Common/System/CDManager.cpp,no,9,5,2,0
Code/GameEngine/Source/Common/System/CastleUpgradePoolKey.cpp,yes,0,0,0,0
Code/GameEngine/Source/Common/System/CollisionManagerConstructor.cpp,no,9,1,1,0
Code/GameEngine/Source/Common/System/CommandPointsUpgradePoolKey.cpp,yes,0,0,0,0
Code/GameEngine/Source/Common/System/CommandSetUpgradePoolKey.cpp,yes,0,0,0,0
Code/GameEngine/Source/Common/System/CopyProtectCheckForMessage.cpp,yes,0,0,0,0
Code/GameEngine/Source/Common/System/CopyProtectIsLauncherRunning.cpp,yes,0,0,0,0
Code/GameEngine/Source/Common/System/CopyProtectNotifyLauncher.cpp,yes,0,0,0,0
Code/GameEngine/Source/Common/System/CopyProtectShutdown.cpp,yes,0,0,0,0
Code/GameEngine/Source/Common/System/CopyProtectValidate.cpp,yes,0,0,0,0
Code/GameEngine/Source/Common/System/CopyProtectVerified.cpp,yes,0,0,0,0
Code/GameEngine/Source/Common/System/CrateCreationEntryList.cpp,no,2,0,5,0
Code/GameEngine/Source/Common/System/CrateCreationEntryListInsert.cpp,no,2,0,7,0
Code/GameEngine/Source/Common/System/DataChunk.cpp,yes,0,0,0,0
Code/GameEngine/Source/Common/System/DataChunkInput.cpp,no,5,5,2,0
Code/GameEngine/Source/Common/System/DataChunkInputGetChunkLabel.cpp,yes,0,0,0,0
Code/GameEngine/Source/Common/System/DataChunkInputReadAsciiString.cpp,no,2,2,1,0
Code/GameEngine/Source/Common/System/DataChunkInputReadScalars.cpp,no,0,1,1,0
Code/GameEngine/Source/Common/System/DataChunkReadNameKey.cpp,no,0,1,1,0
Code/GameEngine/Source/Common/System/DataChunkTableOfContentsGetName.cpp,yes,0,0,0,0
Code/GameEngine/Source/Common/System/DelayedUpgradePoolKey.cpp,yes,0,0,0,0
Code/GameEngine/Source/Common/System/DoCommandUpgradePoolKey.cpp,yes,0,0,0,0
Code/GameEngine/Source/Common/System/ExperienceLevelCreatePoolKey.cpp,yes,0,0,0,0
Code/GameEngine/Source/Common/System/File.cpp,no,9,1,2,0
Code/GameEngine/Source/Common/System/FileSystem.cpp,no,8,5,8,0
Code/GameEngine/Source/Common/System/GameMemoryFree.cpp,yes,0,0,0,0
Code/GameEngine/Source/Common/System/GarrisonUpgradePoolKey.cpp,yes,0,0,0,0
Code/GameEngine/Source/Common/System/Geometry.cpp,yes,0,0,0,0
Code/GameEngine/Source/Common/System/GeometryInfoCalcBoundingStuff.cpp,no,2,1,5,0
Code/GameEngine/Source/Common/System/GeometryInfoCopyConstructor.cpp,no,3,4,18,0
Code/GameEngine/Source/Common/System/GeometryInfoCtor.cpp,no,4,5,6,0
Code/GameEngine/Source/Common/System/GeometryInfoDtor.cpp,no,1,4,2,1
Code/GameEngine/Source/Common/System/GeometryInfoExpandFootprint.cpp,no,1,0,0,0
Code/GameEngine/Source/Common/System/GeometryInfoRva0087E370.cpp,yes,0,0,0,0
Code/GameEngine/Source/Common/System/GeometryInfoSet.cpp,no,0,0,1,0
Code/GameEngine/Source/Common/System/GeometryParseActiveAndOffset.cpp,yes,0,0,0,0
Code/GameEngine/Source/Common/System/GeometryParseDimensions.cpp,no,1,0,0,0
Code/GameEngine/Source/Common/System/GeometryParseOther.cpp,no,2,0,1,0
Code/GameEngine/Source/Common/System/GeometryParseType.cpp,no,2,0,0,0
Code/GameEngine/Source/Common/System/GeometryPointLineDistSquared.cpp,yes,0,0,0,0
Code/GameEngine/Source/Common/System/GeometryRecordAssign.cpp,no,0,1,1,0
Code/GameEngine/Source/Common/System/GeometryRecordVector.cpp,no,3,7,12,0
Code/GameEngine/Source/Common/System/GeometryRecordVectorCopyConstructor.cpp,no,2,4,26,0
Code/GameEngine/Source/Common/System/GeometryShapeAssign.cpp,yes,0,0,0,0
Code/GameEngine/Source/Common/System/GeometryShapeVectorCopyConstructor.cpp,no,3,2,12,0
Code/GameEngine/Source/Common/System/GeometryUpgradePoolKey.cpp,yes,0,0,0,0
Code/GameEngine/Source/Common/System/GlobalDataRva002360DE.cpp,no,1,2,2,0
Code/GameEngine/Source/Common/System/INI_MultiIniFieldParse_add.cpp,yes,0,0,0,0
Code/GameEngine/Source/Common/System/INI_Rva000B6E5AParseLowercasedString.cpp,no,0,1,1,0
Code/GameEngine/Source/Common/System/INI_Rva000B9AFFParseShadowEvent.cpp,yes,0,0,0,0
Code/GameEngine/Source/Common/System/INI_Rva000C3824ParseTexturePair.cpp,no,0,1,0,0
Code/GameEngine/Source/Common/System/INI_Rva000C3C59Parse.cpp,no,1,0,31,0
Code/GameEngine/Source/Common/System/INI_Rva001DCAEDParseTransition.cpp,no,1,0,0,0
Code/GameEngine/Source/Common/System/INI_Rva001FDD33ParseResourceModifierValues.cpp,yes,0,0,0,0
Code/GameEngine/Source/Common/System/INI_Rva002216A6ParseDefaultMessageColor.cpp,yes,0,0,0,0
Code/GameEngine/Source/Common/System/INI_Rva00221714ParseDefaultOpenAudio.cpp,no,0,1,0,0
Code/GameEngine/Source/Common/System/INI_Rva0022175FParseDefaultMessageFont.cpp,no,0,1,0,0
Code/GameEngine/Source/Common/System/INI_Rva002A8845ParseProbability.cpp,no,1,0,0,0
Code/GameEngine/Source/Common/System/INI_Rva002A8928BrutalDifficultyCheatsCtor.cpp,no,1,0,0,0
Code/GameEngine/Source/Common/System/INI_Rva002A8945ParseCombatChainDefinition.cpp,no,0,0,0,1
Code/GameEngine/Source/Common/System/INI_Rva002A898AParseBrutalDifficultyCheats.cpp,no,1,0,0,1
Code/GameEngine/Source/Common/System/INI_Rva002A89D2ParseDifficultyTuning.cpp,no,1,0,0,1
Code/GameEngine/Source/Common/System/INI_Rva002F592ParseArmyPlacementPos.cpp,yes,0,0,0,0
Code/GameEngine/Source/Common/System/INI_Rva003396D3ParseKillerScience.cpp,no,2,0,0,1
Code/GameEngine/Source/Common/System/INI_Rva00339AF1ParseSciences.cpp,yes,0,0,0,0
Code/GameEngine/Source/Common/System/INI_Rva00339E1CParseBrowser.cpp,yes,0,0,0,0
Code/GameEngine/Source/Common/System/INI_Rva003F156FParseRegionBonus.cpp,no,1,0,1,0
Code/GameEngine/Source/Common/System/INI_Rva003F156FParseRegionBonusEntry.cpp,yes,0,0,0,0
Code/GameEngine/Source/Common/System/INI_Rva003F1FD0ParseGiveUpgrade.cpp,no,2,0,0,1
Code/GameEngine/Source/Common/System/INI_Rva003F2033ParseOnVictoryGiveUpgrade.cpp,no,2,0,0,1
Code/GameEngine/Source/Common/System/INI_Rva0048BCBBParseFireWeaponNugget.cpp,no,1,0,0,2
Code/GameEngine/Source/Common/System/INI_Rva004B60D5ParsePercentage.cpp,yes,0,0,0,0
Code/GameEngine/Source/Common/System/INI_Rva004C2918ParseUpgradeMoneyAmount.cpp,yes,0,0,0,0
Code/GameEngine/Source/Common/System/INI_Rva004C381CParseUpgradeOCL.cpp,yes,0,0,0,0
Code/GameEngine/Source/Common/System/INI_Rva004C3859ParseUpgradeName.cpp,yes,0,0,0,0
Code/GameEngine/Source/Common/System/INI_Rva004C8F94ParseSpawnObject.cpp,no,1,0,0,0
Code/GameEngine/Source/Common/System/INI_Rva004DC64FParseThreatThresholds.cpp,yes,0,0,0,0
Code/GameEngine/Source/Common/System/INI_Rva004DC702ParseEmotionKinds.cpp,no,2,0,0,0
Code/GameEngine/Source/Common/System/INI_Rva004E3816ParseCoord2DList.cpp,yes,0,0,0,0
Code/GameEngine/Source/Common/System/INI_Rva004E8EFFParseDisabledSlots.cpp,yes,0,0,0,0
Code/GameEngine/Source/Common/System/INI_Rva00563EA8ParseEventFX.cpp,yes,0,0,0,0
Code/GameEngine/Source/Common/System/INI_VeterancyLevelToken.cpp,no,3,0,0,0
Code/GameEngine/Source/Common/System/INI_dup002EC6E.cpp,no,1,0,0,0
Code/GameEngine/Source/Common/System/INI_dup002EE10.cpp,yes,0,0,0,0
Code/GameEngine/Source/Common/System/INI_dup002EF72.cpp,no,2,0,0,0
Code/GameEngine/Source/Common/System/INI_dup002F02F.cpp,no,2,0,0,0
Code/GameEngine/Source/Common/System/INI_dup002F082.cpp,no,2,0,0,0
Code/GameEngine/Source/Common/System/INI_dup002F0F7.cpp,yes,0,0,0,0
Code/GameEngine/Source/Common/System/INI_getNextAsciiString.cpp,no,3,3,2,0
Code/GameEngine/Source/Common/System/INI_getNextQuotedAsciiString.cpp,no,1,3,1,0
Code/GameEngine/Source/Common/System/INI_getNextSubToken.cpp,no,2,0,0,0
Code/GameEngine/Source/Common/System/INI_getNextToken.cpp,no,2,0,0,0
Code/GameEngine/Source/Common/System/INI_getNextTokenOrNull.cpp,no,0,1,0,0
Code/GameEngine/Source/Common/System/INI_initFromINI.cpp,no,1,0,0,0
Code/GameEngine/Source/Common/System/INI_initFromINIMultiProc.cpp,no,1,0,0,0
Code/GameEngine/Source/Common/System/INI_parseAccelerationReal.cpp,no,0,1,0,0
Code/GameEngine/Source/Common/System/INI_parseAndTranslateLabel.cpp,no,1,1,2,0
Code/GameEngine/Source/Common/System/INI_parseAngleReal.cpp,yes,0,0,0,0
Code/GameEngine/Source/Common/System/INI_parseAsciiString.cpp,no,0,1,1,0
Code/GameEngine/Source/Common/System/INI_parseAsciiStringVector.cpp,yes,0,0,0,0
Code/GameEngine/Source/Common/System/INI_parseAsciiStringVectorAppend.cpp,no,1,3,1,0
Code/GameEngine/Source/Common/System/INI_parseBitInInt32.cpp,yes,0,0,0,0
Code/GameEngine/Source/Common/System/INI_parseBitString16.cpp,no,1,0,0,0
Code/GameEngine/Source/Common/System/INI_parseBitString32.cpp,no,2,0,0,0
Code/GameEngine/Source/Common/System/INI_parseBitString8.cpp,no,1,0,0,0
Code/GameEngine/Source/Common/System/INI_parseBool.cpp,yes,0,0,0,0
Code/GameEngine/Source/Common/System/INI_parseByte.cpp,no,2,0,0,0
Code/GameEngine/Source/Common/System/INI_parseColorInt.cpp,no,2,0,0,0
Code/GameEngine/Source/Common/System/INI_parseCoord2D.cpp,yes,0,0,0,0
Code/GameEngine/Source/Common/System/INI_parseCoord3D.cpp,yes,0,0,0,0
Code/GameEngine/Source/Common/System/INI_parseCrateCreationEntry.cpp,no,2,3,2,0
Code/GameEngine/Source/Common/System/INI_parseDurationReal.cpp,no,0,1,0,0
Code/GameEngine/Source/Common/System/INI_parseDurationUnsignedInt.cpp,no,0,1,0,0
Code/GameEngine/Source/Common/System/INI_parseDurationUnsignedShort.cpp,no,0,1,0,0
Code/GameEngine/Source/Common/System/INI_parseFXList.cpp,no,1,0,0,0
Code/GameEngine/Source/Common/System/INI_parseGameClientRandomVariable.cpp,no,1,0,0,0
Code/GameEngine/Source/Common/System/INI_parseICoord2D.cpp,yes,0,0,0,0
Code/GameEngine/Source/Common/System/INI_parseIndexList.cpp,yes,0,0,0,0
Code/GameEngine/Source/Common/System/INI_parseInt.cpp,yes,0,0,0,0
Code/GameEngine/Source/Common/System/INI_parseLookupList.cpp,yes,0,0,0,0
Code/GameEngine/Source/Common/System/INI_parseMappedImage.cpp,no,1,2,2,0
Code/GameEngine/Source/Common/System/INI_parseObjectCreationList.cpp,no,1,0,0,0
Code/GameEngine/Source/Common/System/INI_parseParticleSystemTemplate.cpp,no,2,2,2,0
Code/GameEngine/Source/Common/System/INI_parsePercentToReal.cpp,yes,0,0,0,0
Code/GameEngine/Source/Common/System/INI_parsePositiveNonZeroReal.cpp,no,2,0,0,0
Code/GameEngine/Source/Common/System/INI_parseQuotedAsciiString.cpp,no,0,1,1,0
Code/GameEngine/Source/Common/System/INI_parseRGBAColorInt.cpp,no,2,0,0,0
Code/GameEngine/Source/Common/System/INI_parseRGBColor.cpp,no,2,0,0,0
Code/GameEngine/Source/Common/System/INI_parseReal.cpp,yes,0,0,0,0
Code/GameEngine/Source/Common/System/INI_parseShort.cpp,no,2,0,0,0
Code/GameEngine/Source/Common/System/INI_parseTypeFlags.cpp,no,4,0,0,0
Code/GameEngine/Source/Common/System/INI_parseUnsignedByte.cpp,no,2,0,0,0
Code/GameEngine/Source/Common/System/INI_parseUnsignedShort.cpp,no,2,0,0,0
Code/GameEngine/Source/Common/System/INI_parseUpgradeTemplate.cpp,no,0,2,2,0
Code/GameEngine/Source/Common/System/INI_parseVelocityReal.cpp,no,0,1,0,0
Code/GameEngine/Source/Common/System/INI_parseWeaponTemplate.cpp,no,0,2,2,0
Code/GameEngine/Source/Common/System/INI_scanBool.cpp,no,3,0,0,0
Code/GameEngine/Source/Common/System/INI_scanIndexList.cpp,no,2,0,0,0
Code/GameEngine/Source/Common/System/INI_scanInt.cpp,no,4,0,0,0
Code/GameEngine/Source/Common/System/INI_scanLookupList.cpp,no,2,0,0,0
Code/GameEngine/Source/Common/System/INI_scanReal.cpp,no,4,0,0,0
Code/GameEngine/Source/Common/System/INI_scanUnsignedInt.cpp,no,4,0,0,0
Code/GameEngine/Source/Common/System/LevelUpUpgradePoolKey.cpp,yes,0,0,0,0
Code/GameEngine/Source/Common/System/LivingWorldRegionConnectionConstruct.cpp,yes,0,0,0,0
Code/GameEngine/Source/Common/System/LivingWorldRegionConnectionCopy.cpp,no,7,3,13,1
Code/GameEngine/Source/Common/System/LivingWorldRegionConnectionCtor.cpp,no,6,2,2,0
Code/GameEngine/Source/Common/System/LivingWorldRegionConnectionDeletingDtor.cpp,no,0,1,2,0
Code/GameEngine/Source/Common/System/LivingWorldRegionConnectionDtor.cpp,no,1,2,1,1
Code/GameEngine/Source/Common/System/LivingWorldRegionConnectionHelpers.cpp,yes,0,0,0,0
Code/GameEngine/Source/Common/System/LocalFile.cpp,no,12,2,1,0
Code/GameEngine/Source/Common/System/LocomotorSetUpgradePoolKey.cpp,yes,0,0,0,0
Code/GameEngine/Source/Common/System/MaxHealthUpgradePoolKey.cpp,yes,0,0,0,0
Code/GameEngine/Source/Common/System/MinimizeCurrentThreadWindow.cpp,no,1,0,0,0
Code/GameEngine/Source/Common/System/ModelConditionUpgradePoolKey.cpp,yes,0,0,0,0
Code/GameEngine/Source/Common/System/MultiIniFieldParseCtor.cpp,no,0,1,1,0
Code/GameEngine/Source/Common/System/PooledString.cpp,no,2,1,0,0
Code/GameEngine/Source/Common/System/RAMFileRead.cpp,no,0,2,0,0
Code/GameEngine/Source/Common/System/RAMFileWrite.cpp,yes,0,0,0,0
Code/GameEngine/Source/Common/System/RadarDtor.cpp,no,4,2,1,0
Code/GameEngine/Source/Common/System/RadarNewMap.cpp,no,1,0,2,0
Code/GameEngine/Source/Common/System/RadarRva002D782C.cpp,yes,0,0,0,0
Code/GameEngine/Source/Common/System/RadarRva002D78A4.cpp,yes,0,0,0,0
Code/GameEngine/Source/Common/System/RadarRva002D7AA6.cpp,yes,0,0,0,0
Code/GameEngine/Source/Common/System/RadarRva002D7BB7.cpp,yes,0,0,0,0
Code/GameEngine/Source/Common/System/RadarRva002D7BD3.cpp,yes,0,0,0,0
Code/GameEngine/Source/Common/System/RadarRva002D834E.cpp,yes,0,0,0,0
Code/GameEngine/Source/Common/System/RadarUpgradePoolKey.cpp,yes,0,0,0,0
Code/GameEngine/Source/Common/System/RadarWindowOverride.cpp,yes,0,0,0,0
Code/GameEngine/Source/Common/System/Radar_deleteListResources.cpp,no,0,0,1,0
Code/GameEngine/Source/Common/System/Radar_findDrawPositions.cpp,yes,0,0,0,0
Code/GameEngine/Source/Common/System/Radar_localPixelToRadar.cpp,yes,0,0,0,0
Code/GameEngine/Source/Common/System/Radar_radarToWorld.cpp,no,1,0,0,0
Code/GameEngine/Source/Common/System/Radar_reset.cpp,yes,0,0,0,0
Code/GameEngine/Source/Common/System/Radar_screenPixelToWorld.cpp,yes,0,0,0,0
Code/GameEngine/Source/Common/System/RecorderGetLastReplayDisplayName.cpp,no,0,2,0,0
Code/GameEngine/Source/Common/System/RecorderIsMultiplayer.cpp,no,2,0,0,0
Code/GameEngine/Source/Common/System/RegistryAsciiPath.cpp,no,3,6,1,0
Code/GameEngine/Source/Common/System/RegistryBlockLoader.cpp,no,1,0,0,0
Code/GameEngine/Source/Common/System/RegistryGetUnicodeString.cpp,no,1,1,1,0
Code/GameEngine/Source/Common/System/RegistryLanguage.cpp,no,1,2,0,0
Code/GameEngine/Source/Common/System/RegistrySetString.cpp,yes,0,0,0,0
Code/GameEngine/Source/Common/System/RegistrySetUnsignedInt.cpp,yes,0,0,0,0
Code/GameEngine/Source/Common/System/RegistryValueDispatch.cpp,yes,0,0,0,0
Code/GameEngine/Source/Common/System/RegistryVersion.cpp,no,0,1,0,0
Code/GameEngine/Source/Common/System/RemoveUpgradeUpgradePoolKey.cpp,yes,0,0,0,0
Code/GameEngine/Source/Common/System/ReplaceSelfUpgradePoolKey.cpp,yes,0,0,0,0
Code/GameEngine/Source/Common/System/RtsAsciiStringHash.cpp,no,1,3,2,1
Code/GameEngine/Source/Common/System/Rva0002F9A0CopyGlobalString.cpp,no,0,0,0,1
Code/GameEngine/Source/Common/System/Rva0004CD49RangeDestroy.cpp,yes,0,0,0,0
Code/GameEngine/Source/Common/System/Rva00142BE0ArrayPop.cpp,yes,0,0,0,0
Code/GameEngine/Source/Common/System/Rva001431B0Pop.cpp,no,0,1,4,0
Code/GameEngine/Source/Common/System/Rva001431B0Push.cpp,no,0,2,15,0
Code/GameEngine/Source/Common/System/Rva0021BAA3Insert.cpp,no,0,1,0,0
Code/GameEngine/Source/Common/System/Rva0021BB61PushHeap.cpp,no,0,1,0,0
Code/GameEngine/Source/Common/System/Rva0021C459Cleanup.cpp,yes,0,0,0,0
Code/GameEngine/Source/Common/System/Rva0021C811InsertionSort.cpp,no,1,1,2,0
Code/GameEngine/Source/Common/System/Rva0021C8D7AdjustHeap.cpp,no,1,1,2,0
Code/GameEngine/Source/Common/System/Rva002224FE.cpp,yes,0,0,0,0
Code/GameEngine/Source/Common/System/Rva0022252DGet.cpp,yes,0,0,0,0
Code/GameEngine/Source/Common/System/Rva00222547Get.cpp,no,1,0,0,0
Code/GameEngine/Source/Common/System/Rva00222719TempCtor.cpp,no,1,2,1,0
Code/GameEngine/Source/Common/System/Rva00222834Get.cpp,no,1,3,0,0
Code/GameEngine/Source/Common/System/Rva0022288EGet.cpp,no,1,3,0,0
Code/GameEngine/Source/Common/System/Rva002228E8Get.cpp,no,1,3,0,0
Code/GameEngine/Source/Common/System/Rva002362B4Dtor.cpp,no,0,1,9,0
Code/GameEngine/Source/Common/System/Rva0025EF18Dtor.cpp,no,0,2,1,1
Code/GameEngine/Source/Common/System/Rva0026F0F0Find.cpp,yes,0,0,0,0
Code/GameEngine/Source/Common/System/Rva0026F1A5Veterancy.cpp,no,1,2,1,0
Code/GameEngine/Source/Common/System/Rva0026F216ImageResolve.cpp,no,1,0,0,0
Code/GameEngine/Source/Common/System/Rva0028F59ABitSet.cpp,yes,0,0,0,0
Code/GameEngine/Source/Common/System/Rva0028F633BitSet.cpp,yes,0,0,0,0
Code/GameEngine/Source/Common/System/Rva0028F662TreeFree.cpp,yes,0,0,0,0
Code/GameEngine/Source/Common/System/Rva002AF1ECDtor.cpp,no,0,1,0,0
Code/GameEngine/Source/Common/System/Rva002AF6C5CopyLoop.cpp,yes,0,0,0,0
Code/GameEngine/Source/Common/System/Rva002AF6C5ElementAssign.cpp,no,0,0,29,0
Code/GameEngine/Source/Common/System/Rva002D337FThunk.cpp,yes,0,0,0,0
Code/GameEngine/Source/Common/System/Rva002D342AXfer20.cpp,no,2,0,0,0
Code/GameEngine/Source/Common/System/Rva002D3489Find.cpp,yes,0,0,0,0
Code/GameEngine/Source/Common/System/Rva002D352CMaxStore.cpp,no,0,0,0,1
Code/GameEngine/Source/Common/System/Rva002D3573Dtor.cpp,no,4,2,1,0
Code/GameEngine/Source/Common/System/Rva002D3627Check.cpp,no,1,0,0,0
Code/GameEngine/Source/Common/System/Rva002D381DCalls.cpp,yes,0,0,0,0
Code/GameEngine/Source/Common/System/Rva002D3850Array.cpp,yes,0,0,0,0
Code/GameEngine/Source/Common/System/Rva002DBFADFormat.cpp,no,0,3,0,0
Code/GameEngine/Source/Common/System/Rva0035B77DResolve.cpp,no,1,0,7,0
Code/GameEngine/Source/Common/System/Rva003821A0Copy.cpp,yes,0,0,0,0
Code/GameEngine/Source/Common/System/Rva00383AFFClear.cpp,yes,0,0,0,0
Code/GameEngine/Source/Common/System/Rva003F038EImageGet.cpp,no,0,0,0,1
Code/GameEngine/Source/Common/System/Rva003F03C9Fetch.cpp,no,2,2,1,0
Code/GameEngine/Source/Common/System/Rva003F0442ImageGet.cpp,no,0,0,0,1
Code/GameEngine/Source/Common/System/Rva003F07E5Check.cpp,yes,0,0,0,0
Code/GameEngine/Source/Common/System/Rva003F0C6CDtor.cpp,yes,0,0,0,0
Code/GameEngine/Source/Common/System/Rva003F1093Check.cpp,yes,0,0,0,0
Code/GameEngine/Source/Common/System/Rva003F10D0Pick.cpp,no,8,0,0,0
Code/GameEngine/Source/Common/System/Rva003F11ECFind.cpp,yes,0,0,0,0
Code/GameEngine/Source/Common/System/Rva003F17D6Init.cpp,yes,0,0,0,0
Code/GameEngine/Source/Common/System/Rva003F1C22Check.cpp,yes,0,0,0,0
Code/GameEngine/Source/Common/System/Rva003F1F6ACtor.cpp,yes,0,0,0,0
Code/GameEngine/Source/Common/System/Rva003F2460Copy.cpp,yes,0,0,0,0
Code/GameEngine/Source/Common/System/Rva003F24D6CopyBackward.cpp,yes,0,0,0,0
Code/GameEngine/Source/Common/System/Rva004DD619Footprint.cpp,yes,0,0,0,0
Code/GameEngine/Source/Common/System/Rva005046B0ScanTangent.cpp,no,1,0,1,0
Code/GameEngine/Source/Common/System/Rva0050EE72Field.cpp,no,3,2,0,0
Code/GameEngine/Source/Common/System/Rva0050F041.cpp,no,3,2,0,0
Code/GameEngine/Source/Common/System/Rva0050F0AB.cpp,no,0,3,1,0
Code/GameEngine/Source/Common/System/Rva0050F1D2.cpp,yes,0,0,0,0
Code/GameEngine/Source/Common/System/Rva0050F2AF.cpp,yes,0,0,0,0
Code/GameEngine/Source/Common/System/Rva00513E03Length.cpp,yes,0,0,0,0
Code/GameEngine/Source/Common/System/Rva0052BD59CopyCtor.cpp,no,2,1,0,0
Code/GameEngine/Source/Common/System/Rva0052BDE6CopyCtor.cpp,no,2,1,0,0
Code/GameEngine/Source/Common/System/Rva0052BE33CopyCtor.cpp,no,2,1,0,0
Code/GameEngine/Source/Common/System/Rva0052BEF0CopyCtor.cpp,no,2,1,0,0
Code/GameEngine/Source/Common/System/Rva0052BF33DestroyTagged.cpp,yes,0,0,0,0
Code/GameEngine/Source/Common/System/Rva005659CATidy.cpp,yes,0,0,0,0
Code/GameEngine/Source/Common/System/Rva0056612FScrap.cpp,yes,0,0,0,0
Code/GameEngine/Source/Common/System/Rva0056614DScrap.cpp,yes,0,0,0,0
Code/GameEngine/Source/Common/System/Rva0056DCBFWindows.cpp,yes,0,0,0,0
Code/GameEngine/Source/Common/System/Rva005748F2Method.cpp,yes,0,0,0,0
Code/GameEngine/Source/Common/System/Rva005A71B1Dtor.cpp,no,1,0,0,0
Code/GameEngine/Source/Common/System/Rva0060237DDtor.cpp,no,12,0,0,0
Code/GameEngine/Source/Common/System/Rva00605324.cpp,yes,0,0,0,0
Code/GameEngine/Source/Common/System/Rva00605365.cpp,yes,0,0,0,0
Code/GameEngine/Source/Common/System/Rva006053AD.cpp,yes,0,0,0,0
Code/GameEngine/Source/Common/System/Rva006053D7.cpp,yes,0,0,0,0
Code/GameEngine/Source/Common/System/Rva0060BC53.cpp,no,2,0,0,0
Code/GameEngine/Source/Common/System/Rva007590B0TreeFree.cpp,yes,0,0,0,0
Code/GameEngine/Source/Common/System/Rva009A2390CollisionDataDestructor.cpp,yes,0,0,0,0
Code/GameEngine/Source/Common/System/Rva009A3300HashTableRemove.cpp,yes,0,0,0,0
Code/GameEngine/Source/Common/System/Rva009A3770HashChainInsert.cpp,yes,0,0,0,0
Code/GameEngine/Source/Common/System/Rva009A4620Destructor.cpp,yes,0,0,0,0
Code/GameEngine/Source/Common/System/SaveGame/CreateAHeroDataCopy.cpp,no,6,6,82,0
Code/GameEngine/Source/Common/System/SaveGame/CreateAHeroDataDtor.cpp,no,7,4,25,0
Code/GameEngine/Source/Common/System/SaveGame/CreateAHeroElementCopy.cpp,no,1,3,0,0
Code/GameEngine/Source/Common/System/SaveGame/CreateAHeroVectorBoolAssign.cpp,no,0,0,27,0
Code/GameEngine/Source/Common/System/SaveGame/GameState.cpp,no,43,9,25,0
Code/GameEngine/Source/Common/System/SaveGame/LatchRestoreCtor.cpp,no,0,0,1,0
Code/GameEngine/Source/Common/System/SaveGame/Rva0002BBC9Update.cpp,no,3,0,0,0
Code/GameEngine/Source/Common/System/SaveGame/Rva0022C9F6Dtor.cpp,no,0,0,4,0
Code/GameEngine/Source/Common/System/SaveGame/Rva0022CD65Ctor.cpp,no,0,0,7,0
Code/GameEngine/Source/Common/System/SaveGame/Rva002DC267Get.cpp,no,2,5,1,2
Code/GameEngine/Source/Common/System/SaveGame/Rva00382398Dtor.cpp,no,0,2,0,0
Code/GameEngine/Source/Common/System/SaveGame/SaveDateRva0002BB1C.cpp,yes,0,0,0,0
Code/GameEngine/Source/Common/System/SaveGame/SaveGameInfoCopyBFME2.cpp,no,13,9,1,0
Code/GameEngine/Source/Common/System/SaveGame/SaveMapPreviewCopy.cpp,no,7,2,3,0
Code/GameEngine/Source/Common/System/SaveGame/SaveMapPreviewFillN.cpp,yes,0,0,0,0
Code/GameEngine/Source/Common/System/SmartPtrAttach.cpp,yes,0,0,0,0
Code/GameEngine/Source/Common/System/SmartPtrCopyCtor.cpp,yes,0,0,0,0
Code/GameEngine/Source/Common/System/SmartPtrCopyRange.cpp,yes,0,0,0,0
Code/GameEngine/Source/Common/System/SmartPtrDestroyDelete.cpp,yes,0,0,0,0
Code/GameEngine/Source/Common/System/SmartPtrRvoGetter.cpp,yes,0,0,0,0
Code/GameEngine/Source/Common/System/SmartPtrRvoGetter001F6C54.cpp,yes,0,0,0,0
Code/GameEngine/Source/Common/System/SmartPtrRvoGetter0055DDB6.cpp,yes,0,0,0,0
Code/GameEngine/Source/Common/System/Snapshot.cpp,no,1,3,0,0
Code/GameEngine/Source/Common/System/SpellRechargeModifierUpgradePoolKey.cpp,yes,0,0,0,0
Code/GameEngine/Source/Common/System/StatusBitsUpgradeIfEldestKindofPoolKey.cpp,yes,0,0,0,0
Code/GameEngine/Source/Common/System/StatusBitsUpgradePoolKey.cpp,yes,0,0,0,0
Code/GameEngine/Source/Common/System/StealthUpgradePoolKey.cpp,yes,0,0,0,0
Code/GameEngine/Source/Common/System/StlportStringByValueSetter555EB4.cpp,yes,0,0,0,0
Code/GameEngine/Source/Common/System/StlportStringByValueSetter555EEF.cpp,yes,0,0,0,0
Code/GameEngine/Source/Common/System/StlportStringByValueSetter555F2A.cpp,yes,0,0,0,0
Code/GameEngine/Source/Common/System/StlportStringRvoGetter555A8B.cpp,yes,0,0,0,0
Code/GameEngine/Source/Common/System/StlportStringRvoGetter555AA6.cpp,yes,0,0,0,0
Code/GameEngine/Source/Common/System/StlportStringRvoGetter555AC1.cpp,yes,0,0,0,0
Code/GameEngine/Source/Common/System/StlportStringRvoGetters.cpp,yes,0,0,0,0
Code/GameEngine/Source/Common/System/SubObjectsUpgradePoolKey.cpp,yes,0,0,0,0
Code/GameEngine/Source/Common/System/Trig.cpp,yes,0,0,0,0
Code/GameEngine/Source/Common/System/Upgrade.cpp,no,13,10,46,0
Code/GameEngine/Source/Common/System/UpgradeCenterCanAffordUpgrade.cpp,no,2,1,1,0
Code/GameEngine/Source/Common/System/UpgradeCenterFindUpgrade.cpp,no,0,1,0,0
Code/GameEngine/Source/Common/System/UpgradeCenterFindUpgradeByKey.cpp,no,0,2,7,0
Code/GameEngine/Source/Common/System/WeaponBonusUpgradePoolKey.cpp,yes,0,0,0,0
Code/GameEngine/Source/Common/System/WeaponSetUpgradePoolKey.cpp,yes,0,0,0,0
Code/GameEngine/Source/Common/System/WideConcatPair.cpp,no,3,2,2,0
Code/GameEngine/Source/Common/System/Xfer.cpp,no,5,1,0,0
Code/GameEngine/Source/Common/System/XferAsciiStringVector.cpp,no,2,2,18,0
Code/GameEngine/Source/Common/System/XferEnumHelpers.cpp,yes,0,0,0,0
Code/GameEngine/Source/Common/System/XferListObjectID.cpp,no,2,0,13,0
Code/GameEngine/Source/Common/System/XferPooledStringTransfer.cpp,no,1,3,0,0
Code/GameEngine/Source/Common/System/XferScienceTypeVector.cpp,no,2,0,13,0
Code/GameEngine/Source/Common/System/XferSetDrawableID.cpp,no,2,0,13,0
Code/GameEngine/Source/Common/System/XferSkipBadBlock.cpp,yes,0,0,0,0
Code/GameEngine/Source/Common/System/XferUnicodeStringVector.cpp,no,2,2,3,0
Code/GameEngine/Source/Common/System/XferUpgradeStatusTransfer.cpp,yes,0,0,0,0
Code/GameEngine/Source/Common/System/XferVersionTransfer.cpp,no,3,0,0,2
Code/GameEngine/Source/Common/System/color_ops.cpp,yes,0,0,0,0
Code/GameEngine/Source/Common/System/color_ops_float.cpp,yes,0,0,0,0
Code/GameEngine/Source/Common/System/memory_pool.cpp,no,12,0,0,0
Code/GameEngine/Source/Common/System/pooled_string_nocase.cpp,yes,0,0,0,0
Code/GameEngine/Source/Common/T2CtypeTableFacets.cpp,yes,0,0,0,0
Code/GameEngine/Source/Common/T2IndexedArrayAccessors.cpp,yes,0,0,0,0
Code/GameEngine/Source/Common/T3Gen001336E5CForwarders.cpp,no,1,0,0,0
Code/GameEngine/Source/Common/T3SmallLeafBodies.cpp,yes,0,0,0,0
Code/GameEngine/Source/Common/T4LeafPredicatesAndMath.cpp,yes,0,0,0,0
Code/GameEngine/Source/Common/T4VtableSetCtors.cpp,no,0,0,0,2
Code/GameEngine/Source/Common/TerrainTypes_findTerrain.cpp,yes,0,0,0,0
Code/GameEngine/Source/Common/TestRawAppend.cpp,yes,0,0,0,0
Code/GameEngine/Source/Common/Thing/AsciiStringUninitializedCopy.cpp,no,1,0,1,0
Code/GameEngine/Source/Common/Thing/AudioEventInfoRefConstructor.cpp,yes,0,0,0,0
Code/GameEngine/Source/Common/Thing/AutoHealBehaviorModuleDataParse.cpp,no,0,0,0,1
Code/GameEngine/Source/Common/Thing/EightByteVectorCopyLoop.cpp,yes,0,0,0,0
Code/GameEngine/Source/Common/Thing/FXBoneInfoAssign.cpp,no,0,1,1,0
Code/GameEngine/Source/Common/Thing/FXBoneInfoVectorErase.cpp,no,0,1,1,0
Code/GameEngine/Source/Common/Thing/IntFloatMapSubscript.cpp,no,0,0,3,0
Code/GameEngine/Source/Common/Thing/Module.cpp,no,5,5,36,0
Code/GameEngine/Source/Common/Thing/ModuleDataCtor.cpp,no,0,1,3,0
Code/GameEngine/Source/Common/Thing/ModuleFactory.cpp,no,163,205,75,0
Code/GameEngine/Source/Common/Thing/ModuleFactoryRva002567B9.cpp,yes,0,0,0,0
Code/GameEngine/Source/Common/Thing/ModuleFactoryVectorReserve.cpp,yes,0,0,0,0
Code/GameEngine/Source/Common/Thing/ModuleFactory_makeDecoratedNameKey.cpp,no,1,1,1,0
Code/GameEngine/Source/Common/Thing/ModuleInfoGetNthData.cpp,no,0,2,3,0
Code/GameEngine/Source/Common/Thing/ModuleInfoNuggetAssign.cpp,no,0,1,1,0
Code/GameEngine/Source/Common/Thing/ModuleInfoNuggetChainDrain.cpp,no,1,0,0,0
Code/GameEngine/Source/Common/Thing/ModuleInfoNuggetCopyCtor.cpp,no,0,1,1,0
Code/GameEngine/Source/Common/Thing/ModuleInfoNuggetCopyPtrs.cpp,yes,0,0,0,0
Code/GameEngine/Source/Common/Thing/ModuleInfoNuggetDestructor.cpp,no,1,1,1,0
Code/GameEngine/Source/Common/Thing/ModuleInfoNuggetDtor.cpp,no,0,1,1,0
Code/GameEngine/Source/Common/Thing/ModuleInfoNuggetErase.cpp,no,0,1,2,0
Code/GameEngine/Source/Common/Thing/ModuleTagStringDtor.cpp,no,2,0,0,0
Code/GameEngine/Source/Common/Thing/Module_AsObject.cpp,yes,0,0,0,0
Code/GameEngine/Source/Common/Thing/ProductionPrerequisiteAddUnitPrereq.cpp,no,1,4,1,0
Code/GameEngine/Source/Common/Thing/ProductionPrerequisiteCopyCtor.cpp,no,0,1,24,0
Code/GameEngine/Source/Common/Thing/ProductionPrerequisiteCtor.cpp,no,0,4,24,0
Code/GameEngine/Source/Common/Thing/ProductionPrerequisiteInsertOverflow.cpp,no,0,0,15,0
Code/GameEngine/Source/Common/Thing/ProductionPrerequisiteRecVectorCopy.cpp,no,1,0,2,0
Code/GameEngine/Source/Common/Thing/ProductionPrerequisiteRecVectorInsertOverflow.cpp,no,0,1,16,0
Code/GameEngine/Source/Common/Thing/ProductionPrerequisiteVectorPushBack.cpp,no,1,0,25,0
Code/GameEngine/Source/Common/Thing/Rva001D98BD.cpp,yes,0,0,0,0
Code/GameEngine/Source/Common/Thing/Rva001F8C5BCtor.cpp,no,0,0,2,0
Code/GameEngine/Source/Common/Thing/Rva001F8E45.cpp,no,0,0,4,0
Code/GameEngine/Source/Common/Thing/Rva00200CB1Assign.cpp,yes,0,0,0,0
Code/GameEngine/Source/Common/Thing/Rva00200D38Ctor.cpp,no,2,2,0,1
Code/GameEngine/Source/Common/Thing/Rva00255CA8.cpp,yes,0,0,0,0
Code/GameEngine/Source/Common/Thing/Rva00255CD1.cpp,yes,0,0,0,0
Code/GameEngine/Source/Common/Thing/Rva0033C807FindErase.cpp,yes,0,0,0,0
Code/GameEngine/Source/Common/Thing/Rva0033C8E8Chain.cpp,yes,0,0,0,0
Code/GameEngine/Source/Common/Thing/Rva0040AF1DCtor.cpp,yes,0,0,0,0
Code/GameEngine/Source/Common/Thing/Rva004F53A3.cpp,yes,0,0,0,0
Code/GameEngine/Source/Common/Thing/Rva004F553FEnum.cpp,no,1,0,0,0
Code/GameEngine/Source/Common/Thing/Rva00569543DedupPush.cpp,no,0,0,1,0
Code/GameEngine/Source/Common/Thing/Rva006CD530Detach.cpp,yes,0,0,0,0
Code/GameEngine/Source/Common/Thing/Rva006CFDF0DecRef.cpp,yes,0,0,0,0
Code/GameEngine/Source/Common/Thing/Rva006D0F20Release.cpp,no,2,0,0,0
Code/GameEngine/Source/Common/Thing/Rva006D1210Destroy.cpp,no,1,0,0,0
Code/GameEngine/Source/Common/Thing/SparseMatchFinderModelConditionCompare117.cpp,no,0,0,1,0
Code/GameEngine/Source/Common/Thing/SparseMatchFinderModelConditionLowerBound117.cpp,no,0,0,1,0
Code/GameEngine/Source/Common/Thing/SparseMatchFinderWeaponCompare17.cpp,no,0,0,1,0
Code/GameEngine/Source/Common/Thing/SparseMatchFinderWeaponLowerBound17.cpp,yes,0,0,0,0
Code/GameEngine/Source/Common/Thing/Thing.cpp,no,4,6,2,0
Code/GameEngine/Source/Common/Thing/ThingFactory.cpp,no,10,16,9,0
Code/GameEngine/Source/Common/Thing/ThingGetHeightAboveTerrainOrWater.cpp,no,1,1,2,0
Code/GameEngine/Source/Common/Thing/ThingGetUnitDirectionVector2D.cpp,no,0,1,2,0
Code/GameEngine/Source/Common/Thing/ThingRva0030A3E4.cpp,no,0,0,1,0
Code/GameEngine/Source/Common/Thing/ThingRva0030A92C.cpp,no,1,0,4,0
Code/GameEngine/Source/Common/Thing/ThingSetOrientation.cpp,no,1,0,5,0
Code/GameEngine/Source/Common/Thing/ThingSetPosition.cpp,no,1,0,5,0
Code/GameEngine/Source/Common/Thing/ThingSetTransformMatrix.cpp,no,0,0,2,0
Code/GameEngine/Source/Common/Thing/ThingTemplate.cpp,no,33,15,258,0
Code/GameEngine/Source/Common/Thing/ThingTemplateButtonImage.cpp,no,0,0,0,1
Code/GameEngine/Source/Common/Thing/ThingTemplateFloatMapStore.cpp,no,0,0,3,0
Code/GameEngine/Source/Common/Thing/ThingTemplateIsEquivalentTo.cpp,no,0,1,2,0
Code/GameEngine/Source/Common/Thing/ThingTemplateParsePrerequisiteScience.cpp,yes,0,0,0,0
Code/GameEngine/Source/Common/Thing/ThingTemplateParsePrerequisiteUnit.cpp,no,0,2,1,0
Code/GameEngine/Source/Common/Thing/ThingTemplateParsePrerequisiteUpgrade.cpp,no,1,2,1,0
Code/GameEngine/Source/Common/Thing/ThingTemplateParsePrerequisites.cpp,no,2,1,1,0
Code/GameEngine/Source/Common/Thing/ThingTemplateRva000456AC.cpp,yes,0,0,0,0
Code/GameEngine/Source/Common/Thing/ThingTemplateScanScience.cpp,no,2,0,0,0
Code/GameEngine/Source/Common/Thing/ThingTemplateScienceVectorAllocateCopy.cpp,no,1,0,1,0
Code/GameEngine/Source/Common/Thing/ThingTemplateScienceVectorAssign.cpp,no,1,1,1,0
Code/GameEngine/Source/Common/Thing/ThingTemplateScienceVectorReserve.cpp,no,0,0,8,0
Code/GameEngine/Source/Common/Thing/ThingTemplateSetCopiedFromDefault.cpp,no,0,1,1,0
Code/GameEngine/Source/Common/Thing/ThingTemplateValidate.cpp,no,1,1,1,0
Code/GameEngine/Source/Common/Thing/UpgradeMuxData_getUpgradeActivationMasks.cpp,no,2,2,8,0
Code/GameEngine/Source/Common/Thing/VectorAsciiStringErase.cpp,no,0,1,1,0
Code/GameEngine/Source/Common/Thing/WeaponTemplateSetConstruct.cpp,no,0,0,1,0
Code/GameEngine/Source/Common/Thing/WeaponTemplateSetCopyCtor.cpp,yes,0,0,0,0
Code/GameEngine/Source/Common/Thing/WeaponTemplateSetHeadCopyCtor.cpp,yes,0,0,0,0
Code/GameEngine/Source/Common/Thing/WeaponTemplateSetUninitializedCopy.cpp,yes,0,0,0,0
Code/GameEngine/Source/Common/ThingIsAnyKindOf.cpp,no,0,1,1,0
Code/GameEngine/Source/Common/ThingTemplateShadowSelector_usePluralShadowName.cpp,yes,0,0,0,0
Code/GameEngine/Source/Common/TimedOperationRef_update.cpp,no,2,0,0,0
Code/GameEngine/Source/Common/TimedOperations_updateTimedOps.cpp,no,1,0,0,0
Code/GameEngine/Source/Common/TooltipHide_muse-f8cb.cpp,no,5,0,0,0
Code/GameEngine/Source/Common/TooltipMove_muse-f8cb.cpp,no,4,0,0,0
Code/GameEngine/Source/Common/TreeHintRefReleaseBFME2.cpp,yes,0,0,0,0
Code/GameEngine/Source/Common/TrivialSingleMemberCtors.cpp,no,0,0,0,3
Code/GameEngine/Source/Common/TurretStateMachineSetState.cpp,no,0,0,0,1
Code/GameEngine/Source/Common/U2AllocatedRangeCopies.cpp,yes,0,0,0,0
Code/GameEngine/Source/Common/U2AllocatedRangeCopy8.cpp,yes,0,0,0,0
Code/GameEngine/Source/Common/U2CStringScans.cpp,yes,0,0,0,0
Code/GameEngine/Source/Common/U2FeslGameBrowserAsserts.cpp,yes,0,0,0,0
Code/GameEngine/Source/Common/U2FixedSlotSearches.cpp,no,2,0,0,0
Code/GameEngine/Source/Common/U2HandleLeaves.cpp,no,2,0,0,0
Code/GameEngine/Source/Common/UserPreferences.cpp,no,5,8,23,0
Code/GameEngine/Source/Common/UserPreferencesRva00535CE4.cpp,no,1,5,0,0
Code/GameEngine/Source/Common/UserPreferencesWinsLossesVs.cpp,no,1,3,0,0
Code/GameEngine/Source/Common/V3InlineTwoBaseCopyCtors.cpp,no,7,0,0,0
Code/GameEngine/Source/Common/V3PolyCopyCtors.cpp,no,27,0,0,0
Code/GameEngine/Source/Common/V3PolyDerivedCopyCtors.cpp,no,1,0,0,0
Code/GameEngine/Source/Common/VTableInstalls.cpp,no,0,0,0,6
Code/GameEngine/Source/Common/VectorClassBfmeThingFTResize.cpp,no,5,0,0,0
Code/GameEngine/Source/Common/VectorObjectIDFillInsert.cpp,no,1,1,14,0
Code/GameEngine/Source/Common/VectorPairObjectIDCopyBackward.cpp,no,0,0,7,0
Code/GameEngine/Source/Common/VectorPod88AllocateCopy.cpp,yes,0,0,0,0
Code/GameEngine/Source/Common/VectorPod88CopyConstructor.cpp,no,1,0,4,0
Code/GameEngine/Source/Common/VersionBlockBoundForwarders.cpp,yes,0,0,0,0
Code/GameEngine/Source/Common/VersionBlockEntryCtor.cpp,no,0,0,11,0
Code/GameEngine/Source/Common/VersionBlockKeyCompare.cpp,yes,0,0,0,0
Code/GameEngine/Source/Common/VersionBlockLookup.cpp,yes,0,0,0,0
Code/GameEngine/Source/Common/VersionBlockParserCtor.cpp,no,1,0,1,0
Code/GameEngine/Source/Common/VersionBlockSearch.cpp,yes,0,0,0,0
Code/GameEngine/Source/Common/VersionBlockSearchEntries.cpp,yes,0,0,0,0
Code/GameEngine/Source/Common/VersionDestructor.cpp,no,8,4,0,0
Code/GameEngine/Source/Common/VersionUnicode.cpp,no,1,5,2,0
Code/GameEngine/Source/Common/VirtualSlot5CallThunk.cpp,yes,0,0,0,0
Code/GameEngine/Source/Common/VptrCleanupDeletingDestructors.cpp,no,3,0,0,0
Code/GameEngine/Source/Common/VtableConstantPredicates.cpp,yes,0,0,0,0
Code/GameEngine/Source/Common/VtableVirtualForwarders.cpp,yes,0,0,0,0
Code/GameEngine/Source/Common/W3DDrawNameGetters.cpp,yes,0,0,0,0
Code/GameEngine/Source/Common/W3SmallValueInitializers.cpp,yes,0,0,0,0
Code/GameEngine/Source/Common/WW3DOptionSetter.cpp,no,3,0,0,0
Code/GameEngine/Source/Common/Watchdog.cpp,no,1,1,0,0
Code/GameEngine/Source/Common/WatchdogDeletingDtor.cpp,no,0,1,2,0
Code/GameEngine/Source/Common/WatchdogDtor.cpp,no,1,1,1,0
Code/GameEngine/Source/Common/WatchdogThreadFunction.cpp,no,0,1,1,0
Code/GameEngine/Source/Common/WeaponGetStatus.cpp,no,0,1,1,1
Code/GameEngine/Source/Common/WeaponRebuildScatterTargets.cpp,no,0,1,3,0
Code/GameEngine/Source/Common/WeaponTemplateSetHeadIntersect.cpp,yes,0,0,0,0
Code/GameEngine/Source/Common/bezier_segment.cpp,no,5,3,13,0
Code/GameEngine/Source/Common/calc.cpp,yes,0,0,0,0
Code/GameEngine/Source/Common/forwardSentinel.cpp,no,1,0,0,0
Code/GameEngine/Source/Common/indexOf.cpp,yes,0,0,0,0
Code/GameEngine/Source/Common/namekey_hash.cpp,yes,0,0,0,0
Code/GameEngine/Source/Common/namekey_hash_lowercase.cpp,yes,0,0,0,0
Code/GameEngine/Source/Common/normalizeAngle.cpp,yes,0,0,0,0
Code/GameEngine/Source/GameClient/AssetListOperatorInsert.cpp,no,0,0,3,0
Code/GameEngine/Source/GameClient/AttachedModelFXNuggetCtor.cpp,no,0,0,0,2
Code/GameEngine/Source/GameClient/BuffNuggetFXNuggetCtor.cpp,no,1,1,15,3
Code/GameEngine/Source/GameClient/BuffNuggetFXNuggetDtor.cpp,no,0,1,10,0
Code/GameEngine/Source/GameClient/CameraMarkerListFind.cpp,no,0,0,2,0
Code/GameEngine/Source/GameClient/CameraShakerVolumeFXNuggetCtor.cpp,no,0,0,0,1
Code/GameEngine/Source/GameClient/ClientRandomValue.cpp,no,0,2,0,0
Code/GameEngine/Source/GameClient/ClientRandomValue_getValue.cpp,no,0,1,1,0
Code/GameEngine/Source/GameClient/ClientRandomValue_getValueReal.cpp,no,0,1,1,0
Code/GameEngine/Source/GameClient/Coord3DListCreateNode.cpp,no,0,0,3,0
Code/GameEngine/Source/GameClient/CursorParticleSystemFXNuggetCtor.cpp,no,2,2,0,0
Code/GameEngine/Source/GameClient/DisplayRva002B2466.cpp,yes,0,0,0,0
Code/GameEngine/Source/GameClient/DisplaySetHeight.cpp,no,0,0,0,1
Code/GameEngine/Source/GameClient/Drawable/Update/AnimatedParticleSysBoneClientUpdateCtor.cpp,no,2,2,11,0
Code/GameEngine/Source/GameClient/Drawable/Update/AnimationSoundClientBehaviorBuildFieldParse.cpp,no,0,0,0,1
Code/GameEngine/Source/GameClient/Drawable/Update/AnimationSoundClientBehaviorDtor.cpp,no,3,1,2,0
Code/GameEngine/Source/GameClient/Drawable/Update/AnimationSoundClientBehaviorModuleDataCtor.cpp,no,2,1,0,0
Code/GameEngine/Source/GameClient/Drawable/Update/AnimationSoundClientBehaviorModuleDataFriendNew.cpp,yes,0,0,0,0
Code/GameEngine/Source/GameClient/Drawable/Update/AnimationSoundClientBehaviorPoolKey.cpp,yes,0,0,0,0
Code/GameEngine/Source/GameClient/Drawable/Update/ClientModuleDeletingDtors.cpp,no,0,7,3,0
Code/GameEngine/Source/GameClient/Drawable/Update/EvaAnnounceClientCreatePoolKey.cpp,yes,0,0,0,0
Code/GameEngine/Source/GameClient/Drawable/Update/RadarMarkerClientUpdateDtor.cpp,no,0,2,3,0
Code/GameEngine/Source/GameClient/Drawable/Update/RadarMarkerClientUpdatePoolKey.cpp,yes,0,0,0,0
Code/GameEngine/Source/GameClient/Drawable/Update/Rva000B19A1Ctor.cpp,no,0,0,1,0
Code/GameEngine/Source/GameClient/Drawable/Update/Rva004C9B8FAssign.cpp,yes,0,0,0,0
Code/GameEngine/Source/GameClient/Drawable/Update/SwayClientUpdatePoolKey.cpp,yes,0,0,0,0
Code/GameEngine/Source/GameClient/Drawable/Update/W3DTornadoDrawDtor.cpp,no,1,2,7,0
Code/GameEngine/Source/GameClient/DrawableFade.cpp,no,1,0,0,1
Code/GameEngine/Source/GameClient/DrawableFields.cpp,no,0,1,1,0
Code/GameEngine/Source/GameClient/Drawable_getCurrentClientBonePositions.cpp,yes,0,0,0,0
Code/GameEngine/Source/GameClient/Drawable_getPristineBonePositions.cpp,yes,0,0,0,0
Code/GameEngine/Source/GameClient/Drawable_rva00270FAC.cpp,yes,0,0,0,0
Code/GameEngine/Source/GameClient/Drawable_rva00272393.cpp,yes,0,0,0,0
Code/GameEngine/Source/GameClient/Drawable_rva0027248A.cpp,yes,0,0,0,0
Code/GameEngine/Source/GameClient/Drawable_rva002724FD.cpp,no,0,0,0,1
Code/GameEngine/Source/GameClient/Drawable_rva00272835.cpp,yes,0,0,0,0
Code/GameEngine/Source/GameClient/Drawable_rva0027290C.cpp,yes,0,0,0,0
Code/GameEngine/Source/GameClient/Drawable_rva00272A02.cpp,yes,0,0,0,0
Code/GameEngine/Source/GameClient/Drawable_rva00272BE7.cpp,yes,0,0,0,0
Code/GameEngine/Source/GameClient/Drawable_rva00272DBB.cpp,yes,0,0,0,0
Code/GameEngine/Source/GameClient/Drawable_rva00274176.cpp,yes,0,0,0,0
Code/GameEngine/Source/GameClient/Drawable_rva00275545.cpp,no,0,0,0,1
Code/GameEngine/Source/GameClient/Drawable_rva0027656F.cpp,no,1,1,0,0
Code/GameEngine/Source/GameClient/Drawable_rva00278689.cpp,yes,0,0,0,0
Code/GameEngine/Source/GameClient/Drawable_setSelectable.cpp,yes,0,0,0,0
Code/GameEngine/Source/GameClient/EvaAsciiHash.cpp,no,0,0,0,1
Code/GameEngine/Source/GameClient/EvaBucketAdvance.cpp,yes,0,0,0,0
Code/GameEngine/Source/GameClient/EvaBucketIndex.cpp,yes,0,0,0,0
Code/GameEngine/Source/GameClient/EvaEventFXNuggetCtor.cpp,no,0,0,0,1
Code/GameEngine/Source/GameClient/EvaMessageName.cpp,no,2,2,0,0
Code/GameEngine/Source/GameClient/EvaRva001DE78E.cpp,yes,0,0,0,0
Code/GameEngine/Source/GameClient/FXList.cpp,no,29,18,76,0
Code/GameEngine/Source/GameClient/FXListAtBonePosFXNuggetCtor.cpp,no,1,2,2,0
Code/GameEngine/Source/GameClient/FXListAtBonePosFXNuggetDtor.cpp,no,0,1,0,0
Code/GameEngine/Source/GameClient/FXListDoFXPos.cpp,no,2,0,0,0
Code/GameEngine/Source/GameClient/FXListMapNodeEmit.cpp,no,0,0,10,0
Code/GameEngine/Source/GameClient/FXListNuggetParse.cpp,no,18,7,12,0
Code/GameEngine/Source/GameClient/FXListRva001E2747Ctor.cpp,no,2,1,8,0
Code/GameEngine/Source/GameClient/FXListRva001E28B8Ctor.cpp,no,0,0,0,3
Code/GameEngine/Source/GameClient/FXListStaticDoFXPos.cpp,no,1,0,0,0
Code/GameEngine/Source/GameClient/FXListStoreFindFXList.cpp,no,1,1,1,0
Code/GameEngine/Source/GameClient/FXListVectorInsertOverflow.cpp,no,1,0,1,0
Code/GameEngine/Source/GameClient/FXNuggetBaseCtor_muse-8c42.cpp,no,3,0,0,0
Code/GameEngine/Source/GameClient/FXNuggetDeletingDtors.cpp,no,0,1,1,0
Code/GameEngine/Source/GameClient/FXParticleSystem.cpp,no,19,39,0,0
Code/GameEngine/Source/GameClient/FXParticleSystemDefaultParsers.cpp,no,0,0,0,5
Code/GameEngine/Source/GameClient/FXParticleSystemDefaultTemplateDtor.cpp,no,0,12,14,36
Code/GameEngine/Source/GameClient/FXParticleSystemDefaults.cpp,no,0,1,0,0
Code/GameEngine/Source/GameClient/FXParticleSystemFactories.cpp,no,46,71,160,0
Code/GameEngine/Source/GameClient/FXParticleSystemModuleGetClass.cpp,yes,0,0,0,0
Code/GameEngine/Source/GameClient/FXParticleSystemModuleParsers.cpp,no,0,0,0,20
Code/GameEngine/Source/GameClient/FXParticleSystemModules.cpp,no,43,85,30,0
Code/GameEngine/Source/GameClient/FXParticleSystemVelocityTemplate.cpp,no,0,0,0,4
Code/GameEngine/Source/GameClient/FamilyDeletingDtors_Rva002E66F2.cpp,no,0,1,1,0
Code/GameEngine/Source/GameClient/GUI/AnimateWindowGetVel.cpp,yes,0,0,0,0
Code/GameEngine/Source/GameClient/GUI/AnimateWindowManager.cpp,no,0,2,12,0
Code/GameEngine/Source/GameClient/GUI/AnimateWindow_setPositionSetters.cpp,yes,0,0,0,0
Code/GameEngine/Source/GameClient/GUI/AptMapPreviewPictureImage.cpp,no,3,3,0,0
Code/GameEngine/Source/GameClient/GUI/AptMapPreviewSetMapDescription.cpp,no,0,1,1,0
Code/GameEngine/Source/GameClient/GUI/AptMapPreviewSetMapTitle.cpp,no,2,5,0,0
Code/GameEngine/Source/GameClient/GUI/AptPlayerNameSet.cpp,no,4,4,0,0
Code/GameEngine/Source/GameClient/GUI/BfmeAptScreenBaseConstructor.cpp,no,1,0,0,0
Code/GameEngine/Source/GameClient/GUI/BfmeMapPictureTextureCtor.cpp,no,2,0,1,0
Code/GameEngine/Source/GameClient/GUI/BfmeQuickMatchScreenBaseConstructor.cpp,no,9,0,0,0
Code/GameEngine/Source/GameClient/GUI/BfmeQuickMatchScreenBaseSlot4.cpp,yes,0,0,0,0
Code/GameEngine/Source/GameClient/GUI/BfmeSelectionTranslator_setDragSelecting.cpp,yes,0,0,0,0
Code/GameEngine/Source/GameClient/GUI/ControlBar/BfmeWorldRva0031AA34.cpp,yes,0,0,0,0
Code/GameEngine/Source/GameClient/GUI/ControlBar/BfmeWorldRva0031AA4B.cpp,yes,0,0,0,0
Code/GameEngine/Source/GameClient/GUI/ControlBar/CommandButton_parseCommand_Thunk.cpp,no,2,0,1,0
Code/GameEngine/Source/GameClient/GUI/ControlBar/ControlBarBlink0031AEFF.cpp,no,1,0,0,0
Code/GameEngine/Source/GameClient/GUI/ControlBar/ControlBarFields.cpp,yes,0,0,0,0
Code/GameEngine/Source/GameClient/GUI/ControlBar/ControlBarList003200A2.cpp,no,0,0,7,0
Code/GameEngine/Source/GameClient/GUI/ControlBar/ControlBarResizer.cpp,no,0,1,0,0
Code/GameEngine/Source/GameClient/GUI/ControlBar/ControlBarRva0031AA86.cpp,no,1,0,0,0
Code/GameEngine/Source/GameClient/GUI/ControlBar/ControlBarRva0031AD14.cpp,yes,0,0,0,0
Code/GameEngine/Source/GameClient/GUI/ControlBar/ControlBarRva0031AD48.cpp,yes,0,0,0,0
Code/GameEngine/Source/GameClient/GUI/ControlBar/ControlBarRva0031AE01.cpp,yes,0,0,0,0
Code/GameEngine/Source/GameClient/GUI/ControlBar/ControlBarRva0031AE13.cpp,yes,0,0,0,0
Code/GameEngine/Source/GameClient/GUI/ControlBar/ControlBarRva0031AE93.cpp,yes,0,0,0,0
Code/GameEngine/Source/GameClient/GUI/ControlBar/ControlBarRva0031AEAE.cpp,yes,0,0,0,0
Code/GameEngine/Source/GameClient/GUI/ControlBar/ControlBarRva0031AEC9.cpp,no,1,0,0,0
Code/GameEngine/Source/GameClient/GUI/ControlBar/ControlBarRva0031AF54.cpp,yes,0,0,0,0
Code/GameEngine/Source/GameClient/GUI/ControlBar/ControlBarRva00320158.cpp,no,1,0,0,0
Code/GameEngine/Source/GameClient/GUI/ControlBar/ControlBarRva003201A9.cpp,no,1,0,0,0
Code/GameEngine/Source/GameClient/GUI/ControlBar/ControlBarScheme.cpp,no,3,2,2,0
Code/GameEngine/Source/GameClient/GUI/ControlBar/ControlBarToggle0031AFDE.cpp,no,1,0,0,0
Code/GameEngine/Source/GameClient/GUI/ControlBar/ControlBarUpdateRightHUDImage.cpp,yes,0,0,0,0
Code/GameEngine/Source/GameClient/GUI/ControlBar/Rva0031AB7FCopy.cpp,yes,0,0,0,0
Code/GameEngine/Source/GameClient/GUI/ControlBar/Rva0031AC39Loop.cpp,yes,0,0,0,0
Code/GameEngine/Source/GameClient/GUI/CountUpTransitionDestructorThunk.cpp,no,2,1,0,0
Code/GameEngine/Source/GameClient/GUI/FileSystemDoesFileExist.cpp,no,5,0,0,0
Code/GameEngine/Source/GameClient/GUI/FileSystemOpenFile.cpp,no,6,0,0,0
Code/GameEngine/Source/GameClient/GUI/FontLibraryCtor.cpp,no,2,2,0,0
Code/GameEngine/Source/GameClient/GUI/FontLibraryFindRecord.cpp,no,0,0,5,0
Code/GameEngine/Source/GameClient/GUI/FontLibraryInit.cpp,no,3,2,0,0
Code/GameEngine/Source/GameClient/GUI/FullFadeTransitionInit.cpp,yes,0,0,0,0
Code/GameEngine/Source/GameClient/GUI/FullFadeTransitionUpdate.cpp,no,1,0,1,0
Code/GameEngine/Source/GameClient/GUI/GUICallbacks/ControlBarCallback.cpp,yes,0,0,0,0
Code/GameEngine/Source/GameClient/GUI/GUICallbacks/Menus/AsciiUnicodePairCopyCtor.cpp,no,1,4,2,0
Code/GameEngine/Source/GameClient/GUI/GUICallbacks/Menus/CustomMatchPreferences_getDisallowAsianText.cpp,no,0,2,1,0
Code/GameEngine/Source/GameClient/GUI/GUICallbacks/Menus/CustomMatchPreferences_getDisallowNonAsianText.cpp,no,0,2,1,0
Code/GameEngine/Source/GameClient/GUI/GUICallbacks/Menus/CustomMatchPreferences_getLastLadderAddr.cpp,no,2,2,1,0
Code/GameEngine/Source/GameClient/GUI/GUICallbacks/Menus/CustomMatchPreferences_getLastLadderPort.cpp,no,0,2,1,0
Code/GameEngine/Source/GameClient/GUI/GUICallbacks/Menus/CustomMatchPreferences_setDisallowAsianText.cpp,no,0,3,1,0
Code/GameEngine/Source/GameClient/GUI/GUICallbacks/Menus/CustomMatchPreferences_setDisallowNonAsianText.cpp,no,0,3,1,0
Code/GameEngine/Source/GameClient/GUI/GUICallbacks/Menus/CustomMatchPreferences_setLastLadder.cpp,no,0,3,1,0
Code/GameEngine/Source/GameClient/GUI/GUICallbacks/Menus/CustomMatchPreferences_setUsesLongGameList.cpp,no,0,3,1,0
Code/GameEngine/Source/GameClient/GUI/GUICallbacks/Menus/LANPreferences_usesSystemMapDir.cpp,no,1,1,1,0
Code/GameEngine/Source/GameClient/GUI/GUICallbacks/Menus/LanGameOptionsMenu.cpp,no,56,7,16,0
Code/GameEngine/Source/GameClient/GUI/GUICallbacks/Menus/MapSelectMenuInput.cpp,no,3,2,6,0
Code/GameEngine/Source/GameClient/GUI/GUICallbacks/Menus/OptionPreferences_ctor.cpp,no,0,3,4,0
Code/GameEngine/Source/GameClient/GUI/GUICallbacks/Menus/OptionPreferences_enumDispatch.cpp,yes,0,0,0,0
Code/GameEngine/Source/GameClient/GUI/GUICallbacks/Menus/OptionPreferences_getAllHealthBars.cpp,no,0,2,1,0
Code/GameEngine/Source/GameClient/GUI/GUICallbacks/Menus/OptionPreferences_getAlternateMouseSetup.cpp,no,1,2,1,0
Code/GameEngine/Source/GameClient/GUI/GUICallbacks/Menus/OptionPreferences_getAudioLOD.cpp,no,0,3,1,0
Code/GameEngine/Source/GameClient/GUI/GUICallbacks/Menus/OptionPreferences_getBrightness.cpp,no,0,2,1,0
Code/GameEngine/Source/GameClient/GUI/GUICallbacks/Menus/OptionPreferences_getCampaignDifficulty.cpp,no,1,3,3,0
Code/GameEngine/Source/GameClient/GUI/GUICallbacks/Menus/OptionPreferences_getDisplayForeignLanguage.cpp,no,1,2,1,0
Code/GameEngine/Source/GameClient/GUI/GUICallbacks/Menus/OptionPreferences_getDoubleClickGuard.cpp,no,1,2,1,0
Code/GameEngine/Source/GameClient/GUI/GUICallbacks/Menus/OptionPreferences_getFirewallBehavior.cpp,no,1,3,2,0
Code/GameEngine/Source/GameClient/GUI/GUICallbacks/Menus/OptionPreferences_getFirewallNeedToRefresh.cpp,no,0,3,2,0
Code/GameEngine/Source/GameClient/GUI/GUICallbacks/Menus/OptionPreferences_getFirewallPortAllocationDelta.cpp,no,1,3,2,0
Code/GameEngine/Source/GameClient/GUI/GUICallbacks/Menus/OptionPreferences_getFirewallPortOverride.cpp,no,1,3,2,0
Code/GameEngine/Source/GameClient/GUI/GUICallbacks/Menus/OptionPreferences_getLANIPAddress.cpp,no,3,5,18,0
Code/GameEngine/Source/GameClient/GUI/GUICallbacks/Menus/OptionPreferences_getLanguageFilter.cpp,no,1,2,1,0
Code/GameEngine/Source/GameClient/GUI/GUICallbacks/Menus/OptionPreferences_getRefreshNet.cpp,no,1,2,1,0
Code/GameEngine/Source/GameClient/GUI/GUICallbacks/Menus/OptionPreferences_getResolution.cpp,no,1,3,2,0
Code/GameEngine/Source/GameClient/GUI/GUICallbacks/Menus/OptionPreferences_getScrollFactor.cpp,no,1,3,2,0
Code/GameEngine/Source/GameClient/GUI/GUICallbacks/Menus/OptionPreferences_getSendDelay.cpp,no,1,3,2,0
Code/GameEngine/Source/GameClient/GUI/GUICallbacks/Menus/OptionPreferences_getStaticGameDetail.cpp,no,0,3,2,0
Code/GameEngine/Source/GameClient/GUI/GUICallbacks/Menus/OptionPreferences_getTurnOffMessengerInGame.cpp,no,1,2,1,0
Code/GameEngine/Source/GameClient/GUI/GUICallbacks/Menus/OptionPreferences_getUseEAX3.cpp,no,0,2,1,0
Code/GameEngine/Source/GameClient/GUI/GUICallbacks/Menus/OptionPreferences_getVolume.cpp,no,5,0,0,0
Code/GameEngine/Source/GameClient/GUI/GUICallbacks/Menus/OptionPreferences_hasGotOnline.cpp,no,0,2,1,0
Code/GameEngine/Source/GameClient/GUI/GUICallbacks/Menus/OptionPreferences_hasSeenLogoMovies.cpp,no,0,2,1,0
Code/GameEngine/Source/GameClient/GUI/GUICallbacks/Menus/OptionPreferences_mapFind.cpp,no,1,3,3,0
Code/GameEngine/Source/GameClient/GUI/GUICallbacks/Menus/OptionPreferences_rva002E43A6.cpp,no,0,2,0,0
Code/GameEngine/Source/GameClient/GUI/GUICallbacks/Menus/OptionPreferences_saveCameraInReplays.cpp,no,0,3,2,0
Code/GameEngine/Source/GameClient/GUI/GUICallbacks/Menus/OptionPreferences_setCampaignDifficulty.cpp,no,0,4,2,0
Code/GameEngine/Source/GameClient/GUI/GUICallbacks/Menus/OptionPreferences_setLANIPAddress.cpp,no,0,5,3,0
Code/GameEngine/Source/GameClient/GUI/GUICallbacks/Menus/OptionPreferences_setStaticGameLOD.cpp,no,0,3,1,0
Code/GameEngine/Source/GameClient/GUI/GUICallbacks/Menus/OptionPreferences_setVolume.cpp,no,0,3,1,0
Code/GameEngine/Source/GameClient/GUI/GUICallbacks/Menus/OptionPreferences_useCameraInReplays.cpp,no,0,3,2,0
Code/GameEngine/Source/GameClient/GUI/GUICallbacks/Menus/OptionPreferences_usesSystemMapDir.cpp,no,0,3,2,0
Code/GameEngine/Source/GameClient/GUI/GUICallbacks/Menus/OptionsMenu.cpp,no,31,28,55,0
Code/GameEngine/Source/GameClient/GUI/GUICallbacks/Menus/QuickMatchPreferences_getMaxDisconnects.cpp,no,0,2,1,0
Code/GameEngine/Source/GameClient/GUI/GUICallbacks/Menus/QuickMatchPreferences_getMaxPing.cpp,no,0,2,1,0
Code/GameEngine/Source/GameClient/GUI/GUICallbacks/Menus/QuickMatchPreferences_getMaxPoints.cpp,no,0,2,1,0
Code/GameEngine/Source/GameClient/GUI/GUICallbacks/Menus/QuickMatchPreferences_getMinPoints.cpp,no,0,2,1,0
Code/GameEngine/Source/GameClient/GUI/GUICallbacks/Menus/QuickMatchPreferences_getNumPlayers.cpp,no,0,2,1,0
Code/GameEngine/Source/GameClient/GUI/GUICallbacks/Menus/QuickMatchPreferences_getWaitTime.cpp,no,0,2,1,0
Code/GameEngine/Source/GameClient/GUI/GUICallbacks/Menus/QuickMatchPreferences_setLastLadder.cpp,no,0,3,1,0
Code/GameEngine/Source/GameClient/GUI/GUICallbacks/Menus/QuickMatchPreferences_setMaxDisconnects.cpp,no,0,3,1,0
Code/GameEngine/Source/GameClient/GUI/GUICallbacks/Menus/QuickMatchPreferences_setMaxPing.cpp,no,0,3,1,0
Code/GameEngine/Source/GameClient/GUI/GUICallbacks/Menus/QuickMatchPreferences_setMaxPoints.cpp,no,0,3,1,0
Code/GameEngine/Source/GameClient/GUI/GUICallbacks/Menus/QuickMatchPreferences_setMinPoints.cpp,no,0,3,1,0
Code/GameEngine/Source/GameClient/GUI/GUICallbacks/Menus/QuickMatchPreferences_setNumPlayers.cpp,no,0,3,1,0
Code/GameEngine/Source/GameClient/GUI/GUICallbacks/Menus/QuickMatchPreferences_setWaitTime.cpp,no,0,3,1,0
Code/GameEngine/Source/GameClient/GUI/GUICallbacks/Menus/Rva003829E5Init.cpp,yes,0,0,0,0
Code/GameEngine/Source/GameClient/GUI/GUICallbacks/Menus/SkirmishGameOptionsMenu.cpp,no,92,12,98,0
Code/GameEngine/Source/GameClient/GUI/GUICallbacks/Menus/WOLBuddyOverlay.cpp,no,34,10,55,0
Code/GameEngine/Source/GameClient/GUI/GUICallbacks/Menus/WOLGameSetupMenu.cpp,no,92,13,61,0
Code/GameEngine/Source/GameClient/GUI/Gadget/BfmeGadgetListBoxSetAudioFeedback.cpp,yes,0,0,0,0
Code/GameEngine/Source/GameClient/GUI/Gadget/GadgetButtonImageHelpers.cpp,yes,0,0,0,0
Code/GameEngine/Source/GameClient/GUI/Gadget/GadgetButtonSetText.cpp,no,0,1,0,0
Code/GameEngine/Source/GameClient/GUI/Gadget/GadgetCheckBox.cpp,no,4,2,1,0
Code/GameEngine/Source/GameClient/GUI/Gadget/GadgetCheckBoxIsChecked.cpp,no,1,1,0,0
Code/GameEngine/Source/GameClient/GUI/Gadget/GadgetCheckButtonGet.cpp,yes,0,0,0,0
Code/GameEngine/Source/GameClient/GUI/Gadget/GadgetCheckButtonSetChecked.cpp,no,1,0,0,0
Code/GameEngine/Source/GameClient/GUI/Gadget/GadgetCheckButtonState.cpp,no,1,0,0,0
Code/GameEngine/Source/GameClient/GUI/Gadget/GadgetComboBox.cpp,yes,0,0,0,0
Code/GameEngine/Source/GameClient/GUI/Gadget/GadgetComboBoxAddEntry.cpp,no,0,1,0,0
Code/GameEngine/Source/GameClient/GUI/Gadget/GadgetComboBoxGetText.cpp,no,2,2,0,0
Code/GameEngine/Source/GameClient/GUI/Gadget/GadgetComboBoxRva00322699.cpp,yes,0,0,0,0
Code/GameEngine/Source/GameClient/GUI/Gadget/GadgetComboBoxRva00322910.cpp,yes,0,0,0,0
Code/GameEngine/Source/GameClient/GUI/Gadget/GadgetComboBoxRva003229C5.cpp,yes,0,0,0,0
Code/GameEngine/Source/GameClient/GUI/Gadget/GadgetComboBoxRva0056EBA1.cpp,no,2,3,0,0
Code/GameEngine/Source/GameClient/GUI/Gadget/GadgetComboBoxSetIsEditable.cpp,yes,0,0,0,0
Code/GameEngine/Source/GameClient/GUI/Gadget/GadgetComboBoxSetText.cpp,no,0,2,0,0
Code/GameEngine/Source/GameClient/GUI/Gadget/GadgetListBox.cpp,no,1,1,0,0
Code/GameEngine/Source/GameClient/GUI/Gadget/GadgetListBoxInit00325199.cpp,no,1,0,0,0
Code/GameEngine/Source/GameClient/GUI/Gadget/GadgetListBoxIsFull.cpp,no,1,0,0,0
Code/GameEngine/Source/GameClient/GUI/Gadget/GadgetListBoxSetBottomVisibleEntry.cpp,no,1,0,0,0
Code/GameEngine/Source/GameClient/GUI/Gadget/GadgetMsg00325388.cpp,yes,0,0,0,0
Code/GameEngine/Source/GameClient/GUI/Gadget/GadgetProgressBar.cpp,no,1,0,1,0
Code/GameEngine/Source/GameClient/GUI/Gadget/GadgetPushButton.cpp,no,1,0,0,0
Code/GameEngine/Source/GameClient/GUI/Gadget/GadgetRadioButton.cpp,no,8,1,2,0
Code/GameEngine/Source/GameClient/GUI/Gadget/GadgetSliderSelectedThumbBorderColors.cpp,no,1,0,0,0
Code/GameEngine/Source/GameClient/GUI/Gadget/GadgetStaticText.cpp,no,7,3,2,0
Code/GameEngine/Source/GameClient/GUI/Gadget/GadgetTabControl.cpp,no,8,1,4,0
Code/GameEngine/Source/GameClient/GUI/Gadget/GadgetTextEntryGetText.cpp,no,2,3,0,0
Code/GameEngine/Source/GameClient/GUI/Gadget/GadgetTextEntrySetText.cpp,no,0,2,1,0
Code/GameEngine/Source/GameClient/GUI/Gadget/GadgetTextEntryValidateCharacter.cpp,yes,0,0,0,0
Code/GameEngine/Source/GameClient/GUI/Gadget/GadgetUserDataHelpers.cpp,no,2,0,0,0
Code/GameEngine/Source/GameClient/GUI/Gadget/GadgetUserDataHelpers_Rva0032857F.cpp,no,1,0,0,0
Code/GameEngine/Source/GameClient/GUI/Gadget/GadgetUserDataHelpers_Rva003285AA.cpp,no,1,0,0,0
Code/GameEngine/Source/GameClient/GUI/Gadget/GadgetUserDataOr0032060D.cpp,yes,0,0,0,0
Code/GameEngine/Source/GameClient/GUI/Gadget/PushButtonDataDtor.cpp,yes,0,0,0,0
Code/GameEngine/Source/GameClient/GUI/Gadget/Rva003236C4.cpp,yes,0,0,0,0
Code/GameEngine/Source/GameClient/GUI/Gadget/Rva00324807BottomEntry.cpp,no,1,0,0,0
Code/GameEngine/Source/GameClient/GUI/Gadget/Rva00511730Save.cpp,no,4,1,0,0
Code/GameEngine/Source/GameClient/GUI/Gadget/Rva0056EA91CompareSet.cpp,no,0,2,0,0
Code/GameEngine/Source/GameClient/GUI/Gadget/Rva0056EDBAPick.cpp,no,12,0,0,0
Code/GameEngine/Source/GameClient/GUI/Gadget/Rva0056F43ECleanup.cpp,yes,0,0,0,0
Code/GameEngine/Source/GameClient/GUI/Gadget/Rva005DD7C3.cpp,yes,0,0,0,0
Code/GameEngine/Source/GameClient/GUI/GadgetListBoxAddEntryText.cpp,no,1,3,0,0
Code/GameEngine/Source/GameClient/GUI/GameWindow.cpp,yes,0,0,0,0
Code/GameEngine/Source/GameClient/GUI/GameWindowDraw.cpp,yes,0,0,0,0
Code/GameEngine/Source/GameClient/GUI/GameWindowDtor.cpp,no,0,0,2,0
Code/GameEngine/Source/GameClient/GUI/GameWindowFields.cpp,yes,0,0,0,0
Code/GameEngine/Source/GameClient/GUI/GameWindowHide.cpp,yes,0,0,0,0
Code/GameEngine/Source/GameClient/GUI/GameWindowIsHidden.cpp,yes,0,0,0,0
Code/GameEngine/Source/GameClient/GUI/GameWindowManager.cpp,no,79,24,18,0
Code/GameEngine/Source/GameClient/GUI/GameWindowManagerScript.cpp,no,31,10,38,0
Code/GameEngine/Source/GameClient/GUI/GameWindowManagerScript_copyGadgetDrawData.cpp,yes,0,0,0,0
Code/GameEngine/Source/GameClient/GUI/GameWindowManagerScript_getDataTemplate.cpp,yes,0,0,0,0
Code/GameEngine/Source/GameClient/GUI/GameWindowManagerScript_parseColor.cpp,yes,0,0,0,0
Code/GameEngine/Source/GameClient/GUI/GameWindowManagerScript_parseComboBoxData.cpp,no,2,0,0,0
Code/GameEngine/Source/GameClient/GUI/GameWindowManagerScript_parseDrawCallback.cpp,no,3,0,1,0
Code/GameEngine/Source/GameClient/GUI/GameWindowManagerScript_parseFont.cpp,no,4,2,1,0
Code/GameEngine/Source/GameClient/GUI/GameWindowManagerScript_parseHeaderTemplate.cpp,no,0,0,1,0
Code/GameEngine/Source/GameClient/GUI/GameWindowManagerScript_parseImageOffset.cpp,yes,0,0,0,0
Code/GameEngine/Source/GameClient/GUI/GameWindowManagerScript_parseInputCallback.cpp,no,4,0,1,0
Code/GameEngine/Source/GameClient/GUI/GameWindowManagerScript_parseLayoutBlock.cpp,no,2,3,2,0
Code/GameEngine/Source/GameClient/GUI/GameWindowManagerScript_parseListboxData.cpp,no,3,0,0,0
Code/GameEngine/Source/GameClient/GUI/GameWindowManagerScript_parseName.cpp,no,0,0,1,0
Code/GameEngine/Source/GameClient/GUI/GameWindowManagerScript_parseRadioButtonData.cpp,no,1,0,0,0
Code/GameEngine/Source/GameClient/GUI/GameWindowManagerScript_parseScreenRect.cpp,no,3,0,0,0
Code/GameEngine/Source/GameClient/GUI/GameWindowManagerScript_parseSliderData.cpp,no,1,0,0,0
Code/GameEngine/Source/GameClient/GUI/GameWindowManagerScript_parseStaticTextData.cpp,no,1,0,0,0
Code/GameEngine/Source/GameClient/GUI/GameWindowManagerScript_parseStatusStyle.cpp,no,1,0,0,0
Code/GameEngine/Source/GameClient/GUI/GameWindowManagerScript_parseSystemCallback.cpp,no,4,0,1,0
Code/GameEngine/Source/GameClient/GUI/GameWindowManagerScript_parseTabControlData.cpp,no,2,0,0,0
Code/GameEngine/Source/GameClient/GUI/GameWindowManagerScript_parseText.cpp,no,0,0,1,0
Code/GameEngine/Source/GameClient/GUI/GameWindowManagerScript_parseTextColor.cpp,no,1,0,0,0
Code/GameEngine/Source/GameClient/GUI/GameWindowManagerScript_parseTextEntryData.cpp,no,2,0,0,0
Code/GameEngine/Source/GameClient/GUI/GameWindowManagerScript_parseTooltip.cpp,no,0,3,1,0
Code/GameEngine/Source/GameClient/GUI/GameWindowManagerScript_parseTooltipCallback.cpp,no,4,0,1,0
Code/GameEngine/Source/GameClient/GUI/GameWindowManagerScript_parseTooltipDelay.cpp,no,1,0,0,0
Code/GameEngine/Source/GameClient/GUI/GameWindowManagerScript_parseTooltipText.cpp,no,0,0,1,0
Code/GameEngine/Source/GameClient/GUI/GameWindowManagerScript_parseWinClass.cpp,no,3,0,1,0
Code/GameEngine/Source/GameClient/GUI/GameWindowManagerScript_scanBool.cpp,yes,0,0,0,0
Code/GameEngine/Source/GameClient/GUI/GameWindowManagerScript_scanInt.cpp,yes,0,0,0,0
Code/GameEngine/Source/GameClient/GUI/GameWindowManagerScript_setWindowText.cpp,no,3,5,1,0
Code/GameEngine/Source/GameClient/GUI/GameWindowManager_drawWindow_Thunk.cpp,no,1,1,1,0
Code/GameEngine/Source/GameClient/GUI/GameWindowManager_dumpWindow.cpp,no,0,1,1,0
Code/GameEngine/Source/GameClient/GUI/GameWindowManager_enableWindowsInRange.cpp,no,2,4,4,0
Code/GameEngine/Source/GameClient/GUI/GameWindowManager_gogoMessageBox.cpp,no,0,3,1,0
Code/GameEngine/Source/GameClient/GUI/GameWindowManager_registerTabList.cpp,no,0,1,19,0
Code/GameEngine/Source/GameClient/GUI/GameWindowManager_rva003174CB.cpp,no,3,0,0,0
Code/GameEngine/Source/GameClient/GUI/GameWindowManager_winPrevTab.cpp,no,0,2,14,0
Code/GameEngine/Source/GameClient/GUI/GameWindowManager_winSetFocus.cpp,no,2,1,1,0
Code/GameEngine/Source/GameClient/GUI/GameWindowManager_winSetLoneWindow.cpp,no,0,1,1,0
Code/GameEngine/Source/GameClient/GUI/GameWindowManager_winTextLabelToText.cpp,no,1,4,2,0
Code/GameEngine/Source/GameClient/GUI/GameWindowRva0031468CDtor.cpp,no,0,1,1,0
Code/GameEngine/Source/GameClient/GUI/GameWindowRva00314AE0.cpp,no,1,0,0,0
Code/GameEngine/Source/GameClient/GUI/GameWindowSetPosition.cpp,no,1,0,0,0
Code/GameEngine/Source/GameClient/GUI/GameWindowSetTooltipFunc.cpp,yes,0,0,0,0
Code/GameEngine/Source/GameClient/GUI/GameWindow_DefaultConstructor.cpp,no,1,0,0,0
Code/GameEngine/Source/GameClient/GUI/GameWindow_snapshotCreateView.cpp,yes,0,0,0,0
Code/GameEngine/Source/GameClient/GUI/GameWindow_winGetScreenPosition.cpp,yes,0,0,0,0
Code/GameEngine/Source/GameClient/GUI/GameWindow_winGetUserData.cpp,yes,0,0,0,0
Code/GameEngine/Source/GameClient/GUI/GameWindow_winSetText.cpp,no,0,2,0,0
Code/GameEngine/Source/GameClient/GUI/ImageBfmeSetTexture.cpp,no,1,0,0,0
Code/GameEngine/Source/GameClient/GUI/ImageCtor.cpp,no,0,1,0,0
Code/GameEngine/Source/GameClient/GUI/ImageDtor.cpp,yes,0,0,0,0
Code/GameEngine/Source/GameClient/GUI/Image_setStatus.cpp,yes,0,0,0,0
Code/GameEngine/Source/GameClient/GUI/MainMenuMediumScaleUpTransitionInit.cpp,no,0,2,1,0
Code/GameEngine/Source/GameClient/GUI/MainMenuScaleUpTransitionInit.cpp,yes,0,0,0,0
Code/GameEngine/Source/GameClient/GUI/MainMenuSmallScaleDownTransitionInit.cpp,no,0,2,1,0
Code/GameEngine/Source/GameClient/GUI/MapMetaData_MPPositionWriters.cpp,no,0,0,1,0
Code/GameEngine/Source/GameClient/GUI/MapMetaData_getBaseDisplayName.cpp,no,1,6,0,0
Code/GameEngine/Source/GameClient/GUI/MapMetaData_getDescription.cpp,no,1,5,0,0
Code/GameEngine/Source/GameClient/GUI/MapMetaData_getDescriptionFirstLine.cpp,no,1,3,1,0
Code/GameEngine/Source/GameClient/GUI/MapMetaData_getDisplayName.cpp,no,0,3,0,0
Code/GameEngine/Source/GameClient/GUI/MpGameSetupOnInitGadget.cpp,no,0,0,0,1
Code/GameEngine/Source/GameClient/GUI/ProcessAnimateWindow.cpp,no,2,1,5,0
Code/GameEngine/Source/GameClient/GUI/ProcessAnimateWindowSlideFromRightReverse.cpp,no,0,1,8,0
Code/GameEngine/Source/GameClient/GUI/ProcessAnimateWindowSlideFromRightUpdate.cpp,no,0,0,6,0
Code/GameEngine/Source/GameClient/GUI/ProcessAnimateWindowSpiralCtor.cpp,no,2,0,2,0
Code/GameEngine/Source/GameClient/GUI/ProcessAnimateWindowSpiralInitReverse.cpp,no,0,0,3,0
Code/GameEngine/Source/GameClient/GUI/ProcessAnimateWindowSpiralReverse.cpp,no,0,0,10,0
Code/GameEngine/Source/GameClient/GUI/ProcessAnimateWindowSpiralUpdate.cpp,no,0,0,11,0
Code/GameEngine/Source/GameClient/GUI/Rva002186EBCtor.cpp,no,1,2,0,0
Code/GameEngine/Source/GameClient/GUI/Rva0031455EList.cpp,no,3,0,0,0
Code/GameEngine/Source/GameClient/GUI/Rva003145B1Dispatch.cpp,yes,0,0,0,0
Code/GameEngine/Source/GameClient/GUI/Rva0031763ACtorDtorAssign.cpp,no,2,2,22,0
Code/GameEngine/Source/GameClient/GUI/Rva0035FF76Update.cpp,yes,0,0,0,0
Code/GameEngine/Source/GameClient/GUI/Rva0043F103Holder.cpp,yes,0,0,0,0
Code/GameEngine/Source/GameClient/GUI/Rva0043FE9AComparer.cpp,no,0,1,0,0
Code/GameEngine/Source/GameClient/GUI/Rva00440AB0Median.cpp,yes,0,0,0,0
Code/GameEngine/Source/GameClient/GUI/Rva00440B1BPartition.cpp,yes,0,0,0,0
Code/GameEngine/Source/GameClient/GUI/Rva00440B64Insert.cpp,yes,0,0,0,0
Code/GameEngine/Source/GameClient/GUI/Rva00440B93Adjust.cpp,yes,0,0,0,0
Code/GameEngine/Source/GameClient/GUI/Rva00441999Heap.cpp,yes,0,0,0,0
Code/GameEngine/Source/GameClient/GUI/Rva00441DBFPop.cpp,yes,0,0,0,0
Code/GameEngine/Source/GameClient/GUI/Rva00441DEBHeap.cpp,yes,0,0,0,0
Code/GameEngine/Source/GameClient/GUI/Rva00441E2BPop.cpp,no,1,0,0,0
Code/GameEngine/Source/GameClient/GUI/Rva00441E4DFaction.cpp,no,0,1,2,0
Code/GameEngine/Source/GameClient/GUI/Rva00442828Final.cpp,yes,0,0,0,0
Code/GameEngine/Source/GameClient/GUI/Rva00442892Pop.cpp,yes,0,0,0,0
Code/GameEngine/Source/GameClient/GUI/Rva00442B8FSort.cpp,yes,0,0,0,0
Code/GameEngine/Source/GameClient/GUI/Rva0050E776Send.cpp,yes,0,0,0,0
Code/GameEngine/Source/GameClient/GUI/Rva005C6599SetPos.cpp,yes,0,0,0,0
Code/GameEngine/Source/GameClient/GUI/Rva00784900GetText.cpp,no,1,4,0,0
Code/GameEngine/Source/GameClient/GUI/Shell/Rva00238B90Dtor.cpp,yes,0,0,0,0
Code/GameEngine/Source/GameClient/GUI/Shell/ShellMenuScheme.cpp,yes,0,0,0,0
Code/GameEngine/Source/GameClient/GUI/Shell/ShellMenuSchemeDtor.cpp,no,0,0,11,0
Code/GameEngine/Source/GameClient/GUI/Shell/ShellMenuSchemeSet.cpp,no,0,1,3,0
Code/GameEngine/Source/GameClient/GUI/Shell/ShellTop.cpp,no,2,2,0,0
Code/GameEngine/Source/GameClient/GUI/ShowCampaignReview.cpp,no,3,2,1,0
Code/GameEngine/Source/GameClient/GUI/TextOnFrameTransitionInit.cpp,yes,0,0,0,0
Code/GameEngine/Source/GameClient/GUI/TextOnFrameTransitionReverse.cpp,yes,0,0,0,0
Code/GameEngine/Source/GameClient/GUI/TextOnFrameTransitionUpdate.cpp,yes,0,0,0,0
Code/GameEngine/Source/GameClient/GUI/WinInstanceData.cpp,no,3,6,7,0
Code/GameEngine/Source/GameClient/GUI/WinInstanceDataDisplayStrings.cpp,no,2,5,1,0
Code/GameEngine/Source/GameClient/GUI/WinInstanceDataTextLength.cpp,no,0,1,1,0
Code/GameEngine/Source/GameClient/GUI/WindowVideoHashtableDtor.cpp,no,0,0,38,0
Code/GameEngine/Source/GameClient/GUI/parseSpellIndex_Thunk.cpp,yes,0,0,0,0
Code/GameEngine/Source/GameClient/GUI/parseTextEntryData_Thunk.cpp,yes,0,0,0,0
Code/GameEngine/Source/GameClient/GUI/window_video_manager.cpp,no,5,4,42,0
Code/GameEngine/Source/GameClient/GameClient.cpp,no,87,7,18,0
Code/GameEngine/Source/GameClient/GameText.cpp,no,7,9,20,0
Code/GameEngine/Source/GameClient/GameTextStringLookUpBound.cpp,no,2,0,0,0
Code/GameEngine/Source/GameClient/GameTextStringLookUpLess.cpp,no,1,0,1,0
Code/GameEngine/Source/GameClient/Gen_005e9a20.cpp,yes,0,0,0,0
Code/GameEngine/Source/GameClient/GlobalLanguageAdjustFontSize.cpp,no,1,0,0,0
Code/GameEngine/Source/GameClient/GlobalLanguageDtor.cpp,no,0,0,1,0
Code/GameEngine/Source/GameClient/GlobalLanguageOnGameEngineExit.cpp,no,1,2,4,1
Code/GameEngine/Source/GameClient/GlobalLanguageParseFontDesc.cpp,no,0,1,1,0
Code/GameEngine/Source/GameClient/INIFileTableGetLine.cpp,yes,0,0,0,0
Code/GameEngine/Source/GameClient/INIFileTableGetName.cpp,no,2,2,0,0
Code/GameEngine/Source/GameClient/INILineAccessors.cpp,no,0,1,0,0
Code/GameEngine/Source/GameClient/InGameUI.cpp,no,100,27,46,0
Code/GameEngine/Source/GameClient/InGameUICreateReplayControl.cpp,no,0,3,1,0
Code/GameEngine/Source/GameClient/InGameUIDisplayCantBuild.cpp,no,0,2,0,0
Code/GameEngine/Source/GameClient/InGameUISetEngineInputEnabled.cpp,yes,0,0,0,0
Code/GameEngine/Source/GameClient/InGameUI_RemoveRecycle.cpp,no,1,0,0,0
Code/GameEngine/Source/GameClient/InGameUI_RemoveRecycle0029DFE9.cpp,no,1,0,0,0
Code/GameEngine/Source/GameClient/InGameUI_Rva0029AF3F.cpp,yes,0,0,0,0
Code/GameEngine/Source/GameClient/InGameUI_Rva0029B04D.cpp,yes,0,0,0,0
Code/GameEngine/Source/GameClient/InGameUI_Rva0042F9C6.cpp,yes,0,0,0,0
Code/GameEngine/Source/GameClient/InGameUI_drawFloatingText.cpp,no,2,1,1,0
Code/GameEngine/Source/GameClient/InGameUI_handleRadiusCursor.cpp,no,4,1,1,0
Code/GameEngine/Source/GameClient/InGameUI_isSelectionLocked.cpp,yes,0,0,0,0
Code/GameEngine/Source/GameClient/InGameUI_selectMatchingAcrossMap.cpp,no,1,3,1,0
Code/GameEngine/Source/GameClient/InGameUI_selectMatchingAcrossScreen.cpp,no,2,3,1,0
Code/GameEngine/Source/GameClient/Input/KeyboardResetKeys.cpp,no,2,0,0,0
Code/GameEngine/Source/GameClient/Input/Mouse.cpp,no,17,9,11,0
Code/GameEngine/Source/GameClient/Input/Rva001EE3DEDtor.cpp,no,1,3,1,0
Code/GameEngine/Source/GameClient/LanguageFilter.cpp,no,3,10,7,0
Code/GameEngine/Source/GameClient/LanguageFilterInit.cpp,no,0,4,29,0
Code/GameEngine/Source/GameClient/LanguageFilterLifecycle.cpp,no,0,4,19,0
Code/GameEngine/Source/GameClient/LanguageFilterLine.cpp,no,0,4,17,0
Code/GameEngine/Source/GameClient/LanguageFilterMap.cpp,no,0,2,10,0
Code/GameEngine/Source/GameClient/LanguageFilterMapInsert.cpp,no,0,2,19,0
Code/GameEngine/Source/GameClient/LanguageFilterReadWord.cpp,no,0,1,1,0
Code/GameEngine/Source/GameClient/LanguageFilterUnHaxor.cpp,no,1,4,3,0
Code/GameEngine/Source/GameClient/LaserFXNuggetCtor.cpp,no,0,0,0,1
Code/GameEngine/Source/GameClient/LightPulseFXNuggetCtor.cpp,no,0,1,1,1
Code/GameEngine/Source/GameClient/LightPulseFXNuggetEffects.cpp,no,1,1,1,0
Code/GameEngine/Source/GameClient/Line2D.cpp,no,0,1,1,0
Code/GameEngine/Source/GameClient/LivingWorldEyeTower.cpp,yes,0,0,0,0
Code/GameEngine/Source/GameClient/MapCacheFindMap.cpp,no,0,2,6,0
Code/GameEngine/Source/GameClient/MapMetaDataCopy.cpp,no,4,8,62,0
Code/GameEngine/Source/GameClient/MapObjectWriteObjectsDataChunk.cpp,no,1,0,1,0
Code/GameEngine/Source/GameClient/MapUtil.cpp,no,32,17,33,0
Code/GameEngine/Source/GameClient/MessageStream/MetaMapFindGameMessageMetaType.cpp,no,0,0,1,0
Code/GameEngine/Source/GameClient/MessageStream/MetaMapGetMetaMapRec.cpp,no,0,1,0,0
Code/GameEngine/Source/GameClient/MessageStream/MetaMapParseMetaMap.cpp,no,2,0,0,2
Code/GameEngine/Source/GameClient/MessageStream/MetaMapRecDtor.cpp,yes,0,0,0,0
Code/GameEngine/Source/GameClient/MouseRva001EDE26.cpp,yes,0,0,0,0
Code/GameEngine/Source/GameClient/MouseRva001EDFE9.cpp,yes,0,0,0,0
Code/GameEngine/Source/GameClient/MouseRva001EDFF7.cpp,yes,0,0,0,0
Code/GameEngine/Source/GameClient/MouseRva001EE5EE_muse-f8cb.cpp,no,0,0,1,0
Code/GameEngine/Source/GameClient/MouseRva001EEA6D.cpp,no,1,1,0,0
Code/GameEngine/Source/GameClient/MouseRva001EEBD5.cpp,no,0,2,0,0
Code/GameEngine/Source/GameClient/MouseRva001EEC4B_muse-f8cb.cpp,no,0,0,1,0
Code/GameEngine/Source/GameClient/MouseSetEngineVisibility.cpp,yes,0,0,0,0
Code/GameEngine/Source/GameClient/Open2Twins006.cpp,no,1,0,1,0
Code/GameEngine/Source/GameClient/ParabolicEase.cpp,yes,0,0,0,0
Code/GameEngine/Source/GameClient/ParticleSystemFXNuggetCtor.cpp,no,1,3,2,0
Code/GameEngine/Source/GameClient/ParticleSystemFXNuggetDtor.cpp,no,0,1,1,0
Code/GameEngine/Source/GameClient/ParticleSystemTemplate.cpp,no,4,1,0,0
Code/GameEngine/Source/GameClient/ParticleSystemTemplateSortComparator.cpp,no,0,1,0,0
Code/GameEngine/Source/GameClient/PlayerPositionRva003023B8.cpp,no,1,2,12,0
Code/GameEngine/Source/GameClient/RadiusDecalParseTemplate.cpp,no,0,0,0,1
Code/GameEngine/Source/GameClient/RadiusDecalTemplateAssign.cpp,yes,0,0,0,0
Code/GameEngine/Source/GameClient/RadiusDecalTemplateCtor.cpp,no,1,0,0,0
Code/GameEngine/Source/GameClient/RadiusDecalTemplateRva00330D3E.cpp,yes,0,0,0,0
Code/GameEngine/Source/GameClient/RadiusDecal_ctor.cpp,yes,0,0,0,0
Code/GameEngine/Source/GameClient/RadiusDecal_rva330E15.cpp,yes,0,0,0,0
Code/GameEngine/Source/GameClient/RadiusDecal_setOpacity.cpp,yes,0,0,0,0
Code/GameEngine/Source/GameClient/RadiusDecal_setPosition.cpp,yes,0,0,0,0
Code/GameEngine/Source/GameClient/RayEffectFXNuggetCtor.cpp,no,2,2,2,0
Code/GameEngine/Source/GameClient/ReplayControls.cpp,no,0,3,3,0
Code/GameEngine/Source/GameClient/Rva000427195Dtor.cpp,no,1,0,0,0
Code/GameEngine/Source/GameClient/Rva00056F61Find.cpp,yes,0,0,0,0
Code/GameEngine/Source/GameClient/Rva00056F61IterFind.cpp,yes,0,0,0,0
Code/GameEngine/Source/GameClient/Rva001F8F2AInsert.cpp,no,1,0,0,0
Code/GameEngine/Source/GameClient/Rva00212A5AInsert.cpp,no,1,0,0,0
Code/GameEngine/Source/GameClient/Rva00212AD6Loop.cpp,yes,0,0,0,0
Code/GameEngine/Source/GameClient/Rva002130F6Get.cpp,yes,0,0,0,0
Code/GameEngine/Source/GameClient/Rva0021311FGet.cpp,yes,0,0,0,0
Code/GameEngine/Source/GameClient/Rva00213148Get.cpp,yes,0,0,0,0
Code/GameEngine/Source/GameClient/Rva0021397CCleanup.cpp,yes,0,0,0,0
Code/GameEngine/Source/GameClient/Rva00223429Erase.cpp,yes,0,0,0,0
Code/GameEngine/Source/GameClient/Rva00223A94Thunk.cpp,yes,0,0,0,0
Code/GameEngine/Source/GameClient/Rva0022DDF4Dtor.cpp,no,0,1,0,0
Code/GameEngine/Source/GameClient/Rva0022DE6BCtor.cpp,no,1,0,0,0
Code/GameEngine/Source/GameClient/Rva002332B2Cleanup.cpp,no,0,0,1,1
Code/GameEngine/Source/GameClient/Rva0025ECFCGet.cpp,yes,0,0,0,0
Code/GameEngine/Source/GameClient/Rva0025FC61Dtor.cpp,no,1,1,0,0
Code/GameEngine/Source/GameClient/Rva00271779.cpp,yes,0,0,0,0
Code/GameEngine/Source/GameClient/Rva00271826.cpp,no,1,0,0,0
Code/GameEngine/Source/GameClient/Rva00275376.cpp,no,0,0,0,1
Code/GameEngine/Source/GameClient/Rva00281A06Dtor.cpp,yes,0,0,0,0
Code/GameEngine/Source/GameClient/Rva002827F3Clear.cpp,yes,0,0,0,0
Code/GameEngine/Source/GameClient/Rva0029A407Clear.cpp,yes,0,0,0,0
Code/GameEngine/Source/GameClient/Rva0029B132Init.cpp,no,1,0,0,0
Code/GameEngine/Source/GameClient/Rva0029B17CFwd.cpp,yes,0,0,0,0
Code/GameEngine/Source/GameClient/Rva0029B2E7Zero.cpp,yes,0,0,0,0
Code/GameEngine/Source/GameClient/Rva0029B380Clean.cpp,no,0,0,0,1
Code/GameEngine/Source/GameClient/Rva0029B4F9Init.cpp,no,0,0,0,2
Code/GameEngine/Source/GameClient/Rva0029B63AFree.cpp,yes,0,0,0,0
Code/GameEngine/Source/GameClient/Rva0029B667Free.cpp,yes,0,0,0,0
Code/GameEngine/Source/GameClient/Rva0029B732Check.cpp,yes,0,0,0,0
Code/GameEngine/Source/GameClient/Rva0029B816Dtor.cpp,no,0,1,0,2
Code/GameEngine/Source/GameClient/Rva0029B8DDDtor.cpp,no,0,1,0,0
Code/GameEngine/Source/GameClient/Rva0029D9CAClear.cpp,no,0,0,0,1
Code/GameEngine/Source/GameClient/Rva002D06CAGet.cpp,yes,0,0,0,0
Code/GameEngine/Source/GameClient/Rva002E5711Dtor.cpp,no,0,1,0,0
Code/GameEngine/Source/GameClient/Rva002E5791Dtor.cpp,yes,0,0,0,0
Code/GameEngine/Source/GameClient/Rva002E5791VectorDeletingDtor.cpp,yes,0,0,0,0
Code/GameEngine/Source/GameClient/Rva002E6158Dtor.cpp,no,0,0,1,0
Code/GameEngine/Source/GameClient/Rva002E6431Clear.cpp,yes,0,0,0,0
Code/GameEngine/Source/GameClient/Rva002E6551Clear.cpp,yes,0,0,0,0
Code/GameEngine/Source/GameClient/Rva002E66F2Dtor.cpp,no,1,2,10,0
Code/GameEngine/Source/GameClient/Rva0031D5F8Lookup.cpp,no,0,0,0,1
Code/GameEngine/Source/GameClient/Rva00330A37Frames.cpp,no,0,0,0,1
Code/GameEngine/Source/GameClient/Rva00330B2EMemberCall.cpp,no,0,0,0,1
Code/GameEngine/Source/GameClient/Rva00358D62Clear.cpp,yes,0,0,0,0
Code/GameEngine/Source/GameClient/Rva00358DC2Erase.cpp,yes,0,0,0,0
Code/GameEngine/Source/GameClient/Rva00358E6AClear.cpp,yes,0,0,0,0
Code/GameEngine/Source/GameClient/Rva003592E6Clear.cpp,yes,0,0,0,0
Code/GameEngine/Source/GameClient/Rva003A2A41Clear.cpp,yes,0,0,0,0
Code/GameEngine/Source/GameClient/Rva003FED66MoveButtonFlash.cpp,no,4,0,0,0
Code/GameEngine/Source/GameClient/Rva004110DCGet.cpp,no,0,2,1,1
Code/GameEngine/Source/GameClient/Rva00411112Get.cpp,no,0,0,0,1
Code/GameEngine/Source/GameClient/Rva004114EFWalk.cpp,no,1,0,0,1
Code/GameEngine/Source/GameClient/Rva00411523Walk.cpp,no,1,0,0,1
Code/GameEngine/Source/GameClient/Rva0041539FInsert.cpp,no,1,0,0,0
Code/GameEngine/Source/GameClient/Rva0041811DGet.cpp,no,0,2,1,0
Code/GameEngine/Source/GameClient/Rva004181A6CopyCtor.cpp,no,1,2,14,0
Code/GameEngine/Source/GameClient/Rva004181F5CopyCtor.cpp,no,1,2,0,0
Code/GameEngine/Source/GameClient/Rva00418232Ctor.cpp,no,1,2,0,0
Code/GameEngine/Source/GameClient/Rva0041826BConstruct.cpp,yes,0,0,0,0
Code/GameEngine/Source/GameClient/Rva004182D3Alloc.cpp,yes,0,0,0,0
Code/GameEngine/Source/GameClient/Rva00516660Predicate.cpp,yes,0,0,0,0
Code/GameEngine/Source/GameClient/Rva0055EF6E.cpp,yes,0,0,0,0
Code/GameEngine/Source/GameClient/Rva0055EFC5.cpp,yes,0,0,0,0
Code/GameEngine/Source/GameClient/Rva006CC160.cpp,yes,0,0,0,0
Code/GameEngine/Source/GameClient/SelectionInfo.cpp,no,7,0,14,0
Code/GameEngine/Source/GameClient/Shadow_setOpacity.cpp,no,0,1,1,0
Code/GameEngine/Source/GameClient/Snow.cpp,no,13,0,1,0
Code/GameEngine/Source/GameClient/SoundFXNuggetCtor.cpp,no,0,1,1,1
Code/GameEngine/Source/GameClient/SoundFXNuggetDtor.cpp,no,0,1,1,0
Code/GameEngine/Source/GameClient/SubtitleEntryCtor.cpp,no,1,0,0,1
Code/GameEngine/Source/GameClient/SubtitleEntryDtor.cpp,yes,0,0,0,0
Code/GameEngine/Source/GameClient/SubtitleManagerAccessors.cpp,no,1,2,2,0
Code/GameEngine/Source/GameClient/SuperweaponInfo.cpp,no,4,5,6,0
Code/GameEngine/Source/GameClient/SuperweaponInfoSetText.cpp,no,0,3,2,0
Code/GameEngine/Source/GameClient/System/Anim2D.cpp,no,8,3,6,1
Code/GameEngine/Source/GameClient/System/Anim2DCurrentFrameHeight.cpp,no,0,0,1,0
Code/GameEngine/Source/GameClient/System/Anim2DTemplate.cpp,no,2,5,7,0
Code/GameEngine/Source/GameClient/System/Anim2DTemplateStoreImage.cpp,no,1,1,5,0
Code/GameEngine/Source/GameClient/System/FXParticleSystem/BoxEmissionVolumeModuleTemplateCopyCtorThunk.cpp,no,5,0,0,0
Code/GameEngine/Source/GameClient/System/FXParticleSystem/ButterflyDrawModuleTemplateCopyCtorThunk.cpp,no,5,0,0,0
Code/GameEngine/Source/GameClient/System/FXParticleSystem/ButterflyDrawModuleTemplateCtorThunk.cpp,no,1,2,11,0
Code/GameEngine/Source/GameClient/System/FXParticleSystem/ConcreteModuleTemplateCopyCtors.cpp,no,16,0,0,0
Code/GameEngine/Source/GameClient/System/FXParticleSystem/CylinderEmissionVolumeModuleTemplateCopyCtorThunk.cpp,no,5,0,0,0
Code/GameEngine/Source/GameClient/System/FXParticleSystem/CylindricalEmissionVelocityModuleTemplateCopyCtorThunk.cpp,no,5,0,0,0
Code/GameEngine/Source/GameClient/System/FXParticleSystem/CylindricalEmissionVelocityModuleTemplateCtorThunk.cpp,no,1,2,11,0
Code/GameEngine/Source/GameClient/System/FXParticleSystem/DefaultAlphaModuleInfoCtorThunk.cpp,no,1,0,5,0
Code/GameEngine/Source/GameClient/System/FXParticleSystem/DefaultColorModuleInfoCtorThunk.cpp,no,1,0,5,0
Code/GameEngine/Source/GameClient/System/FXParticleSystem/DefaultModuleBaseCopyCtors.cpp,no,3,0,0,0
Code/GameEngine/Source/GameClient/System/FXParticleSystem/DefaultModuleDerivedSmartCtors.cpp,no,3,0,0,0
Code/GameEngine/Source/GameClient/System/FXParticleSystem/DefaultModuleHeadBaseDtor.cpp,no,0,1,0,0
Code/GameEngine/Source/GameClient/System/FXParticleSystem/DefaultModuleTag0ConcreteModuleClassGetInstance.cpp,no,5,0,0,0
Code/GameEngine/Source/GameClient/System/FXParticleSystem/DefaultModuleTag1ConcreteModuleClassGetInstance.cpp,no,5,0,0,0
Code/GameEngine/Source/GameClient/System/FXParticleSystem/DefaultModuleTag2ConcreteModuleClassGetInstance.cpp,no,5,0,0,0
Code/GameEngine/Source/GameClient/System/FXParticleSystem/DefaultModuleTag3ConcreteModuleClassGetInstance.cpp,no,5,0,0,0
Code/GameEngine/Source/GameClient/System/FXParticleSystem/DefaultModuleTag6ConcreteModuleClassGetInstance.cpp,no,5,0,0,0
Code/GameEngine/Source/GameClient/System/FXParticleSystem/DefaultModuleTag7ConcreteModuleClassGetInstance.cpp,no,5,0,0,0
Code/GameEngine/Source/GameClient/System/FXParticleSystem/DefaultModuleTemplate00CopyCtorThunk.cpp,no,5,0,0,0
Code/GameEngine/Source/GameClient/System/FXParticleSystem/DefaultModuleTemplate00CtorThunk.cpp,no,1,2,11,0
Code/GameEngine/Source/GameClient/System/FXParticleSystem/DefaultModuleTemplate01CopyCtorThunk.cpp,no,5,0,0,0
Code/GameEngine/Source/GameClient/System/FXParticleSystem/DefaultModuleTemplate01CtorThunk.cpp,no,1,2,11,0
Code/GameEngine/Source/GameClient/System/FXParticleSystem/DefaultModuleTemplate01InlineCopyCtors.cpp,no,8,0,1,0
Code/GameEngine/Source/GameClient/System/FXParticleSystem/DefaultModuleTemplate02CopyCtorThunk.cpp,no,1,2,15,0
Code/GameEngine/Source/GameClient/System/FXParticleSystem/DefaultModuleTemplate02CtorThunk.cpp,no,2,2,11,0
Code/GameEngine/Source/GameClient/System/FXParticleSystem/DefaultModuleTemplate05CopyCtorThunk.cpp,no,5,0,0,0
Code/GameEngine/Source/GameClient/System/FXParticleSystem/DefaultModuleTemplate05CtorThunk.cpp,no,1,2,11,0
Code/GameEngine/Source/GameClient/System/FXParticleSystem/DefaultModuleTemplate06CopyCtorThunk.cpp,no,4,0,0,0
Code/GameEngine/Source/GameClient/System/FXParticleSystem/DefaultModuleTemplate0ACopyCtorThunk.cpp,no,5,0,0,0
Code/GameEngine/Source/GameClient/System/FXParticleSystem/DefaultModuleTemplate0ACtorThunk.cpp,no,1,2,11,0
Code/GameEngine/Source/GameClient/System/FXParticleSystem/DefaultModuleTemplate6CtorThunk.cpp,no,4,0,1,0
Code/GameEngine/Source/GameClient/System/FXParticleSystem/DefaultModuleTemplateCopyCtors.cpp,no,32,0,0,0
Code/GameEngine/Source/GameClient/System/FXParticleSystem/DefaultUpdateModuleInfoDefaultCtor.cpp,no,0,1,3,0
Code/GameEngine/Source/GameClient/System/FXParticleSystem/DefaultUpdateModuleInfoXfer.cpp,yes,0,0,0,0
Code/GameEngine/Source/GameClient/System/FXParticleSystem/EmissionInfoCopyCtors.cpp,no,0,0,2,0
Code/GameEngine/Source/GameClient/System/FXParticleSystem/EmissionInfoDefaultCtors.cpp,no,0,4,7,0
Code/GameEngine/Source/GameClient/System/FXParticleSystem/GpuDrawModuleInfoCopyCtor.cpp,no,1,2,4,0
Code/GameEngine/Source/GameClient/System/FXParticleSystem/GpuDrawModuleInfoDefaultCtor.cpp,no,0,2,3,0
Code/GameEngine/Source/GameClient/System/FXParticleSystem/GpuDrawModuleInfoDoXfer.cpp,yes,0,0,0,0
Code/GameEngine/Source/GameClient/System/FXParticleSystem/GpuDrawModuleInfoDtor.cpp,no,0,2,2,0
Code/GameEngine/Source/GameClient/System/FXParticleSystem/GpuDrawModuleInfoOpAssign.cpp,yes,0,0,0,0
Code/GameEngine/Source/GameClient/System/FXParticleSystem/GpuDrawModuleTemplateCopyCtor.cpp,no,0,1,7,0
Code/GameEngine/Source/GameClient/System/FXParticleSystem/GpuDrawModuleTemplateCtorThunk.cpp,no,1,2,12,0
Code/GameEngine/Source/GameClient/System/FXParticleSystem/HemisphericalEmissionVelocityModuleTemplateCopyCtorThunk.cpp,no,3,0,0,0
Code/GameEngine/Source/GameClient/System/FXParticleSystem/LifeEventModuleInfoCopyCtorThunk.cpp,no,1,1,3,0
Code/GameEngine/Source/GameClient/System/FXParticleSystem/LifeEventModuleInfoDtor.cpp,no,0,2,2,1
Code/GameEngine/Source/GameClient/System/FXParticleSystem/LifeEventModuleInfoGetEventFX.cpp,no,1,0,0,0
Code/GameEngine/Source/GameClient/System/FXParticleSystem/LifeEventModuleOpAssign.cpp,no,0,1,1,0
Code/GameEngine/Source/GameClient/System/FXParticleSystem/LifeEventModuleTemplateCopyCtorThunk.cpp,no,4,0,0,0
Code/GameEngine/Source/GameClient/System/FXParticleSystem/LifeEventModuleTemplateCtorThunk.cpp,no,1,0,3,0
Code/GameEngine/Source/GameClient/System/FXParticleSystem/LightningDrawModuleInfoDefaultCtor.cpp,no,1,1,2,0
Code/GameEngine/Source/GameClient/System/FXParticleSystem/LightningDrawModuleInfoXfer.cpp,yes,0,0,0,0
Code/GameEngine/Source/GameClient/System/FXParticleSystem/LightningDrawModuleTemplateCopyCtorThunk.cpp,no,5,0,0,0
Code/GameEngine/Source/GameClient/System/FXParticleSystem/LightningDrawModuleTemplateCtorThunk.cpp,no,1,2,11,0
Code/GameEngine/Source/GameClient/System/FXParticleSystem/LightningEmissionModuleTemplateCopyCtorThunk.cpp,no,5,0,0,0
Code/GameEngine/Source/GameClient/System/FXParticleSystem/LightningEmissionModuleTemplateCtorThunk.cpp,no,2,2,11,0
Code/GameEngine/Source/GameClient/System/FXParticleSystem/LineEmissionVolumeModuleTemplateCopyCtorThunk.cpp,no,5,0,0,0
Code/GameEngine/Source/GameClient/System/FXParticleSystem/NamedModuleClassInstances.cpp,yes,0,0,0,0
Code/GameEngine/Source/GameClient/System/FXParticleSystem/OrthoEmissionVelocityConcreteModuleClassGetInstance.cpp,no,5,0,0,0
Code/GameEngine/Source/GameClient/System/FXParticleSystem/OrthoEmissionVelocityModuleGetVelocity.cpp,yes,0,0,0,0
Code/GameEngine/Source/GameClient/System/FXParticleSystem/OrthoEmissionVelocityModuleTemplateCopyCtorThunk.cpp,no,5,0,0,0
Code/GameEngine/Source/GameClient/System/FXParticleSystem/OrthoEmissionVelocityModuleTemplateCtorThunk.cpp,no,1,2,11,0
Code/GameEngine/Source/GameClient/System/FXParticleSystem/OutwardEmissionVelocityModuleGetVelocity.cpp,yes,0,0,0,0
Code/GameEngine/Source/GameClient/System/FXParticleSystem/OutwardEmissionVelocityModuleTemplateCopyCtorThunk.cpp,no,5,0,0,0
Code/GameEngine/Source/GameClient/System/FXParticleSystem/OutwardEmissionVelocityModuleTemplateCtorThunk.cpp,no,2,2,11,0
Code/GameEngine/Source/GameClient/System/FXParticleSystem/ParticleModuleInfoCopyCtors.cpp,no,18,1,3,0
Code/GameEngine/Source/GameClient/System/FXParticleSystem/ParticleModuleInfoDtor.cpp,no,0,1,0,1
Code/GameEngine/Source/GameClient/System/FXParticleSystem/ParticleModuleTemplateCopyCtors.cpp,no,29,0,0,0
Code/GameEngine/Source/GameClient/System/FXParticleSystem/ParticleSystemInfoCopyCtor.cpp,no,5,5,1,0
Code/GameEngine/Source/GameClient/System/FXParticleSystem/ParticleSystemInfoDeletingDestructor.cpp,no,1,3,1,0
Code/GameEngine/Source/GameClient/System/FXParticleSystem/ParticleSystemInfoDestructor.cpp,no,1,3,0,0
Code/GameEngine/Source/GameClient/System/FXParticleSystem/PointEmissionVolumeConcreteModuleClassGetInstance.cpp,no,5,0,0,0
Code/GameEngine/Source/GameClient/System/FXParticleSystem/PointEmissionVolumeModuleTemplateCopyCtorThunk.cpp,no,5,0,0,0
Code/GameEngine/Source/GameClient/System/FXParticleSystem/QuadDrawModuleTemplateCopyCtorThunk.cpp,no,5,0,0,0
Code/GameEngine/Source/GameClient/System/FXParticleSystem/QuadDrawModuleTemplateCtorThunk.cpp,no,1,2,11,0
Code/GameEngine/Source/GameClient/System/FXParticleSystem/RenderObjectDrawModuleInfoCopyCtorThunk.cpp,no,1,1,3,0
Code/GameEngine/Source/GameClient/System/FXParticleSystem/RenderObjectDrawModuleInfoDefaultCtor.cpp,no,0,2,3,0
Code/GameEngine/Source/GameClient/System/FXParticleSystem/RenderObjectDrawModuleInfoDtor.cpp,no,0,2,2,1
Code/GameEngine/Source/GameClient/System/FXParticleSystem/RenderObjectDrawModuleInfoOpAssign.cpp,yes,0,0,0,0
Code/GameEngine/Source/GameClient/System/FXParticleSystem/RenderObjectDrawModuleInfoXfer.cpp,yes,0,0,0,0
Code/GameEngine/Source/GameClient/System/FXParticleSystem/RenderObjectDrawModuleTemplateCopyCtorThunk.cpp,no,2,0,0,0
Code/GameEngine/Source/GameClient/System/FXParticleSystem/RenderObjectDrawModuleTemplateCtorThunk.cpp,no,1,2,11,0
Code/GameEngine/Source/GameClient/System/FXParticleSystem/RenderObjectUpdateModuleInfoDefaultCtor.cpp,no,0,1,3,0
Code/GameEngine/Source/GameClient/System/FXParticleSystem/RenderObjectUpdateModuleInfoXfer.cpp,yes,0,0,0,0
Code/GameEngine/Source/GameClient/System/FXParticleSystem/RenderObjectUpdateModuleTemplateCopyCtorThunk.cpp,no,5,0,0,0
Code/GameEngine/Source/GameClient/System/FXParticleSystem/RenderObjectUpdateModuleTemplateCtorThunk.cpp,no,1,2,11,0
Code/GameEngine/Source/GameClient/System/FXParticleSystem/Rva003AB9FFDtor.cpp,yes,0,0,0,0
Code/GameEngine/Source/GameClient/System/FXParticleSystem/Rva003ABA36Dtor.cpp,no,0,1,1,1
Code/GameEngine/Source/GameClient/System/FXParticleSystem/Rva003ABA4CDtor.cpp,yes,0,0,0,0
Code/GameEngine/Source/GameClient/System/FXParticleSystem/Rva003ABC58Dtor.cpp,no,0,1,1,1
Code/GameEngine/Source/GameClient/System/FXParticleSystem/Rva003AE683Clone.cpp,yes,0,0,0,0
Code/GameEngine/Source/GameClient/System/FXParticleSystem/Rva003AE683CopyCtor.cpp,no,1,0,0,0
Code/GameEngine/Source/GameClient/System/FXParticleSystem/Rva003AE6A9CopyCtor.cpp,no,2,0,0,0
Code/GameEngine/Source/GameClient/System/FXParticleSystem/Rva003AEA15CopyCtor.cpp,no,4,0,0,0
Code/GameEngine/Source/GameClient/System/FXParticleSystem/Rva003AEAA3Clone.cpp,yes,0,0,0,0
Code/GameEngine/Source/GameClient/System/FXParticleSystem/Rva003AEADDCopyCtor.cpp,no,4,0,0,0
Code/GameEngine/Source/GameClient/System/FXParticleSystem/Rva003AEC24Clone.cpp,yes,0,0,0,0
Code/GameEngine/Source/GameClient/System/FXParticleSystem/Rva003AEF34Clone.cpp,yes,0,0,0,0
Code/GameEngine/Source/GameClient/System/FXParticleSystem/Rva003AF15EClone.cpp,yes,0,0,0,0
Code/GameEngine/Source/GameClient/System/FXParticleSystem/Rva003AF208Clone.cpp,yes,0,0,0,0
Code/GameEngine/Source/GameClient/System/FXParticleSystem/Rva003AF22EXfer.cpp,yes,0,0,0,0
Code/GameEngine/Source/GameClient/System/FXParticleSystem/Rva003AF27BClone.cpp,no,3,0,0,0
Code/GameEngine/Source/GameClient/System/FXParticleSystem/Rva003AF47DClone.cpp,yes,0,0,0,0
Code/GameEngine/Source/GameClient/System/FXParticleSystem/Rva003AF57FClone.cpp,yes,0,0,0,0
Code/GameEngine/Source/GameClient/System/FXParticleSystem/Rva003AF70BClone.cpp,yes,0,0,0,0
Code/GameEngine/Source/GameClient/System/FXParticleSystem/Rva003AF7D1Clone.cpp,yes,0,0,0,0
Code/GameEngine/Source/GameClient/System/FXParticleSystem/Rva003AF97CClone.cpp,yes,0,0,0,0
Code/GameEngine/Source/GameClient/System/FXParticleSystem/Rva003AFA64FillUnitVector.cpp,yes,0,0,0,0
Code/GameEngine/Source/GameClient/System/FXParticleSystem/Rva0055B8CD.cpp,yes,0,0,0,0
Code/GameEngine/Source/GameClient/System/FXParticleSystem/Rva0055B951.cpp,yes,0,0,0,0
Code/GameEngine/Source/GameClient/System/FXParticleSystem/Rva0055B96D.cpp,yes,0,0,0,0
Code/GameEngine/Source/GameClient/System/FXParticleSystem/Rva0055BB5C.cpp,yes,0,0,0,0
Code/GameEngine/Source/GameClient/System/FXParticleSystem/Rva0055BC8B.cpp,no,2,0,3,0
Code/GameEngine/Source/GameClient/System/FXParticleSystem/Rva0055F72CCtor.cpp,no,1,0,0,0
Code/GameEngine/Source/GameClient/System/FXParticleSystem/Rva00561527.cpp,yes,0,0,0,0
Code/GameEngine/Source/GameClient/System/FXParticleSystem/Rva00562233Xfer.cpp,yes,0,0,0,0
Code/GameEngine/Source/GameClient/System/FXParticleSystem/Rva0056224FCtor.cpp,no,1,0,0,0
Code/GameEngine/Source/GameClient/System/FXParticleSystem/Rva005622A6Xfer.cpp,yes,0,0,0,0
Code/GameEngine/Source/GameClient/System/FXParticleSystem/Rva0056234AXfer.cpp,yes,0,0,0,0
Code/GameEngine/Source/GameClient/System/FXParticleSystem/Rva00562945Xfer.cpp,yes,0,0,0,0
Code/GameEngine/Source/GameClient/System/FXParticleSystem/Rva005641BBCtor.cpp,no,1,0,0,0
Code/GameEngine/Source/GameClient/System/FXParticleSystem/Rva0056468E.cpp,no,1,0,0,0
Code/GameEngine/Source/GameClient/System/FXParticleSystem/Rva005646BC.cpp,no,6,0,0,0
Code/GameEngine/Source/GameClient/System/FXParticleSystem/SphereEmissionVolumeModuleTemplateCopyCtorThunk.cpp,no,5,0,0,0
Code/GameEngine/Source/GameClient/System/FXParticleSystem/SphericalEmissionVelocityModuleTemplateCopyCtorThunk.cpp,no,5,0,0,0
Code/GameEngine/Source/GameClient/System/FXParticleSystem/SphericalEmissionVelocityModuleTemplateCtorThunk.cpp,no,1,3,13,0
Code/GameEngine/Source/GameClient/System/FXParticleSystem/StreakDrawModuleTemplateCopyCtorThunk.cpp,no,5,0,0,0
Code/GameEngine/Source/GameClient/System/FXParticleSystem/StreakDrawModuleTemplateCtorThunk.cpp,no,1,2,11,0
Code/GameEngine/Source/GameClient/System/FXParticleSystem/TerrainCollisionModuleInfoCopyCtorThunk.cpp,no,1,1,3,0
Code/GameEngine/Source/GameClient/System/FXParticleSystem/TerrainCollisionModuleOpAssign.cpp,no,0,1,1,0
Code/GameEngine/Source/GameClient/System/FXParticleSystem/TerrainCollisionModuleTemplateCopyCtorThunk.cpp,no,4,0,0,0
Code/GameEngine/Source/GameClient/System/FXParticleSystem/TerrainCollisionModuleTemplateCtorThunk.cpp,no,1,0,3,0
Code/GameEngine/Source/GameClient/System/FXParticleSystem/TerrainFireEmissionModuleTemplateCopyCtorThunk.cpp,no,5,0,0,0
Code/GameEngine/Source/GameClient/System/FXParticleSystem/TerrainFireEmissionModuleTemplateCtorThunk.cpp,no,1,2,11,0
Code/GameEngine/Source/GameClient/System/FXParticleSystem/V3InlineTemplateCopyCtors.cpp,no,2,0,0,0
Code/GameEngine/Source/GameClient/System/FXParticleSystem/V3InlineTemplateDtor.cpp,no,0,1,0,2
Code/GameEngine/Source/GameClient/System/FXParticleSystem/fx_particle_system.cpp,no,0,2,7,0
Code/GameEngine/Source/GameClient/System/FXParticleSystem/xferRandomVariable.cpp,yes,0,0,0,0
Code/GameEngine/Source/GameClient/System/Image.cpp,no,0,1,0,0
Code/GameEngine/Source/GameClient/System/ImageCollectionCtor.cpp,no,1,0,0,0
Code/GameEngine/Source/GameClient/System/ImageCollectionDeletingDtor.cpp,no,0,0,1,0
Code/GameEngine/Source/GameClient/System/ImageCollectionFindImage.cpp,no,0,0,1,0
Code/GameEngine/Source/GameClient/System/ParticleSys.cpp,yes,0,0,0,0
Code/GameEngine/Source/GameClient/System/ParticleSystemHandle_dtor.cpp,yes,0,0,0,0
Code/GameEngine/Source/GameClient/System/ParticleSystem_destroy.cpp,no,1,0,0,0
Code/GameEngine/Source/GameClient/System/Smudge.cpp,yes,0,0,0,0
Code/GameEngine/Source/GameClient/System/SmudgeAddSmudgeSet.cpp,yes,0,0,0,0
Code/GameEngine/Source/GameClient/System/SmudgeListAddHead.cpp,no,2,0,3,0
Code/GameEngine/Source/GameClient/System/SmudgeManagerCtor.cpp,no,1,0,0,0
Code/GameEngine/Source/GameClient/System/SmudgeManagerDeletingDtor.cpp,no,0,1,1,0
Code/GameEngine/Source/GameClient/System/SmudgeManagerDtor.cpp,no,2,1,1,0
Code/GameEngine/Source/GameClient/System/SmudgeManagerReset.cpp,yes,0,0,0,0
Code/GameEngine/Source/GameClient/System/SmudgeRemoveSmudgeFromSet.cpp,no,0,0,2,0
Code/GameEngine/Source/GameClient/System/SmudgeSetReset.cpp,no,0,0,0,1
Code/GameEngine/Source/GameClient/TintDrawableFXNuggetCtor.cpp,no,0,0,0,1
Code/GameEngine/Source/GameClient/TintDrawableFXNuggetDoFXObj.cpp,no,1,0,0,0
Code/GameEngine/Source/GameClient/UiCallbackFirers.cpp,no,4,0,0,0
Code/GameEngine/Source/GameClient/VideoPlayerCloseAllStreams.cpp,yes,0,0,0,0
Code/GameEngine/Source/GameClient/VideoPlayerDeletingDtor.cpp,no,3,1,2,0
Code/GameEngine/Source/GameClient/VideoPlayerDestructorThunk.cpp,no,1,1,0,0
Code/GameEngine/Source/GameClient/VideoPlayerGetVideo.cpp,no,5,2,2,0
Code/GameEngine/Source/GameClient/VideoPlayerRva00689180.cpp,yes,0,0,0,0
Code/GameEngine/Source/GameClient/View.cpp,no,2,0,1,0
Code/GameEngine/Source/GameClient/ViewRva0025EB36.cpp,yes,0,0,0,0
Code/GameEngine/Source/GameClient/ViewShakeFXNuggetCtor.cpp,no,0,1,1,1
Code/GameEngine/Source/GameClient/WaypointTreeCleanup.cpp,no,0,0,7,0
Code/GameEngine/Source/GameClient/parseSubtitle.cpp,no,3,1,0,0
Code/GameEngine/Source/GameLogic/AI/AIAttackApproachTargetState_computePath_Bfme.cpp,no,24,0,2,0
Code/GameEngine/Source/GameLogic/AI/AICommandInterfaceAttackCommands.cpp,no,1,7,8,0
Code/GameEngine/Source/GameLogic/AI/AICommandParmsCtor.cpp,no,3,1,0,0
Code/GameEngine/Source/GameLogic/AI/AICommandRva00295A0F.cpp,no,1,0,1,0
Code/GameEngine/Source/GameLogic/AI/AIGroupAttackTeam.cpp,yes,0,0,0,0
Code/GameEngine/Source/GameLogic/AI/AIGroupBfmeCommand33.cpp,yes,0,0,0,0
Code/GameEngine/Source/GameLogic/AI/AIGroupFollowWaypointPathExact.cpp,yes,0,0,0,0
Code/GameEngine/Source/GameLogic/AI/AIGroupGroupAttackArea.cpp,no,0,0,1,0
Code/GameEngine/Source/GameLogic/AI/AIGroupGroupEnter.cpp,no,1,0,15,0
Code/GameEngine/Source/GameLogic/AI/AIGroupIsIdle.cpp,no,0,0,2,0
Code/GameEngine/Source/GameLogic/AI/AIGroupRemove.cpp,no,0,0,7,1
Code/GameEngine/Source/GameLogic/AI/AIGroupWaypointMode.cpp,yes,0,0,0,0
Code/GameEngine/Source/GameLogic/AI/AIKindOfFromName.cpp,no,3,2,1,0
Code/GameEngine/Source/GameLogic/AI/AIKindOfListParse.cpp,no,2,0,0,0
Code/GameEngine/Source/GameLogic/AI/AIPickUpCrateStateUpdate.cpp,no,2,0,0,0
Code/GameEngine/Source/GameLogic/AI/AIPlayer.cpp,no,1,0,0,0
Code/GameEngine/Source/GameLogic/AI/AIPlayerDestructor.cpp,no,1,0,0,0
Code/GameEngine/Source/GameLogic/AI/AIRva002FE712.cpp,no,0,0,7,0
Code/GameEngine/Source/GameLogic/AI/AISkirmishPlayerDestructor.cpp,yes,0,0,0,0
Code/GameEngine/Source/GameLogic/AI/BuildListInfoRva00281BF7.cpp,no,0,0,0,1
Code/GameEngine/Source/GameLogic/AI/CritterEmitterUpdatePoolKey.cpp,yes,0,0,0,0
Code/GameEngine/Source/GameLogic/AI/ObjectDefectionHelperPoolKey.cpp,yes,0,0,0,0
Code/GameEngine/Source/GameLogic/AI/ObjectGuardingHelperPoolKey.cpp,yes,0,0,0,0
Code/GameEngine/Source/GameLogic/AI/ObjectSMCHelperDeletingDtor.cpp,no,0,1,0,0
Code/GameEngine/Source/GameLogic/AI/ObjectSMCHelperPoolKey.cpp,yes,0,0,0,0
Code/GameEngine/Source/GameLogic/AI/ObjectWeaponStatusHelperPoolKey.cpp,yes,0,0,0,0
Code/GameEngine/Source/GameLogic/AI/PathAppendNode.cpp,no,1,0,0,0
Code/GameEngine/Source/GameLogic/AI/PathAppendNodeCopy.cpp,yes,0,0,0,0
Code/GameEngine/Source/GameLogic/AI/PathCtor.cpp,yes,0,0,0,0
Code/GameEngine/Source/GameLogic/AI/PathDistance.cpp,yes,0,0,0,0
Code/GameEngine/Source/GameLogic/AI/PathDtor.cpp,no,1,0,0,0
Code/GameEngine/Source/GameLogic/AI/PathPrependNode.cpp,no,1,0,0,0
Code/GameEngine/Source/GameLogic/AI/PathfinderIsViewBlockedByObstacle.cpp,no,2,0,0,0
Code/GameEngine/Source/GameLogic/AI/PathfinderRemoveUnit.cpp,no,2,0,0,0
Code/GameEngine/Source/GameLogic/AI/Rva00098A6FReleaseDevices.cpp,yes,0,0,0,0
Code/GameEngine/Source/GameLogic/AI/Rva00265254Ctor.cpp,yes,0,0,0,0
Code/GameEngine/Source/GameLogic/AI/Rva002EDEAB.cpp,no,2,0,0,0
Code/GameEngine/Source/GameLogic/AI/Rva0036FAF8Group.cpp,yes,0,0,0,0
Code/GameEngine/Source/GameLogic/AI/Rva003703CFGroup.cpp,yes,0,0,0,0
Code/GameEngine/Source/GameLogic/AI/Rva00370410Group.cpp,yes,0,0,0,0
Code/GameEngine/Source/GameLogic/AI/Rva00370451Group.cpp,yes,0,0,0,0
Code/GameEngine/Source/GameLogic/AI/Rva00370492Group.cpp,yes,0,0,0,0
Code/GameEngine/Source/GameLogic/AI/Rva003704D3Group.cpp,yes,0,0,0,0
Code/GameEngine/Source/GameLogic/AI/Rva00372CA8Remove.cpp,yes,0,0,0,0
Code/GameEngine/Source/GameLogic/AI/StateMachineDefineState.cpp,no,0,0,3,0
Code/GameEngine/Source/GameLogic/AI/StateMachineGoal.cpp,no,2,1,4,0
Code/GameEngine/Source/GameLogic/AI/StateMachineRva004D750F.cpp,yes,0,0,0,0
Code/GameEngine/Source/GameLogic/AI/TurretStateMachineRva004D7ADD.cpp,yes,0,0,0,0
Code/GameEngine/Source/GameLogic/GameLogicFindObjectByID.cpp,no,1,1,1,0
Code/GameEngine/Source/GameLogic/LivingWorld/ParseForceBattle.cpp,no,3,0,1,1
Code/GameEngine/Source/GameLogic/LivingWorld/Rva004E16D9RecordDtor.cpp,no,1,0,0,0
Code/GameEngine/Source/GameLogic/Map/BridgeIsPointOnBridge.cpp,no,1,0,0,0
Code/GameEngine/Source/GameLogic/Map/BuildListInfoAssign.cpp,no,0,1,0,0
Code/GameEngine/Source/GameLogic/Map/BuildListInfoCtor.cpp,no,2,4,1,1
Code/GameEngine/Source/GameLogic/Map/Rva0027F4F8Find.cpp,yes,0,0,0,0
Code/GameEngine/Source/GameLogic/Map/Rva0027FBACDtor.cpp,yes,0,0,0,0
Code/GameEngine/Source/GameLogic/Map/Rva0032B389Join.cpp,no,1,2,0,0
Code/GameEngine/Source/GameLogic/Map/Rva0032BF1BDtor.cpp,yes,0,0,0,0
Code/GameEngine/Source/GameLogic/Map/SidesListRva0032B7A7.cpp,no,1,0,0,0
Code/GameEngine/Source/GameLogic/Map/SidesListTeamsInfoRecSwap.cpp,no,0,0,4,0
Code/GameEngine/Source/GameLogic/Map/SidesList_getSideInfo.cpp,yes,0,0,0,0
Code/GameEngine/Source/GameLogic/Map/SidesList_sidesInfo.cpp,no,13,0,2,0
Code/GameEngine/Source/GameLogic/Map/TerrainLogic_parseWaypointData.cpp,no,2,0,0,0
Code/GameEngine/Source/GameLogic/Map/TerrainLogic_setActiveBoundary.cpp,no,5,0,0,0
Code/GameEngine/Source/GameLogic/Map/WaypointLinks.cpp,no,0,1,1,0
Code/GameEngine/Source/GameLogic/Module/AIUpdateInterfacePoolKey.cpp,yes,0,0,0,0
Code/GameEngine/Source/GameLogic/Module/BridgeBehaviorPoolKey.cpp,yes,0,0,0,0
Code/GameEngine/Source/GameLogic/Module/DozerAIUpdatePoolKey.cpp,yes,0,0,0,0
Code/GameEngine/Source/GameLogic/Module/GarrisonContainPoolKey.cpp,yes,0,0,0,0
Code/GameEngine/Source/GameLogic/Module/OpenContainPoolKey.cpp,yes,0,0,0,0
Code/GameEngine/Source/GameLogic/Module/PillageModulePoolKey.cpp,yes,0,0,0,0
Code/GameEngine/Source/GameLogic/Module/SlowDeathBehaviorPoolKey.cpp,yes,0,0,0,0
Code/GameEngine/Source/GameLogic/Module/StructureToppleUpdatePoolKey.cpp,yes,0,0,0,0
Code/GameEngine/Source/GameLogic/Module/WeaponChangePowerPoolKey.cpp,yes,0,0,0,0
Code/GameEngine/Source/GameLogic/Module/WorkerAIUpdatePoolKey.cpp,yes,0,0,0,0
Code/GameEngine/Source/GameLogic/Object/AIUpdateInterfaceFriendNew.cpp,no,0,1,1,0
Code/GameEngine/Source/GameLogic/Object/Armor.cpp,no,4,6,45,0
Code/GameEngine/Source/GameLogic/Object/ArmorHashMapErase.cpp,no,0,0,3,0
Code/GameEngine/Source/GameLogic/Object/ArmorHashtableRtsCtor.cpp,no,0,0,53,0
Code/GameEngine/Source/GameLogic/Object/ArmorRva003A28ED.cpp,no,0,0,3,0
Code/GameEngine/Source/GameLogic/Object/ArmorStoreCtor.cpp,no,0,3,39,0
Code/GameEngine/Source/GameLogic/Object/ArmorTemplateParse.cpp,no,2,3,2,0
Code/GameEngine/Source/GameLogic/Object/AttackNuggetDtor.cpp,no,0,1,1,1
Code/GameEngine/Source/GameLogic/Object/Behavior/AimWeaponBehaviorCtor.cpp,no,5,0,0,0
Code/GameEngine/Source/GameLogic/Object/Behavior/AimWeaponBehaviorFriendNew.cpp,yes,0,0,0,0
Code/GameEngine/Source/GameLogic/Object/Behavior/AimWeaponBehaviorModuleDataCtor.cpp,no,0,0,0,1
Code/GameEngine/Source/GameLogic/Object/Behavior/AimWeaponBehaviorModuleDataFriendNew.cpp,yes,0,0,0,0
Code/GameEngine/Source/GameLogic/Object/Behavior/AimWeaponBehaviorPoolKey.cpp,yes,0,0,0,0
Code/GameEngine/Source/GameLogic/Object/Behavior/AnimationSoundClientBehaviorFriendNew.cpp,yes,0,0,0,0
Code/GameEngine/Source/GameLogic/Object/Behavior/AnimationSoundClientBehaviorModuleDataDtor.cpp,no,0,2,2,1
Code/GameEngine/Source/GameLogic/Object/Behavior/AnnounceBirthAndDeathBehaviorCtor.cpp,yes,0,0,0,0
Code/GameEngine/Source/GameLogic/Object/Behavior/AnnounceBirthAndDeathBehaviorFriendNew.cpp,yes,0,0,0,0
Code/GameEngine/Source/GameLogic/Object/Behavior/AnnounceBirthAndDeathBehaviorPoolKey.cpp,yes,0,0,0,0
Code/GameEngine/Source/GameLogic/Object/Behavior/AutoAbilityBehaviorDtor.cpp,no,3,1,2,0
Code/GameEngine/Source/GameLogic/Object/Behavior/AutoAbilityBehaviorFriendNew.cpp,no,1,0,0,0
Code/GameEngine/Source/GameLogic/Object/Behavior/AutoAbilityBehaviorModuleDataDtor.cpp,no,1,2,1,1
Code/GameEngine/Source/GameLogic/Object/Behavior/AutoAbilityBehaviorModuleDataFriendNew.cpp,no,1,0,0,0
Code/GameEngine/Source/GameLogic/Object/Behavior/AutoAbilityBehaviorPoolKey.cpp,yes,0,0,0,0
Code/GameEngine/Source/GameLogic/Object/Behavior/AutoAbilityBehaviorRva0045A413.cpp,no,0,0,1,0
Code/GameEngine/Source/GameLogic/Object/Behavior/AutoAbilityBehaviorRva0045A421.cpp,yes,0,0,0,0
Code/GameEngine/Source/GameLogic/Object/Behavior/AutoAbilityBehaviorRva0045A6FE.cpp,yes,0,0,0,0
Code/GameEngine/Source/GameLogic/Object/Behavior/AutoAbilityBehaviorRva0045A748.cpp,yes,0,0,0,0
Code/GameEngine/Source/GameLogic/Object/Behavior/AutoAbilityBehaviorXfer.cpp,yes,0,0,0,0
Code/GameEngine/Source/GameLogic/Object/Behavior/AutoAbilityQueryEntryInit.cpp,no,1,0,0,0
Code/GameEngine/Source/GameLogic/Object/Behavior/AutoHealBehavior.cpp,no,27,3,30,0
Code/GameEngine/Source/GameLogic/Object/Behavior/AutoHealBehaviorFriendNew.cpp,no,0,1,1,0
Code/GameEngine/Source/GameLogic/Object/Behavior/AutoHealBehaviorModuleDataCtor.cpp,no,0,1,1,1
Code/GameEngine/Source/GameLogic/Object/Behavior/AutoHealBehaviorModuleDataFriendNew.cpp,yes,0,0,0,0
Code/GameEngine/Source/GameLogic/Object/Behavior/AutoHealBehaviorPoolKey.cpp,yes,0,0,0,0
Code/GameEngine/Source/GameLogic/Object/Behavior/BehaviorModuleDataBuildFieldParse.cpp,no,0,3,2,15
Code/GameEngine/Source/GameLogic/Object/Behavior/BehaviorModuleDataFriendNew.cpp,yes,0,0,0,0
Code/GameEngine/Source/GameLogic/Object/Behavior/BehaviorModuleDeletingDtors.cpp,no,0,11,2,0
Code/GameEngine/Source/GameLogic/Object/Behavior/BehaviorModuleXfer.cpp,yes,0,0,0,0
Code/GameEngine/Source/GameLogic/Object/Behavior/BezierProjectileBehaviorDtor.cpp,no,6,1,1,0
Code/GameEngine/Source/GameLogic/Object/Behavior/BezierProjectileBehaviorFriendNew.cpp,no,1,0,0,0
Code/GameEngine/Source/GameLogic/Object/Behavior/BezierProjectileBehaviorPoolKey.cpp,yes,0,0,0,0
Code/GameEngine/Source/GameLogic/Object/Behavior/BridgeBehavior.cpp,no,35,15,15,0
Code/GameEngine/Source/GameLogic/Object/Behavior/BridgeBehaviorFriendNew.cpp,no,0,1,1,0
Code/GameEngine/Source/GameLogic/Object/Behavior/BridgeBehaviorGetInterfaceFromObject.cpp,no,0,1,2,0
Code/GameEngine/Source/GameLogic/Object/Behavior/BridgeBehaviorListCleanup.cpp,no,0,0,5,0
Code/GameEngine/Source/GameLogic/Object/Behavior/BridgeBehaviorListOperations.cpp,yes,0,0,0,0
Code/GameEngine/Source/GameLogic/Object/Behavior/BridgeBehaviorListValueCopy.cpp,no,1,1,1,0
Code/GameEngine/Source/GameLogic/Object/Behavior/BridgeBehaviorModuleDataCtor.cpp,no,1,1,10,1
Code/GameEngine/Source/GameLogic/Object/Behavior/BridgeBehaviorModuleDataDtor.cpp,no,1,2,9,0
Code/GameEngine/Source/GameLogic/Object/Behavior/BridgeBehaviorParseFX.cpp,no,1,3,13,0
Code/GameEngine/Source/GameLogic/Object/Behavior/BridgeBehaviorParseOCL.cpp,no,1,3,13,0
Code/GameEngine/Source/GameLogic/Object/Behavior/BridgeBehaviorParseTimeAndLocation.cpp,no,1,1,2,0
Code/GameEngine/Source/GameLogic/Object/Behavior/BridgeScaffoldBehavior.cpp,no,11,3,11,0
Code/GameEngine/Source/GameLogic/Object/Behavior/BridgeScaffoldBehaviorCtor.cpp,no,7,2,2,4
Code/GameEngine/Source/GameLogic/Object/Behavior/BridgeScaffoldBehaviorFriendNew.cpp,no,0,1,1,0
Code/GameEngine/Source/GameLogic/Object/Behavior/BridgeScaffoldBehaviorModuleDataFriendNew.cpp,yes,0,0,0,0
Code/GameEngine/Source/GameLogic/Object/Behavior/BridgeScaffoldBehaviorPoolKey.cpp,yes,0,0,0,0
Code/GameEngine/Source/GameLogic/Object/Behavior/BridgeScaffoldBehaviorXfer.cpp,no,0,1,1,0
Code/GameEngine/Source/GameLogic/Object/Behavior/BridgeTowerBehavior.cpp,no,11,5,6,0
Code/GameEngine/Source/GameLogic/Object/Behavior/BridgeTowerBehaviorCtor.cpp,no,0,1,1,0
Code/GameEngine/Source/GameLogic/Object/Behavior/BridgeTowerBehaviorFriendNew.cpp,no,0,1,0,0
Code/GameEngine/Source/GameLogic/Object/Behavior/BridgeTowerBehaviorGetInterfaceFromObject.cpp,no,0,1,2,0
Code/GameEngine/Source/GameLogic/Object/Behavior/BridgeTowerBehaviorPoolKey.cpp,yes,0,0,0,0
Code/GameEngine/Source/GameLogic/Object/Behavior/BridgeTowerBehaviorXfer.cpp,no,0,1,1,0
Code/GameEngine/Source/GameLogic/Object/Behavior/BuildingBehaviorCtorThunk.cpp,no,4,1,3,0
Code/GameEngine/Source/GameLogic/Object/Behavior/BuildingBehaviorFriendNew.cpp,yes,0,0,0,0
Code/GameEngine/Source/GameLogic/Object/Behavior/BuildingBehaviorModuleDataCtor.cpp,no,1,1,0,1
Code/GameEngine/Source/GameLogic/Object/Behavior/BuildingBehaviorModuleDataDtor.cpp,no,0,2,1,1
Code/GameEngine/Source/GameLogic/Object/Behavior/BuildingBehaviorModuleDataFriendNew.cpp,yes,0,0,0,0
Code/GameEngine/Source/GameLogic/Object/Behavior/BuildingBehaviorPoolKey.cpp,yes,0,0,0,0
Code/GameEngine/Source/GameLogic/Object/Behavior/CastleBehaviorFriendNew.cpp,no,1,0,0,0
Code/GameEngine/Source/GameLogic/Object/Behavior/CastleBehaviorModuleDataCtor.cpp,no,0,0,0,2
Code/GameEngine/Source/GameLogic/Object/Behavior/CastleBehaviorModuleDataFriendNew.cpp,no,1,0,0,0
Code/GameEngine/Source/GameLogic/Object/Behavior/CastleBehaviorPoolKey.cpp,yes,0,0,0,0
Code/GameEngine/Source/GameLogic/Object/Behavior/CastleBehaviorPoolKey2.cpp,yes,0,0,0,0
Code/GameEngine/Source/GameLogic/Object/Behavior/CastleMemberBehaviorCtor.cpp,yes,0,0,0,0
Code/GameEngine/Source/GameLogic/Object/Behavior/CastleMemberBehaviorDtor.cpp,no,4,0,0,0
Code/GameEngine/Source/GameLogic/Object/Behavior/CastleMemberBehaviorFind.cpp,yes,0,0,0,0
Code/GameEngine/Source/GameLogic/Object/Behavior/CastleMemberBehaviorFriendNew.cpp,yes,0,0,0,0
Code/GameEngine/Source/GameLogic/Object/Behavior/CastleMemberBehaviorModuleDataCtor.cpp,no,0,0,0,1
Code/GameEngine/Source/GameLogic/Object/Behavior/CastleMemberBehaviorModuleDataDtor.cpp,no,3,2,3,1
Code/GameEngine/Source/GameLogic/Object/Behavior/CastleMemberBehaviorModuleDataFriendNew.cpp,yes,0,0,0,0
Code/GameEngine/Source/GameLogic/Object/Behavior/CastleMemberBehaviorPoolKey.cpp,yes,0,0,0,0
Code/GameEngine/Source/GameLogic/Object/Behavior/ClearanceTestingSlowDeathBehaviorCtorThunk.cpp,no,7,0,0,0
Code/GameEngine/Source/GameLogic/Object/Behavior/ClearanceTestingSlowDeathBehaviorFriendNew.cpp,yes,0,0,0,0
Code/GameEngine/Source/GameLogic/Object/Behavior/ClearanceTestingSlowDeathBehaviorModuleDataCtor.cpp,no,3,0,0,1
Code/GameEngine/Source/GameLogic/Object/Behavior/ClearanceTestingSlowDeathBehaviorModuleDataDtor.cpp,no,0,1,1,0
Code/GameEngine/Source/GameLogic/Object/Behavior/ClearanceTestingSlowDeathBehaviorModuleDataFriendNew.cpp,yes,0,0,0,0
Code/GameEngine/Source/GameLogic/Object/Behavior/ClearanceTestingSlowDeathBehaviorPoolKey.cpp,yes,0,0,0,0
Code/GameEngine/Source/GameLogic/Object/Behavior/ClickReactionBehaviorCtorThunk.cpp,no,5,1,3,0
Code/GameEngine/Source/GameLogic/Object/Behavior/ClickReactionBehaviorFriendNew.cpp,yes,0,0,0,0
Code/GameEngine/Source/GameLogic/Object/Behavior/ClickReactionBehaviorModuleDataCtor.cpp,no,0,0,0,1
Code/GameEngine/Source/GameLogic/Object/Behavior/ClickReactionBehaviorModuleDataFriendNew.cpp,yes,0,0,0,0
Code/GameEngine/Source/GameLogic/Object/Behavior/ClickReactionBehaviorPoolKey.cpp,yes,0,0,0,0
Code/GameEngine/Source/GameLogic/Object/Behavior/ClickReactionBehaviorXfer.cpp,yes,0,0,0,0
Code/GameEngine/Source/GameLogic/Object/Behavior/DetachableRiderUpdateModuleDataDtor.cpp,no,0,2,10,1
Code/GameEngine/Source/GameLogic/Object/Behavior/DrawModuleXfer.cpp,yes,0,0,0,0
Code/GameEngine/Source/GameLogic/Object/Behavior/DualWeaponBehaviorCtor.cpp,no,2,0,0,0
Code/GameEngine/Source/GameLogic/Object/Behavior/DualWeaponBehaviorFriendNew.cpp,yes,0,0,0,0
Code/GameEngine/Source/GameLogic/Object/Behavior/DualWeaponBehaviorModuleDataCtor.cpp,no,0,0,0,1
Code/GameEngine/Source/GameLogic/Object/Behavior/DualWeaponBehaviorModuleDataFriendNew.cpp,yes,0,0,0,0
Code/GameEngine/Source/GameLogic/Object/Behavior/DualWeaponBehaviorPoolKey.cpp,yes,0,0,0,0
Code/GameEngine/Source/GameLogic/Object/Behavior/DumbProjectileBehavior.cpp,no,30,6,28,0
Code/GameEngine/Source/GameLogic/Object/Behavior/DynamicPortalBehaviourCtor.cpp,yes,0,0,0,0
Code/GameEngine/Source/GameLogic/Object/Behavior/DynamicPortalBehaviourDtor.cpp,no,7,1,0,0
Code/GameEngine/Source/GameLogic/Object/Behavior/DynamicPortalBehaviourFriendNew.cpp,yes,0,0,0,0
Code/GameEngine/Source/GameLogic/Object/Behavior/DynamicPortalBehaviourModuleDataCtor.cpp,no,2,2,1,1
Code/GameEngine/Source/GameLogic/Object/Behavior/DynamicPortalBehaviourModuleDataDtor.cpp,no,3,3,5,0
Code/GameEngine/Source/GameLogic/Object/Behavior/DynamicPortalBehaviourModuleDataParse.cpp,no,0,0,0,1
Code/GameEngine/Source/GameLogic/Object/Behavior/DynamicPortalBehaviourPoolKey.cpp,yes,0,0,0,0
Code/GameEngine/Source/GameLogic/Object/Behavior/DynamicPortalLinkVector.cpp,no,1,0,0,0
Code/GameEngine/Source/GameLogic/Object/Behavior/EnragedBehaviorCtor.cpp,no,2,0,0,0
Code/GameEngine/Source/GameLogic/Object/Behavior/EnragedBehaviorFriendNew.cpp,yes,0,0,0,0
Code/GameEngine/Source/GameLogic/Object/Behavior/EnragedBehaviorModuleDataCtor.cpp,no,0,0,0,2
Code/GameEngine/Source/GameLogic/Object/Behavior/EnragedBehaviorPoolKey.cpp,yes,0,0,0,0
Code/GameEngine/Source/GameLogic/Object/Behavior/EnragedBehaviorXfer.cpp,yes,0,0,0,0
Code/GameEngine/Source/GameLogic/Object/Behavior/FakePathfindPortalBehaviourCtor.cpp,no,0,0,0,2
Code/GameEngine/Source/GameLogic/Object/Behavior/FakePathfindPortalBehaviourFriendNew.cpp,yes,0,0,0,0
Code/GameEngine/Source/GameLogic/Object/Behavior/FakePathfindPortalBehaviourModuleDataParse.cpp,no,0,0,0,1
Code/GameEngine/Source/GameLogic/Object/Behavior/FakePathfindPortalBehaviourPoolKey.cpp,yes,0,0,0,0
Code/GameEngine/Source/GameLogic/Object/Behavior/FireWeaponWhenDamagedBehaviorCtor.cpp,no,6,0,1,0
Code/GameEngine/Source/GameLogic/Object/Behavior/FireWeaponWhenDamagedBehaviorDeleter.cpp,yes,0,0,0,0
Code/GameEngine/Source/GameLogic/Object/Behavior/FireWeaponWhenDamagedBehaviorDtor.cpp,no,5,0,0,0
Code/GameEngine/Source/GameLogic/Object/Behavior/FireWeaponWhenDamagedBehaviorFriendNew.cpp,no,0,1,1,0
Code/GameEngine/Source/GameLogic/Object/Behavior/FireWeaponWhenDamagedBehaviorModuleDataCtor.cpp,no,0,1,1,1
Code/GameEngine/Source/GameLogic/Object/Behavior/FireWeaponWhenDamagedBehaviorModuleDataFriendNew.cpp,yes,0,0,0,0
Code/GameEngine/Source/GameLogic/Object/Behavior/FireWeaponWhenDamagedBehaviorPoolKey.cpp,yes,0,0,0,0
Code/GameEngine/Source/GameLogic/Object/Behavior/FireWeaponWhenDamagedBehaviorXfer.cpp,yes,0,0,0,0
Code/GameEngine/Source/GameLogic/Object/Behavior/FireWeaponWhenDeadBehavior.cpp,no,16,1,8,0
Code/GameEngine/Source/GameLogic/Object/Behavior/FireWeaponWhenDeadBehaviorDerived.cpp,no,13,1,7,0
Code/GameEngine/Source/GameLogic/Object/Behavior/FireWeaponWhenDeadBehaviorFriendNew.cpp,no,0,1,1,0
Code/GameEngine/Source/GameLogic/Object/Behavior/FireWeaponWhenDeadBehaviorModuleDataCtor.cpp,no,1,1,2,1
Code/GameEngine/Source/GameLogic/Object/Behavior/FireWeaponWhenDeadBehaviorPoolKey.cpp,yes,0,0,0,0
Code/GameEngine/Source/GameLogic/Object/Behavior/FlightDeckBehavior.cpp,no,21,11,32,0
Code/GameEngine/Source/GameLogic/Object/Behavior/FlightDeckBehaviorRunwayInfoDestructor.cpp,no,0,2,1,0
Code/GameEngine/Source/GameLogic/Object/Behavior/FlightDeckInfoVectorInsertOverflow.cpp,no,1,0,8,0
Code/GameEngine/Source/GameLogic/Object/Behavior/GateOpenAndCloseBehaviorCtor.cpp,no,1,0,0,0
Code/GameEngine/Source/GameLogic/Object/Behavior/GateOpenAndCloseBehaviorCtorShard.cpp,no,1,0,0,6
Code/GameEngine/Source/GameLogic/Object/Behavior/GateOpenAndCloseBehaviorFriendNew.cpp,yes,0,0,0,0
Code/GameEngine/Source/GameLogic/Object/Behavior/GateOpenAndCloseBehaviorModuleDataDtor.cpp,no,1,1,1,1
Code/GameEngine/Source/GameLogic/Object/Behavior/GateOpenAndCloseBehaviorModuleDataFriendNew.cpp,no,1,0,0,0
Code/GameEngine/Source/GameLogic/Object/Behavior/GateOpenAndCloseBehaviorPoolKey.cpp,yes,0,0,0,0
Code/GameEngine/Source/GameLogic/Object/Behavior/GateOpenAndCloseBehaviorXfer.cpp,no,0,0,0,1
Code/GameEngine/Source/GameLogic/Object/Behavior/GateProxyBehaviorCtor.cpp,no,5,0,0,0
Code/GameEngine/Source/GameLogic/Object/Behavior/GateProxyBehaviorFloatGetters.cpp,no,1,0,0,0
Code/GameEngine/Source/GameLogic/Object/Behavior/GateProxyBehaviorFriendNew.cpp,yes,0,0,0,0
Code/GameEngine/Source/GameLogic/Object/Behavior/GateProxyBehaviorModuleDataCtor.cpp,no,1,1,0,0
Code/GameEngine/Source/GameLogic/Object/Behavior/GateProxyBehaviorModuleDataFriendNew.cpp,no,1,2,0,0
Code/GameEngine/Source/GameLogic/Object/Behavior/GateProxyBehaviorPoolKey.cpp,yes,0,0,0,0
Code/GameEngine/Source/GameLogic/Object/Behavior/GettingBuiltBehaviorCtor.cpp,no,5,0,0,0
Code/GameEngine/Source/GameLogic/Object/Behavior/GettingBuiltBehaviorDtor.cpp,no,8,1,2,0
Code/GameEngine/Source/GameLogic/Object/Behavior/GettingBuiltBehaviorFriendNew.cpp,yes,0,0,0,0
Code/GameEngine/Source/GameLogic/Object/Behavior/GettingBuiltBehaviorLoadPostProcess.cpp,no,3,0,3,0
Code/GameEngine/Source/GameLogic/Object/Behavior/GettingBuiltBehaviorModuleDataCtor.cpp,no,0,0,0,1
Code/GameEngine/Source/GameLogic/Object/Behavior/GettingBuiltBehaviorModuleDataCtorShard.cpp,no,1,2,0,0
Code/GameEngine/Source/GameLogic/Object/Behavior/GettingBuiltBehaviorModuleDataDtor.cpp,no,3,2,3,1
Code/GameEngine/Source/GameLogic/Object/Behavior/GettingBuiltBehaviorPoolKey.cpp,yes,0,0,0,0
Code/GameEngine/Source/GameLogic/Object/Behavior/GettingBuiltBehaviorRva00454472.cpp,yes,0,0,0,0
Code/GameEngine/Source/GameLogic/Object/Behavior/GiantBirdSlowDeathBehaviorCtor.cpp,yes,0,0,0,0
Code/GameEngine/Source/GameLogic/Object/Behavior/GiantBirdSlowDeathBehaviorFriendNew.cpp,yes,0,0,0,0
Code/GameEngine/Source/GameLogic/Object/Behavior/GiantBirdSlowDeathBehaviorModuleDataCtor.cpp,no,0,0,0,1
Code/GameEngine/Source/GameLogic/Object/Behavior/GiantBirdSlowDeathBehaviorModuleDataDtor.cpp,yes,0,0,0,0
Code/GameEngine/Source/GameLogic/Object/Behavior/GiantBirdSlowDeathBehaviorModuleDataFriendNew.cpp,yes,0,0,0,0
Code/GameEngine/Source/GameLogic/Object/Behavior/GiantBirdSlowDeathBehaviorPoolKey.cpp,yes,0,0,0,0
Code/GameEngine/Source/GameLogic/Object/Behavior/GiantBirdSlowDeathBehaviorXfer.cpp,yes,0,0,0,0
Code/GameEngine/Source/GameLogic/Object/Behavior/HitReactionBehaviorCtor.cpp,no,2,0,0,0
Code/GameEngine/Source/GameLogic/Object/Behavior/HitReactionBehaviorFriendNew.cpp,yes,0,0,0,0
Code/GameEngine/Source/GameLogic/Object/Behavior/HitReactionBehaviorModuleDataCtor.cpp,no,0,0,0,1
Code/GameEngine/Source/GameLogic/Object/Behavior/HitReactionBehaviorModuleDataFriendNew.cpp,yes,0,0,0,0
Code/GameEngine/Source/GameLogic/Object/Behavior/HitReactionBehaviorPoolKey.cpp,yes,0,0,0,0
Code/GameEngine/Source/GameLogic/Object/Behavior/HitReactionBehaviorXfer.cpp,yes,0,0,0,0
Code/GameEngine/Source/GameLogic/Object/Behavior/InstantDeathBehavior.cpp,no,8,3,46,0
Code/GameEngine/Source/GameLogic/Object/Behavior/InstantDeathBehaviorCtor.cpp,no,0,1,1,3
Code/GameEngine/Source/GameLogic/Object/Behavior/InstantDeathBehaviorFriendNew.cpp,no,0,1,0,0
Code/GameEngine/Source/GameLogic/Object/Behavior/InstantDeathBehaviorModuleDataCtor.cpp,no,1,0,6,0
Code/GameEngine/Source/GameLogic/Object/Behavior/InstantDeathBehaviorPoolKey.cpp,yes,0,0,0,0
Code/GameEngine/Source/GameLogic/Object/Behavior/Matrix3DO1Inlines.cpp,no,0,0,13,0
Code/GameEngine/Source/GameLogic/Object/Behavior/Matrix3DRotateO1.cpp,no,0,0,5,0
Code/GameEngine/Source/GameLogic/Object/Behavior/MineshaftPortalBehaviourCtor.cpp,no,4,0,8,0
Code/GameEngine/Source/GameLogic/Object/Behavior/MineshaftPortalBehaviourFind.cpp,yes,0,0,0,0
Code/GameEngine/Source/GameLogic/Object/Behavior/MineshaftPortalBehaviourFriendNew.cpp,yes,0,0,0,0
Code/GameEngine/Source/GameLogic/Object/Behavior/MineshaftPortalBehaviourModuleDataCtor.cpp,no,0,0,0,2
Code/GameEngine/Source/GameLogic/Object/Behavior/MineshaftPortalBehaviourPoolKey.cpp,yes,0,0,0,0
Code/GameEngine/Source/GameLogic/Object/Behavior/ModelConditionAudioLoopClientBehaviorCtor.cpp,yes,0,0,0,0
Code/GameEngine/Source/GameLogic/Object/Behavior/ModelConditionAudioLoopClientBehaviorDtor.cpp,no,3,1,2,0
Code/GameEngine/Source/GameLogic/Object/Behavior/ModelConditionAudioLoopClientBehaviorFriendNew.cpp,yes,0,0,0,0
Code/GameEngine/Source/GameLogic/Object/Behavior/ModelConditionAudioLoopClientBehaviorPoolKey.cpp,yes,0,0,0,0
Code/GameEngine/Source/GameLogic/Object/Behavior/ModelConditionSoundSelectorClientBehaviorCtor.cpp,no,0,0,0,3
Code/GameEngine/Source/GameLogic/Object/Behavior/ModelConditionSoundSelectorClientBehaviorFriendNew.cpp,yes,0,0,0,0
Code/GameEngine/Source/GameLogic/Object/Behavior/ModelConditionSoundSelectorClientBehaviorPoolKey.cpp,yes,0,0,0,0
Code/GameEngine/Source/GameLogic/Object/Behavior/OathbreakersFadeAwayBehaviorCtor.cpp,no,1,0,0,2
Code/GameEngine/Source/GameLogic/Object/Behavior/OathbreakersFadeAwayBehaviorFriendNew.cpp,yes,0,0,0,0
Code/GameEngine/Source/GameLogic/Object/Behavior/OathbreakersFadeAwayBehaviorModuleDataFriendNew.cpp,no,0,0,0,1
Code/GameEngine/Source/GameLogic/Object/Behavior/OathbreakersFadeAwayBehaviorPoolKey.cpp,yes,0,0,0,0
Code/GameEngine/Source/GameLogic/Object/Behavior/ObjectModuleXfer.cpp,yes,0,0,0,0
Code/GameEngine/Source/GameLogic/Object/Behavior/ParkingPlaceBehavior.cpp,no,22,4,25,0
Code/GameEngine/Source/GameLogic/Object/Behavior/PassiveAreaEffectBehaviorCtor.cpp,no,4,0,8,0
Code/GameEngine/Source/GameLogic/Object/Behavior/PassiveAreaEffectBehaviorDtor.cpp,no,3,1,5,0
Code/GameEngine/Source/GameLogic/Object/Behavior/PassiveAreaEffectBehaviorFriendNew.cpp,yes,0,0,0,0
Code/GameEngine/Source/GameLogic/Object/Behavior/PassiveAreaEffectBehaviorModuleDataCtor.cpp,no,3,1,16,1
Code/GameEngine/Source/GameLogic/Object/Behavior/PassiveAreaEffectBehaviorModuleDataDtor.cpp,no,0,2,10,1
Code/GameEngine/Source/GameLogic/Object/Behavior/PassiveAreaEffectBehaviorModuleDataFriendNew.cpp,yes,0,0,0,0
Code/GameEngine/Source/GameLogic/Object/Behavior/PassiveAreaEffectBehaviorPoolKey.cpp,yes,0,0,0,0
Code/GameEngine/Source/GameLogic/Object/Behavior/PhysicsBehaviorFriendNew.cpp,no,0,1,1,0
Code/GameEngine/Source/GameLogic/Object/Behavior/PhysicsBehaviorModuleDataFriendNew.cpp,yes,0,0,0,0
Code/GameEngine/Source/GameLogic/Object/Behavior/PhysicsBehaviorPoolKey.cpp,yes,0,0,0,0
Code/GameEngine/Source/GameLogic/Object/Behavior/PillageModuleCtor.cpp,no,1,0,0,3
Code/GameEngine/Source/GameLogic/Object/Behavior/PillageModuleXfer.cpp,yes,0,0,0,0
Code/GameEngine/Source/GameLogic/Object/Behavior/PoisonedBehaviorCalcSleepTime.cpp,no,0,0,1,0
Code/GameEngine/Source/GameLogic/Object/Behavior/PoisonedBehaviorCtor.cpp,no,6,0,1,0
Code/GameEngine/Source/GameLogic/Object/Behavior/PoisonedBehaviorDtor.cpp,no,4,1,1,0
Code/GameEngine/Source/GameLogic/Object/Behavior/PoisonedBehaviorFriendNew.cpp,no,0,1,1,0
Code/GameEngine/Source/GameLogic/Object/Behavior/PoisonedBehaviorModuleDataCtor.cpp,no,0,0,0,1
Code/GameEngine/Source/GameLogic/Object/Behavior/PoisonedBehaviorModuleDataFriendNew.cpp,yes,0,0,0,0
Code/GameEngine/Source/GameLogic/Object/Behavior/PoisonedBehaviorPoolKey.cpp,yes,0,0,0,0
Code/GameEngine/Source/GameLogic/Object/Behavior/PoisonedBehaviorXfer.cpp,yes,0,0,0,0
Code/GameEngine/Source/GameLogic/Object/Behavior/PropagandaTowerBehaviorConstructor.cpp,no,5,1,3,0
Code/GameEngine/Source/GameLogic/Object/Behavior/PropagandaTowerBehaviorFriendNew.cpp,no,0,1,1,0
Code/GameEngine/Source/GameLogic/Object/Behavior/PropagandaTowerBehaviorModuleDataCtor.cpp,yes,0,0,0,0
Code/GameEngine/Source/GameLogic/Object/Behavior/PropagandaTowerBehaviorModuleDataCtor2.cpp,no,3,0,0,1
Code/GameEngine/Source/GameLogic/Object/Behavior/PropagandaTowerBehaviorModuleDataDtor.cpp,no,0,2,2,1
Code/GameEngine/Source/GameLogic/Object/Behavior/PropagandaTowerBehaviorModuleDataParse.cpp,no,0,0,0,1
Code/GameEngine/Source/GameLogic/Object/Behavior/PropagandaTowerBehaviorPoolKey.cpp,yes,0,0,0,0
Code/GameEngine/Source/GameLogic/Object/Behavior/PropagandaTowerBehaviorRemoveAllInfluence.cpp,yes,0,0,0,0
Code/GameEngine/Source/GameLogic/Object/Behavior/PropagandaTowerBehaviorXfer.cpp,no,2,0,0,0
Code/GameEngine/Source/GameLogic/Object/Behavior/RampageBehaviorCtor.cpp,no,2,0,0,0
Code/GameEngine/Source/GameLogic/Object/Behavior/RampageBehaviorFriendNew.cpp,yes,0,0,0,0
Code/GameEngine/Source/GameLogic/Object/Behavior/RampageBehaviorModuleDataCtor.cpp,no,2,0,16,1
Code/GameEngine/Source/GameLogic/Object/Behavior/RampageBehaviorModuleDataDtor.cpp,no,0,0,11,0
Code/GameEngine/Source/GameLogic/Object/Behavior/RampageBehaviorModuleDataFriendNew.cpp,yes,0,0,0,0
Code/GameEngine/Source/GameLogic/Object/Behavior/RampageBehaviorPoolKey.cpp,yes,0,0,0,0
Code/GameEngine/Source/GameLogic/Object/Behavior/RandomSoundSelectorClientBehaviorCtor.cpp,no,1,0,0,4
Code/GameEngine/Source/GameLogic/Object/Behavior/RandomSoundSelectorClientBehaviorFriendNew.cpp,yes,0,0,0,0
Code/GameEngine/Source/GameLogic/Object/Behavior/RandomSoundSelectorClientBehaviorGetSelectedValue.cpp,yes,0,0,0,0
Code/GameEngine/Source/GameLogic/Object/Behavior/RandomSoundSelectorClientBehaviorModuleDataCtor.cpp,no,3,0,0,1
Code/GameEngine/Source/GameLogic/Object/Behavior/RandomSoundSelectorClientBehaviorModuleDataDtor.cpp,no,0,2,1,1
Code/GameEngine/Source/GameLogic/Object/Behavior/RandomSoundSelectorClientBehaviorModuleDataFriendNew.cpp,yes,0,0,0,0
Code/GameEngine/Source/GameLogic/Object/Behavior/RandomSoundSelectorClientBehaviorPoolKey.cpp,yes,0,0,0,0
Code/GameEngine/Source/GameLogic/Object/Behavior/RandomSoundSelectorClientBehaviorXfer.cpp,no,0,0,0,1
Code/GameEngine/Source/GameLogic/Object/Behavior/RandomSoundSelectorVoiceArrayCtor.cpp,no,2,0,0,0
Code/GameEngine/Source/GameLogic/Object/Behavior/RebuildHoleBehaviorCtor.cpp,no,0,0,0,2
Code/GameEngine/Source/GameLogic/Object/Behavior/RebuildHoleBehaviorDtor.cpp,no,8,0,0,0
Code/GameEngine/Source/GameLogic/Object/Behavior/RebuildHoleBehaviorFriendNew.cpp,no,0,1,1,0
Code/GameEngine/Source/GameLogic/Object/Behavior/RebuildHoleBehaviorModuleDataCtor.cpp,no,1,0,0,1
Code/GameEngine/Source/GameLogic/Object/Behavior/RebuildHoleBehaviorModuleDataDtor.cpp,no,0,2,2,1
Code/GameEngine/Source/GameLogic/Object/Behavior/RebuildHoleBehaviorModuleDataFriendNew.cpp,yes,0,0,0,0
Code/GameEngine/Source/GameLogic/Object/Behavior/RebuildHoleBehaviorPoolKey.cpp,yes,0,0,0,0
Code/GameEngine/Source/GameLogic/Object/Behavior/ReplenishUnitsBehaviorDtor.cpp,no,7,1,1,0
Code/GameEngine/Source/GameLogic/Object/Behavior/ReplenishUnitsBehaviorFriendNew.cpp,yes,0,0,0,0
Code/GameEngine/Source/GameLogic/Object/Behavior/ReplenishUnitsBehaviorModuleDataCtor.cpp,no,1,0,0,1
Code/GameEngine/Source/GameLogic/Object/Behavior/ReplenishUnitsBehaviorModuleDataFriendNew.cpp,yes,0,0,0,0
Code/GameEngine/Source/GameLogic/Object/Behavior/ReplenishUnitsBehaviorPoolKey.cpp,yes,0,0,0,0
Code/GameEngine/Source/GameLogic/Object/Behavior/RunOffMapBehaviorCtor.cpp,no,0,0,0,4
Code/GameEngine/Source/GameLogic/Object/Behavior/RunOffMapBehaviorFriendNew.cpp,yes,0,0,0,0
Code/GameEngine/Source/GameLogic/Object/Behavior/RunOffMapBehaviorModuleDataCtor.cpp,no,2,1,1,1
Code/GameEngine/Source/GameLogic/Object/Behavior/RunOffMapBehaviorModuleDataDtor.cpp,no,0,2,1,1
Code/GameEngine/Source/GameLogic/Object/Behavior/RunOffMapBehaviorModuleDataFriendNew.cpp,yes,0,0,0,0
Code/GameEngine/Source/GameLogic/Object/Behavior/RunOffMapBehaviorPoolKey.cpp,yes,0,0,0,0
Code/GameEngine/Source/GameLogic/Object/Behavior/Rva00087A93DeletingDtor.cpp,yes,0,0,0,0
Code/GameEngine/Source/GameLogic/Object/Behavior/Rva00087AC9Copy.cpp,yes,0,0,0,0
Code/GameEngine/Source/GameLogic/Object/Behavior/Rva002535A5Mask.cpp,yes,0,0,0,0
Code/GameEngine/Source/GameLogic/Object/Behavior/Rva0032E83ADtor.cpp,yes,0,0,0,0
Code/GameEngine/Source/GameLogic/Object/Behavior/Rva00330757Member.cpp,yes,0,0,0,0
Code/GameEngine/Source/GameLogic/Object/Behavior/Rva00395A60.cpp,yes,0,0,0,0
Code/GameEngine/Source/GameLogic/Object/Behavior/Rva00395D77Destroy.cpp,no,0,0,3,0
Code/GameEngine/Source/GameLogic/Object/Behavior/Rva00398E4A.cpp,no,0,0,13,0
Code/GameEngine/Source/GameLogic/Object/Behavior/Rva0039922D.cpp,no,1,0,0,0
Code/GameEngine/Source/GameLogic/Object/Behavior/Rva004B4CDFXfer.cpp,yes,0,0,0,0
Code/GameEngine/Source/GameLogic/Object/Behavior/Rva004B4E56Check.cpp,yes,0,0,0,0
Code/GameEngine/Source/GameLogic/Object/Behavior/Rva004B4EC3Drawable.cpp,yes,0,0,0,0
Code/GameEngine/Source/GameLogic/Object/Behavior/Rva004B4F11Drawable.cpp,yes,0,0,0,0
Code/GameEngine/Source/GameLogic/Object/Behavior/Rva004E9378.cpp,yes,0,0,0,0
Code/GameEngine/Source/GameLogic/Object/Behavior/Rva004FAC6BCtor.cpp,no,2,0,0,0
Code/GameEngine/Source/GameLogic/Object/Behavior/ShareExperienceBehaviorCtorThunk.cpp,no,5,1,3,0
Code/GameEngine/Source/GameLogic/Object/Behavior/ShareExperienceBehaviorFriendNew.cpp,yes,0,0,0,0
Code/GameEngine/Source/GameLogic/Object/Behavior/ShareExperienceBehaviorModuleDataCtor.cpp,no,2,1,0,0
Code/GameEngine/Source/GameLogic/Object/Behavior/ShareExperienceBehaviorModuleDataDtor.cpp,no,1,1,1,0
Code/GameEngine/Source/GameLogic/Object/Behavior/ShareExperienceBehaviorModuleDataFriendNew.cpp,yes,0,0,0,0
Code/GameEngine/Source/GameLogic/Object/Behavior/ShareExperienceBehaviorPoolKey.cpp,yes,0,0,0,0
Code/GameEngine/Source/GameLogic/Object/Behavior/ShipSlowDeathBehaviorCtor.cpp,yes,0,0,0,0
Code/GameEngine/Source/GameLogic/Object/Behavior/ShipSlowDeathBehaviorFriendNew.cpp,yes,0,0,0,0
Code/GameEngine/Source/GameLogic/Object/Behavior/ShipSlowDeathBehaviorModuleDataCtor.cpp,no,0,0,0,2
Code/GameEngine/Source/GameLogic/Object/Behavior/ShipSlowDeathBehaviorPoolKey.cpp,yes,0,0,0,0
Code/GameEngine/Source/GameLogic/Object/Behavior/ShipSlowDeathBehaviorXfer.cpp,yes,0,0,0,0
Code/GameEngine/Source/GameLogic/Object/Behavior/SiegeDockingBehaviorConstructorThunk.cpp,no,4,1,19,0
Code/GameEngine/Source/GameLogic/Object/Behavior/SiegeDockingBehaviorDtor.cpp,no,4,1,1,0
Code/GameEngine/Source/GameLogic/Object/Behavior/SiegeDockingBehaviorFriendNew.cpp,yes,0,0,0,0
Code/GameEngine/Source/GameLogic/Object/Behavior/SiegeDockingBehaviorPoolKey.cpp,yes,0,0,0,0
Code/GameEngine/Source/GameLogic/Object/Behavior/SiegeDockingBehaviorStopDocking.cpp,yes,0,0,0,0
Code/GameEngine/Source/GameLogic/Object/Behavior/SlaveWatcherBehaviorCtor.cpp,no,2,0,0,3
Code/GameEngine/Source/GameLogic/Object/Behavior/SlaveWatcherBehaviorDtor.cpp,no,4,1,2,0
Code/GameEngine/Source/GameLogic/Object/Behavior/SlaveWatcherBehaviorFriendNew.cpp,yes,0,0,0,0
Code/GameEngine/Source/GameLogic/Object/Behavior/SlaveWatcherBehaviorModuleDataCtor.cpp,no,0,0,0,1
Code/GameEngine/Source/GameLogic/Object/Behavior/SlaveWatcherBehaviorModuleDataDtor.cpp,no,0,2,2,1
Code/GameEngine/Source/GameLogic/Object/Behavior/SlaveWatcherBehaviorModuleDataFriendNew.cpp,yes,0,0,0,0
Code/GameEngine/Source/GameLogic/Object/Behavior/SlaveWatcherBehaviorPoolKey.cpp,yes,0,0,0,0
Code/GameEngine/Source/GameLogic/Object/Behavior/SlowDeathBehavior.cpp,no,22,7,23,0
Code/GameEngine/Source/GameLogic/Object/Behavior/SlowDeathBehaviorCtor.cpp,no,2,1,1,7
Code/GameEngine/Source/GameLogic/Object/Behavior/SlowDeathBehaviorFriendNew.cpp,no,0,1,1,0
Code/GameEngine/Source/GameLogic/Object/Behavior/SlowDeathBehaviorModuleDataCtor.cpp,no,8,2,8,0
Code/GameEngine/Source/GameLogic/Object/Behavior/SlowDeathBehaviorModuleDataFriendNew.cpp,yes,0,0,0,0
Code/GameEngine/Source/GameLogic/Object/Behavior/SlowDeathBehaviorXfer.cpp,no,0,1,1,0
Code/GameEngine/Source/GameLogic/Object/Behavior/SpawnBehavior.cpp,no,27,19,67,0
Code/GameEngine/Source/GameLogic/Object/Behavior/SpawnBehaviorCtor.cpp,no,9,2,19,0
Code/GameEngine/Source/GameLogic/Object/Behavior/SpawnBehaviorDtor.cpp,no,8,1,9,0
Code/GameEngine/Source/GameLogic/Object/Behavior/SpawnBehaviorFriendNew.cpp,no,0,1,1,0
Code/GameEngine/Source/GameLogic/Object/Behavior/SpawnBehaviorLoadPostProcess.cpp,no,1,1,1,0
Code/GameEngine/Source/GameLogic/Object/Behavior/SpawnBehaviorModuleDataCtor.cpp,no,1,1,19,1
Code/GameEngine/Source/GameLogic/Object/Behavior/SpawnBehaviorModuleDataDtor.cpp,no,0,2,12,1
Code/GameEngine/Source/GameLogic/Object/Behavior/SpawnBehaviorModuleDataFriendNew.cpp,yes,0,0,0,0
Code/GameEngine/Source/GameLogic/Object/Behavior/SpawnBehaviorPoolKey.cpp,yes,0,0,0,0
Code/GameEngine/Source/GameLogic/Object/Behavior/SpawnBehaviorXfer.cpp,no,4,3,5,0
Code/GameEngine/Source/GameLogic/Object/Behavior/SpawnBehavior_canAnySlavesAttack.cpp,no,0,1,4,0
Code/GameEngine/Source/GameLogic/Object/Behavior/SpawnBehavior_getCanAnySlavesAttackSpecificTarget.cpp,no,1,1,4,0
Code/GameEngine/Source/GameLogic/Object/Behavior/SpawnBehavior_getCanAnySlavesUseWeaponAgainstTarget.cpp,no,0,1,4,0
Code/GameEngine/Source/GameLogic/Object/Behavior/SpawnBehavior_getClosestSlave.cpp,no,0,1,4,0
Code/GameEngine/Source/GameLogic/Object/Behavior/SpawnBehavior_onDelete.cpp,no,0,1,4,0
Code/GameEngine/Source/GameLogic/Object/Behavior/SpawnBehavior_onSpawnDeath.cpp,no,2,1,14,0
Code/GameEngine/Source/GameLogic/Object/Behavior/SpawnBehavior_orderSlavesToAttackPosition.cpp,no,0,1,4,0
Code/GameEngine/Source/GameLogic/Object/Behavior/SpawnBehavior_orderSlavesToAttackTarget.cpp,no,0,1,4,0
Code/GameEngine/Source/GameLogic/Object/Behavior/SpawnBehavior_orderSlavesToGoIdle.cpp,no,0,1,4,0
Code/GameEngine/Source/GameLogic/Object/Behavior/SpawnBehavior_rva0045F4D7.cpp,no,2,2,0,0
Code/GameEngine/Source/GameLogic/Object/Behavior/SpawnBehavior_rva00460175.cpp,no,1,0,3,0
Code/GameEngine/Source/GameLogic/Object/Behavior/SpawnUnitBehaviorConstructor.cpp,no,5,0,0,0
Code/GameEngine/Source/GameLogic/Object/Behavior/SpawnUnitBehaviorFriendNew.cpp,yes,0,0,0,0
Code/GameEngine/Source/GameLogic/Object/Behavior/SpawnUnitBehaviorModuleDataCtor.cpp,no,1,1,1,1
Code/GameEngine/Source/GameLogic/Object/Behavior/SpawnUnitBehaviorModuleDataFriendNew.cpp,yes,0,0,0,0
Code/GameEngine/Source/GameLogic/Object/Behavior/SpawnUnitBehaviorPoolKey.cpp,yes,0,0,0,0
Code/GameEngine/Source/GameLogic/Object/Behavior/StancesBehaviorCtor.cpp,no,0,0,0,3
Code/GameEngine/Source/GameLogic/Object/Behavior/StancesBehaviorFriendNew.cpp,yes,0,0,0,0
Code/GameEngine/Source/GameLogic/Object/Behavior/StancesBehaviorNameKey.cpp,yes,0,0,0,0
Code/GameEngine/Source/GameLogic/Object/Behavior/StancesBehaviorPoolKey.cpp,yes,0,0,0,0
Code/GameEngine/Source/GameLogic/Object/Behavior/StancesBehaviorXfer.cpp,yes,0,0,0,0
Code/GameEngine/Source/GameLogic/Object/Behavior/SupplyWarehouseCripplingBehaviorFriendNew.cpp,no,0,1,1,0
Code/GameEngine/Source/GameLogic/Object/Behavior/SupplyWarehouseCripplingBehaviorModuleDataCtor.cpp,no,0,0,0,1
Code/GameEngine/Source/GameLogic/Object/Behavior/SupplyWarehouseCripplingBehaviorModuleDataFriendNew.cpp,yes,0,0,0,0
Code/GameEngine/Source/GameLogic/Object/Behavior/SupplyWarehouseCripplingBehaviorPoolKey.cpp,yes,0,0,0,0
Code/GameEngine/Source/GameLogic/Object/Behavior/TerrainResourceBehaviorCtor.cpp,no,2,0,0,7
Code/GameEngine/Source/GameLogic/Object/Behavior/TerrainResourceBehaviorFriendNew.cpp,yes,0,0,0,0
Code/GameEngine/Source/GameLogic/Object/Behavior/TerrainResourceBehaviorLoadPostProcess.cpp,no,2,0,0,0
Code/GameEngine/Source/GameLogic/Object/Behavior/TerrainResourceBehaviorModuleDataCtor.cpp,no,1,1,0,0
Code/GameEngine/Source/GameLogic/Object/Behavior/TerrainResourceBehaviorModuleDataDtor.cpp,no,1,2,3,0
Code/GameEngine/Source/GameLogic/Object/Behavior/TerrainResourceBehaviorModuleDataFriendNew.cpp,yes,0,0,0,0
Code/GameEngine/Source/GameLogic/Object/Behavior/TerrainResourceBehaviorPoolKey.cpp,yes,0,0,0,0
Code/GameEngine/Source/GameLogic/Object/Behavior/TerrainResourceBehaviorXfer.cpp,yes,0,0,0,0
Code/GameEngine/Source/GameLogic/Object/Behavior/TerrainResourceClientBehaviorCtor.cpp,yes,0,0,0,0
Code/GameEngine/Source/GameLogic/Object/Behavior/TerrainResourceClientBehaviorFriendNew.cpp,yes,0,0,0,0
Code/GameEngine/Source/GameLogic/Object/Behavior/TerrainResourceClientBehaviorPoolKey.cpp,yes,0,0,0,0
Code/GameEngine/Source/GameLogic/Object/Behavior/TransitionDamageFXCtor.cpp,no,2,0,7,0
Code/GameEngine/Source/GameLogic/Object/Behavior/TransitionDamageFXDtor.cpp,no,1,1,1,0
Code/GameEngine/Source/GameLogic/Object/Behavior/UpgradeSoundSelectorClientBehaviorCtor.cpp,no,0,0,0,3
Code/GameEngine/Source/GameLogic/Object/Behavior/UpgradeSoundSelectorClientBehaviorFriendNew.cpp,yes,0,0,0,0
Code/GameEngine/Source/GameLogic/Object/Behavior/UpgradeSoundSelectorClientBehaviorModuleDataDtor.cpp,no,0,2,2,1
Code/GameEngine/Source/GameLogic/Object/Behavior/UpgradeSoundSelectorClientBehaviorPoolKey.cpp,yes,0,0,0,0
Code/GameEngine/Source/GameLogic/Object/Behavior/WallHubBehaviorFriendNew.cpp,no,1,0,0,0
Code/GameEngine/Source/GameLogic/Object/Behavior/WallHubBehaviorModuleDataCtor.cpp,no,1,1,16,1
Code/GameEngine/Source/GameLogic/Object/Behavior/WallHubBehaviorModuleDataDtor.cpp,no,0,2,11,1
Code/GameEngine/Source/GameLogic/Object/Behavior/WallHubBehaviorModuleDataFriendNew.cpp,yes,0,0,0,0
Code/GameEngine/Source/GameLogic/Object/Behavior/WallHubBehaviorPoolKey.cpp,yes,0,0,0,0
Code/GameEngine/Source/GameLogic/Object/Behavior/WallHubBehaviorXfer.cpp,yes,0,0,0,0
Code/GameEngine/Source/GameLogic/Object/Behavior/WargBehaviorCtor.cpp,yes,0,0,0,0
Code/GameEngine/Source/GameLogic/Object/Behavior/WargBehaviorFriendNew.cpp,yes,0,0,0,0
Code/GameEngine/Source/GameLogic/Object/Behavior/WargBehaviorPoolKey.cpp,yes,0,0,0,0
Code/GameEngine/Source/GameLogic/Object/BfmeCtor001B3A20.cpp,no,2,0,0,0
Code/GameEngine/Source/GameLogic/Object/Body/ActiveBodyDamageState.cpp,yes,0,0,0,0
Code/GameEngine/Source/GameLogic/Object/Body/ActiveBodyFriendNew.cpp,no,1,1,1,0
Code/GameEngine/Source/GameLogic/Object/Body/ActiveBodyPoolKey.cpp,yes,0,0,0,0
Code/GameEngine/Source/GameLogic/Object/Body/BodyModuleCtor.cpp,no,3,0,0,0
Code/GameEngine/Source/GameLogic/Object/Body/BodyModuleDataFriendNew.cpp,yes,0,0,0,0
Code/GameEngine/Source/GameLogic/Object/Body/BodyModuleDeletingDtors.cpp,yes,0,0,0,0
Code/GameEngine/Source/GameLogic/Object/Body/DelayedDeathBodyCtor.cpp,yes,0,0,0,0
Code/GameEngine/Source/GameLogic/Object/Body/DelayedDeathBodyFriendNew.cpp,yes,0,0,0,0
Code/GameEngine/Source/GameLogic/Object/Body/DelayedDeathBodyPoolKey.cpp,yes,0,0,0,0
Code/GameEngine/Source/GameLogic/Object/Body/DetachableRiderBodyCtor.cpp,no,2,0,0,4
Code/GameEngine/Source/GameLogic/Object/Body/DetachableRiderBodyFriendNew.cpp,yes,0,0,0,0
Code/GameEngine/Source/GameLogic/Object/Body/DetachableRiderBodyPoolKey.cpp,yes,0,0,0,0
Code/GameEngine/Source/GameLogic/Object/Body/DetachableRiderBodyRva004BE67E.cpp,no,1,1,0,0
Code/GameEngine/Source/GameLogic/Object/Body/FreeLifeBodyCtor.cpp,no,0,0,0,3
Code/GameEngine/Source/GameLogic/Object/Body/FreeLifeBodyFriendNew.cpp,yes,0,0,0,0
Code/GameEngine/Source/GameLogic/Object/Body/FreeLifeBodyPoolKey.cpp,yes,0,0,0,0
Code/GameEngine/Source/GameLogic/Object/Body/HighlanderBodyConstructor.cpp,no,4,0,0,0
Code/GameEngine/Source/GameLogic/Object/Body/HighlanderBodyFriendNew.cpp,no,0,1,1,0
Code/GameEngine/Source/GameLogic/Object/Body/HighlanderBodyPoolKey.cpp,yes,0,0,0,0
Code/GameEngine/Source/GameLogic/Object/Body/ImmortalBodyConstructor.cpp,no,10,0,0,0
Code/GameEngine/Source/GameLogic/Object/Body/ImmortalBodyFriendNew.cpp,no,0,1,1,0
Code/GameEngine/Source/GameLogic/Object/Body/ImmortalBodyPoolKey.cpp,yes,0,0,0,0
Code/GameEngine/Source/GameLogic/Object/Body/InactiveBodyFriendNew.cpp,no,1,1,0,0
Code/GameEngine/Source/GameLogic/Object/Body/InactiveBodyPoolKey.cpp,yes,0,0,0,0
Code/GameEngine/Source/GameLogic/Object/Body/OathbreakerBodyConstructor.cpp,no,4,0,0,0
Code/GameEngine/Source/GameLogic/Object/Body/OathbreakerBodyFriendNew.cpp,yes,0,0,0,0
Code/GameEngine/Source/GameLogic/Object/Body/OathbreakerBodyPoolKey.cpp,yes,0,0,0,0
Code/GameEngine/Source/GameLogic/Object/Body/PorcupineFormationBodyModule.cpp,no,4,0,0,0
Code/GameEngine/Source/GameLogic/Object/Body/PorcupineFormationBodyModuleDataCtor.cpp,no,0,0,0,1
Code/GameEngine/Source/GameLogic/Object/Body/PorcupineFormationBodyModuleDataParse.cpp,no,0,0,0,1
Code/GameEngine/Source/GameLogic/Object/Body/PorcupineFormationBodyModuleFriendNew.cpp,yes,0,0,0,0
Code/GameEngine/Source/GameLogic/Object/Body/PorcupineFormationBodyModulePoolKey.cpp,yes,0,0,0,0
Code/GameEngine/Source/GameLogic/Object/Body/RespawnBodyCtorThunk.cpp,no,4,0,0,0
Code/GameEngine/Source/GameLogic/Object/Body/RespawnBodyFriendNew.cpp,yes,0,0,0,0
Code/GameEngine/Source/GameLogic/Object/Body/RespawnBodyPoolKey.cpp,yes,0,0,0,0
Code/GameEngine/Source/GameLogic/Object/Body/RespawnRuleTreeInsert.cpp,no,1,0,0,0
Code/GameEngine/Source/GameLogic/Object/Body/Rva002571A7VectorErase.cpp,yes,0,0,0,0
Code/GameEngine/Source/GameLogic/Object/Body/Rva004BFD27Command.cpp,no,0,0,1,0
Code/GameEngine/Source/GameLogic/Object/Body/StructureBodyCtor.cpp,no,1,0,0,0
Code/GameEngine/Source/GameLogic/Object/Body/StructureBodyFriendNew.cpp,no,0,1,1,0
Code/GameEngine/Source/GameLogic/Object/Body/StructureBodyModuleDataCtor.cpp,no,2,1,1,1
Code/GameEngine/Source/GameLogic/Object/Body/StructureBodyModuleDataDtor.cpp,no,0,1,1,0
Code/GameEngine/Source/GameLogic/Object/Body/StructureBodyPoolKey.cpp,yes,0,0,0,0
Code/GameEngine/Source/GameLogic/Object/Body/SymbioticStructuresBodyCtor.cpp,no,2,0,0,0
Code/GameEngine/Source/GameLogic/Object/Body/SymbioticStructuresBodyFriendNew.cpp,yes,0,0,0,0
Code/GameEngine/Source/GameLogic/Object/Body/SymbioticStructuresBodyModuleDataCtor.cpp,no,0,2,0,0
Code/GameEngine/Source/GameLogic/Object/Body/SymbioticStructuresBodyModuleDataDtor.cpp,no,0,1,0,0
Code/GameEngine/Source/GameLogic/Object/Body/SymbioticStructuresBodyPoolKey.cpp,yes,0,0,0,0
Code/GameEngine/Source/GameLogic/Object/ByteFillNO1.cpp,no,0,0,3,0
Code/GameEngine/Source/GameLogic/Object/Collide/AODCrushCollideCtor.cpp,yes,0,0,0,0
Code/GameEngine/Source/GameLogic/Object/Collide/AODCrushCollideDtor.cpp,yes,0,0,0,0
Code/GameEngine/Source/GameLogic/Object/Collide/AODCrushCollideFriendNew.cpp,yes,0,0,0,0
Code/GameEngine/Source/GameLogic/Object/Collide/AODCrushCollideXfer.cpp,yes,0,0,0,0
Code/GameEngine/Source/GameLogic/Object/Collide/CivilianSpawnCollideCtor.cpp,yes,0,0,0,0
Code/GameEngine/Source/GameLogic/Object/Collide/CivilianSpawnCollideFriendNew.cpp,yes,0,0,0,0
Code/GameEngine/Source/GameLogic/Object/Collide/CivilianSpawnCollideModuleDataFriendNew.cpp,yes,0,0,0,0
Code/GameEngine/Source/GameLogic/Object/Collide/CollideModuleCtor.cpp,no,5,1,1,0
Code/GameEngine/Source/GameLogic/Object/Collide/CollideModuleDataBuildFieldParse.cpp,no,0,2,2,4
Code/GameEngine/Source/GameLogic/Object/Collide/CollideModuleDataFriendNew.cpp,yes,0,0,0,0
Code/GameEngine/Source/GameLogic/Object/Collide/CollideModuleDeletingDtors.cpp,no,0,1,2,0
Code/GameEngine/Source/GameLogic/Object/Collide/CrateCollide/AODCrushCollideModuleDataCtor.cpp,no,2,0,0,0
Code/GameEngine/Source/GameLogic/Object/Collide/CrateCollide/AODCrushCollideModuleDataDtor.cpp,no,0,2,2,1
Code/GameEngine/Source/GameLogic/Object/Collide/CrateCollide/AODCrushCollideModuleDataFriendNew.cpp,yes,0,0,0,0
Code/GameEngine/Source/GameLogic/Object/Collide/CrateCollide/AODCrushCollidePoolKey.cpp,yes,0,0,0,0
Code/GameEngine/Source/GameLogic/Object/Collide/CrateCollide/CrateCollideConstructor.cpp,no,2,1,0,0
Code/GameEngine/Source/GameLogic/Object/Collide/CrateCollide/CrateCollideModuleDataCtor.cpp,no,2,0,1,1
Code/GameEngine/Source/GameLogic/Object/Collide/CrateCollide/CrateCollideXfer.cpp,no,1,0,0,0
Code/GameEngine/Source/GameLogic/Object/Collide/CrateCollide/HealCrateCollideCtor.cpp,yes,0,0,0,0
Code/GameEngine/Source/GameLogic/Object/Collide/CrateCollide/HealCrateCollideFriendNew.cpp,no,0,1,1,0
Code/GameEngine/Source/GameLogic/Object/Collide/CrateCollide/HealCrateCollideXfer.cpp,yes,0,0,0,0
Code/GameEngine/Source/GameLogic/Object/Collide/CrateCollide/MoneyCrateCollideCtor.cpp,yes,0,0,0,0
Code/GameEngine/Source/GameLogic/Object/Collide/CrateCollide/MoneyCrateCollideFriendNew.cpp,no,0,1,1,0
Code/GameEngine/Source/GameLogic/Object/Collide/CrateCollide/MoneyCrateCollideModuleDataCtor.cpp,no,0,1,2,0
Code/GameEngine/Source/GameLogic/Object/Collide/CrateCollide/MoneyCrateCollideModuleDataFriendNew.cpp,yes,0,0,0,0
Code/GameEngine/Source/GameLogic/Object/Collide/CrateCollide/SalvageCrateCollideCtor.cpp,yes,0,0,0,0
Code/GameEngine/Source/GameLogic/Object/Collide/CrateCollide/SalvageCrateCollideFriendNew.cpp,no,0,1,1,0
Code/GameEngine/Source/GameLogic/Object/Collide/CrateCollide/SalvageCrateCollideModuleDataCtor.cpp,no,0,1,1,1
Code/GameEngine/Source/GameLogic/Object/Collide/CrateCollide/SalvageCrateCollideModuleDataDtor.cpp,no,0,1,1,0
Code/GameEngine/Source/GameLogic/Object/Collide/CrateCollide/ShroudCrateCollideCtor.cpp,yes,0,0,0,0
Code/GameEngine/Source/GameLogic/Object/Collide/CrateCollide/ShroudCrateCollideFriendNew.cpp,no,0,1,1,0
Code/GameEngine/Source/GameLogic/Object/Collide/CrateCollide/ShroudCrateCollidePoolKey.cpp,yes,0,0,0,0
Code/GameEngine/Source/GameLogic/Object/Collide/CrateCollide/UnitCrateCollideCtor.cpp,yes,0,0,0,0
Code/GameEngine/Source/GameLogic/Object/Collide/CrateCollide/UnitCrateCollideFriendNew.cpp,no,0,1,1,0
Code/GameEngine/Source/GameLogic/Object/Collide/CrateCollide/UnitCrateCollideModuleDataBuildFieldParse.cpp,no,0,1,1,1
Code/GameEngine/Source/GameLogic/Object/Collide/CrateCollide/UnitCrateCollideModuleDataCtor.cpp,no,0,1,3,0
Code/GameEngine/Source/GameLogic/Object/Collide/CrateCollide/UnitCrateCollideModuleDataFriendNew.cpp,yes,0,0,0,0
Code/GameEngine/Source/GameLogic/Object/Collide/CrateCollide/VeterancyCrateCollideCtor.cpp,yes,0,0,0,0
Code/GameEngine/Source/GameLogic/Object/Collide/CrateCollide/VeterancyCrateCollideFriendNew.cpp,no,0,1,1,0
Code/GameEngine/Source/GameLogic/Object/Collide/CrateCollide/VeterancyCrateCollideModuleDataCtor.cpp,no,0,1,2,0
Code/GameEngine/Source/GameLogic/Object/Collide/CrateCollide/VeterancyCrateCollideModuleDataFriendNew.cpp,yes,0,0,0,0
Code/GameEngine/Source/GameLogic/Object/Collide/CrateCollide/VeterancyCrateCollidePoolKey.cpp,yes,0,0,0,0
Code/GameEngine/Source/GameLogic/Object/Collide/CrateCollideModuleDataFriendNew.cpp,yes,0,0,0,0
Code/GameEngine/Source/GameLogic/Object/Collide/FireWeaponCollideCtor.cpp,no,3,0,0,0
Code/GameEngine/Source/GameLogic/Object/Collide/FireWeaponCollideDtor.cpp,no,3,1,0,0
Code/GameEngine/Source/GameLogic/Object/Collide/FireWeaponCollideFriendNew.cpp,no,0,1,0,0
Code/GameEngine/Source/GameLogic/Object/Collide/FireWeaponCollideModuleDataCtor.cpp,no,0,1,4,1
Code/GameEngine/Source/GameLogic/Object/Collide/FireWeaponCollideModuleDataFriendNew.cpp,yes,0,0,0,0
Code/GameEngine/Source/GameLogic/Object/Collide/FireWeaponCollidePoolKey.cpp,yes,0,0,0,0
Code/GameEngine/Source/GameLogic/Object/Collide/FireWeaponCollideShouldFireWeapon.cpp,yes,0,0,0,0
Code/GameEngine/Source/GameLogic/Object/Collide/FireWeaponCollideXfer.cpp,yes,0,0,0,0
Code/GameEngine/Source/GameLogic/Object/Collide/HealCrateCollidePoolKey.cpp,yes,0,0,0,0
Code/GameEngine/Source/GameLogic/Object/Collide/HordeMemberCollideCtor.cpp,yes,0,0,0,0
Code/GameEngine/Source/GameLogic/Object/Collide/HordeMemberCollideFriendNew.cpp,yes,0,0,0,0
Code/GameEngine/Source/GameLogic/Object/Collide/MoneyCrateCollidePoolKey.cpp,yes,0,0,0,0
Code/GameEngine/Source/GameLogic/Object/Collide/SalvageCrateCollideModuleDataParse.cpp,no,0,1,1,1
Code/GameEngine/Source/GameLogic/Object/Collide/SalvageCrateCollidePoolKey.cpp,yes,0,0,0,0
Code/GameEngine/Source/GameLogic/Object/Collide/SquishCollideCtor.cpp,yes,0,0,0,0
Code/GameEngine/Source/GameLogic/Object/Collide/SquishCollideFriendNew.cpp,no,0,1,0,0
Code/GameEngine/Source/GameLogic/Object/Collide/UnitCrateCollidePoolKey.cpp,yes,0,0,0,0
Code/GameEngine/Source/GameLogic/Object/Contain/AODHordeContainCtor.cpp,no,10,0,4,0
Code/GameEngine/Source/GameLogic/Object/Contain/AODHordeContainDtor.cpp,no,11,1,4,0
Code/GameEngine/Source/GameLogic/Object/Contain/AODHordeContainFriendNew.cpp,yes,0,0,0,0
Code/GameEngine/Source/GameLogic/Object/Contain/AODHordeContainModuleDataCtor.cpp,no,1,0,0,1
Code/GameEngine/Source/GameLogic/Object/Contain/AODHordeContainModuleDataParse.cpp,no,0,0,0,1
Code/GameEngine/Source/GameLogic/Object/Contain/AODHordeContainPoolKey.cpp,yes,0,0,0,0
Code/GameEngine/Source/GameLogic/Object/Contain/AODHordeContainRefresh.cpp,yes,0,0,0,0
Code/GameEngine/Source/GameLogic/Object/Contain/CaveContainCtor.cpp,yes,0,0,0,0
Code/GameEngine/Source/GameLogic/Object/Contain/CaveContainDtor.cpp,no,11,1,2,0
Code/GameEngine/Source/GameLogic/Object/Contain/CaveContainFriendNew.cpp,no,0,1,1,0
Code/GameEngine/Source/GameLogic/Object/Contain/CaveContainModuleDataCtor.cpp,no,1,1,1,1
Code/GameEngine/Source/GameLogic/Object/Contain/CaveContainModuleDataFriendNew.cpp,yes,0,0,0,0
Code/GameEngine/Source/GameLogic/Object/Contain/CaveContainPoolKey.cpp,yes,0,0,0,0
Code/GameEngine/Source/GameLogic/Object/Contain/CitadelSlaughterHordeContainCtor.cpp,yes,0,0,0,0
Code/GameEngine/Source/GameLogic/Object/Contain/CitadelSlaughterHordeContainDtor.cpp,no,0,1,1,0
Code/GameEngine/Source/GameLogic/Object/Contain/CitadelSlaughterHordeContainFriendNew.cpp,yes,0,0,0,0
Code/GameEngine/Source/GameLogic/Object/Contain/CitadelSlaughterHordeContainModuleDataCtor.cpp,no,3,0,11,2
Code/GameEngine/Source/GameLogic/Object/Contain/CitadelSlaughterHordeContainModuleDataDtor.cpp,no,0,1,1,0
Code/GameEngine/Source/GameLogic/Object/Contain/CitadelSlaughterHordeContainModuleDataParse.cpp,no,0,0,0,1
Code/GameEngine/Source/GameLogic/Object/Contain/CitadelSlaughterHordeContainPoolKey.cpp,yes,0,0,0,0
Code/GameEngine/Source/GameLogic/Object/Contain/ContainModuleDataFriendNew.cpp,no,3,0,0,0
Code/GameEngine/Source/GameLogic/Object/Contain/ContainModuleDeletingDtors.cpp,no,0,22,11,0
Code/GameEngine/Source/GameLogic/Object/Contain/GarrisonContain.cpp,no,38,9,24,0
Code/GameEngine/Source/GameLogic/Object/Contain/GarrisonContainDtor.cpp,no,9,1,1,0
Code/GameEngine/Source/GameLogic/Object/Contain/GarrisonContainFriendNew.cpp,no,0,1,1,0
Code/GameEngine/Source/GameLogic/Object/Contain/GarrisonContainModuleDataDtor.cpp,no,0,1,1,0
Code/GameEngine/Source/GameLogic/Object/Contain/GarrisonContainModuleDataFriendNew.cpp,yes,0,0,0,0
Code/GameEngine/Source/GameLogic/Object/Contain/GarrisonContainRemoveObject.cpp,no,0,1,1,0
Code/GameEngine/Source/GameLogic/Object/Contain/HealContainCtor.cpp,yes,0,0,0,0
Code/GameEngine/Source/GameLogic/Object/Contain/HealContainFriendNew.cpp,no,0,1,1,0
Code/GameEngine/Source/GameLogic/Object/Contain/HealContainModuleDataCtorThunk.cpp,yes,0,0,0,0
Code/GameEngine/Source/GameLogic/Object/Contain/HealContainModuleDataParse.cpp,no,0,0,0,1
Code/GameEngine/Source/GameLogic/Object/Contain/HealContainPoolKey.cpp,yes,0,0,0,0
Code/GameEngine/Source/GameLogic/Object/Contain/HelixContain.cpp,no,29,4,38,0
Code/GameEngine/Source/GameLogic/Object/Contain/HelixContainModuleDataDtor.cpp,no,0,1,1,0
Code/GameEngine/Source/GameLogic/Object/Contain/HordeContainFriendNew.cpp,no,1,0,0,0
Code/GameEngine/Source/GameLogic/Object/Contain/HordeContainModuleDataParse.cpp,no,0,0,0,1
Code/GameEngine/Source/GameLogic/Object/Contain/HordeContainParseRankCollections.cpp,no,0,0,35,0
Code/GameEngine/Source/GameLogic/Object/Contain/HordeContainParseSplitResult.cpp,no,3,0,0,0
Code/GameEngine/Source/GameLogic/Object/Contain/HordeContainPoolKey.cpp,yes,0,0,0,0
Code/GameEngine/Source/GameLogic/Object/Contain/HordeContainRankInfoCtor.cpp,yes,0,0,0,0
Code/GameEngine/Source/GameLogic/Object/Contain/HordeContainUnitSlotCtor.cpp,yes,0,0,0,0
Code/GameEngine/Source/GameLogic/Object/Contain/HordeGarrisonContainDtor.cpp,no,0,1,1,0
Code/GameEngine/Source/GameLogic/Object/Contain/HordeGarrisonContainFriendNew.cpp,no,1,0,0,0
Code/GameEngine/Source/GameLogic/Object/Contain/HordeGarrisonContainModuleDataCtor.cpp,no,0,0,0,1
Code/GameEngine/Source/GameLogic/Object/Contain/HordeGarrisonContainModuleDataFriendNew.cpp,yes,0,0,0,0
Code/GameEngine/Source/GameLogic/Object/Contain/HordeGarrisonContainPoolKey.cpp,yes,0,0,0,0
Code/GameEngine/Source/GameLogic/Object/Contain/HordeSiegeEngineContainDtor.cpp,no,6,1,13,0
Code/GameEngine/Source/GameLogic/Object/Contain/HordeSiegeEngineContainFriendNew.cpp,no,1,0,0,0
Code/GameEngine/Source/GameLogic/Object/Contain/HordeSiegeEngineContainModuleDataCtor.cpp,no,1,1,0,0
Code/GameEngine/Source/GameLogic/Object/Contain/HordeSiegeEngineContainModuleDataDtor.cpp,no,0,2,2,0
Code/GameEngine/Source/GameLogic/Object/Contain/HordeSiegeEngineContainModuleDataParse.cpp,no,0,0,0,1
Code/GameEngine/Source/GameLogic/Object/Contain/HordeSiegeEngineContainPoolKey.cpp,yes,0,0,0,0
Code/GameEngine/Source/GameLogic/Object/Contain/HordeTransportContainCtor.cpp,no,2,0,0,10
Code/GameEngine/Source/GameLogic/Object/Contain/HordeTransportContainDtor.cpp,no,0,1,1,0
Code/GameEngine/Source/GameLogic/Object/Contain/HordeTransportContainFriendNew.cpp,yes,0,0,0,0
Code/GameEngine/Source/GameLogic/Object/Contain/HordeTransportContainModuleDataCtor.cpp,no,0,0,0,1
Code/GameEngine/Source/GameLogic/Object/Contain/HordeTransportContainModuleDataParse.cpp,yes,0,0,0,0
Code/GameEngine/Source/GameLogic/Object/Contain/HorseHordeContainCtor.cpp,no,1,0,0,0
Code/GameEngine/Source/GameLogic/Object/Contain/HorseHordeContainDtor.cpp,no,11,1,1,0
Code/GameEngine/Source/GameLogic/Object/Contain/HorseHordeContainFriendNew.cpp,yes,0,0,0,0
Code/GameEngine/Source/GameLogic/Object/Contain/HorseHordeContainPoolKey.cpp,yes,0,0,0,0
Code/GameEngine/Source/GameLogic/Object/Contain/InvisibilitySpecialPowerModuleDataDtor.cpp,no,0,1,1,0
Code/GameEngine/Source/GameLogic/Object/Contain/MobNexusContainModuleDataCtor.cpp,no,3,2,0,1
Code/GameEngine/Source/GameLogic/Object/Contain/OpenContain.cpp,no,45,10,51,0
Code/GameEngine/Source/GameLogic/Object/Contain/OpenContainCtor.cpp,no,5,1,15,0
Code/GameEngine/Source/GameLogic/Object/Contain/OpenContainFriendNew.cpp,no,0,1,1,0
Code/GameEngine/Source/GameLogic/Object/Contain/OpenContainModuleDataCtor.cpp,no,0,1,1,1
Code/GameEngine/Source/GameLogic/Object/Contain/ProductionQueueHordeContainCtor.cpp,no,1,0,0,0
Code/GameEngine/Source/GameLogic/Object/Contain/ProductionQueueHordeContainDtor.cpp,no,9,1,1,0
Code/GameEngine/Source/GameLogic/Object/Contain/ProductionQueueHordeContainFriendNew.cpp,yes,0,0,0,0
Code/GameEngine/Source/GameLogic/Object/Contain/ProductionQueueHordeContainModuleDataCtor.cpp,no,1,0,6,1
Code/GameEngine/Source/GameLogic/Object/Contain/ProductionQueueHordeContainModuleDataDtor.cpp,no,0,1,2,0
Code/GameEngine/Source/GameLogic/Object/Contain/ProductionQueueHordeContainPoolKey.cpp,yes,0,0,0,0
Code/GameEngine/Source/GameLogic/Object/Contain/RiderChangeContainCtor.cpp,yes,0,0,0,0
Code/GameEngine/Source/GameLogic/Object/Contain/RiderChangeContainFriendNew.cpp,no,0,1,1,0
Code/GameEngine/Source/GameLogic/Object/Contain/RiderChangeContainModuleDataCtor.cpp,no,0,3,0,0
Code/GameEngine/Source/GameLogic/Object/Contain/RiderChangeContainModuleDataDtor.cpp,no,0,1,1,0
Code/GameEngine/Source/GameLogic/Object/Contain/RiderChangeContainModuleDataParse.cpp,no,3,0,0,1
Code/GameEngine/Source/GameLogic/Object/Contain/RiderChangeContainParseRiderInfo.cpp,no,0,0,0,4
Code/GameEngine/Source/GameLogic/Object/Contain/RiderChangeContainPoolKey.cpp,yes,0,0,0,0
Code/GameEngine/Source/GameLogic/Object/Contain/Rva001DFA48OwnerDtor.cpp,yes,0,0,0,0
Code/GameEngine/Source/GameLogic/Object/Contain/Rva001EAE6FClear80.cpp,yes,0,0,0,0
Code/GameEngine/Source/GameLogic/Object/Contain/Rva0046262DCtor.cpp,yes,0,0,0,0
Code/GameEngine/Source/GameLogic/Object/Contain/Rva0046267AConstruct.cpp,yes,0,0,0,0
Code/GameEngine/Source/GameLogic/Object/Contain/Rva0046267ACopyCtor.cpp,yes,0,0,0,0
Code/GameEngine/Source/GameLogic/Object/Contain/Rva00462785.cpp,yes,0,0,0,0
Code/GameEngine/Source/GameLogic/Object/Contain/Rva00462CF8Ctor.cpp,yes,0,0,0,0
Code/GameEngine/Source/GameLogic/Object/Contain/Rva00465124BaseDtor.cpp,no,3,2,1,1
Code/GameEngine/Source/GameLogic/Object/Contain/Rva00466398Get.cpp,yes,0,0,0,0
Code/GameEngine/Source/GameLogic/Object/Contain/Rva00466E23Dtor.cpp,yes,0,0,0,0
Code/GameEngine/Source/GameLogic/Object/Contain/Rva00467DCDDestroy.cpp,yes,0,0,0,0
Code/GameEngine/Source/GameLogic/Object/Contain/Rva0046800BClear.cpp,yes,0,0,0,0
Code/GameEngine/Source/GameLogic/Object/Contain/Rva0046ACF6MapFind.cpp,no,0,0,5,0
Code/GameEngine/Source/GameLogic/Object/Contain/Rva0048130EDtor.cpp,no,1,0,0,0
Code/GameEngine/Source/GameLogic/Object/Contain/SiegeEngineContainCtor.cpp,no,8,0,13,0
Code/GameEngine/Source/GameLogic/Object/Contain/SiegeEngineContainDtor.cpp,no,6,1,14,0
Code/GameEngine/Source/GameLogic/Object/Contain/SiegeEngineContainFriendNew.cpp,yes,0,0,0,0
Code/GameEngine/Source/GameLogic/Object/Contain/SiegeEngineContainModuleDataCtor.cpp,no,2,1,2,0
Code/GameEngine/Source/GameLogic/Object/Contain/SiegeEngineContainModuleDataDtor.cpp,no,0,1,1,0
Code/GameEngine/Source/GameLogic/Object/Contain/SiegeEngineContainModuleDataParse.cpp,no,0,0,0,1
Code/GameEngine/Source/GameLogic/Object/Contain/SiegeEngineContainPoolKey.cpp,yes,0,0,0,0
Code/GameEngine/Source/GameLogic/Object/Contain/SlaughterHordeContainCtor.cpp,no,1,0,0,0
Code/GameEngine/Source/GameLogic/Object/Contain/SlaughterHordeContainDtor.cpp,no,9,1,1,0
Code/GameEngine/Source/GameLogic/Object/Contain/SlaughterHordeContainFriendNew.cpp,yes,0,0,0,0
Code/GameEngine/Source/GameLogic/Object/Contain/SlaughterHordeContainIterate.cpp,no,0,0,5,0
Code/GameEngine/Source/GameLogic/Object/Contain/SlaughterHordeContainModuleDataDtor.cpp,no,0,1,1,0
Code/GameEngine/Source/GameLogic/Object/Contain/SlaughterHordeContainModuleDataParse.cpp,no,0,0,0,1
Code/GameEngine/Source/GameLogic/Object/Contain/SlaughterHordeContainPoolKey.cpp,yes,0,0,0,0
Code/GameEngine/Source/GameLogic/Object/Contain/SlaughterHordeContainRva00462516.cpp,yes,0,0,0,0
Code/GameEngine/Source/GameLogic/Object/Contain/SlaughterHordeContainRva004625BB.cpp,no,2,0,0,0
Code/GameEngine/Source/GameLogic/Object/Contain/SlaughterHordeContainRva0046274C.cpp,yes,0,0,0,0
Code/GameEngine/Source/GameLogic/Object/Contain/SlaughterHordeContainRva00462CE1.cpp,yes,0,0,0,0
Code/GameEngine/Source/GameLogic/Object/Contain/SlaughterHordeContainRva00464FC7.cpp,no,0,0,22,0
Code/GameEngine/Source/GameLogic/Object/Contain/TransportContainDtor.cpp,no,10,1,11,0
Code/GameEngine/Source/GameLogic/Object/Contain/TransportContainFriendNew.cpp,no,1,1,1,0
Code/GameEngine/Source/GameLogic/Object/Contain/TransportContainModuleDataCtor.cpp,no,4,1,13,10
Code/GameEngine/Source/GameLogic/Object/Contain/TransportContainModuleDataDtor.cpp,no,0,1,10,0
Code/GameEngine/Source/GameLogic/Object/Contain/TransportContainModuleDataParse.cpp,no,0,0,0,1
Code/GameEngine/Source/GameLogic/Object/Contain/TransportContainPoolKey.cpp,yes,0,0,0,0
Code/GameEngine/Source/GameLogic/Object/Contain/TunnelContainCtor.cpp,no,1,0,0,0
Code/GameEngine/Source/GameLogic/Object/Contain/TunnelContainDtor.cpp,no,9,1,1,0
Code/GameEngine/Source/GameLogic/Object/Contain/TunnelContainFriendNew.cpp,no,0,1,1,0
Code/GameEngine/Source/GameLogic/Object/Contain/TunnelContainModuleDataParse.cpp,no,0,1,1,1
Code/GameEngine/Source/GameLogic/Object/Contain/TunnelContainPoolKey.cpp,yes,0,0,0,0
Code/GameEngine/Source/GameLogic/Object/Create/CreateModule.cpp,no,4,1,3,0
Code/GameEngine/Source/GameLogic/Object/Create/CreateModuleDataBuildFieldParse.cpp,no,0,1,0,2
Code/GameEngine/Source/GameLogic/Object/Create/CreateModuleXfer.cpp,no,0,1,1,0
Code/GameEngine/Source/GameLogic/Object/Create/DrawableModuleCtor.cpp,no,4,1,3,0
Code/GameEngine/Source/GameLogic/Object/Create/EvaAnnounceClientCreateCtor.cpp,yes,0,0,0,0
Code/GameEngine/Source/GameLogic/Object/Create/EvaAnnounceClientCreateFriendNew.cpp,yes,0,0,0,0
Code/GameEngine/Source/GameLogic/Object/Create/EvaAnnounceClientCreateXfer.cpp,yes,0,0,0,0
Code/GameEngine/Source/GameLogic/Object/Create/ExperienceLevelCreateCtorThunk.cpp,no,4,0,0,0
Code/GameEngine/Source/GameLogic/Object/Create/ExperienceLevelCreateFriendNew.cpp,yes,0,0,0,0
Code/GameEngine/Source/GameLogic/Object/Create/GrantUpgradeCreate.cpp,no,9,6,20,0
Code/GameEngine/Source/GameLogic/Object/Create/GrantUpgradeCreateFriendNew.cpp,no,0,1,0,0
Code/GameEngine/Source/GameLogic/Object/Create/GrantUpgradeCreateModuleDataCtor.cpp,no,1,1,0,1
Code/GameEngine/Source/GameLogic/Object/Create/GrantUpgradeCreateModuleDataDtor.cpp,no,1,2,2,1
Code/GameEngine/Source/GameLogic/Object/Create/GrantUpgradeCreateModuleDataFriendNew.cpp,yes,0,0,0,0
Code/GameEngine/Source/GameLogic/Object/Create/InheritUpgradeCreateCtor.cpp,yes,0,0,0,0
Code/GameEngine/Source/GameLogic/Object/Create/InheritUpgradeCreateFriendNew.cpp,yes,0,0,0,0
Code/GameEngine/Source/GameLogic/Object/Create/InheritUpgradeCreateXfer.cpp,yes,0,0,0,0
Code/GameEngine/Source/GameLogic/Object/Create/LockWeaponCreate.cpp,no,8,2,7,0
Code/GameEngine/Source/GameLogic/Object/Create/LockWeaponCreateFriendNew.cpp,no,0,1,0,0
Code/GameEngine/Source/GameLogic/Object/Create/ObjectModuleCtor.cpp,no,3,1,4,0
Code/GameEngine/Source/GameLogic/Object/Create/PreorderCreateConstructor.cpp,no,2,0,0,0
Code/GameEngine/Source/GameLogic/Object/Create/PreorderCreateFriendNew.cpp,no,0,1,0,0
Code/GameEngine/Source/GameLogic/Object/Create/SpawnedModelConditionCreateCtor.cpp,no,0,0,0,3
Code/GameEngine/Source/GameLogic/Object/Create/SpawnedModelConditionCreateFriendNew.cpp,yes,0,0,0,0
Code/GameEngine/Source/GameLogic/Object/Create/SpecialPowerCreateConstructor.cpp,no,2,0,0,0
Code/GameEngine/Source/GameLogic/Object/Create/SpecialPowerCreateFriendNew.cpp,no,0,1,0,0
Code/GameEngine/Source/GameLogic/Object/Create/SupplyCenterCreateConstructor.cpp,no,2,0,0,0
Code/GameEngine/Source/GameLogic/Object/Create/SupplyCenterCreateFriendNew.cpp,no,0,1,0,0
Code/GameEngine/Source/GameLogic/Object/Create/SupplyWarehouseCreate.cpp,no,3,0,1,0
Code/GameEngine/Source/GameLogic/Object/Create/SupplyWarehouseCreateFriendNew.cpp,no,0,1,0,0
Code/GameEngine/Source/GameLogic/Object/Damage/AttackNuggetCtor.cpp,no,1,1,2,0
Code/GameEngine/Source/GameLogic/Object/Damage/BoneFXDamage.cpp,no,10,0,5,0
Code/GameEngine/Source/GameLogic/Object/Damage/BoneFXDamageFriendNew.cpp,no,0,1,0,0
Code/GameEngine/Source/GameLogic/Object/Damage/CallHelpOnDamageFriendNew.cpp,yes,0,0,0,0
Code/GameEngine/Source/GameLogic/Object/Damage/DamageModuleCtor.cpp,no,0,1,1,0
Code/GameEngine/Source/GameLogic/Object/Damage/DamageModuleDataFriendNew.cpp,no,2,0,0,0
Code/GameEngine/Source/GameLogic/Object/Damage/DamageModuleDeletingDtors.cpp,yes,0,0,0,0
Code/GameEngine/Source/GameLogic/Object/Damage/EvacuateDamageCtorModuleFactoryBody.cpp,no,4,1,2,0
Code/GameEngine/Source/GameLogic/Object/Damage/EvacuateDamageEvacuationSum.cpp,no,0,0,3,0
Code/GameEngine/Source/GameLogic/Object/Damage/EvacuateDamageOnDamage.cpp,no,0,0,1,0
Code/GameEngine/Source/GameLogic/Object/Damage/EvacuateDamageXfer.cpp,yes,0,0,0,0
Code/GameEngine/Source/GameLogic/Object/Damage/HordeTransportContainDamageFriendNew.cpp,yes,0,0,0,0
Code/GameEngine/Source/GameLogic/Object/Damage/HordeTransportContainDamageModuleDataCtor.cpp,no,0,0,0,1
Code/GameEngine/Source/GameLogic/Object/Damage/ReflectDamageConstructor.cpp,no,2,0,1,0
Code/GameEngine/Source/GameLogic/Object/Damage/ReflectDamageFriendNew.cpp,yes,0,0,0,0
Code/GameEngine/Source/GameLogic/Object/Damage/TransitionDamageFXModuleDataCtor.cpp,no,10,0,2,1
Code/GameEngine/Source/GameLogic/Object/Damage/TransitionDamageFXModuleDataDestructorThunk.cpp,no,4,1,0,0
Code/GameEngine/Source/GameLogic/Object/Damage/TransitionDamageFXParse.cpp,no,1,2,0,0
Code/GameEngine/Source/GameLogic/Object/Die/CallHelpOnDamageCtor.cpp,no,0,0,0,3
Code/GameEngine/Source/GameLogic/Object/Die/CallHelpOnDamageModuleDataParse.cpp,no,0,0,0,2
Code/GameEngine/Source/GameLogic/Object/Die/CallHelpOnDamagePoolKey.cpp,yes,0,0,0,0
Code/GameEngine/Source/GameLogic/Object/Die/CivilianSpawnCollidePoolKey.cpp,yes,0,0,0,0
Code/GameEngine/Source/GameLogic/Object/Die/CreateCrateDie.cpp,no,17,4,8,0
Code/GameEngine/Source/GameLogic/Object/Die/CreateCrateDieFriendNew.cpp,no,0,1,0,0
Code/GameEngine/Source/GameLogic/Object/Die/CreateCrateDieModuleDataCtor.cpp,no,0,3,17,0
Code/GameEngine/Source/GameLogic/Object/Die/CreateCrateDieModuleDataDtor.cpp,no,0,3,12,1
Code/GameEngine/Source/GameLogic/Object/Die/CreateCrateDieModuleDataParse.cpp,no,0,1,1,1
Code/GameEngine/Source/GameLogic/Object/Die/CreateCrateDiePoolKey.cpp,yes,0,0,0,0
Code/GameEngine/Source/GameLogic/Object/Die/CreateObjectDie.cpp,no,9,6,12,0
Code/GameEngine/Source/GameLogic/Object/Die/CreateObjectDieCtor.cpp,no,1,1,1,0
Code/GameEngine/Source/GameLogic/Object/Die/CreateObjectDieFriendNew.cpp,no,0,1,0,0
Code/GameEngine/Source/GameLogic/Object/Die/CreateObjectDieIfEldestKindofCtor.cpp,yes,0,0,0,0
Code/GameEngine/Source/GameLogic/Object/Die/CreateObjectDieIfEldestKindofFriendNew.cpp,yes,0,0,0,0
Code/GameEngine/Source/GameLogic/Object/Die/CreateObjectDieIfEldestKindofModuleDataCtor.cpp,no,1,0,0,1
Code/GameEngine/Source/GameLogic/Object/Die/CreateObjectDieIfEldestKindofModuleDataDtor.cpp,no,0,1,1,0
Code/GameEngine/Source/GameLogic/Object/Die/CreateObjectDieIfEldestKindofModuleDataParse.cpp,no,0,0,0,1
Code/GameEngine/Source/GameLogic/Object/Die/CreateObjectDieIfEldestKindofPoolKey.cpp,yes,0,0,0,0
Code/GameEngine/Source/GameLogic/Object/Die/CreateObjectDieModuleDataCtor.cpp,no,0,4,13,0
Code/GameEngine/Source/GameLogic/Object/Die/CreateObjectDieModuleDataDtor.cpp,no,0,2,10,1
Code/GameEngine/Source/GameLogic/Object/Die/CreateObjectDiePoolKey.cpp,yes,0,0,0,0
Code/GameEngine/Source/GameLogic/Object/Die/CrushDie.cpp,no,3,0,5,0
Code/GameEngine/Source/GameLogic/Object/Die/CrushDieFriendNew.cpp,no,0,1,0,0
Code/GameEngine/Source/GameLogic/Object/Die/CrushDieModuleDataCtor.cpp,no,0,2,5,0
Code/GameEngine/Source/GameLogic/Object/Die/CrushDieModuleDataFriendNew.cpp,yes,0,0,0,0
Code/GameEngine/Source/GameLogic/Object/Die/CrushDiePoolKey.cpp,yes,0,0,0,0
Code/GameEngine/Source/GameLogic/Object/Die/DamageFilteredCreateObjectDieCtor.cpp,yes,0,0,0,0
Code/GameEngine/Source/GameLogic/Object/Die/DamageFilteredCreateObjectDieDtor.cpp,no,3,1,1,0
Code/GameEngine/Source/GameLogic/Object/Die/DamageFilteredCreateObjectDieFriendNew.cpp,yes,0,0,0,0
Code/GameEngine/Source/GameLogic/Object/Die/DamageFilteredCreateObjectDieModuleDataCtor.cpp,no,0,0,0,1
Code/GameEngine/Source/GameLogic/Object/Die/DamageFilteredCreateObjectDieModuleDataFriendNew.cpp,yes,0,0,0,0
Code/GameEngine/Source/GameLogic/Object/Die/DamageFilteredCreateObjectDiePoolKey.cpp,yes,0,0,0,0
Code/GameEngine/Source/GameLogic/Object/Die/DamageFilteredCreateObjectDieXfer.cpp,yes,0,0,0,0
Code/GameEngine/Source/GameLogic/Object/Die/DestroyDie.cpp,no,3,0,5,0
Code/GameEngine/Source/GameLogic/Object/Die/DestroyDieFriendNew.cpp,no,0,1,0,0
Code/GameEngine/Source/GameLogic/Object/Die/DestroyDiePoolKey.cpp,yes,0,0,0,0
Code/GameEngine/Source/GameLogic/Object/Die/DieModule.cpp,no,11,1,18,0
Code/GameEngine/Source/GameLogic/Object/Die/DieModuleCtor.cpp,no,1,1,3,0
Code/GameEngine/Source/GameLogic/Object/Die/DieModuleDataCtor.cpp,no,0,1,3,0
Code/GameEngine/Source/GameLogic/Object/Die/DieModuleDataFriendNew.cpp,yes,0,0,0,0
Code/GameEngine/Source/GameLogic/Object/Die/DieModuleDeletingDtors.cpp,no,0,2,2,0
Code/GameEngine/Source/GameLogic/Object/Die/DieModuleDerived.cpp,no,12,0,0,0
Code/GameEngine/Source/GameLogic/Object/Die/DieMuxDataInit.cpp,yes,0,0,0,0
Code/GameEngine/Source/GameLogic/Object/Die/EjectPilotDie.cpp,no,13,2,10,0
Code/GameEngine/Source/GameLogic/Object/Die/EvacuateDamagePoolKey.cpp,yes,0,0,0,0
Code/GameEngine/Source/GameLogic/Object/Die/FXListDie.cpp,no,15,1,16,0
Code/GameEngine/Source/GameLogic/Object/Die/FXListDieConstructor.cpp,no,3,1,8,0
Code/GameEngine/Source/GameLogic/Object/Die/FXListDieFriendNew.cpp,no,0,1,1,0
Code/GameEngine/Source/GameLogic/Object/Die/FXListDieModuleDataBuildFieldParse.cpp,no,2,1,1,0
Code/GameEngine/Source/GameLogic/Object/Die/FXListDiePoolKey.cpp,yes,0,0,0,0
Code/GameEngine/Source/GameLogic/Object/Die/HeroDieCtor.cpp,no,0,0,0,3
Code/GameEngine/Source/GameLogic/Object/Die/HeroDieFriendNew.cpp,yes,0,0,0,0
Code/GameEngine/Source/GameLogic/Object/Die/HeroDiePoolKey.cpp,yes,0,0,0,0
Code/GameEngine/Source/GameLogic/Object/Die/HordeMemberCollidePoolKey.cpp,yes,0,0,0,0
Code/GameEngine/Source/GameLogic/Object/Die/HordeTransportContainDamageCtor.cpp,no,0,0,0,3
Code/GameEngine/Source/GameLogic/Object/Die/HordeTransportContainDamagePoolKey.cpp,yes,0,0,0,0
Code/GameEngine/Source/GameLogic/Object/Die/HordeTransportContainPoolKey.cpp,yes,0,0,0,0
Code/GameEngine/Source/GameLogic/Object/Die/KeepObjectDieCtor.cpp,no,7,1,1,0
Code/GameEngine/Source/GameLogic/Object/Die/KeepObjectDieFriendNew.cpp,no,0,1,0,0
Code/GameEngine/Source/GameLogic/Object/Die/KeepObjectDieModuleDataCtor.cpp,no,0,1,0,0
Code/GameEngine/Source/GameLogic/Object/Die/KeepObjectDieModuleDataFriendNew.cpp,yes,0,0,0,0
Code/GameEngine/Source/GameLogic/Object/Die/KeepObjectDiePoolKey.cpp,yes,0,0,0,0
Code/GameEngine/Source/GameLogic/Object/Die/RebuildHoleExposeDieFind.cpp,yes,0,0,0,0
Code/GameEngine/Source/GameLogic/Object/Die/RebuildHoleExposeDieModuleDataCtor.cpp,no,0,0,0,1
Code/GameEngine/Source/GameLogic/Object/Die/RebuildHoleExposeDieModuleDataDtor.cpp,no,1,2,1,1
Code/GameEngine/Source/GameLogic/Object/Die/RebuildHoleExposeDieModuleDataFriendNew.cpp,yes,0,0,0,0
Code/GameEngine/Source/GameLogic/Object/Die/RebuildHoleExposeDiePoolKey.cpp,yes,0,0,0,0
Code/GameEngine/Source/GameLogic/Object/Die/RebuildHoleExposeDieUpdateCtor.cpp,no,1,0,0,2
Code/GameEngine/Source/GameLogic/Object/Die/RebuildHoleExposeDieUpdateFriendNew.cpp,no,0,1,0,0
Code/GameEngine/Source/GameLogic/Object/Die/RebuildHoleExposeDieXfer.cpp,yes,0,0,0,0
Code/GameEngine/Source/GameLogic/Object/Die/ReflectDamageModuleDataCtor.cpp,no,0,0,0,1
Code/GameEngine/Source/GameLogic/Object/Die/ReflectDamageModuleDataFriendNew.cpp,yes,0,0,0,0
Code/GameEngine/Source/GameLogic/Object/Die/ReflectDamagePoolKey.cpp,yes,0,0,0,0
Code/GameEngine/Source/GameLogic/Object/Die/RefundDie.cpp,no,3,0,5,0
Code/GameEngine/Source/GameLogic/Object/Die/RefundDieFriendNew.cpp,yes,0,0,0,0
Code/GameEngine/Source/GameLogic/Object/Die/RefundDieModuleDataCtor.cpp,no,1,2,0,0
Code/GameEngine/Source/GameLogic/Object/Die/RefundDieModuleDataDtor.cpp,no,0,2,2,1
Code/GameEngine/Source/GameLogic/Object/Die/RefundDieModuleDataFriendNew.cpp,yes,0,0,0,0
Code/GameEngine/Source/GameLogic/Object/Die/RefundDiePoolKey.cpp,yes,0,0,0,0
Code/GameEngine/Source/GameLogic/Object/Die/Rva00253A78Ctor.cpp,yes,0,0,0,0
Code/GameEngine/Source/GameLogic/Object/Die/Rva002573EELookup.cpp,yes,0,0,0,0
Code/GameEngine/Source/GameLogic/Object/Die/Rva0050AD97BuildFieldParse.cpp,yes,0,0,0,0
Code/GameEngine/Source/GameLogic/Object/Die/SpecialPowerCompletionDie.cpp,no,8,6,9,0
Code/GameEngine/Source/GameLogic/Object/Die/SpecialPowerCompletionDieCtor.cpp,no,0,1,1,0
Code/GameEngine/Source/GameLogic/Object/Die/SpecialPowerCompletionDieFriendNew.cpp,no,0,1,0,0
Code/GameEngine/Source/GameLogic/Object/Die/SpecialPowerCompletionDieModuleDataCtor.cpp,no,0,1,1,1
Code/GameEngine/Source/GameLogic/Object/Die/SpecialPowerCompletionDieModuleDataFriendNew.cpp,yes,0,0,0,0
Code/GameEngine/Source/GameLogic/Object/Die/SpecialPowerCompletionDiePoolKey.cpp,yes,0,0,0,0
Code/GameEngine/Source/GameLogic/Object/Die/SpecialPowerCompletionDieXfer.cpp,no,0,1,1,0
Code/GameEngine/Source/GameLogic/Object/Die/SquishCollidePoolKey.cpp,yes,0,0,0,0
Code/GameEngine/Source/GameLogic/Object/Die/TransitionDamageFXPoolKey.cpp,yes,0,0,0,0
Code/GameEngine/Source/GameLogic/Object/Die/UpgradeDie.cpp,no,3,0,5,0
Code/GameEngine/Source/GameLogic/Object/Die/UpgradeDieFriendNew.cpp,no,0,1,0,0
Code/GameEngine/Source/GameLogic/Object/Die/UpgradeDieModuleDataCtor.cpp,no,0,1,1,1
Code/GameEngine/Source/GameLogic/Object/Die/UpgradeDieModuleDataFriendNew.cpp,yes,0,0,0,0
Code/GameEngine/Source/GameLogic/Object/Die/UpgradeDiePoolKey.cpp,yes,0,0,0,0
Code/GameEngine/Source/GameLogic/Object/FellBeastSwoopPowerCtor.cpp,no,1,0,0,0
Code/GameEngine/Source/GameLogic/Object/FellBeastSwoopPowerFriendNew.cpp,yes,0,0,0,0
Code/GameEngine/Source/GameLogic/Object/FellBeastSwoopPowerXfer.cpp,yes,0,0,0,0
Code/GameEngine/Source/GameLogic/Object/FiringTracker.cpp,no,22,3,24,0
Code/GameEngine/Source/GameLogic/Object/FiringTrackerDeletingDtor.cpp,no,0,1,1,0
Code/GameEngine/Source/GameLogic/Object/FiringTrackerDtor.cpp,no,2,1,4,0
Code/GameEngine/Source/GameLogic/Object/FiringTrackerPoolKey.cpp,yes,0,0,0,0
Code/GameEngine/Source/GameLogic/Object/FiringTrackerXfer.cpp,no,1,1,1,0
Code/GameEngine/Source/GameLogic/Object/GenericObjectCreationNuggetAnimSetCopy.cpp,no,1,3,1,0
Code/GameEngine/Source/GameLogic/Object/GenericObjectCreationNuggetDtor.cpp,no,2,2,4,0
Code/GameEngine/Source/GameLogic/Object/GenericObjectCreationNuggetParseObject.cpp,no,1,2,2,0
Code/GameEngine/Source/GameLogic/Object/GhostObject.cpp,no,1,0,0,0
Code/GameEngine/Source/GameLogic/Object/GhostObjectCtorDtor.cpp,no,2,1,0,0
Code/GameEngine/Source/GameLogic/Object/GhostObjectManagerEnergyDupCtor.cpp,no,1,0,0,0
Code/GameEngine/Source/GameLogic/Object/Helper/ObjectDefectionHelperCtor.cpp,yes,0,0,0,0
Code/GameEngine/Source/GameLogic/Object/Helper/ObjectDefectionHelperRva004DF725.cpp,no,0,0,1,0
Code/GameEngine/Source/GameLogic/Object/Helper/ObjectDefectionHelperXfer.cpp,yes,0,0,0,0
Code/GameEngine/Source/GameLogic/Object/Helper/ObjectHelperCtor.cpp,no,1,0,0,0
Code/GameEngine/Source/GameLogic/Object/Helper/ObjectRecoveryHelperCtor.cpp,no,1,0,0,0
Code/GameEngine/Source/GameLogic/Object/Helper/ObjectRepulsorHelperCtor.cpp,yes,0,0,0,0
Code/GameEngine/Source/GameLogic/Object/Helper/ObjectSMCHelperDtor.cpp,no,2,1,4,0
Code/GameEngine/Source/GameLogic/Object/Helper/ObjectWeaponStatusHelperCtor.cpp,no,1,0,0,0
Code/GameEngine/Source/GameLogic/Object/Locomotor.cpp,no,19,10,63,0
Code/GameEngine/Source/GameLogic/Object/LocomotorDerivedDtors.cpp,no,1,0,0,0
Code/GameEngine/Source/GameLogic/Object/LocomotorGetMaxTurnRate.cpp,no,0,0,0,1
Code/GameEngine/Source/GameLogic/Object/LocomotorSetMapInstantiation.cpp,no,0,0,51,0
Code/GameEngine/Source/GameLogic/Object/LocomotorSetMapSubscript.cpp,no,0,0,49,0
Code/GameEngine/Source/GameLogic/Object/LocomotorStoreCtor.cpp,no,3,1,1,0
Code/GameEngine/Source/GameLogic/Object/LocomotorStoreDeletingDtor.cpp,yes,0,0,0,0
Code/GameEngine/Source/GameLogic/Object/LocomotorStoreDestroy.cpp,yes,0,0,0,0
Code/GameEngine/Source/GameLogic/Object/LocomotorStoreDtor.cpp,yes,0,0,0,0
Code/GameEngine/Source/GameLogic/Object/LocomotorStoreFindTemplate.cpp,no,0,0,4,0
Code/GameEngine/Source/GameLogic/Object/LocomotorStoreFindTemplateByName.cpp,yes,0,0,0,0
Code/GameEngine/Source/GameLogic/Object/LocomotorStoreVectorDtor.cpp,no,1,0,0,0
Code/GameEngine/Source/GameLogic/Object/LocomotorStore_newLocomotor.cpp,no,1,1,1,0
Code/GameEngine/Source/GameLogic/Object/Made002CC5E1Ctor.cpp,no,2,0,4,2
Code/GameEngine/Source/GameLogic/Object/Made002CC5E1Parse.cpp,no,1,0,0,0
Code/GameEngine/Source/GameLogic/Object/Made002CC64BParse.cpp,no,2,0,0,0
Code/GameEngine/Source/GameLogic/Object/Made002CC6AECtor.cpp,no,0,0,14,0
Code/GameEngine/Source/GameLogic/Object/Made002CC6AEParse.cpp,no,2,0,0,0
Code/GameEngine/Source/GameLogic/Object/Made002CC711Ctor.cpp,no,1,0,0,0
Code/GameEngine/Source/GameLogic/Object/Made002CC711Parse.cpp,no,2,0,0,0
Code/GameEngine/Source/GameLogic/Object/Made002CC774Dtor.cpp,no,0,2,1,0
Code/GameEngine/Source/GameLogic/Object/Made002CC774Parse.cpp,no,2,0,0,0
Code/GameEngine/Source/GameLogic/Object/Made002CC7DEParse.cpp,no,2,0,0,0
Code/GameEngine/Source/GameLogic/Object/Made002CC7DEResolve.cpp,no,0,0,1,2
Code/GameEngine/Source/GameLogic/Object/Made002CC841Parse.cpp,no,2,0,0,0
Code/GameEngine/Source/GameLogic/Object/Made002CC8A4Parse.cpp,no,2,0,0,0
Code/GameEngine/Source/GameLogic/Object/Made002CC907Ctor.cpp,no,1,0,0,0
Code/GameEngine/Source/GameLogic/Object/Made002CC907Parse.cpp,no,2,0,0,0
Code/GameEngine/Source/GameLogic/Object/Made002CC971Ctor.cpp,yes,0,0,0,0
Code/GameEngine/Source/GameLogic/Object/Made002CC971Parse.cpp,no,2,0,0,0
Code/GameEngine/Source/GameLogic/Object/Made002CC9D4Parse.cpp,no,1,0,0,0
Code/GameEngine/Source/GameLogic/Object/Made002CCA37Ctor.cpp,no,1,0,0,0
Code/GameEngine/Source/GameLogic/Object/Made002CCA37Parse.cpp,no,1,0,0,0
Code/GameEngine/Source/GameLogic/Object/Made002CCAA1Ctor.cpp,no,1,0,0,0
Code/GameEngine/Source/GameLogic/Object/Made002CCAA1Parse.cpp,no,2,0,0,0
Code/GameEngine/Source/GameLogic/Object/Made002CCB04Ctor.cpp,no,1,0,0,0
Code/GameEngine/Source/GameLogic/Object/Made002CCB04Parse.cpp,no,2,0,0,0
Code/GameEngine/Source/GameLogic/Object/Made002CCB67Ctor.cpp,no,1,0,0,0
Code/GameEngine/Source/GameLogic/Object/Made002CCB67Parse.cpp,no,1,0,0,0
Code/GameEngine/Source/GameLogic/Object/Made002CCBCACtor.cpp,yes,0,0,0,0
Code/GameEngine/Source/GameLogic/Object/Made002CCBCAParse.cpp,no,2,0,0,0
Code/GameEngine/Source/GameLogic/Object/Made002CCC2DCtor.cpp,no,1,1,1,0
Code/GameEngine/Source/GameLogic/Object/Made002CCC2DDtor.cpp,no,0,1,1,0
Code/GameEngine/Source/GameLogic/Object/Made002CCC90Dtor.cpp,no,0,1,0,0
Code/GameEngine/Source/GameLogic/Object/Made002CCC90Parse.cpp,no,2,0,0,0
Code/GameEngine/Source/GameLogic/Object/Made002CCCF3Ctor.cpp,no,1,0,0,0
Code/GameEngine/Source/GameLogic/Object/Made002CCCF3Parse.cpp,no,2,0,0,0
Code/GameEngine/Source/GameLogic/Object/ModuleInfoGetNthName.cpp,no,2,0,2,0
Code/GameEngine/Source/GameLogic/Object/Object.cpp,no,0,5,1,0
Code/GameEngine/Source/GameLogic/Object/ObjectCreationList.cpp,no,46,15,43,1
Code/GameEngine/Source/GameLogic/Object/ObjectCreationListRva001F0878.cpp,yes,0,0,0,0
Code/GameEngine/Source/GameLogic/Object/ObjectCreationList_AnimSetInsertOverflow.cpp,no,0,1,4,0
Code/GameEngine/Source/GameLogic/Object/ObjectCreationNuggetParse.cpp,no,5,3,8,0
Code/GameEngine/Source/GameLogic/Object/ObjectDidEnterOrExit.cpp,yes,0,0,0,0
Code/GameEngine/Source/GameLogic/Object/ObjectFields.cpp,yes,0,0,0,0
Code/GameEngine/Source/GameLogic/Object/ObjectFilterRelease.cpp,no,2,0,0,0
Code/GameEngine/Source/GameLogic/Object/ObjectFilter_isValid.cpp,no,2,0,0,0
Code/GameEngine/Source/GameLogic/Object/ObjectFindAttributeModifierPoolUpdate.cpp,yes,0,0,0,0
Code/GameEngine/Source/GameLogic/Object/ObjectFindDynamicPortalBehaviour.cpp,yes,0,0,0,0
Code/GameEngine/Source/GameLogic/Object/ObjectFindModule.cpp,yes,0,0,0,0
Code/GameEngine/Source/GameLogic/Object/ObjectFindSpecialPowerCompletionDie.cpp,yes,0,0,0,0
Code/GameEngine/Source/GameLogic/Object/ObjectFindSpecialPowerModuleInterface.cpp,yes,0,0,0,0
Code/GameEngine/Source/GameLogic/Object/ObjectGetAbleToUseWeaponAgainstTarget.cpp,no,1,0,0,0
Code/GameEngine/Source/GameLogic/Object/ObjectGetControllingPlayer.cpp,yes,0,0,0,0
Code/GameEngine/Source/GameLogic/Object/ObjectGetCurrentWeapon.cpp,yes,0,0,0,0
Code/GameEngine/Source/GameLogic/Object/ObjectGetSingleLogicalBonePosition.cpp,yes,0,0,0,0
Code/GameEngine/Source/GameLogic/Object/ObjectGetSoleHealingBenefactor.cpp,no,0,0,0,1
Code/GameEngine/Source/GameLogic/Object/ObjectIsInList.cpp,yes,0,0,0,0
Code/GameEngine/Source/GameLogic/Object/ObjectIsInside.cpp,yes,0,0,0,0
Code/GameEngine/Source/GameLogic/Object/ObjectIsNeutralControlled.cpp,yes,0,0,0,0
Code/GameEngine/Source/GameLogic/Object/ObjectIsSelectable.cpp,yes,0,0,0,0
Code/GameEngine/Source/GameLogic/Object/ObjectIsUsingAirborneLocomotor.cpp,no,0,0,1,0
Code/GameEngine/Source/GameLogic/Object/ObjectLeaveGroup.cpp,yes,0,0,0,0
Code/GameEngine/Source/GameLogic/Object/ObjectLookupMapFindSlot.cpp,no,1,0,1,0
Code/GameEngine/Source/GameLogic/Object/ObjectNuggetDeletingDtors.cpp,no,0,1,1,0
Code/GameEngine/Source/GameLogic/Object/ObjectRecoveryHelperPoolKey.cpp,yes,0,0,0,0
Code/GameEngine/Source/GameLogic/Object/ObjectRepulsorHelperPoolKey.cpp,yes,0,0,0,0
Code/GameEngine/Source/GameLogic/Object/ObjectRva002636F6.cpp,yes,0,0,0,0
Code/GameEngine/Source/GameLogic/Object/ObjectRva0028AC34Setter.cpp,yes,0,0,0,0
Code/GameEngine/Source/GameLogic/Object/ObjectRva0028AC4EAccessors.cpp,no,1,0,0,0
Code/GameEngine/Source/GameLogic/Object/ObjectRva0028AE9BSetter.cpp,yes,0,0,0,0
Code/GameEngine/Source/GameLogic/Object/ObjectRva0028AFBBGetter.cpp,yes,0,0,0,0
Code/GameEngine/Source/GameLogic/Object/ObjectRva0028B141.cpp,yes,0,0,0,0
Code/GameEngine/Source/GameLogic/Object/ObjectRva0028B265.cpp,yes,0,0,0,0
Code/GameEngine/Source/GameLogic/Object/ObjectRva0028B2BF.cpp,yes,0,0,0,0
Code/GameEngine/Source/GameLogic/Object/ObjectRva0028B31A.cpp,yes,0,0,0,0
Code/GameEngine/Source/GameLogic/Object/ObjectRva0028B38D.cpp,yes,0,0,0,0
Code/GameEngine/Source/GameLogic/Object/ObjectRva0028B3A6.cpp,yes,0,0,0,0
Code/GameEngine/Source/GameLogic/Object/ObjectRva0028B3D7.cpp,yes,0,0,0,0
Code/GameEngine/Source/GameLogic/Object/ObjectRva0028B595.cpp,yes,0,0,0,0
Code/GameEngine/Source/GameLogic/Object/ObjectRva0028B72A.cpp,yes,0,0,0,0
Code/GameEngine/Source/GameLogic/Object/ObjectRva0028B7C8.cpp,no,1,0,0,0
Code/GameEngine/Source/GameLogic/Object/ObjectRva0028B842.cpp,no,1,0,0,0
Code/GameEngine/Source/GameLogic/Object/ObjectRva0028B85B.cpp,yes,0,0,0,0
Code/GameEngine/Source/GameLogic/Object/ObjectRva0028B9F6.cpp,yes,0,0,0,0
Code/GameEngine/Source/GameLogic/Object/ObjectRva0028BA85.cpp,yes,0,0,0,0
Code/GameEngine/Source/GameLogic/Object/ObjectRva0028BCF4.cpp,yes,0,0,0,0
Code/GameEngine/Source/GameLogic/Object/ObjectRva0028BD17.cpp,yes,0,0,0,0
Code/GameEngine/Source/GameLogic/Object/ObjectRva0028BD3A.cpp,yes,0,0,0,0
Code/GameEngine/Source/GameLogic/Object/ObjectRva0028BD5D.cpp,yes,0,0,0,0
Code/GameEngine/Source/GameLogic/Object/ObjectRva0028BD92.cpp,yes,0,0,0,0
Code/GameEngine/Source/GameLogic/Object/ObjectRva0028C0F2.cpp,no,0,0,0,2
Code/GameEngine/Source/GameLogic/Object/ObjectRva0028C197.cpp,yes,0,0,0,0
Code/GameEngine/Source/GameLogic/Object/ObjectRva0028C1CC.cpp,no,0,0,0,2
Code/GameEngine/Source/GameLogic/Object/ObjectRva0028C20F.cpp,yes,0,0,0,0
Code/GameEngine/Source/GameLogic/Object/ObjectRva0028C264.cpp,no,0,0,0,2
Code/GameEngine/Source/GameLogic/Object/ObjectRva0028C4B6.cpp,no,0,0,0,1
Code/GameEngine/Source/GameLogic/Object/ObjectRva0028C4ED.cpp,yes,0,0,0,0
Code/GameEngine/Source/GameLogic/Object/ObjectRva0028C513.cpp,yes,0,0,0,0
Code/GameEngine/Source/GameLogic/Object/ObjectRva0028D2C5.cpp,no,2,0,0,0
Code/GameEngine/Source/GameLogic/Object/ObjectRva0028D481.cpp,yes,0,0,0,0
Code/GameEngine/Source/GameLogic/Object/ObjectRva0028D491.cpp,yes,0,0,0,0
Code/GameEngine/Source/GameLogic/Object/ObjectRva0028D9E5.cpp,yes,0,0,0,0
Code/GameEngine/Source/GameLogic/Object/ObjectRva002900E0.cpp,no,0,0,0,1
Code/GameEngine/Source/GameLogic/Object/ObjectRva0029091E.cpp,yes,0,0,0,0
Code/GameEngine/Source/GameLogic/Object/ObjectRva00290D2B.cpp,yes,0,0,0,0
Code/GameEngine/Source/GameLogic/Object/ObjectRva00290E67.cpp,yes,0,0,0,0
Code/GameEngine/Source/GameLogic/Object/ObjectRva00290FBB.cpp,yes,0,0,0,0
Code/GameEngine/Source/GameLogic/Object/ObjectRva00293105.cpp,no,0,0,11,0
Code/GameEngine/Source/GameLogic/Object/ObjectRva002931BA.cpp,yes,0,0,0,0
Code/GameEngine/Source/GameLogic/Object/ObjectRva002931F5.cpp,yes,0,0,0,0
Code/GameEngine/Source/GameLogic/Object/ObjectRva00293249.cpp,yes,0,0,0,0
Code/GameEngine/Source/GameLogic/Object/ObjectRva00293275.cpp,no,1,2,0,0
Code/GameEngine/Source/GameLogic/Object/ObjectRva00293330.cpp,no,0,0,2,0
Code/GameEngine/Source/GameLogic/Object/ObjectRva002C97E8.cpp,yes,0,0,0,0
Code/GameEngine/Source/GameLogic/Object/ObjectRva002E6B89.cpp,no,0,0,0,1
Code/GameEngine/Source/GameLogic/Object/ObjectRvaSmallGetters.cpp,no,0,0,0,1
Code/GameEngine/Source/GameLogic/Object/ObjectRvaWeaponWrappers.cpp,yes,0,0,0,0
Code/GameEngine/Source/GameLogic/Object/ObjectScriptStatus.cpp,no,4,0,0,0
Code/GameEngine/Source/GameLogic/Object/ObjectSetProducer.cpp,yes,0,0,0,0
Code/GameEngine/Source/GameLogic/Object/ObjectSetShroudClearingRange.cpp,yes,0,0,0,0
Code/GameEngine/Source/GameLogic/Object/ObjectUpdateUpgradeModules.cpp,yes,0,0,0,0
Code/GameEngine/Source/GameLogic/Object/Object_Rva0028AF65.cpp,yes,0,0,0,0
Code/GameEngine/Source/GameLogic/Object/Object_Rva0028FB6F.cpp,no,1,0,0,0
Code/GameEngine/Source/GameLogic/Object/Object_TTriggerInfoCtor.cpp,yes,0,0,0,0
Code/GameEngine/Source/GameLogic/Object/Object_attemptHealing.cpp,no,1,0,0,0
Code/GameEngine/Source/GameLogic/Object/Object_bfmeRefreshPartitionCells.cpp,yes,0,0,0,0
Code/GameEngine/Source/GameLogic/Object/Object_friendNotifyOfNewMapBoundary.cpp,no,3,0,1,0
Code/GameEngine/Source/GameLogic/Object/Object_getPlanarDirectionTo.cpp,yes,0,0,0,0
Code/GameEngine/Source/GameLogic/Object/Object_getSpawnBehaviorInterface.cpp,yes,0,0,0,0
Code/GameEngine/Source/GameLogic/Object/Object_healCompletely.cpp,no,1,0,0,0
Code/GameEngine/Source/GameLogic/Object/Object_isAbleToAttack.cpp,yes,0,0,0,0
Code/GameEngine/Source/GameLogic/Object/Object_planarSubtractWorker.cpp,yes,0,0,0,0
Code/GameEngine/Source/GameLogic/Object/Object_rva002637E2Worker.cpp,yes,0,0,0,0
Code/GameEngine/Source/GameLogic/Object/Object_setID.cpp,no,1,0,0,0
Code/GameEngine/Source/GameLogic/Object/PartitionDataDirtyList.cpp,yes,0,0,0,0
Code/GameEngine/Source/GameLogic/Object/PartitionData_friendUpdateCellsTouched.cpp,no,0,1,1,0
Code/GameEngine/Source/GameLogic/Object/PartitionData_maybePrepend.cpp,yes,0,0,0,0
Code/GameEngine/Source/GameLogic/Object/PartitionFilterRejectByKindOfAllow.cpp,no,0,1,1,0
Code/GameEngine/Source/GameLogic/Object/PartitionManager.cpp,no,42,15,52,0
Code/GameEngine/Source/GameLogic/Object/PartitionManagerRva003BCFC9.cpp,no,0,0,0,3
Code/GameEngine/Source/GameLogic/Object/PartitionManagerShroudThunks.cpp,no,7,3,3,0
Code/GameEngine/Source/GameLogic/Object/PartitionManager_bfmeDistanceBoundary3D.cpp,no,1,0,0,0
Code/GameEngine/Source/GameLogic/Object/PathfindShimAddObject.cpp,no,1,0,0,0
Code/GameEngine/Source/GameLogic/Object/PathfindShimClampCell.cpp,yes,0,0,0,0
Code/GameEngine/Source/GameLogic/Object/PathfindShimWorldToCell.cpp,yes,0,0,0,0
Code/GameEngine/Source/GameLogic/Object/PillageModuleDataCtor.cpp,no,2,0,1,3
Code/GameEngine/Source/GameLogic/Object/PillageModuleDataDtor.cpp,no,0,2,2,1
Code/GameEngine/Source/GameLogic/Object/PillageModuleFriendNew.cpp,yes,0,0,0,0
Code/GameEngine/Source/GameLogic/Object/ProductionSpeedBonusFriendNew.cpp,yes,0,0,0,0
Code/GameEngine/Source/GameLogic/Object/Rva000647D4Xfer.cpp,yes,0,0,0,0
Code/GameEngine/Source/GameLogic/Object/Rva000796CBPairInit.cpp,no,0,0,13,0
Code/GameEngine/Source/GameLogic/Object/Rva000A4999Get.cpp,yes,0,0,0,0
Code/GameEngine/Source/GameLogic/Object/Rva001DBC77Dtor.cpp,yes,0,0,0,0
Code/GameEngine/Source/GameLogic/Object/Rva001DBCC0Delete.cpp,yes,0,0,0,0
Code/GameEngine/Source/GameLogic/Object/Rva001DC0ECCtor.cpp,no,0,0,8,0
Code/GameEngine/Source/GameLogic/Object/Rva001DC0ECDtor.cpp,no,0,0,7,0
Code/GameEngine/Source/GameLogic/Object/Rva001DC1B3.cpp,no,0,0,9,0
Code/GameEngine/Source/GameLogic/Object/Rva001DC57C.cpp,no,0,0,1,0
Code/GameEngine/Source/GameLogic/Object/Rva001E7087Ctor.cpp,no,1,0,0,0
Code/GameEngine/Source/GameLogic/Object/Rva001F20D6Ctor.cpp,yes,0,0,0,0
Code/GameEngine/Source/GameLogic/Object/Rva001FA584Ctor.cpp,yes,0,0,0,0
Code/GameEngine/Source/GameLogic/Object/Rva001FA8DDParse.cpp,no,0,0,0,1
Code/GameEngine/Source/GameLogic/Object/Rva001FB912Init.cpp,no,9,0,0,0
Code/GameEngine/Source/GameLogic/Object/Rva00220C56Dtor.cpp,yes,0,0,0,0
Code/GameEngine/Source/GameLogic/Object/Rva00220CD4Ctor.cpp,no,2,4,8,0
Code/GameEngine/Source/GameLogic/Object/Rva00220CD4Dtor.cpp,no,0,1,1,0
Code/GameEngine/Source/GameLogic/Object/Rva00220DCDInit.cpp,no,1,0,0,0
Code/GameEngine/Source/GameLogic/Object/Rva002560E3ModuleDataDtor.cpp,no,1,2,1,0
Code/GameEngine/Source/GameLogic/Object/Rva00263778Distance.cpp,yes,0,0,0,0
Code/GameEngine/Source/GameLogic/Object/Rva00270260.cpp,yes,0,0,0,0
Code/GameEngine/Source/GameLogic/Object/Rva00270619Clear.cpp,yes,0,0,0,0
Code/GameEngine/Source/GameLogic/Object/Rva00270644.cpp,no,0,0,0,1
Code/GameEngine/Source/GameLogic/Object/Rva0028D8EB.cpp,yes,0,0,0,0
Code/GameEngine/Source/GameLogic/Object/Rva00290EFEGetGhostObject.cpp,no,2,0,1,0
Code/GameEngine/Source/GameLogic/Object/Rva002A7389Get.cpp,yes,0,0,0,0
Code/GameEngine/Source/GameLogic/Object/Rva002A73B8Dtor.cpp,yes,0,0,0,0
Code/GameEngine/Source/GameLogic/Object/Rva002A7400Ctor.cpp,no,3,0,0,0
Code/GameEngine/Source/GameLogic/Object/Rva002A7588Query.cpp,yes,0,0,0,0
Code/GameEngine/Source/GameLogic/Object/Rva002C99FBAssign.cpp,yes,0,0,0,0
Code/GameEngine/Source/GameLogic/Object/Rva002CA88BParse.cpp,yes,0,0,0,0
Code/GameEngine/Source/GameLogic/Object/Rva002CF5D4Assign.cpp,yes,0,0,0,0
Code/GameEngine/Source/GameLogic/Object/Rva002E6BA1Init.cpp,no,1,0,0,0
Code/GameEngine/Source/GameLogic/Object/Rva002E74B5.cpp,yes,0,0,0,0
Code/GameEngine/Source/GameLogic/Object/Rva002E757D.cpp,yes,0,0,0,0
Code/GameEngine/Source/GameLogic/Object/Rva00355096Xfer.cpp,yes,0,0,0,0
Code/GameEngine/Source/GameLogic/Object/Rva0035511BXfer.cpp,yes,0,0,0,0
Code/GameEngine/Source/GameLogic/Object/Rva0035516CArmorFind.cpp,yes,0,0,0,0
Code/GameEngine/Source/GameLogic/Object/Rva00360F55Ctor.cpp,yes,0,0,0,0
Code/GameEngine/Source/GameLogic/Object/Rva0036105BCopyCtor.cpp,no,0,1,27,0
Code/GameEngine/Source/GameLogic/Object/Rva003BD485Median.cpp,no,1,0,0,0
Code/GameEngine/Source/GameLogic/Object/Rva003C6464SortHeap.cpp,yes,0,0,0,0
Code/GameEngine/Source/GameLogic/Object/Rva003C649EDtor.cpp,no,0,1,2,0
Code/GameEngine/Source/GameLogic/Object/Rva003CA2A7Introsort.cpp,yes,0,0,0,0
Code/GameEngine/Source/GameLogic/Object/Rva003ED2A3ManagerRemove.cpp,no,0,0,3,0
Code/GameEngine/Source/GameLogic/Object/Rva003FD3EFDtor.cpp,no,4,2,1,0
Code/GameEngine/Source/GameLogic/Object/Rva003FD4DADtor.cpp,no,4,2,1,0
Code/GameEngine/Source/GameLogic/Object/Rva003FD690.cpp,yes,0,0,0,0
Code/GameEngine/Source/GameLogic/Object/Rva003FD789Ctor.cpp,no,1,0,1,0
Code/GameEngine/Source/GameLogic/Object/Rva003FD789Dtor.cpp,no,4,2,1,0
Code/GameEngine/Source/GameLogic/Object/Rva003FD789Xfer.cpp,yes,0,0,0,0
Code/GameEngine/Source/GameLogic/Object/Rva003FD7CEParse.cpp,no,2,0,0,0
Code/GameEngine/Source/GameLogic/Object/Rva00414932Dtor.cpp,no,1,3,1,0
Code/GameEngine/Source/GameLogic/Object/Rva004884B7Check.cpp,yes,0,0,0,0
Code/GameEngine/Source/GameLogic/Object/Rva005092B2Resolve.cpp,yes,0,0,0,0
Code/GameEngine/Source/GameLogic/Object/Rva005097CDResolve.cpp,no,1,0,0,0
Code/GameEngine/Source/GameLogic/Object/Rva00509D4CDtor.cpp,no,0,1,1,0
Code/GameEngine/Source/GameLogic/Object/Rva0050A7ADDtor.cpp,yes,0,0,0,0
Code/GameEngine/Source/GameLogic/Object/Rva0050B6EDDtor.cpp,no,0,1,0,0
Code/GameEngine/Source/GameLogic/Object/Rva00524FEDCheck.cpp,yes,0,0,0,0
Code/GameEngine/Source/GameLogic/Object/Rva005C9B76Ctor.cpp,no,1,0,0,0
Code/GameEngine/Source/GameLogic/Object/Rva0087E900Transform.cpp,yes,0,0,0,0
Code/GameEngine/Source/GameLogic/Object/RvaBitTestTwins.cpp,yes,0,0,0,0
Code/GameEngine/Source/GameLogic/Object/STLModelConditionBitFlagsFind.cpp,no,0,0,3,0
Code/GameEngine/Source/GameLogic/Object/STLWeaponTemplateSetBitFlagsHintedInsertUnique.cpp,no,0,0,8,0
Code/GameEngine/Source/GameLogic/Object/SpawnedModelConditionCreatePoolKey.cpp,yes,0,0,0,0
Code/GameEngine/Source/GameLogic/Object/SpecialPower/AISpecialPowerUpdateModuleDataDtor.cpp,no,0,2,2,1
Code/GameEngine/Source/GameLogic/Object/SpecialPower/ActivateModuleSpecialPowerModuleDataCtor.cpp,no,2,0,6,1
Code/GameEngine/Source/GameLogic/Object/SpecialPower/ActivateModuleSpecialPowerModuleDataDtor.cpp,no,1,1,2,0
Code/GameEngine/Source/GameLogic/Object/SpecialPower/ActivateModuleSpecialPowerModuleDataRva00254CCF.cpp,yes,0,0,0,0
Code/GameEngine/Source/GameLogic/Object/SpecialPower/ActivateModuleSpecialPowerPoolKey.cpp,yes,0,0,0,0
Code/GameEngine/Source/GameLogic/Object/SpecialPower/CashHackSpecialPower.cpp,no,8,6,11,0
Code/GameEngine/Source/GameLogic/Object/SpecialPower/CashHackSpecialPowerFriendNew.cpp,no,0,1,1,0
Code/GameEngine/Source/GameLogic/Object/SpecialPower/CashHackSpecialPowerModuleDataCtor.cpp,no,1,1,4,0
Code/GameEngine/Source/GameLogic/Object/SpecialPower/CashHackSpecialPowerModuleDataDtor.cpp,no,0,1,2,0
Code/GameEngine/Source/GameLogic/Object/SpecialPower/CashHackSpecialPowerModuleDataFriendNew.cpp,yes,0,0,0,0
Code/GameEngine/Source/GameLogic/Object/SpecialPower/CashHackSpecialPowerPoolKey.cpp,yes,0,0,0,0
Code/GameEngine/Source/GameLogic/Object/SpecialPower/CashHackUpgradesCopyCtor.cpp,no,1,0,1,0
Code/GameEngine/Source/GameLogic/Object/SpecialPower/CloudBreakSpecialPower.cpp,no,2,0,0,0
Code/GameEngine/Source/GameLogic/Object/SpecialPower/CloudBreakSpecialPowerFriendNew.cpp,yes,0,0,0,0
Code/GameEngine/Source/GameLogic/Object/SpecialPower/CloudBreakSpecialPowerModuleDataCtor.cpp,no,3,0,0,1
Code/GameEngine/Source/GameLogic/Object/SpecialPower/CloudBreakSpecialPowerModuleDataDtor.cpp,no,0,1,0,0
Code/GameEngine/Source/GameLogic/Object/SpecialPower/CloudBreakSpecialPowerModuleDataFriendNew.cpp,yes,0,0,0,0
Code/GameEngine/Source/GameLogic/Object/SpecialPower/CloudBreakSpecialPowerPoolKey.cpp,yes,0,0,0,0
Code/GameEngine/Source/GameLogic/Object/SpecialPower/CombineHordeSpecialPower.cpp,no,2,0,0,0
Code/GameEngine/Source/GameLogic/Object/SpecialPower/CombineHordeSpecialPowerFriendNew.cpp,yes,0,0,0,0
Code/GameEngine/Source/GameLogic/Object/SpecialPower/CombineHordeSpecialPowerPoolKey.cpp,yes,0,0,0,0
Code/GameEngine/Source/GameLogic/Object/SpecialPower/CurseSpecialPowerPoolKey.cpp,yes,0,0,0,0
Code/GameEngine/Source/GameLogic/Object/SpecialPower/DarknessSpecialPower.cpp,no,2,0,0,0
Code/GameEngine/Source/GameLogic/Object/SpecialPower/DarknessSpecialPowerFriendNew.cpp,yes,0,0,0,0
Code/GameEngine/Source/GameLogic/Object/SpecialPower/DarknessSpecialPowerModuleDataCtor.cpp,no,2,0,0,1
Code/GameEngine/Source/GameLogic/Object/SpecialPower/DarknessSpecialPowerModuleDataFriendNew.cpp,yes,0,0,0,0
Code/GameEngine/Source/GameLogic/Object/SpecialPower/DarknessSpecialPowerPoolKey.cpp,yes,0,0,0,0
Code/GameEngine/Source/GameLogic/Object/SpecialPower/DefectorSpecialPower.cpp,no,4,5,8,0
Code/GameEngine/Source/GameLogic/Object/SpecialPower/DefectorSpecialPowerConstructor.cpp,no,2,2,2,0
Code/GameEngine/Source/GameLogic/Object/SpecialPower/DefectorSpecialPowerFriendNew.cpp,no,0,1,1,0
Code/GameEngine/Source/GameLogic/Object/SpecialPower/DefectorSpecialPowerModuleDataCtor.cpp,no,1,1,1,1
Code/GameEngine/Source/GameLogic/Object/SpecialPower/DefectorSpecialPowerModuleDataDtor.cpp,no,0,1,1,0
Code/GameEngine/Source/GameLogic/Object/SpecialPower/DefectorSpecialPowerModuleDataFriendNew.cpp,yes,0,0,0,0
Code/GameEngine/Source/GameLogic/Object/SpecialPower/DefectorSpecialPowerPoolKey.cpp,yes,0,0,0,0
Code/GameEngine/Source/GameLogic/Object/SpecialPower/DeflectSpecialPowerConstructorThunk.cpp,no,7,0,0,0
Code/GameEngine/Source/GameLogic/Object/SpecialPower/DeflectSpecialPowerFriendNew.cpp,yes,0,0,0,0
Code/GameEngine/Source/GameLogic/Object/SpecialPower/DeflectSpecialPowerModuleDataConstructor.cpp,no,2,0,0,0
Code/GameEngine/Source/GameLogic/Object/SpecialPower/DeflectSpecialPowerModuleDataParse.cpp,no,0,0,0,1
Code/GameEngine/Source/GameLogic/Object/SpecialPower/DeflectSpecialPowerPoolKey.cpp,yes,0,0,0,0
Code/GameEngine/Source/GameLogic/Object/SpecialPower/DeflectSpecialPowerXfer.cpp,yes,0,0,0,0
Code/GameEngine/Source/GameLogic/Object/SpecialPower/DevastateSpecialPower.cpp,no,2,0,0,0
Code/GameEngine/Source/GameLogic/Object/SpecialPower/DevastateSpecialPowerFriendNew.cpp,yes,0,0,0,0
Code/GameEngine/Source/GameLogic/Object/SpecialPower/DevastateSpecialPowerModuleDataCtor.cpp,no,1,0,0,0
Code/GameEngine/Source/GameLogic/Object/SpecialPower/DevastateSpecialPowerModuleDataDtor.cpp,no,0,1,1,0
Code/GameEngine/Source/GameLogic/Object/SpecialPower/DevastateSpecialPowerModuleDataFriendNew.cpp,yes,0,0,0,0
Code/GameEngine/Source/GameLogic/Object/SpecialPower/DevastateSpecialPowerPoolKey.cpp,yes,0,0,0,0
Code/GameEngine/Source/GameLogic/Object/SpecialPower/DominateEnemySpecialPowerFriendNew.cpp,no,1,0,0,0
Code/GameEngine/Source/GameLogic/Object/SpecialPower/DominateEnemySpecialPowerModuleDataCtor.cpp,no,4,0,0,0
Code/GameEngine/Source/GameLogic/Object/SpecialPower/DominateEnemySpecialPowerModuleDataDtor.cpp,no,0,1,0,0
Code/GameEngine/Source/GameLogic/Object/SpecialPower/DominateEnemySpecialPowerModuleDataFriendNew.cpp,yes,0,0,0,0
Code/GameEngine/Source/GameLogic/Object/SpecialPower/DominateEnemySpecialPowerPoolKey.cpp,yes,0,0,0,0
Code/GameEngine/Source/GameLogic/Object/SpecialPower/ElvenWoodSpecialPower.cpp,no,2,0,0,0
Code/GameEngine/Source/GameLogic/Object/SpecialPower/ElvenWoodSpecialPowerFriendNew.cpp,yes,0,0,0,0
Code/GameEngine/Source/GameLogic/Object/SpecialPower/ElvenWoodSpecialPowerModuleDataCtor.cpp,no,1,2,4,0
Code/GameEngine/Source/GameLogic/Object/SpecialPower/ElvenWoodSpecialPowerModuleDataDtor.cpp,no,1,1,2,0
Code/GameEngine/Source/GameLogic/Object/SpecialPower/ElvenWoodSpecialPowerModuleDataFriendNew.cpp,yes,0,0,0,0
Code/GameEngine/Source/GameLogic/Object/SpecialPower/ElvenWoodSpecialPowerPoolKey.cpp,yes,0,0,0,0
Code/GameEngine/Source/GameLogic/Object/SpecialPower/EvacuateGarrisonSpecialPowerPoolKey.cpp,yes,0,0,0,0
Code/GameEngine/Source/GameLogic/Object/SpecialPower/FellBeastSwoopPowerPoolKey.cpp,yes,0,0,0,0
Code/GameEngine/Source/GameLogic/Object/SpecialPower/FireWeaponPower.cpp,no,0,1,3,0
Code/GameEngine/Source/GameLogic/Object/SpecialPower/FireWeaponPowerModuleDataHolderCtor.cpp,no,1,0,0,0
Code/GameEngine/Source/GameLogic/Object/SpecialPower/FireWeaponPowerModuleDataXfer.cpp,yes,0,0,0,0
Code/GameEngine/Source/GameLogic/Object/SpecialPower/FreezingRainSpecialPower.cpp,no,2,0,0,0
Code/GameEngine/Source/GameLogic/Object/SpecialPower/FreezingRainSpecialPowerFriendNew.cpp,yes,0,0,0,0
Code/GameEngine/Source/GameLogic/Object/SpecialPower/FreezingRainSpecialPowerModuleDataCtor.cpp,no,2,0,0,1
Code/GameEngine/Source/GameLogic/Object/SpecialPower/FreezingRainSpecialPowerModuleDataFriendNew.cpp,yes,0,0,0,0
Code/GameEngine/Source/GameLogic/Object/SpecialPower/FreezingRainSpecialPowerPoolKey.cpp,yes,0,0,0,0
Code/GameEngine/Source/GameLogic/Object/SpecialPower/GiveOrRestoreUpgradeSpecialPowerCtor.cpp,no,1,0,0,0
Code/GameEngine/Source/GameLogic/Object/SpecialPower/GiveOrRestoreUpgradeSpecialPowerDtor.cpp,no,4,1,0,0
Code/GameEngine/Source/GameLogic/Object/SpecialPower/GiveOrRestoreUpgradeSpecialPowerFriendNew.cpp,yes,0,0,0,0
Code/GameEngine/Source/GameLogic/Object/SpecialPower/GiveOrRestoreUpgradeSpecialPowerModuleDataCtor.cpp,no,1,0,0,1
Code/GameEngine/Source/GameLogic/Object/SpecialPower/GiveOrRestoreUpgradeSpecialPowerModuleDataDtor.cpp,no,0,1,0,0
Code/GameEngine/Source/GameLogic/Object/SpecialPower/GiveOrRestoreUpgradeSpecialPowerModuleDataFriendNew.cpp,yes,0,0,0,0
Code/GameEngine/Source/GameLogic/Object/SpecialPower/GiveOrRestoreUpgradeSpecialPowerPoolKey.cpp,yes,0,0,0,0
Code/GameEngine/Source/GameLogic/Object/SpecialPower/GrabPassengerSpecialPower.cpp,no,2,0,0,0
Code/GameEngine/Source/GameLogic/Object/SpecialPower/GrabPassengerSpecialPowerFriendNew.cpp,yes,0,0,0,0
Code/GameEngine/Source/GameLogic/Object/SpecialPower/GrabPassengerSpecialPowerModuleDataCtor.cpp,no,1,0,0,1
Code/GameEngine/Source/GameLogic/Object/SpecialPower/GrabPassengerSpecialPowerModuleDataFriendNew.cpp,yes,0,0,0,0
Code/GameEngine/Source/GameLogic/Object/SpecialPower/GrabPassengerSpecialPowerPoolKey.cpp,yes,0,0,0,0
Code/GameEngine/Source/GameLogic/Object/SpecialPower/HordeDispatchSpecialPowerPoolKey.cpp,yes,0,0,0,0
Code/GameEngine/Source/GameLogic/Object/SpecialPower/InvisibilitySpecialPowerCtor.cpp,no,0,0,0,3
Code/GameEngine/Source/GameLogic/Object/SpecialPower/InvisibilitySpecialPowerFriendNew.cpp,yes,0,0,0,0
Code/GameEngine/Source/GameLogic/Object/SpecialPower/InvisibilitySpecialPowerModuleDataFriendNew.cpp,yes,0,0,0,0
Code/GameEngine/Source/GameLogic/Object/SpecialPower/InvisibilitySpecialPowerPoolKey.cpp,yes,0,0,0,0
Code/GameEngine/Source/GameLogic/Object/SpecialPower/LevelGrantSpecialPowerFriendNew.cpp,yes,0,0,0,0
Code/GameEngine/Source/GameLogic/Object/SpecialPower/LevelGrantSpecialPowerModuleDataCtor.cpp,no,2,0,0,0
Code/GameEngine/Source/GameLogic/Object/SpecialPower/LevelGrantSpecialPowerModuleDataDtor.cpp,no,0,1,0,0
Code/GameEngine/Source/GameLogic/Object/SpecialPower/LevelGrantSpecialPowerModuleDataFriendNew.cpp,yes,0,0,0,0
Code/GameEngine/Source/GameLogic/Object/SpecialPower/LevelGrantSpecialPowerPoolKey.cpp,yes,0,0,0,0
Code/GameEngine/Source/GameLogic/Object/SpecialPower/ManTheWallsSpecialPower.cpp,no,2,0,0,0
Code/GameEngine/Source/GameLogic/Object/SpecialPower/ManTheWallsSpecialPowerFriendNew.cpp,yes,0,0,0,0
Code/GameEngine/Source/GameLogic/Object/SpecialPower/ManTheWallsSpecialPowerPoolKey.cpp,yes,0,0,0,0
Code/GameEngine/Source/GameLogic/Object/SpecialPower/OCLSpecialPower.cpp,no,6,5,22,0
Code/GameEngine/Source/GameLogic/Object/SpecialPower/OCLSpecialPowerFriendNew.cpp,no,0,1,1,0
Code/GameEngine/Source/GameLogic/Object/SpecialPower/OCLSpecialPowerModuleDataCtor.cpp,no,3,1,13,2
Code/GameEngine/Source/GameLogic/Object/SpecialPower/OCLSpecialPowerModuleDataDtor.cpp,no,0,1,14,0
Code/GameEngine/Source/GameLogic/Object/SpecialPower/OCLSpecialPowerModuleDataFriendNew.cpp,yes,0,0,0,0
Code/GameEngine/Source/GameLogic/Object/SpecialPower/OCLSpecialPowerPoolKey.cpp,yes,0,0,0,0
Code/GameEngine/Source/GameLogic/Object/SpecialPower/PlayerHealSpecialPowerCtor.cpp,no,1,0,0,0
Code/GameEngine/Source/GameLogic/Object/SpecialPower/PlayerHealSpecialPowerFriendNew.cpp,yes,0,0,0,0
Code/GameEngine/Source/GameLogic/Object/SpecialPower/PlayerHealSpecialPowerModuleDataCtor.cpp,no,2,0,0,1
Code/GameEngine/Source/GameLogic/Object/SpecialPower/PlayerHealSpecialPowerModuleDataFriendNew.cpp,yes,0,0,0,0
Code/GameEngine/Source/GameLogic/Object/SpecialPower/PlayerHealSpecialPowerPoolKey.cpp,yes,0,0,0,0
Code/GameEngine/Source/GameLogic/Object/SpecialPower/PlayerUpgradeSpecialPower.cpp,no,2,0,0,0
Code/GameEngine/Source/GameLogic/Object/SpecialPower/PlayerUpgradeSpecialPowerFriendNew.cpp,yes,0,0,0,0
Code/GameEngine/Source/GameLogic/Object/SpecialPower/PlayerUpgradeSpecialPowerModuleDataCtor.cpp,no,1,1,16,0
Code/GameEngine/Source/GameLogic/Object/SpecialPower/PlayerUpgradeSpecialPowerModuleDataDtor.cpp,no,0,1,10,0
Code/GameEngine/Source/GameLogic/Object/SpecialPower/PlayerUpgradeSpecialPowerPoolKey.cpp,yes,0,0,0,0
Code/GameEngine/Source/GameLogic/Object/SpecialPower/ProductionSpeedBonus.cpp,no,2,0,0,0
Code/GameEngine/Source/GameLogic/Object/SpecialPower/ProductionSpeedBonusModuleDataCtor.cpp,no,1,1,13,0
Code/GameEngine/Source/GameLogic/Object/SpecialPower/ProductionSpeedBonusModuleDataDtor.cpp,no,0,1,8,0
Code/GameEngine/Source/GameLogic/Object/SpecialPower/ProductionSpeedBonusPoolKey.cpp,yes,0,0,0,0
Code/GameEngine/Source/GameLogic/Object/SpecialPower/RepairSpecialPower.cpp,no,2,0,0,0
Code/GameEngine/Source/GameLogic/Object/SpecialPower/RepairSpecialPowerFriendNew.cpp,yes,0,0,0,0
Code/GameEngine/Source/GameLogic/Object/SpecialPower/RepairSpecialPowerPoolKey.cpp,yes,0,0,0,0
Code/GameEngine/Source/GameLogic/Object/SpecialPower/ReplaceSelfUpgradeModuleDataCtor.cpp,no,0,1,18,0
Code/GameEngine/Source/GameLogic/Object/SpecialPower/ReplaceSelfUpgradeModuleDataDtor.cpp,no,0,2,11,1
Code/GameEngine/Source/GameLogic/Object/SpecialPower/ReplaceSelfUpgradeModuleDataFriendNew.cpp,yes,0,0,0,0
Code/GameEngine/Source/GameLogic/Object/SpecialPower/Rva00254D0BFree.cpp,yes,0,0,0,0
Code/GameEngine/Source/GameLogic/Object/SpecialPower/Rva00254D38Free.cpp,yes,0,0,0,0
Code/GameEngine/Source/GameLogic/Object/SpecialPower/Rva003F9FE6CopyCtor.cpp,no,2,2,0,0
Code/GameEngine/Source/GameLogic/Object/SpecialPower/Rva003F9FE6Dtor.cpp,no,0,2,1,0
Code/GameEngine/Source/GameLogic/Object/SpecialPower/Rva003FA5B9Clear.cpp,no,0,0,1,0
Code/GameEngine/Source/GameLogic/Object/SpecialPower/Rva00402BE3Ctor.cpp,yes,0,0,0,0
Code/GameEngine/Source/GameLogic/Object/SpecialPower/Rva00492FC2.cpp,no,1,0,0,0
Code/GameEngine/Source/GameLogic/Object/SpecialPower/Rva00493009Xfer.cpp,yes,0,0,0,0
Code/GameEngine/Source/GameLogic/Object/SpecialPower/Rva004930A0Dtor.cpp,no,0,2,2,1
Code/GameEngine/Source/GameLogic/Object/SpecialPower/Rva00493BD4.cpp,yes,0,0,0,0
Code/GameEngine/Source/GameLogic/Object/SpecialPower/Rva004C447DXfer.cpp,yes,0,0,0,0
Code/GameEngine/Source/GameLogic/Object/SpecialPower/Rva004C8A95Xfer.cpp,yes,0,0,0,0
Code/GameEngine/Source/GameLogic/Object/SpecialPower/Rva005890EDBaseModuleDataParse.cpp,no,0,0,0,1
Code/GameEngine/Source/GameLogic/Object/SpecialPower/ScavengerSpecialPowerCtor.cpp,no,1,0,0,0
Code/GameEngine/Source/GameLogic/Object/SpecialPower/ScavengerSpecialPowerFriendNew.cpp,yes,0,0,0,0
Code/GameEngine/Source/GameLogic/Object/SpecialPower/ScavengerSpecialPowerModuleDataCtor.cpp,no,1,1,0,0
Code/GameEngine/Source/GameLogic/Object/SpecialPower/ScavengerSpecialPowerModuleDataFriendNew.cpp,yes,0,0,0,0
Code/GameEngine/Source/GameLogic/Object/SpecialPower/ScavengerSpecialPowerPoolKey.cpp,yes,0,0,0,0
Code/GameEngine/Source/GameLogic/Object/SpecialPower/SiegeDeployHordeSpecialPowerCtor.cpp,no,1,0,0,0
Code/GameEngine/Source/GameLogic/Object/SpecialPower/SiegeDeployHordeSpecialPowerDtor.cpp,no,4,1,0,0
Code/GameEngine/Source/GameLogic/Object/SpecialPower/SiegeDeployHordeSpecialPowerFriendNew.cpp,yes,0,0,0,0
Code/GameEngine/Source/GameLogic/Object/SpecialPower/SiegeDeployHordeSpecialPowerModuleDataCtor.cpp,no,0,0,0,1
Code/GameEngine/Source/GameLogic/Object/SpecialPower/SiegeDeployHordeSpecialPowerModuleDataDtor.cpp,yes,0,0,0,0
Code/GameEngine/Source/GameLogic/Object/SpecialPower/SiegeDeployHordeSpecialPowerModuleDataParse.cpp,no,0,0,0,1
Code/GameEngine/Source/GameLogic/Object/SpecialPower/SiegeDeployHordeSpecialPowerPoolKey.cpp,yes,0,0,0,0
Code/GameEngine/Source/GameLogic/Object/SpecialPower/SiegeDeployHordeSpecialPowerRva004C63DE.cpp,yes,0,0,0,0
Code/GameEngine/Source/GameLogic/Object/SpecialPower/SiegeDeployHordeSpecialPowerXfer.cpp,yes,0,0,0,0
Code/GameEngine/Source/GameLogic/Object/SpecialPower/SiegeDeploySpecialPowerCtor.cpp,no,1,0,0,5
Code/GameEngine/Source/GameLogic/Object/SpecialPower/SiegeDeploySpecialPowerDtor.cpp,no,4,1,1,0
Code/GameEngine/Source/GameLogic/Object/SpecialPower/SiegeDeploySpecialPowerFriendNew.cpp,yes,0,0,0,0
Code/GameEngine/Source/GameLogic/Object/SpecialPower/SiegeDeploySpecialPowerHelper.cpp,no,1,0,0,0
Code/GameEngine/Source/GameLogic/Object/SpecialPower/SiegeDeploySpecialPowerModuleDataCtor.cpp,no,0,0,0,1
Code/GameEngine/Source/GameLogic/Object/SpecialPower/SiegeDeploySpecialPowerModuleDataParse.cpp,no,0,0,0,1
Code/GameEngine/Source/GameLogic/Object/SpecialPower/SiegeDeploySpecialPowerPoolKey.cpp,yes,0,0,0,0
Code/GameEngine/Source/GameLogic/Object/SpecialPower/SiegeDeploySpecialPowerXfer.cpp,yes,0,0,0,0
Code/GameEngine/Source/GameLogic/Object/SpecialPower/SpecialPowerModule.cpp,no,20,4,24,0
Code/GameEngine/Source/GameLogic/Object/SpecialPower/SpecialPowerModuleDataBuildFieldParse.cpp,no,0,4,3,21
Code/GameEngine/Source/GameLogic/Object/SpecialPower/SpecialPowerModuleDataCopyCtor.cpp,no,1,0,12,1
Code/GameEngine/Source/GameLogic/Object/SpecialPower/SpecialPowerModuleDataCtor.cpp,no,0,1,12,1
Code/GameEngine/Source/GameLogic/Object/SpecialPower/SpecialPowerModuleDataDtor.cpp,no,0,2,8,1
Code/GameEngine/Source/GameLogic/Object/SpecialPower/SpecialPowerModuleDataFriendNew.cpp,yes,0,0,0,0
Code/GameEngine/Source/GameLogic/Object/SpecialPower/SpecialPowerModuleDataHolderCtor.cpp,no,1,0,20,1
Code/GameEngine/Source/GameLogic/Object/SpecialPower/SpecialPowerModuleDataXfer.cpp,yes,0,0,0,0
Code/GameEngine/Source/GameLogic/Object/SpecialPower/SpecialPowerModuleDeletingDtors.cpp,no,0,14,15,0
Code/GameEngine/Source/GameLogic/Object/SpecialPower/SpecialPowerModulePoolKey.cpp,yes,0,0,0,0
Code/GameEngine/Source/GameLogic/Object/SpecialPower/SpecialPowerTimerRefreshSpecialPowerCtor.cpp,no,0,0,0,3
Code/GameEngine/Source/GameLogic/Object/SpecialPower/SpecialPowerTimerRefreshSpecialPowerFriendNew.cpp,yes,0,0,0,0
Code/GameEngine/Source/GameLogic/Object/SpecialPower/SplitHordeSpecialPower.cpp,no,2,0,0,0
Code/GameEngine/Source/GameLogic/Object/SpecialPower/SplitHordeSpecialPowerFriendNew.cpp,yes,0,0,0,0
Code/GameEngine/Source/GameLogic/Object/SpecialPower/SplitHordeSpecialPowerPoolKey.cpp,yes,0,0,0,0
Code/GameEngine/Source/GameLogic/Object/SpecialPower/StopSpecialPowerCtor.cpp,no,0,0,0,3
Code/GameEngine/Source/GameLogic/Object/SpecialPower/StopSpecialPowerFriendNew.cpp,yes,0,0,0,0
Code/GameEngine/Source/GameLogic/Object/SpecialPower/StopSpecialPowerModuleDataCtor.cpp,no,1,0,0,1
Code/GameEngine/Source/GameLogic/Object/SpecialPower/StopSpecialPowerModuleDataFriendNew.cpp,yes,0,0,0,0
Code/GameEngine/Source/GameLogic/Object/SpecialPower/StopSpecialPowerPoolKey.cpp,yes,0,0,0,0
Code/GameEngine/Source/GameLogic/Object/SpecialPower/StoreObjectsSpecialPowerFriendNew.cpp,yes,0,0,0,0
Code/GameEngine/Source/GameLogic/Object/SpecialPower/StoreObjectsSpecialPowerPoolKey.cpp,yes,0,0,0,0
Code/GameEngine/Source/GameLogic/Object/SpecialPower/TaintSpecialPowerConstructor.cpp,no,2,0,0,0
Code/GameEngine/Source/GameLogic/Object/SpecialPower/TaintSpecialPowerFriendNew.cpp,yes,0,0,0,0
Code/GameEngine/Source/GameLogic/Object/SpecialPower/TaintSpecialPowerModuleDataCtor.cpp,no,1,0,0,1
Code/GameEngine/Source/GameLogic/Object/SpecialPower/TaintSpecialPowerModuleDataDtor.cpp,no,0,1,0,0
Code/GameEngine/Source/GameLogic/Object/SpecialPower/TaintSpecialPowerModuleDataFriendNew.cpp,yes,0,0,0,0
Code/GameEngine/Source/GameLogic/Object/SpecialPower/TaintSpecialPowerPoolKey.cpp,yes,0,0,0,0
Code/GameEngine/Source/GameLogic/Object/SpecialPower/TeleportToCasterSpecialPowerPoolKey.cpp,yes,0,0,0,0
Code/GameEngine/Source/GameLogic/Object/SpecialPower/UnleashSpecialPowerPoolKey.cpp,yes,0,0,0,0
Code/GameEngine/Source/GameLogic/Object/SpecialPower/UnpauseSpecialPowerUpgradeModuleDataCtor.cpp,no,0,0,0,1
Code/GameEngine/Source/GameLogic/Object/SpecialPower/UnpauseSpecialPowerUpgradeModuleDataFriendNew.cpp,yes,0,0,0,0
Code/GameEngine/Source/GameLogic/Object/SpecialPower/UntamedAllegianceSpecialPowerCtor.cpp,no,1,0,0,0
Code/GameEngine/Source/GameLogic/Object/SpecialPower/UntamedAllegianceSpecialPowerFriendNew.cpp,yes,0,0,0,0
Code/GameEngine/Source/GameLogic/Object/SpecialPower/UntamedAllegianceSpecialPowerPoolKey.cpp,yes,0,0,0,0
Code/GameEngine/Source/GameLogic/Object/SpecialPower/WeaponChangeSpecialPowerModule.cpp,no,2,0,0,0
Code/GameEngine/Source/GameLogic/Object/SpecialPower/WeaponChangeSpecialPowerModuleDataDtor.cpp,no,0,1,1,0
Code/GameEngine/Source/GameLogic/Object/SpecialPower/WeaponFireSpecialAbilityUpdateModuleDataCtor.cpp,no,1,0,0,1
Code/GameEngine/Source/GameLogic/Object/SpecialPower/WeaponFireSpecialAbilityUpdateModuleDataDtor.cpp,no,0,1,1,0
Code/GameEngine/Source/GameLogic/Object/SpecialPower/WeaponFireSpecialAbilityUpdateModuleDataFriendNew.cpp,yes,0,0,0,0
Code/GameEngine/Source/GameLogic/Object/SpecialPowerModuleFriendNew.cpp,yes,0,0,0,0
Code/GameEngine/Source/GameLogic/Object/StlO1Instantiations.cpp,no,0,0,83,0
Code/GameEngine/Source/GameLogic/Object/StlO1UShortByteInsertUnique.cpp,no,0,0,9,0
Code/GameEngine/Source/GameLogic/Object/TransitionDamageFXFriendNew.cpp,no,0,1,1,0
Code/GameEngine/Source/GameLogic/Object/TransitionDamageFXModuleDataCtor.cpp,no,0,1,1,2
Code/GameEngine/Source/GameLogic/Object/Update/AIGateUpdateCtor.cpp,no,3,0,0,0
Code/GameEngine/Source/GameLogic/Object/Update/AIGateUpdateFriendNew.cpp,yes,0,0,0,0
Code/GameEngine/Source/GameLogic/Object/Update/AIGateUpdateModuleDataCtor.cpp,no,0,0,0,1
Code/GameEngine/Source/GameLogic/Object/Update/AIGateUpdateModuleDataFriendNew.cpp,yes,0,0,0,0
Code/GameEngine/Source/GameLogic/Object/Update/AIGateUpdatePoolKey.cpp,yes,0,0,0,0
Code/GameEngine/Source/GameLogic/Object/Update/AIGateUpdateXfer.cpp,yes,0,0,0,0
Code/GameEngine/Source/GameLogic/Object/Update/AISpecialPowerUpdateCtor.cpp,yes,0,0,0,0
Code/GameEngine/Source/GameLogic/Object/Update/AISpecialPowerUpdateDtor.cpp,no,3,1,0,0
Code/GameEngine/Source/GameLogic/Object/Update/AISpecialPowerUpdateFriendNew.cpp,yes,0,0,0,0
Code/GameEngine/Source/GameLogic/Object/Update/AISpecialPowerUpdateModuleDataCtor.cpp,no,0,0,0,1
Code/GameEngine/Source/GameLogic/Object/Update/AISpecialPowerUpdateModuleDataFriendNew.cpp,yes,0,0,0,0
Code/GameEngine/Source/GameLogic/Object/Update/AISpecialPowerUpdatePoolKey.cpp,yes,0,0,0,0
Code/GameEngine/Source/GameLogic/Object/Update/AIUpdate.cpp,no,89,37,35,0
Code/GameEngine/Source/GameLogic/Object/Update/AIUpdate/AIUpdateModuleDataCtor.cpp,no,1,1,1,1
Code/GameEngine/Source/GameLogic/Object/Update/AIUpdate/AIUpdateModuleDataDtor.cpp,no,0,2,2,1
Code/GameEngine/Source/GameLogic/Object/Update/AIUpdate/ActiveBodyModuleDataDtor.cpp,no,1,2,2,1
Code/GameEngine/Source/GameLogic/Object/Update/AIUpdate/AnimalAIUpdateCtor.cpp,no,1,0,0,0
Code/GameEngine/Source/GameLogic/Object/Update/AIUpdate/AnimalAIUpdateFriendNew.cpp,yes,0,0,0,0
Code/GameEngine/Source/GameLogic/Object/Update/AIUpdate/AnimalAIUpdateModuleDataCtor.cpp,no,1,0,0,0
Code/GameEngine/Source/GameLogic/Object/Update/AIUpdate/AnimalAIUpdateModuleDataFriendNew.cpp,yes,0,0,0,0
Code/GameEngine/Source/GameLogic/Object/Update/AIUpdate/AssaultTransportAIUpdate.cpp,no,5,3,15,0
Code/GameEngine/Source/GameLogic/Object/Update/AIUpdate/AssaultTransportAIUpdateCheck.cpp,yes,0,0,0,0
Code/GameEngine/Source/GameLogic/Object/Update/AIUpdate/AssaultTransportAIUpdateCommandHelper.cpp,no,1,0,0,0
Code/GameEngine/Source/GameLogic/Object/Update/AIUpdate/AssaultTransportAIUpdateCtor.cpp,no,1,1,1,0
Code/GameEngine/Source/GameLogic/Object/Update/AIUpdate/AssaultTransportAIUpdateDispatch.cpp,no,1,0,0,0
Code/GameEngine/Source/GameLogic/Object/Update/AIUpdate/AssaultTransportAIUpdateFriendNew.cpp,no,0,1,1,0
Code/GameEngine/Source/GameLogic/Object/Update/AIUpdate/AssaultTransportAIUpdateHelper.cpp,yes,0,0,0,0
Code/GameEngine/Source/GameLogic/Object/Update/AIUpdate/AssaultTransportAIUpdateModuleDataCtor.cpp,no,0,1,2,0
Code/GameEngine/Source/GameLogic/Object/Update/AIUpdate/AssaultTransportAIUpdateModuleDataFriendNew.cpp,yes,0,0,0,0
Code/GameEngine/Source/GameLogic/Object/Update/AIUpdate/AssaultTransportAIUpdatePassengerHelper.cpp,no,1,0,0,0
Code/GameEngine/Source/GameLogic/Object/Update/AIUpdate/ChinookAIUpdate.cpp,no,64,6,30,0
Code/GameEngine/Source/GameLogic/Object/Update/AIUpdate/ChinookAIUpdateBuildFieldParse.cpp,yes,0,0,0,0
Code/GameEngine/Source/GameLogic/Object/Update/AIUpdate/ChinookAIUpdateModuleDataCtor.cpp,no,0,0,0,1
Code/GameEngine/Source/GameLogic/Object/Update/AIUpdate/ChinookAIUpdateModuleDataFriendNew.cpp,yes,0,0,0,0
Code/GameEngine/Source/GameLogic/Object/Update/AIUpdate/DeliverPayloadAIUpdate.cpp,no,42,9,35,0
Code/GameEngine/Source/GameLogic/Object/Update/AIUpdate/DeployStyleAIUpdateCtor.cpp,no,2,0,0,0
Code/GameEngine/Source/GameLogic/Object/Update/AIUpdate/DeployStyleAIUpdateDtor.cpp,no,5,0,0,0
Code/GameEngine/Source/GameLogic/Object/Update/AIUpdate/DeployStyleAIUpdateHelper.cpp,yes,0,0,0,0
Code/GameEngine/Source/GameLogic/Object/Update/AIUpdate/DeployStyleAIUpdateModuleDataCtor.cpp,no,0,1,1,1
Code/GameEngine/Source/GameLogic/Object/Update/AIUpdate/DeployStyleAIUpdateModuleDataDtor.cpp,no,0,1,1,0
Code/GameEngine/Source/GameLogic/Object/Update/AIUpdate/DeployStyleAIUpdateModuleDataFriendNew.cpp,yes,0,0,0,0
Code/GameEngine/Source/GameLogic/Object/Update/AIUpdate/DozerAIUpdate.cpp,no,44,13,45,0
Code/GameEngine/Source/GameLogic/Object/Update/AIUpdate/DozerAIUpdateIsAnyTaskPending.cpp,no,0,1,0,0
Code/GameEngine/Source/GameLogic/Object/Update/AIUpdate/DozerAIUpdateModuleDataCtor.cpp,no,0,0,0,1
Code/GameEngine/Source/GameLogic/Object/Update/AIUpdate/GiantBirdAIUpdateModuleDataCtor.cpp,no,0,0,0,1
Code/GameEngine/Source/GameLogic/Object/Update/AIUpdate/GiantBirdAIUpdateModuleDataParse.cpp,no,0,0,0,1
Code/GameEngine/Source/GameLogic/Object/Update/AIUpdate/HackInternetAIUpdate.cpp,no,38,6,23,0
Code/GameEngine/Source/GameLogic/Object/Update/AIUpdate/HordeAIUpdateCtor.cpp,no,2,0,0,7
Code/GameEngine/Source/GameLogic/Object/Update/AIUpdate/JetAIUpdate.cpp,no,83,7,64,0
Code/GameEngine/Source/GameLogic/Object/Update/AIUpdate/RailroadGuideAIUpdate.cpp,no,33,10,29,0
Code/GameEngine/Source/GameLogic/Object/Update/AIUpdate/Rva002544B5Dtor.cpp,no,0,1,0,0
Code/GameEngine/Source/GameLogic/Object/Update/AIUpdate/Rva0026AF86Dtor.cpp,no,1,3,3,0
Code/GameEngine/Source/GameLogic/Object/Update/AIUpdate/Rva0026AFDAMemberDtor.cpp,yes,0,0,0,0
Code/GameEngine/Source/GameLogic/Object/Update/AIUpdate/SiegeAIUpdateCtorThunk.cpp,no,6,0,0,0
Code/GameEngine/Source/GameLogic/Object/Update/AIUpdate/SupplyTruckAIUpdate.cpp,no,28,4,24,0
Code/GameEngine/Source/GameLogic/Object/Update/AIUpdate/SupplyTruckAIUpdateModuleDataCtor.cpp,no,2,1,9,1
Code/GameEngine/Source/GameLogic/Object/Update/AIUpdate/SupplyTruckAIUpdateModuleDataFriendNew.cpp,yes,0,0,0,0
Code/GameEngine/Source/GameLogic/Object/Update/AIUpdate/TransportAIUpdateCtorThunk.cpp,no,6,0,0,0
Code/GameEngine/Source/GameLogic/Object/Update/AIUpdate/TransportAIUpdateModuleDataBuildFieldParse.cpp,no,0,3,3,6
Code/GameEngine/Source/GameLogic/Object/Update/AIUpdate/TransportAIUpdateModuleDataCtor.cpp,no,4,1,14,1
Code/GameEngine/Source/GameLogic/Object/Update/AIUpdate/TransportAIUpdateModuleDataFriendNew.cpp,yes,0,0,0,0
Code/GameEngine/Source/GameLogic/Object/Update/AIUpdate/TransportAIUpdatePoolKey.cpp,yes,0,0,0,0
Code/GameEngine/Source/GameLogic/Object/Update/AIUpdate/WanderAIUpdate.cpp,no,3,0,0,0
Code/GameEngine/Source/GameLogic/Object/Update/AIUpdate/WanderAIUpdateModuleDataCtor.cpp,no,1,0,0,0
Code/GameEngine/Source/GameLogic/Object/Update/AIUpdate/WanderAIUpdateModuleDataFriendNew.cpp,yes,0,0,0,0
Code/GameEngine/Source/GameLogic/Object/Update/AIUpdate/WanderAIUpdatePoolKey.cpp,yes,0,0,0,0
Code/GameEngine/Source/GameLogic/Object/Update/AIUpdate/WeaponModeSpecialPowerUpdateModuleDataDtor.cpp,no,0,1,1,0
Code/GameEngine/Source/GameLogic/Object/Update/AIUpdate/WorkerAIUpdate.cpp,no,41,4,34,0
Code/GameEngine/Source/GameLogic/Object/Update/AIUpdate/WorkerAIUpdateModuleDataCtor.cpp,no,0,1,2,0
Code/GameEngine/Source/GameLogic/Object/Update/AIUpdate/WorkerAIUpdateModuleDataCtor2.cpp,no,0,1,1,1
Code/GameEngine/Source/GameLogic/Object/Update/AIUpdate/WorkerAIUpdateModuleDataFriendNew.cpp,yes,0,0,0,0
Code/GameEngine/Source/GameLogic/Object/Update/AIUpdate/WorkerAIUpdateModuleDataParse.cpp,no,0,1,1,1
Code/GameEngine/Source/GameLogic/Object/Update/AIUpdateInterfaceCtor.cpp,no,1,1,0,0
Code/GameEngine/Source/GameLogic/Object/Update/AIUpdateInterfaceFriendNew.cpp,no,1,0,0,0
Code/GameEngine/Source/GameLogic/Object/Update/AIUpdateInterface_friendSetPath.cpp,no,0,1,1,0
Code/GameEngine/Source/GameLogic/Object/Update/AIUpdateInterface_getCurrentStateID.cpp,yes,0,0,0,0
Code/GameEngine/Source/GameLogic/Object/Update/AIUpdateInterface_getCurrentVictim.cpp,no,0,1,1,0
Code/GameEngine/Source/GameLogic/Object/Update/AIUpdateInterface_getTurretRotAndPitch.cpp,no,0,1,3,0
Code/GameEngine/Source/GameLogic/Object/Update/AIUpdateInterface_getTurretTargetObject.cpp,yes,0,0,0,0
Code/GameEngine/Source/GameLogic/Object/Update/AIUpdateInterface_getTurretTurnRate.cpp,no,0,1,2,0
Code/GameEngine/Source/GameLogic/Object/Update/AIUpdateInterface_getWhichTurretForCurWeapon.cpp,no,0,1,1,0
Code/GameEngine/Source/GameLogic/Object/Update/AIUpdateInterface_getWhichTurretForWeaponSlot.cpp,no,0,1,3,0
Code/GameEngine/Source/GameLogic/Object/Update/AIUpdateInterface_isTurretEnabled.cpp,no,0,1,2,0
Code/GameEngine/Source/GameLogic/Object/Update/AIUpdateInterface_isTurretInNaturalPosition.cpp,no,0,1,1,0
Code/GameEngine/Source/GameLogic/Object/Update/AIUpdateInterface_isWeaponSlotOnTurretAndAimingAtTarget.cpp,no,0,1,1,0
Code/GameEngine/Source/GameLogic/Object/Update/AIUpdateInterface_recenterTurret.cpp,no,0,1,1,0
Code/GameEngine/Source/GameLogic/Object/Update/AIUpdateInterface_rva00260DED.cpp,yes,0,0,0,0
Code/GameEngine/Source/GameLogic/Object/Update/AIUpdateInterface_rva00262804.cpp,yes,0,0,0,0
Code/GameEngine/Source/GameLogic/Object/Update/AIUpdateInterface_rva0026293E.cpp,yes,0,0,0,0
Code/GameEngine/Source/GameLogic/Object/Update/AIUpdateInterface_rva0026295E.cpp,yes,0,0,0,0
Code/GameEngine/Source/GameLogic/Object/Update/AIUpdateInterface_rva00262ACE.cpp,yes,0,0,0,0
Code/GameEngine/Source/GameLogic/Object/Update/AIUpdateInterface_rva00262AEA.cpp,yes,0,0,0,0
Code/GameEngine/Source/GameLogic/Object/Update/AIUpdateInterface_rva00262B0F.cpp,yes,0,0,0,0
Code/GameEngine/Source/GameLogic/Object/Update/AIUpdateInterface_rva00262D2D.cpp,yes,0,0,0,0
Code/GameEngine/Source/GameLogic/Object/Update/AIUpdateInterface_rva00262FFF.cpp,no,0,0,0,1
Code/GameEngine/Source/GameLogic/Object/Update/AIUpdateInterface_rva00263025.cpp,no,0,0,0,2
Code/GameEngine/Source/GameLogic/Object/Update/AIUpdateInterface_rva0026304D.cpp,yes,0,0,0,0
Code/GameEngine/Source/GameLogic/Object/Update/AIUpdateInterface_rva002630F5.cpp,yes,0,0,0,0
Code/GameEngine/Source/GameLogic/Object/Update/AIUpdateInterface_rva002630FD.cpp,yes,0,0,0,0
Code/GameEngine/Source/GameLogic/Object/Update/AIUpdateInterface_rva0026316B.cpp,yes,0,0,0,0
Code/GameEngine/Source/GameLogic/Object/Update/AIUpdateInterface_rva002631A6.cpp,no,0,0,0,2
Code/GameEngine/Source/GameLogic/Object/Update/AIUpdateInterface_rva002632B3.cpp,yes,0,0,0,0
Code/GameEngine/Source/GameLogic/Object/Update/AIUpdateInterface_rva002632C7.cpp,yes,0,0,0,0
Code/GameEngine/Source/GameLogic/Object/Update/AIUpdateInterface_rva0026331C.cpp,yes,0,0,0,0
Code/GameEngine/Source/GameLogic/Object/Update/AIUpdateInterface_rva002633B6.cpp,yes,0,0,0,0
Code/GameEngine/Source/GameLogic/Object/Update/AIUpdateInterface_rva0026DE3B.cpp,yes,0,0,0,0
Code/GameEngine/Source/GameLogic/Object/Update/AIUpdateInterface_setCurrentVictim.cpp,no,0,1,1,0
Code/GameEngine/Source/GameLogic/Object/Update/AIUpdateInterface_setLocomotorGoalPositionExplicit.cpp,no,0,1,1,0
Code/GameEngine/Source/GameLogic/Object/Update/AIUpdateInterface_setQueueForPathTime.cpp,no,0,1,2,0
Code/GameEngine/Source/GameLogic/Object/Update/AIUpdateInterface_setTurretEnabled.cpp,no,0,1,1,0
Code/GameEngine/Source/GameLogic/Object/Update/AIUpdateInterface_setTurretTargetObject.cpp,no,0,1,1,0
Code/GameEngine/Source/GameLogic/Object/Update/AIUpdateInterface_setTurretTargetPosition.cpp,no,0,1,1,0
Code/GameEngine/Source/GameLogic/Object/Update/AIUpdateInterface_wakeUpNow.cpp,no,0,1,1,0
Code/GameEngine/Source/GameLogic/Object/Update/AIUpdateParseLocomotorSet.cpp,no,2,1,51,0
Code/GameEngine/Source/GameLogic/Object/Update/AngleFXInfoVectorInsertOverflow.cpp,no,1,0,9,0
Code/GameEngine/Source/GameLogic/Object/Update/AnimalAIUpdatePoolKey.cpp,yes,0,0,0,0
Code/GameEngine/Source/GameLogic/Object/Update/AnimatedParticleSysBoneClientUpdatePoolKey.cpp,yes,0,0,0,0
Code/GameEngine/Source/GameLogic/Object/Update/AnimationSteeringUpdate.cpp,no,13,0,20,0
Code/GameEngine/Source/GameLogic/Object/Update/AnimationSteeringUpdateModuleDataCtor.cpp,no,1,1,0,0
Code/GameEngine/Source/GameLogic/Object/Update/ArrowStormUpdateBehaviorCtor.cpp,no,3,0,0,4
Code/GameEngine/Source/GameLogic/Object/Update/ArrowStormUpdateBehaviorDtor.cpp,no,1,0,0,4
Code/GameEngine/Source/GameLogic/Object/Update/ArrowStormUpdateFriendNew.cpp,yes,0,0,0,0
Code/GameEngine/Source/GameLogic/Object/Update/ArrowStormUpdateModuleDataCtor.cpp,no,1,0,0,1
Code/GameEngine/Source/GameLogic/Object/Update/ArrowStormUpdateModuleDataDtor.cpp,no,0,1,1,0
Code/GameEngine/Source/GameLogic/Object/Update/ArrowStormUpdatePoolKey.cpp,yes,0,0,0,0
Code/GameEngine/Source/GameLogic/Object/Update/AssaultTransportAIUpdatePoolKey.cpp,yes,0,0,0,0
Code/GameEngine/Source/GameLogic/Object/Update/AssistedTargetingUpdate.cpp,no,14,5,8,0
Code/GameEngine/Source/GameLogic/Object/Update/AssistedTargetingUpdateCtor.cpp,no,5,1,2,0
Code/GameEngine/Source/GameLogic/Object/Update/AssistedTargetingUpdateFriendNew.cpp,no,0,1,1,0
Code/GameEngine/Source/GameLogic/Object/Update/AssistedTargetingUpdateModuleDataFriendNew.cpp,no,0,0,1,1
Code/GameEngine/Source/GameLogic/Object/Update/AssistedTargetingUpdatePoolKey.cpp,yes,0,0,0,0
Code/GameEngine/Source/GameLogic/Object/Update/AttachUpdateCtor.cpp,no,2,0,0,3
Code/GameEngine/Source/GameLogic/Object/Update/AttachUpdateFriendNew.cpp,yes,0,0,0,0
Code/GameEngine/Source/GameLogic/Object/Update/AttachUpdateModuleDataCtor.cpp,no,3,0,1,3
Code/GameEngine/Source/GameLogic/Object/Update/AttachUpdateModuleDataDtor.cpp,no,0,2,2,1
Code/GameEngine/Source/GameLogic/Object/Update/AttachUpdateModuleDataFriendNew.cpp,yes,0,0,0,0
Code/GameEngine/Source/GameLogic/Object/Update/AttachUpdatePoolKey.cpp,yes,0,0,0,0
Code/GameEngine/Source/GameLogic/Object/Update/AttributeModifierAuraUpdateCtor.cpp,no,2,0,0,4
Code/GameEngine/Source/GameLogic/Object/Update/AttributeModifierAuraUpdateFriendNew.cpp,yes,0,0,0,0
Code/GameEngine/Source/GameLogic/Object/Update/AttributeModifierAuraUpdateModuleDataCtor.cpp,no,3,0,4,1
Code/GameEngine/Source/GameLogic/Object/Update/AttributeModifierAuraUpdateModuleDataDtor.cpp,no,0,2,10,1
Code/GameEngine/Source/GameLogic/Object/Update/AttributeModifierAuraUpdateModuleDataFriendNew.cpp,yes,0,0,0,0
Code/GameEngine/Source/GameLogic/Object/Update/AttributeModifierAuraUpdatePoolKey.cpp,yes,0,0,0,0
Code/GameEngine/Source/GameLogic/Object/Update/AttributeModifierPoolUpdateCtor.cpp,no,5,0,6,0
Code/GameEngine/Source/GameLogic/Object/Update/AttributeModifierPoolUpdateFriendNew.cpp,yes,0,0,0,0
Code/GameEngine/Source/GameLogic/Object/Update/AttributeModifierPoolUpdatePoolKey.cpp,yes,0,0,0,0
Code/GameEngine/Source/GameLogic/Object/Update/AudioLoopUpgradeModuleDataFriendNew.cpp,yes,0,0,0,0
Code/GameEngine/Source/GameLogic/Object/Update/AudioLoopUpgradePoolKey.cpp,yes,0,0,0,0
Code/GameEngine/Source/GameLogic/Object/Update/AutoDepositUpdateCtor.cpp,yes,0,0,0,0
Code/GameEngine/Source/GameLogic/Object/Update/AutoDepositUpdateFriendNew.cpp,no,0,1,1,0
Code/GameEngine/Source/GameLogic/Object/Update/AutoDepositUpdateModuleDataCtor.cpp,no,2,1,2,1
Code/GameEngine/Source/GameLogic/Object/Update/AutoDepositUpdateModuleDataDtor.cpp,no,0,2,2,1
Code/GameEngine/Source/GameLogic/Object/Update/AutoDepositUpdateModuleDataFriendNew.cpp,yes,0,0,0,0
Code/GameEngine/Source/GameLogic/Object/Update/AutoDepositUpdatePoolKey.cpp,yes,0,0,0,0
Code/GameEngine/Source/GameLogic/Object/Update/AutoFindHealingUpdateCtor.cpp,yes,0,0,0,0
Code/GameEngine/Source/GameLogic/Object/Update/AutoFindHealingUpdateFriendNew.cpp,no,0,1,1,0
Code/GameEngine/Source/GameLogic/Object/Update/AutoFindHealingUpdateModuleDataCtor.cpp,no,0,0,0,1
Code/GameEngine/Source/GameLogic/Object/Update/AutoFindHealingUpdateModuleDataFriendNew.cpp,yes,0,0,0,0
Code/GameEngine/Source/GameLogic/Object/Update/AutoFindHealingUpdatePoolKey.cpp,yes,0,0,0,0
Code/GameEngine/Source/GameLogic/Object/Update/AutoHealBehaviorCtor.cpp,no,2,1,1,6
Code/GameEngine/Source/GameLogic/Object/Update/AutoHealBehaviorRva004523CC.cpp,no,1,0,0,0
Code/GameEngine/Source/GameLogic/Object/Update/AutoHealBehaviorXfer.cpp,no,0,1,1,0
Code/GameEngine/Source/GameLogic/Object/Update/AutoPickUpUpdateCtor.cpp,no,1,0,0,5
Code/GameEngine/Source/GameLogic/Object/Update/AutoPickUpUpdateDtor.cpp,no,4,1,1,0
Code/GameEngine/Source/GameLogic/Object/Update/AutoPickUpUpdateFriendNew.cpp,yes,0,0,0,0
Code/GameEngine/Source/GameLogic/Object/Update/AutoPickUpUpdateModuleDataCtor.cpp,no,3,0,5,4
Code/GameEngine/Source/GameLogic/Object/Update/AutoPickUpUpdateModuleDataFriendNew.cpp,yes,0,0,0,0
Code/GameEngine/Source/GameLogic/Object/Update/AutoPickUpUpdatePoolKey.cpp,yes,0,0,0,0
Code/GameEngine/Source/GameLogic/Object/Update/AutoPickUpUpdateXfer.cpp,yes,0,0,0,0
Code/GameEngine/Source/GameLogic/Object/Update/BannerCarrierUpdateCtor.cpp,no,0,0,0,3
Code/GameEngine/Source/GameLogic/Object/Update/BannerCarrierUpdateFriendNew.cpp,yes,0,0,0,0
Code/GameEngine/Source/GameLogic/Object/Update/BannerCarrierUpdateModuleDataCtor.cpp,no,2,0,1,2
Code/GameEngine/Source/GameLogic/Object/Update/BannerCarrierUpdateModuleDataDtor.cpp,no,3,2,11,1
Code/GameEngine/Source/GameLogic/Object/Update/BannerCarrierUpdatePoolKey.cpp,yes,0,0,0,0
Code/GameEngine/Source/GameLogic/Object/Update/BaseUpgradeModuleDataFriendNew.cpp,yes,0,0,0,0
Code/GameEngine/Source/GameLogic/Object/Update/BattlePlanUpdate.cpp,yes,0,0,0,0
Code/GameEngine/Source/GameLogic/Object/Update/BattlePlanUpdateCtor.cpp,no,0,1,0,0
Code/GameEngine/Source/GameLogic/Object/Update/BattlePlanUpdateFriendNew.cpp,no,1,0,0,0
Code/GameEngine/Source/GameLogic/Object/Update/BattlePlanUpdateInstanceFriendNew.cpp,no,1,1,1,0
Code/GameEngine/Source/GameLogic/Object/Update/BattlePlanUpdateModuleDataFriendNew.cpp,no,2,0,0,0
Code/GameEngine/Source/GameLogic/Object/Update/BattlePlanUpdatePoolKey.cpp,yes,0,0,0,0
Code/GameEngine/Source/GameLogic/Object/Update/BattlePlanUpdateRva004978A3Dtor.cpp,no,2,1,0,1
Code/GameEngine/Source/GameLogic/Object/Update/BattlePlanUpdateRva00497DD6Dtor.cpp,no,0,2,2,1
Code/GameEngine/Source/GameLogic/Object/Update/BattlePlanUpdate_enableTurret.cpp,no,0,1,1,0
Code/GameEngine/Source/GameLogic/Object/Update/BattlePlanUpdate_getCommandOption.cpp,yes,0,0,0,0
Code/GameEngine/Source/GameLogic/Object/Update/BattlePlanUpdate_isTurretInNaturalPosition.cpp,no,0,1,1,0
Code/GameEngine/Source/GameLogic/Object/Update/BattlePlanUpdate_recenterTurret.cpp,no,0,1,1,0
Code/GameEngine/Source/GameLogic/Object/Update/BeaconClientUpdatePoolKey.cpp,yes,0,0,0,0
Code/GameEngine/Source/GameLogic/Object/Update/BeaconClientUpdateXfer.cpp,yes,0,0,0,0
Code/GameEngine/Source/GameLogic/Object/Update/BloodthirstyUpdateCtor.cpp,no,2,0,0,5
Code/GameEngine/Source/GameLogic/Object/Update/BloodthirstyUpdateDtor.cpp,no,4,0,0,0
Code/GameEngine/Source/GameLogic/Object/Update/BloodthirstyUpdateFriendNew.cpp,yes,0,0,0,0
Code/GameEngine/Source/GameLogic/Object/Update/BloodthirstyUpdateModuleDataCtor.cpp,no,3,0,1,1
Code/GameEngine/Source/GameLogic/Object/Update/BloodthirstyUpdateModuleDataDtor.cpp,no,0,2,1,1
Code/GameEngine/Source/GameLogic/Object/Update/BloodthirstyUpdateModuleDataFriendNew.cpp,yes,0,0,0,0
Code/GameEngine/Source/GameLogic/Object/Update/BloodthirstyUpdatePoolKey.cpp,yes,0,0,0,0
Code/GameEngine/Source/GameLogic/Object/Update/BloodthirstyUpdateXfer.cpp,yes,0,0,0,0
Code/GameEngine/Source/GameLogic/Object/Update/BoneFXDamagePoolKey.cpp,yes,0,0,0,0
Code/GameEngine/Source/GameLogic/Object/Update/BoneFXUpdate.cpp,no,22,9,23,0
Code/GameEngine/Source/GameLogic/Object/Update/BoneFXUpdateCtor.cpp,no,1,2,5,3
Code/GameEngine/Source/GameLogic/Object/Update/BoneFXUpdateDtor.cpp,no,3,1,2,0
Code/GameEngine/Source/GameLogic/Object/Update/BoneFXUpdateFriendNew.cpp,no,0,1,1,0
Code/GameEngine/Source/GameLogic/Object/Update/BoneFXUpdateModuleDataCtor.cpp,no,1,1,1,1
Code/GameEngine/Source/GameLogic/Object/Update/BoneFXUpdateModuleDataDtor.cpp,no,0,2,1,1
Code/GameEngine/Source/GameLogic/Object/Update/BoneFXUpdateModuleDataFriendNew.cpp,yes,0,0,0,0
Code/GameEngine/Source/GameLogic/Object/Update/BoneFXUpdateParse.cpp,no,2,3,3,0
Code/GameEngine/Source/GameLogic/Object/Update/BoneFXUpdatePoolKey.cpp,yes,0,0,0,0
Code/GameEngine/Source/GameLogic/Object/Update/BoneFXUpdate_eraseParticleSystemID.cpp,no,0,0,1,0
Code/GameEngine/Source/GameLogic/Object/Update/BoneFXUpdate_initTimes.cpp,no,0,2,1,0
Code/GameEngine/Source/GameLogic/Object/Update/BoneFXUpdate_resolveBoneLocations.cpp,no,1,2,1,0
Code/GameEngine/Source/GameLogic/Object/Update/BoredUpdateCtor.cpp,no,1,0,0,0
Code/GameEngine/Source/GameLogic/Object/Update/BoredUpdateFriendNewModuleInstance.cpp,yes,0,0,0,0
Code/GameEngine/Source/GameLogic/Object/Update/BoredUpdateModuleDataCtor.cpp,no,3,1,1,4
Code/GameEngine/Source/GameLogic/Object/Update/BoredUpdateModuleDataDtor.cpp,no,1,1,1,0
Code/GameEngine/Source/GameLogic/Object/Update/BoredUpdateModuleDataFriendNew.cpp,yes,0,0,0,0
Code/GameEngine/Source/GameLogic/Object/Update/BoredUpdatePoolKey.cpp,yes,0,0,0,0
Code/GameEngine/Source/GameLogic/Object/Update/BroadcastStealthUpdateFriendNew.cpp,no,1,0,0,0
Code/GameEngine/Source/GameLogic/Object/Update/BroadcastStealthUpdatePoolKey.cpp,yes,0,0,0,0
Code/GameEngine/Source/GameLogic/Object/Update/CameraMarkerVecErase.cpp,no,1,0,0,0
Code/GameEngine/Source/GameLogic/Object/Update/CivilianSpawnCollideModuleDataDtor.cpp,no,0,2,2,1
Code/GameEngine/Source/GameLogic/Object/Update/CivilianSpawnUpdateCtorThunk.cpp,no,4,1,3,0
Code/GameEngine/Source/GameLogic/Object/Update/CivilianSpawnUpdateFriendNew.cpp,yes,0,0,0,0
Code/GameEngine/Source/GameLogic/Object/Update/CivilianSpawnUpdateModuleDataCtor.cpp,no,0,0,0,1
Code/GameEngine/Source/GameLogic/Object/Update/CivilianSpawnUpdateModuleDataCtor2.cpp,no,3,1,6,0
Code/GameEngine/Source/GameLogic/Object/Update/CivilianSpawnUpdateModuleDataDtor.cpp,no,0,2,10,1
Code/GameEngine/Source/GameLogic/Object/Update/CivilianSpawnUpdatePoolKey.cpp,yes,0,0,0,0
Code/GameEngine/Source/GameLogic/Object/Update/CleanupHazardUpdateCtor.cpp,yes,0,0,0,0
Code/GameEngine/Source/GameLogic/Object/Update/CleanupHazardUpdateFriendNew.cpp,no,1,0,0,0
Code/GameEngine/Source/GameLogic/Object/Update/CommandButtonHuntUpdateConstructor.cpp,no,5,3,4,0
Code/GameEngine/Source/GameLogic/Object/Update/CommandButtonHuntUpdateDtor.cpp,no,2,0,1,0
Code/GameEngine/Source/GameLogic/Object/Update/CommandButtonHuntUpdateFriendNew.cpp,no,0,1,1,0
Code/GameEngine/Source/GameLogic/Object/Update/CommandButtonHuntUpdateModuleDataCtor.cpp,no,1,0,0,2
Code/GameEngine/Source/GameLogic/Object/Update/CommandButtonHuntUpdatePoolKey.cpp,yes,0,0,0,0
Code/GameEngine/Source/GameLogic/Object/Update/CommandPointsUpgradeModuleDataFriendNew.cpp,yes,0,0,0,0
Code/GameEngine/Source/GameLogic/Object/Update/CritterEmitterUpdateConstructorThunk.cpp,no,4,0,0,0
Code/GameEngine/Source/GameLogic/Object/Update/CritterEmitterUpdateDtor.cpp,no,4,1,0,0
Code/GameEngine/Source/GameLogic/Object/Update/CritterEmitterUpdateFriendNew.cpp,yes,0,0,0,0
Code/GameEngine/Source/GameLogic/Object/Update/CritterEmitterUpdateModuleDataDtor.cpp,no,0,2,2,1
Code/GameEngine/Source/GameLogic/Object/Update/CritterEmitterUpdateXfer.cpp,yes,0,0,0,0
Code/GameEngine/Source/GameLogic/Object/Update/DamageFieldUpdateBehaviorCtor.cpp,no,2,0,0,3
Code/GameEngine/Source/GameLogic/Object/Update/DamageFieldUpdateBehaviorDtor.cpp,no,1,1,0,3
Code/GameEngine/Source/GameLogic/Object/Update/DamageFieldUpdateFriendNew.cpp,yes,0,0,0,0
Code/GameEngine/Source/GameLogic/Object/Update/DamageFieldUpdateModuleDataCtor.cpp,no,2,0,0,0
Code/GameEngine/Source/GameLogic/Object/Update/DamageFieldUpdateModuleDataDtor.cpp,no,0,1,1,0
Code/GameEngine/Source/GameLogic/Object/Update/DamageFieldUpdateModuleDataParse.cpp,no,0,0,0,1
Code/GameEngine/Source/GameLogic/Object/Update/DamageFieldUpdatePoolKey.cpp,yes,0,0,0,0
Code/GameEngine/Source/GameLogic/Object/Update/DamageFieldUpdateRva004911AE.cpp,yes,0,0,0,0
Code/GameEngine/Source/GameLogic/Object/Update/DefaultProductionExitUpdateCtor.cpp,no,2,1,1,5
Code/GameEngine/Source/GameLogic/Object/Update/DefaultProductionExitUpdateFriendNew.cpp,no,0,1,1,0
Code/GameEngine/Source/GameLogic/Object/Update/DefaultProductionExitUpdateModuleDataFriendNew.cpp,no,0,0,1,1
Code/GameEngine/Source/GameLogic/Object/Update/DefaultProductionExitUpdatePoolKey.cpp,yes,0,0,0,0
Code/GameEngine/Source/GameLogic/Object/Update/DelayedDeathBodyModuleDataCtor.cpp,no,0,0,0,1
Code/GameEngine/Source/GameLogic/Object/Update/DelayedDeathBodyModuleDataFriendNew.cpp,yes,0,0,0,0
Code/GameEngine/Source/GameLogic/Object/Update/DelayedLuaEventUpdateCtor.cpp,no,3,1,0,0
Code/GameEngine/Source/GameLogic/Object/Update/DelayedLuaEventUpdateDtor.cpp,no,1,1,1,0
Code/GameEngine/Source/GameLogic/Object/Update/DelayedLuaEventUpdateFriendNew.cpp,yes,0,0,0,0
Code/GameEngine/Source/GameLogic/Object/Update/DelayedLuaEventUpdateModuleDataCtor.cpp,no,0,0,0,1
Code/GameEngine/Source/GameLogic/Object/Update/DelayedLuaEventUpdatePoolKey.cpp,yes,0,0,0,0
Code/GameEngine/Source/GameLogic/Object/Update/DelayedLuaEventUpdateXfer.cpp,yes,0,0,0,0
Code/GameEngine/Source/GameLogic/Object/Update/DelayedWeaponSetUpgradeUpdateCtorModuleFactory.cpp,no,5,0,0,0
Code/GameEngine/Source/GameLogic/Object/Update/DelayedWeaponSetUpgradeUpdateDtor.cpp,no,3,1,1,0
Code/GameEngine/Source/GameLogic/Object/Update/DelayedWeaponSetUpgradeUpdateFriendNew.cpp,yes,0,0,0,0
Code/GameEngine/Source/GameLogic/Object/Update/DelayedWeaponSetUpgradeUpdateModuleDataCtor.cpp,no,0,0,0,1
Code/GameEngine/Source/GameLogic/Object/Update/DelayedWeaponSetUpgradeUpdatePoolKey.cpp,yes,0,0,0,0
Code/GameEngine/Source/GameLogic/Object/Update/DeletionUpdate.cpp,no,10,1,7,0
Code/GameEngine/Source/GameLogic/Object/Update/DeletionUpdateFriendNew.cpp,no,0,1,1,0
Code/GameEngine/Source/GameLogic/Object/Update/DeletionUpdateModuleDataFriendNew.cpp,no,0,0,1,1
Code/GameEngine/Source/GameLogic/Object/Update/DeletionUpdatePoolKey.cpp,yes,0,0,0,0
Code/GameEngine/Source/GameLogic/Object/Update/DeletionUpdateXfer.cpp,yes,0,0,0,0
Code/GameEngine/Source/GameLogic/Object/Update/DeletionUpdate_calcSleepDelay.cpp,no,0,1,2,0
Code/GameEngine/Source/GameLogic/Object/Update/DemoTrapUpdateConstructor.cpp,no,7,0,2,0
Code/GameEngine/Source/GameLogic/Object/Update/DemoTrapUpdateFriendNew.cpp,no,0,1,1,0
Code/GameEngine/Source/GameLogic/Object/Update/DemoTrapUpdateModuleDataCtor.cpp,no,0,0,0,1
Code/GameEngine/Source/GameLogic/Object/Update/DemoTrapUpdateModuleDataFriendNew.cpp,yes,0,0,0,0
Code/GameEngine/Source/GameLogic/Object/Update/DemoTrapUpdatePoolKey.cpp,yes,0,0,0,0
Code/GameEngine/Source/GameLogic/Object/Update/DemoTrapUpdateXfer.cpp,yes,0,0,0,0
Code/GameEngine/Source/GameLogic/Object/Update/DeployStyleAIUpdateFriendNew.cpp,no,0,1,1,0
Code/GameEngine/Source/GameLogic/Object/Update/DeployStyleAIUpdatePoolKey.cpp,yes,0,0,0,0
Code/GameEngine/Source/GameLogic/Object/Update/DestroyEnvironmentUpdateCtor.cpp,no,3,0,0,0
Code/GameEngine/Source/GameLogic/Object/Update/DestroyEnvironmentUpdateFriendNew.cpp,yes,0,0,0,0
Code/GameEngine/Source/GameLogic/Object/Update/DestroyEnvironmentUpdateModuleDataCtor.cpp,no,0,0,0,1
Code/GameEngine/Source/GameLogic/Object/Update/DestroyEnvironmentUpdateModuleDataFriendNew.cpp,yes,0,0,0,0
Code/GameEngine/Source/GameLogic/Object/Update/DestroyEnvironmentUpdatePoolKey.cpp,yes,0,0,0,0
Code/GameEngine/Source/GameLogic/Object/Update/DestroyEnvironmentUpdateXfer.cpp,yes,0,0,0,0
Code/GameEngine/Source/GameLogic/Object/Update/DetachableRiderUpdateCtorModuleFactoryBody.cpp,no,4,1,3,0
Code/GameEngine/Source/GameLogic/Object/Update/DetachableRiderUpdateFriendNew.cpp,yes,0,0,0,0
Code/GameEngine/Source/GameLogic/Object/Update/DetachableRiderUpdateModuleDataFriendNew.cpp,yes,0,0,0,0
Code/GameEngine/Source/GameLogic/Object/Update/DetachableRiderUpdatePoolKey.cpp,yes,0,0,0,0
Code/GameEngine/Source/GameLogic/Object/Update/DetachableRiderUpdateXfer.cpp,yes,0,0,0,0
Code/GameEngine/Source/GameLogic/Object/Update/DockUpdate/DockUpdate.cpp,yes,0,0,0,0
Code/GameEngine/Source/GameLogic/Object/Update/DockUpdate/DockUpdateCtor.cpp,no,9,4,55,0
Code/GameEngine/Source/GameLogic/Object/Update/DockUpdate/DockUpdateModuleDataCtor.cpp,no,0,0,0,1
Code/GameEngine/Source/GameLogic/Object/Update/DockUpdate/DockUpdateXfer.cpp,no,0,0,40,0
Code/GameEngine/Source/GameLogic/Object/Update/DockUpdate/RailedTransportDockUpdate.cpp,no,29,5,25,0
Code/GameEngine/Source/GameLogic/Object/Update/DockUpdate/SupplyCenterDockUpdateConstructor.cpp,no,5,0,0,0
Code/GameEngine/Source/GameLogic/Object/Update/DockUpdate/SupplyCenterDockUpdateModuleDataCtor.cpp,no,1,0,0,0
Code/GameEngine/Source/GameLogic/Object/Update/DockUpdate/SupplyCenterDockUpdateModuleDataFriendNew.cpp,yes,0,0,0,0
Code/GameEngine/Source/GameLogic/Object/Update/DockUpdate/SupplyCenterDockUpdateXfer.cpp,yes,0,0,0,0
Code/GameEngine/Source/GameLogic/Object/Update/DockUpdate/SupplyWarehouseDockUpdate.cpp,no,24,2,14,0
Code/GameEngine/Source/GameLogic/Object/Update/DockUpdate/SupplyWarehouseDockUpdateXfer.cpp,yes,0,0,0,0
Code/GameEngine/Source/GameLogic/Object/Update/DozerAIUpdateCtor.cpp,no,1,1,0,0
Code/GameEngine/Source/GameLogic/Object/Update/DozerAIUpdateFriendNew.cpp,yes,0,0,0,0
Code/GameEngine/Source/GameLogic/Object/Update/DozerAIUpdateInstanceNew.cpp,no,0,1,1,0
Code/GameEngine/Source/GameLogic/Object/Update/DozerAIUpdateModuleDataCtor.cpp,no,0,2,2,2
Code/GameEngine/Source/GameLogic/Object/Update/DynamicGeometryInfoUpdateCtor.cpp,no,0,1,0,0
Code/GameEngine/Source/GameLogic/Object/Update/DynamicGeometryInfoUpdateFriendNew.cpp,no,1,0,0,0
Code/GameEngine/Source/GameLogic/Object/Update/DynamicShroudClearingRangeUpdate.cpp,yes,0,0,0,0
Code/GameEngine/Source/GameLogic/Object/Update/DynamicShroudClearingRangeUpdateCreateGridDecals.cpp,no,1,0,0,0
Code/GameEngine/Source/GameLogic/Object/Update/DynamicShroudClearingRangeUpdateCtor.cpp,no,2,0,0,3
Code/GameEngine/Source/GameLogic/Object/Update/DynamicShroudClearingRangeUpdateDtor.cpp,yes,0,0,0,0
Code/GameEngine/Source/GameLogic/Object/Update/DynamicShroudClearingRangeUpdateFriendNew.cpp,no,0,1,1,0
Code/GameEngine/Source/GameLogic/Object/Update/DynamicShroudClearingRangeUpdateModuleDataCtor.cpp,no,1,0,1,1
Code/GameEngine/Source/GameLogic/Object/Update/DynamicShroudClearingRangeUpdateModuleDataDtor.cpp,no,0,2,1,1
Code/GameEngine/Source/GameLogic/Object/Update/DynamicShroudClearingRangeUpdateModuleDataFriendNew.cpp,yes,0,0,0,0
Code/GameEngine/Source/GameLogic/Object/Update/DynamicShroudClearingRangeUpdatePoolKey.cpp,yes,0,0,0,0
Code/GameEngine/Source/GameLogic/Object/Update/DynamicShroudClearingRangeUpdateXfer.cpp,yes,0,0,0,0
Code/GameEngine/Source/GameLogic/Object/Update/EMPUpdate.cpp,no,26,4,20,0
Code/GameEngine/Source/GameLogic/Object/Update/EmotionTrackerDeletingDtor.cpp,no,0,1,2,0
Code/GameEngine/Source/GameLogic/Object/Update/EmotionTrackerUpdateFriendNew.cpp,no,1,0,0,0
Code/GameEngine/Source/GameLogic/Object/Update/EmotionTrackerUpdateModuleDataCtor.cpp,no,2,0,11,8
Code/GameEngine/Source/GameLogic/Object/Update/EmotionTrackerUpdateModuleDataDtor.cpp,no,3,2,3,1
Code/GameEngine/Source/GameLogic/Object/Update/EmotionTrackerUpdateModuleDataFriendNew.cpp,yes,0,0,0,0
Code/GameEngine/Source/GameLogic/Object/Update/EmotionTrackerUpdatePoolKey.cpp,yes,0,0,0,0
Code/GameEngine/Source/GameLogic/Object/Update/EnragedUpdateModuleDataCtor.cpp,no,2,0,1,2
Code/GameEngine/Source/GameLogic/Object/Update/EnragedUpdateModuleDataFriendNew.cpp,yes,0,0,0,0
Code/GameEngine/Source/GameLogic/Object/Update/EntEnragedUpdateCtorThunk.cpp,no,7,1,7,0
Code/GameEngine/Source/GameLogic/Object/Update/EntEnragedUpdateFriendNew.cpp,yes,0,0,0,0
Code/GameEngine/Source/GameLogic/Object/Update/EntEnragedUpdateModuleDataDtor.cpp,no,0,2,2,1
Code/GameEngine/Source/GameLogic/Object/Update/EntEnragedUpdatePoolKey.cpp,yes,0,0,0,0
Code/GameEngine/Source/GameLogic/Object/Update/EvacuateDamageFriendNew.cpp,yes,0,0,0,0
Code/GameEngine/Source/GameLogic/Object/Update/EvacuateDamageModuleDataDtor.cpp,no,0,2,1,0
Code/GameEngine/Source/GameLogic/Object/Update/EvacuateGarrisonSpecialPowerModuleDataCtor.cpp,no,1,1,0,0
Code/GameEngine/Source/GameLogic/Object/Update/ExperienceLevelCreateModuleDataCtor.cpp,no,0,0,0,1
Code/GameEngine/Source/GameLogic/Object/Update/ExperienceLevelCreateModuleDataFriendNew.cpp,yes,0,0,0,0
Code/GameEngine/Source/GameLogic/Object/Update/FadeAndDieOrnamentUpdateCtor.cpp,no,1,0,0,3
Code/GameEngine/Source/GameLogic/Object/Update/FadeAndDieOrnamentUpdateFriendNew.cpp,yes,0,0,0,0
Code/GameEngine/Source/GameLogic/Object/Update/FadeAndDieOrnamentUpdateModuleDataCtor.cpp,no,3,2,1,2
Code/GameEngine/Source/GameLogic/Object/Update/FadeAndDieOrnamentUpdatePoolKey.cpp,yes,0,0,0,0
Code/GameEngine/Source/GameLogic/Object/Update/FireSpreadUpdate.cpp,no,11,2,16,0
Code/GameEngine/Source/GameLogic/Object/Update/FireSpreadUpdateFriendNew.cpp,no,0,1,1,0
Code/GameEngine/Source/GameLogic/Object/Update/FireSpreadUpdateModuleDataCtor.cpp,no,0,1,1,1
Code/GameEngine/Source/GameLogic/Object/Update/FireSpreadUpdateModuleDataFriendNew.cpp,yes,0,0,0,0
Code/GameEngine/Source/GameLogic/Object/Update/FireSpreadUpdatePoolKey.cpp,yes,0,0,0,0
Code/GameEngine/Source/GameLogic/Object/Update/FireWeaponUpdateBehaviorDtor.cpp,no,1,1,10,2
Code/GameEngine/Source/GameLogic/Object/Update/FireWeaponUpdateCtor.cpp,no,3,0,8,3
Code/GameEngine/Source/GameLogic/Object/Update/FireWeaponUpdateFriendNew.cpp,no,0,1,1,0
Code/GameEngine/Source/GameLogic/Object/Update/FireWeaponUpdateModuleDataCtor.cpp,no,2,0,0,1
Code/GameEngine/Source/GameLogic/Object/Update/FireWeaponUpdateModuleDataDtor.cpp,no,0,2,12,1
Code/GameEngine/Source/GameLogic/Object/Update/FireWeaponUpdatePoolKey.cpp,yes,0,0,0,0
Code/GameEngine/Source/GameLogic/Object/Update/FirestormDynamicGeometryInfoUpdateCtor.cpp,no,1,1,0,0
Code/GameEngine/Source/GameLogic/Object/Update/FirestormDynamicGeometryInfoUpdateFriendNew.cpp,no,0,1,0,0
Code/GameEngine/Source/GameLogic/Object/Update/FlammableUpdate.cpp,no,14,6,24,1
Code/GameEngine/Source/GameLogic/Object/Update/FlammableUpdateCtor.cpp,no,2,0,0,5
Code/GameEngine/Source/GameLogic/Object/Update/FlammableUpdateDtor.cpp,no,4,1,0,0
Code/GameEngine/Source/GameLogic/Object/Update/FlammableUpdateFriendNew.cpp,no,0,1,1,0
Code/GameEngine/Source/GameLogic/Object/Update/FlammableUpdateModuleDataDtor.cpp,no,4,2,3,1
Code/GameEngine/Source/GameLogic/Object/Update/FlammableUpdateModuleDataFriendNew.cpp,yes,0,0,0,0
Code/GameEngine/Source/GameLogic/Object/Update/FlammableUpdatePoolKey.cpp,yes,0,0,0,0
Code/GameEngine/Source/GameLogic/Object/Update/FlammableUpdateXfer.cpp,no,0,1,1,1
Code/GameEngine/Source/GameLogic/Object/Update/FlingPassengerSpecialAbilityUpdateCtor.cpp,no,1,0,0,0
Code/GameEngine/Source/GameLogic/Object/Update/FlingPassengerSpecialAbilityUpdateFriendNew.cpp,yes,0,0,0,0
Code/GameEngine/Source/GameLogic/Object/Update/FlingPassengerSpecialAbilityUpdateModuleDataCtor.cpp,no,1,0,0,2
Code/GameEngine/Source/GameLogic/Object/Update/FlingPassengerSpecialAbilityUpdatePoolKey.cpp,yes,0,0,0,0
Code/GameEngine/Source/GameLogic/Object/Update/FloatUpdate.cpp,no,12,2,19,0
Code/GameEngine/Source/GameLogic/Object/Update/FloatUpdateFriendNew.cpp,no,0,1,1,0
Code/GameEngine/Source/GameLogic/Object/Update/FloatUpdateModuleDataCtor.cpp,no,0,1,1,1
Code/GameEngine/Source/GameLogic/Object/Update/FloatUpdateModuleDataFriendNew.cpp,yes,0,0,0,0
Code/GameEngine/Source/GameLogic/Object/Update/FloatUpdatePoolKey.cpp,yes,0,0,0,0
Code/GameEngine/Source/GameLogic/Object/Update/FloodUpdateCtor.cpp,no,3,0,8,0
Code/GameEngine/Source/GameLogic/Object/Update/FloodUpdateDtor.cpp,no,3,1,12,0
Code/GameEngine/Source/GameLogic/Object/Update/FloodUpdateFriendNew.cpp,yes,0,0,0,0
Code/GameEngine/Source/GameLogic/Object/Update/FloodUpdateModuleDataCtor.cpp,no,2,0,0,1
Code/GameEngine/Source/GameLogic/Object/Update/FloodUpdateModuleDataDtor.cpp,no,0,2,9,1
Code/GameEngine/Source/GameLogic/Object/Update/FloodUpdateModuleDataFriendNew.cpp,yes,0,0,0,0
Code/GameEngine/Source/GameLogic/Object/Update/FloodUpdatePoolKey.cpp,yes,0,0,0,0
Code/GameEngine/Source/GameLogic/Object/Update/FoundationAIUpdateCtor.cpp,no,2,0,0,5
Code/GameEngine/Source/GameLogic/Object/Update/FoundationAIUpdateFriendNew.cpp,yes,0,0,0,0
Code/GameEngine/Source/GameLogic/Object/Update/FoundationAIUpdatePoolKey.cpp,yes,0,0,0,0
Code/GameEngine/Source/GameLogic/Object/Update/FoundationAIUpdateSlot14.cpp,no,1,0,0,0
Code/GameEngine/Source/GameLogic/Object/Update/FoundationAIUpdateXfer.cpp,no,1,0,0,0
Code/GameEngine/Source/GameLogic/Object/Update/FreeLifeBodyModuleDataCtor.cpp,no,0,0,0,1
Code/GameEngine/Source/GameLogic/Object/Update/FreeLifeBodyModuleDataFriendNew.cpp,yes,0,0,0,0
Code/GameEngine/Source/GameLogic/Object/Update/FreelistPoolPop.cpp,yes,0,0,0,0
Code/GameEngine/Source/GameLogic/Object/Update/GiantBirdAIUpdateFriendNew.cpp,no,1,0,0,0
Code/GameEngine/Source/GameLogic/Object/Update/GiantBirdAIUpdatePoolKey.cpp,yes,0,0,0,0
Code/GameEngine/Source/GameLogic/Object/Update/GiveUpgradeUpdateCtor.cpp,no,1,0,0,0
Code/GameEngine/Source/GameLogic/Object/Update/GiveUpgradeUpdateFriendNew.cpp,yes,0,0,0,0
Code/GameEngine/Source/GameLogic/Object/Update/GiveUpgradeUpdateModuleDataCtor.cpp,no,3,0,6,0
Code/GameEngine/Source/GameLogic/Object/Update/GiveUpgradeUpdateModuleDataDtor.cpp,no,0,1,1,0
Code/GameEngine/Source/GameLogic/Object/Update/GiveUpgradeUpdateModuleDataFriendNew.cpp,yes,0,0,0,0
Code/GameEngine/Source/GameLogic/Object/Update/GiveUpgradeUpdatePoolKey.cpp,yes,0,0,0,0
Code/GameEngine/Source/GameLogic/Object/Update/GiveUpgradeUpdateXfer.cpp,yes,0,0,0,0
Code/GameEngine/Source/GameLogic/Object/Update/GloriousChargeUpdateBehaviorCtor.cpp,no,3,0,0,4
Code/GameEngine/Source/GameLogic/Object/Update/GloriousChargeUpdateBehaviorDtor.cpp,no,1,1,0,4
Code/GameEngine/Source/GameLogic/Object/Update/GloriousChargeUpdateFriendNew.cpp,yes,0,0,0,0
Code/GameEngine/Source/GameLogic/Object/Update/GloriousChargeUpdateModuleDataCtor.cpp,no,1,0,0,1
Code/GameEngine/Source/GameLogic/Object/Update/GloriousChargeUpdateModuleDataFriendNew.cpp,yes,0,0,0,0
Code/GameEngine/Source/GameLogic/Object/Update/GloriousChargeUpdatePoolKey.cpp,yes,0,0,0,0
Code/GameEngine/Source/GameLogic/Object/Update/HeightDieUpdateCtor.cpp,yes,0,0,0,0
Code/GameEngine/Source/GameLogic/Object/Update/HeightDieUpdateFriendNew.cpp,no,0,1,1,0
Code/GameEngine/Source/GameLogic/Object/Update/HeightDieUpdateModuleDataCtor.cpp,no,0,0,0,1
Code/GameEngine/Source/GameLogic/Object/Update/HeightDieUpdateModuleDataFriendNew.cpp,yes,0,0,0,0
Code/GameEngine/Source/GameLogic/Object/Update/HeightDieUpdatePoolKey.cpp,yes,0,0,0,0
Code/GameEngine/Source/GameLogic/Object/Update/HelicopterSlowDeathUpdate.cpp,no,24,2,29,0
Code/GameEngine/Source/GameLogic/Object/Update/HeroModeSpecialAbilityUpdateFriendNew.cpp,no,1,0,0,0
Code/GameEngine/Source/GameLogic/Object/Update/HeroModeSpecialAbilityUpdateModuleDataCtor.cpp,no,1,2,0,0
Code/GameEngine/Source/GameLogic/Object/Update/HeroModeSpecialAbilityUpdateModuleDataDtor.cpp,no,0,1,1,0
Code/GameEngine/Source/GameLogic/Object/Update/HeroModeSpecialAbilityUpdatePoolKey.cpp,yes,0,0,0,0
Code/GameEngine/Source/GameLogic/Object/Update/HijackerUpdate.cpp,no,15,2,23,0
Code/GameEngine/Source/GameLogic/Object/Update/HijackerUpdateCtor.cpp,no,0,2,1,0
Code/GameEngine/Source/GameLogic/Object/Update/HijackerUpdateFriendNew.cpp,no,0,1,1,0
Code/GameEngine/Source/GameLogic/Object/Update/HijackerUpdateModuleDataFriendNew.cpp,no,0,0,1,1
Code/GameEngine/Source/GameLogic/Object/Update/HijackerUpdatePoolKey.cpp,yes,0,0,0,0
Code/GameEngine/Source/GameLogic/Object/Update/HordeAIUpdateFriendNew.cpp,yes,0,0,0,0
Code/GameEngine/Source/GameLogic/Object/Update/HordeAIUpdatePoolKey.cpp,yes,0,0,0,0
Code/GameEngine/Source/GameLogic/Object/Update/HordeDispatchSpecialPowerVslot.cpp,no,0,0,0,2
Code/GameEngine/Source/GameLogic/Object/Update/HordeNotifyTargetsOfImminentProbableCrushingUpdateCtor.cpp,no,0,0,0,3
Code/GameEngine/Source/GameLogic/Object/Update/HordeNotifyTargetsOfImminentProbableCrushingUpdateFriendNew.cpp,yes,0,0,0,0
Code/GameEngine/Source/GameLogic/Object/Update/HordeNotifyTargetsOfImminentProbableCrushingUpdatePoolKey.cpp,yes,0,0,0,0
Code/GameEngine/Source/GameLogic/Object/Update/HordeUpdate.cpp,no,24,1,35,0
Code/GameEngine/Source/GameLogic/Object/Update/HordeUpdateModuleDataFriendNew.cpp,yes,0,0,0,0
Code/GameEngine/Source/GameLogic/Object/Update/HordeWorkerAIUpdateCtor.cpp,no,2,0,0,6
Code/GameEngine/Source/GameLogic/Object/Update/HordeWorkerAIUpdateDtor.cpp,no,4,1,0,1
Code/GameEngine/Source/GameLogic/Object/Update/HordeWorkerAIUpdateFriendNew.cpp,yes,0,0,0,0
Code/GameEngine/Source/GameLogic/Object/Update/HordeWorkerAIUpdatePoolKey.cpp,yes,0,0,0,0
Code/GameEngine/Source/GameLogic/Object/Update/InheritUpgradeCreateModuleDataCtor.cpp,no,2,0,0,1
Code/GameEngine/Source/GameLogic/Object/Update/InheritUpgradeCreateModuleDataDtor.cpp,no,0,2,1,1
Code/GameEngine/Source/GameLogic/Object/Update/InheritUpgradeCreateModuleDataFriendNew.cpp,yes,0,0,0,0
Code/GameEngine/Source/GameLogic/Object/Update/InvisibilityUpdateCtor.cpp,yes,0,0,0,0
Code/GameEngine/Source/GameLogic/Object/Update/InvisibilityUpdateDtor.cpp,no,4,0,0,0
Code/GameEngine/Source/GameLogic/Object/Update/InvisibilityUpdateFriendNew.cpp,yes,0,0,0,0
Code/GameEngine/Source/GameLogic/Object/Update/InvisibilityUpdateModuleDataFriendNew.cpp,no,1,0,0,0
Code/GameEngine/Source/GameLogic/Object/Update/InvisibilityUpdatePoolKey.cpp,yes,0,0,0,0
Code/GameEngine/Source/GameLogic/Object/Update/InvisibilityUpdateRva004A390B.cpp,yes,0,0,0,0
Code/GameEngine/Source/GameLogic/Object/Update/InvisibilityUpdateXfer.cpp,yes,0,0,0,0
Code/GameEngine/Source/GameLogic/Object/Update/LargeGroupAudioUpdateCtor.cpp,no,1,0,0,7
Code/GameEngine/Source/GameLogic/Object/Update/LargeGroupAudioUpdateDtor.cpp,no,4,1,1,0
Code/GameEngine/Source/GameLogic/Object/Update/LargeGroupAudioUpdateFriendNew.cpp,yes,0,0,0,0
Code/GameEngine/Source/GameLogic/Object/Update/LargeGroupAudioUpdateModuleDataFriendNew.cpp,no,1,0,0,0
Code/GameEngine/Source/GameLogic/Object/Update/LargeGroupAudioUpdatePoolKey.cpp,yes,0,0,0,0
Code/GameEngine/Source/GameLogic/Object/Update/LargeGroupAudioUpdateRandom.cpp,yes,0,0,0,0
Code/GameEngine/Source/GameLogic/Object/Update/LargeGroupBonusUpdateCtor.cpp,no,2,0,0,5
Code/GameEngine/Source/GameLogic/Object/Update/LargeGroupBonusUpdateFriendNew.cpp,yes,0,0,0,0
Code/GameEngine/Source/GameLogic/Object/Update/LargeGroupBonusUpdateModuleDataDtor.cpp,no,0,2,10,1
Code/GameEngine/Source/GameLogic/Object/Update/LargeGroupBonusUpdateModuleDataFriendNew.cpp,no,1,0,0,0
Code/GameEngine/Source/GameLogic/Object/Update/LargeGroupBonusUpdatePoolKey.cpp,yes,0,0,0,0
Code/GameEngine/Source/GameLogic/Object/Update/LargeGroupBonusUpdateXfer.cpp,yes,0,0,0,0
Code/GameEngine/Source/GameLogic/Object/Update/LaserUpdate.cpp,no,20,9,13,0
Code/GameEngine/Source/GameLogic/Object/Update/LaserUpdateCtor.cpp,no,0,1,1,1
Code/GameEngine/Source/GameLogic/Object/Update/LaserUpdateDtor.cpp,no,3,0,1,1
Code/GameEngine/Source/GameLogic/Object/Update/LaserUpdateFriendNew.cpp,no,0,1,0,0
Code/GameEngine/Source/GameLogic/Object/Update/LaserUpdateModuleDataCtor.cpp,no,0,1,1,1
Code/GameEngine/Source/GameLogic/Object/Update/LaserUpdateModuleDataDtor.cpp,no,0,2,2,1
Code/GameEngine/Source/GameLogic/Object/Update/LaserUpdateModuleDataFriendNew.cpp,yes,0,0,0,0
Code/GameEngine/Source/GameLogic/Object/Update/LaserUpdatePoolKey.cpp,yes,0,0,0,0
Code/GameEngine/Source/GameLogic/Object/Update/LevelGrantSpecialPowerCtorThunk.cpp,no,4,0,0,0
Code/GameEngine/Source/GameLogic/Object/Update/LifetimeUpdateCalcSleepDelay.cpp,no,0,0,1,0
Code/GameEngine/Source/GameLogic/Object/Update/LifetimeUpdateCtor.cpp,no,2,2,3,0
Code/GameEngine/Source/GameLogic/Object/Update/LifetimeUpdateFriendNew.cpp,no,0,1,1,0
Code/GameEngine/Source/GameLogic/Object/Update/LifetimeUpdateFriendNewData.cpp,no,0,2,2,0
Code/GameEngine/Source/GameLogic/Object/Update/LifetimeUpdateModuleDataConstructor.cpp,no,0,1,1,1
Code/GameEngine/Source/GameLogic/Object/Update/LifetimeUpdatePoolKey.cpp,yes,0,0,0,0
Code/GameEngine/Source/GameLogic/Object/Update/LifetimeUpdateSetLifetimeRange.cpp,yes,0,0,0,0
Code/GameEngine/Source/GameLogic/Object/Update/LockWeaponCreateModuleDataCtor.cpp,no,0,1,1,1
Code/GameEngine/Source/GameLogic/Object/Update/MarkerTypeUpdateModuleDataCtor.cpp,no,0,0,1,2
Code/GameEngine/Source/GameLogic/Object/Update/MarkerTypeUpdateModuleDataFriendNew.cpp,yes,0,0,0,0
Code/GameEngine/Source/GameLogic/Object/Update/MissileLauncherBuildingUpdateCtor.cpp,no,1,1,0,0
Code/GameEngine/Source/GameLogic/Object/Update/MissileLauncherBuildingUpdateDtor.cpp,no,4,0,0,0
Code/GameEngine/Source/GameLogic/Object/Update/MissileUpdateCtor.cpp,no,3,1,1,5
Code/GameEngine/Source/GameLogic/Object/Update/MissileUpdateDtor.cpp,no,0,1,0,0
Code/GameEngine/Source/GameLogic/Object/Update/MissileUpdateFriendNew.cpp,yes,0,0,0,0
Code/GameEngine/Source/GameLogic/Object/Update/MissileUpdateModuleDataCtor.cpp,no,2,0,0,1
Code/GameEngine/Source/GameLogic/Object/Update/MissileUpdateModuleDataDtor.cpp,no,0,2,1,1
Code/GameEngine/Source/GameLogic/Object/Update/MissileUpdateModuleDataFriendNew.cpp,yes,0,0,0,0
Code/GameEngine/Source/GameLogic/Object/Update/MissileUpdatePoolKey.cpp,yes,0,0,0,0
Code/GameEngine/Source/GameLogic/Object/Update/MobMemberSlavedUpdate.cpp,no,16,1,50,0
Code/GameEngine/Source/GameLogic/Object/Update/ModelConditionSoundSelectorClientBehaviorModuleDataCtor.cpp,no,0,1,0,0
Code/GameEngine/Source/GameLogic/Object/Update/ModelConditionSoundSelectorClientBehaviorModuleDataDtor.cpp,no,0,2,9,1
Code/GameEngine/Source/GameLogic/Object/Update/ModelConditionSpecialAbilityUpdateFriendNew.cpp,no,1,0,0,0
Code/GameEngine/Source/GameLogic/Object/Update/ModelConditionSpecialAbilityUpdateModuleDataCtor.cpp,no,0,0,0,1
Code/GameEngine/Source/GameLogic/Object/Update/ModelConditionSpecialAbilityUpdateModuleDataCtor2.cpp,no,5,0,0,0
Code/GameEngine/Source/GameLogic/Object/Update/ModelConditionSpecialAbilityUpdateModuleDataFriendNew.cpp,yes,0,0,0,0
Code/GameEngine/Source/GameLogic/Object/Update/ModelConditionSpecialAbilityUpdatePoolKey.cpp,yes,0,0,0,0
Code/GameEngine/Source/GameLogic/Object/Update/ModelConditionUpgradeModuleDataCtor.cpp,no,1,0,0,1
Code/GameEngine/Source/GameLogic/Object/Update/ModelConditionUpgradeModuleDataFriendNew.cpp,yes,0,0,0,0
Code/GameEngine/Source/GameLogic/Object/Update/ModuleDataBuildFieldParse.cpp,no,0,20,19,79
Code/GameEngine/Source/GameLogic/Object/Update/ModuleDataBuildFieldParseChained.cpp,no,0,12,12,63
Code/GameEngine/Source/GameLogic/Object/Update/ModuleDataFriendNewFactories.cpp,no,8,0,0,0
Code/GameEngine/Source/GameLogic/Object/Update/ModuleDataFriendNewFactories84.cpp,no,3,0,0,0
Code/GameEngine/Source/GameLogic/Object/Update/ModuleUpdateDtors.cpp,no,0,1,1,0
Code/GameEngine/Source/GameLogic/Object/Update/ModuleUpdateDtors2.cpp,no,2,0,0,0
Code/GameEngine/Source/GameLogic/Object/Update/MonitorConditionUpdateCtor.cpp,yes,0,0,0,0
Code/GameEngine/Source/GameLogic/Object/Update/MonitorConditionUpdateDtor.cpp,no,3,1,2,0
Code/GameEngine/Source/GameLogic/Object/Update/MonitorConditionUpdateFriendNew.cpp,yes,0,0,0,0
Code/GameEngine/Source/GameLogic/Object/Update/MonitorConditionUpdateModuleDataDtor.cpp,no,0,2,1,1
Code/GameEngine/Source/GameLogic/Object/Update/MonitorConditionUpdatePoolKey.cpp,yes,0,0,0,0
Code/GameEngine/Source/GameLogic/Object/Update/MonitorConditionUpdateXfer.cpp,yes,0,0,0,0
Code/GameEngine/Source/GameLogic/Object/Update/MonsterDockUpdateCtor.cpp,yes,0,0,0,0
Code/GameEngine/Source/GameLogic/Object/Update/MonsterDockUpdateDtor.cpp,no,3,1,0,0
Code/GameEngine/Source/GameLogic/Object/Update/MonsterDockUpdateFriendNew.cpp,yes,0,0,0,0
Code/GameEngine/Source/GameLogic/Object/Update/MonsterDockUpdateModuleDataCtor.cpp,no,1,1,0,0
Code/GameEngine/Source/GameLogic/Object/Update/MonsterDockUpdateModuleDataDtor.cpp,no,0,2,2,1
Code/GameEngine/Source/GameLogic/Object/Update/MonsterDockUpdateModuleDataFriendNew.cpp,yes,0,0,0,0
Code/GameEngine/Source/GameLogic/Object/Update/MonsterDockUpdatePoolKey.cpp,yes,0,0,0,0
Code/GameEngine/Source/GameLogic/Object/Update/MonsterDockUpdateXfer.cpp,yes,0,0,0,0
Code/GameEngine/Source/GameLogic/Object/Update/NotifyTargetsOfImminentProbableCrushingUpdateCtor.cpp,no,0,0,0,3
Code/GameEngine/Source/GameLogic/Object/Update/NotifyTargetsOfImminentProbableCrushingUpdateFriendNew.cpp,yes,0,0,0,0
Code/GameEngine/Source/GameLogic/Object/Update/NotifyTargetsOfImminentProbableCrushingUpdatePoolKey.cpp,yes,0,0,0,0
Code/GameEngine/Source/GameLogic/Object/Update/NotifyTargetsOfImminentProbableCrushingUpdateXfer.cpp,yes,0,0,0,0
Code/GameEngine/Source/GameLogic/Object/Update/OCLUpdateBehaviorCtor.cpp,yes,0,0,0,0
Code/GameEngine/Source/GameLogic/Object/Update/OCLUpdateCtor.cpp,no,1,1,0,0
Code/GameEngine/Source/GameLogic/Object/Update/OCLUpdateFriendNew.cpp,yes,0,0,0,0
Code/GameEngine/Source/GameLogic/Object/Update/OCLUpdateInstanceNew.cpp,no,0,1,0,0
Code/GameEngine/Source/GameLogic/Object/Update/OCLUpdateModuleDataCtor.cpp,no,0,0,0,1
Code/GameEngine/Source/GameLogic/Object/Update/OCLUpdateModuleDataFriendNew.cpp,yes,0,0,0,0
Code/GameEngine/Source/GameLogic/Object/Update/OCLUpdatePoolKey.cpp,yes,0,0,0,0
Code/GameEngine/Source/GameLogic/Object/Update/OilSpillUpdateCtor.cpp,no,4,1,6,0
Code/GameEngine/Source/GameLogic/Object/Update/OilSpillUpdateDtor.cpp,no,3,1,1,0
Code/GameEngine/Source/GameLogic/Object/Update/OilSpillUpdateFriendNew.cpp,yes,0,0,0,0
Code/GameEngine/Source/GameLogic/Object/Update/OilSpillUpdateModuleDataCtor.cpp,no,0,0,0,1
Code/GameEngine/Source/GameLogic/Object/Update/OilSpillUpdateModuleDataDtor.cpp,no,0,1,0,0
Code/GameEngine/Source/GameLogic/Object/Update/OilSpillUpdateModuleDataFriendNew.cpp,yes,0,0,0,0
Code/GameEngine/Source/GameLogic/Object/Update/OilSpillUpdatePoolKey.cpp,yes,0,0,0,0
Code/GameEngine/Source/GameLogic/Object/Update/OneRingPenaltyUpdateCtor.cpp,no,2,0,0,5
Code/GameEngine/Source/GameLogic/Object/Update/OneRingPenaltyUpdateFriendNewModuleInstance.cpp,yes,0,0,0,0
Code/GameEngine/Source/GameLogic/Object/Update/OneRingPenaltyUpdateModuleDataCtor.cpp,no,0,0,0,1
Code/GameEngine/Source/GameLogic/Object/Update/OneRingPenaltyUpdateModuleDataDtor.cpp,no,3,2,3,1
Code/GameEngine/Source/GameLogic/Object/Update/OneRingPenaltyUpdateModuleDataFriendNew.cpp,yes,0,0,0,0
Code/GameEngine/Source/GameLogic/Object/Update/OneRingPenaltyUpdatePoolKey.cpp,yes,0,0,0,0
Code/GameEngine/Source/GameLogic/Object/Update/OneRingPenaltyUpdateXfer.cpp,yes,0,0,0,0
Code/GameEngine/Source/GameLogic/Object/Update/POWTruckAIUpdateCtor.cpp,no,1,1,0,0
Code/GameEngine/Source/GameLogic/Object/Update/POWTruckAIUpdateFriendNew.cpp,yes,0,0,0,0
Code/GameEngine/Source/GameLogic/Object/Update/PanicUpdateModuleDataCtor.cpp,no,1,2,1,1
Code/GameEngine/Source/GameLogic/Object/Update/PanicUpdateModuleDataFriendNew.cpp,yes,0,0,0,0
Code/GameEngine/Source/GameLogic/Object/Update/PartTheHeavensUpdateCtor.cpp,yes,0,0,0,0
Code/GameEngine/Source/GameLogic/Object/Update/PartTheHeavensUpdateDtor.cpp,no,3,0,0,0
Code/GameEngine/Source/GameLogic/Object/Update/PartTheHeavensUpdateFriendNew.cpp,yes,0,0,0,0
Code/GameEngine/Source/GameLogic/Object/Update/PartTheHeavensUpdateModuleDataDtor.cpp,no,0,2,1,1
Code/GameEngine/Source/GameLogic/Object/Update/PartTheHeavensUpdateModuleDataFriendNew.cpp,no,1,0,0,0
Code/GameEngine/Source/GameLogic/Object/Update/PartTheHeavensUpdatePoolKey.cpp,yes,0,0,0,0
Code/GameEngine/Source/GameLogic/Object/Update/PartTheHeavensUpdateXfer.cpp,yes,0,0,0,0
Code/GameEngine/Source/GameLogic/Object/Update/ParticleUplinkCannonUpdate.cpp,no,42,9,29,0
Code/GameEngine/Source/GameLogic/Object/Update/PhysicsUpdate.cpp,no,38,7,68,0
Code/GameEngine/Source/GameLogic/Object/Update/PickupStuffUpdateCtor.cpp,yes,0,0,0,0
Code/GameEngine/Source/GameLogic/Object/Update/PickupStuffUpdateFriendNew.cpp,yes,0,0,0,0
Code/GameEngine/Source/GameLogic/Object/Update/PickupStuffUpdateModuleDataCtor.cpp,no,3,0,0,1
Code/GameEngine/Source/GameLogic/Object/Update/PickupStuffUpdateModuleDataDtor.cpp,no,0,2,2,1
Code/GameEngine/Source/GameLogic/Object/Update/PickupStuffUpdateModuleDataFriendNew.cpp,yes,0,0,0,0
Code/GameEngine/Source/GameLogic/Object/Update/PickupStuffUpdatePoolKey.cpp,yes,0,0,0,0
Code/GameEngine/Source/GameLogic/Object/Update/PilotFindVehicleUpdateCtor.cpp,no,1,0,0,0
Code/GameEngine/Source/GameLogic/Object/Update/PilotFindVehicleUpdateFriendNew.cpp,no,1,0,0,0
Code/GameEngine/Source/GameLogic/Object/Update/PointDefenseLaserUpdateCtor.cpp,no,2,1,0,0
Code/GameEngine/Source/GameLogic/Object/Update/PointDefenseLaserUpdateFriendNew.cpp,no,0,1,0,0
Code/GameEngine/Source/GameLogic/Object/Update/PrisonDockUpdateCtor.cpp,no,1,1,1,0
Code/GameEngine/Source/GameLogic/Object/Update/PrisonDockUpdateFriendNew.cpp,yes,0,0,0,0
Code/GameEngine/Source/GameLogic/Object/Update/ProductionExitUpdate/DefaultProductionExitUpdate.cpp,no,15,2,41,0
Code/GameEngine/Source/GameLogic/Object/Update/ProductionExitUpdate/QueueProductionExitUpdate.cpp,no,16,3,37,0
Code/GameEngine/Source/GameLogic/Object/Update/ProductionExitUpdate/SpawnPointInitializeBonePositions.cpp,no,2,1,4,0
Code/GameEngine/Source/GameLogic/Object/Update/ProductionExitUpdate/SpawnPointProductionExitUpdate.cpp,no,16,4,14,0
Code/GameEngine/Source/GameLogic/Object/Update/ProductionExitUpdate/SpawnPointProductionExitUpdateCtor.cpp,no,2,1,2,0
Code/GameEngine/Source/GameLogic/Object/Update/ProductionExitUpdate/SpawnPointProductionExitUpdateDtor.cpp,no,0,1,1,0
Code/GameEngine/Source/GameLogic/Object/Update/ProductionExitUpdate/SpawnPointRevalidateOccupiers.cpp,yes,0,0,0,0
Code/GameEngine/Source/GameLogic/Object/Update/ProductionModifierEntryDtor.cpp,yes,0,0,0,0
Code/GameEngine/Source/GameLogic/Object/Update/ProductionUpdateCtor.cpp,no,3,1,15,0
Code/GameEngine/Source/GameLogic/Object/Update/ProductionUpdateFriendNew.cpp,no,0,1,1,0
Code/GameEngine/Source/GameLogic/Object/Update/ProductionUpdateModuleDataCtor.cpp,no,3,0,18,1
Code/GameEngine/Source/GameLogic/Object/Update/ProductionUpdateModuleDataDtor.cpp,no,4,1,5,1
Code/GameEngine/Source/GameLogic/Object/Update/ProductionUpdateModuleDataFriendNew.cpp,yes,0,0,0,0
Code/GameEngine/Source/GameLogic/Object/Update/ProductionUpdatePoolKey.cpp,yes,0,0,0,0
Code/GameEngine/Source/GameLogic/Object/Update/ProjectileStreamUpdate.cpp,no,10,3,11,0
Code/GameEngine/Source/GameLogic/Object/Update/ProjectileStreamUpdateCtor.cpp,no,3,2,2,0
Code/GameEngine/Source/GameLogic/Object/Update/ProjectileStreamUpdateFriendNew.cpp,no,0,1,1,0
Code/GameEngine/Source/GameLogic/Object/Update/ProjectileStreamUpdatePoolKey.cpp,yes,0,0,0,0
Code/GameEngine/Source/GameLogic/Object/Update/ProneUpdateCtor.cpp,yes,0,0,0,0
Code/GameEngine/Source/GameLogic/Object/Update/ProneUpdateFriendNew.cpp,no,0,1,1,0
Code/GameEngine/Source/GameLogic/Object/Update/ProneUpdateModuleDataCtor.cpp,no,0,0,0,1
Code/GameEngine/Source/GameLogic/Object/Update/ProneUpdateModuleDataFriendNew.cpp,yes,0,0,0,0
Code/GameEngine/Source/GameLogic/Object/Update/ProneUpdatePoolKey.cpp,yes,0,0,0,0
Code/GameEngine/Source/GameLogic/Object/Update/QueueProductionExitUpdateCtor.cpp,no,0,0,0,5
Code/GameEngine/Source/GameLogic/Object/Update/QueueProductionExitUpdateDtor.cpp,no,4,1,3,0
Code/GameEngine/Source/GameLogic/Object/Update/QueueProductionExitUpdateFriendNew.cpp,no,0,1,1,0
Code/GameEngine/Source/GameLogic/Object/Update/QueueProductionExitUpdatePoolKey.cpp,yes,0,0,0,0
Code/GameEngine/Source/GameLogic/Object/Update/QueueProductionExitUpdateXfer.cpp,no,0,1,1,0
Code/GameEngine/Source/GameLogic/Object/Update/RadarMarkerClientUpdateFriendNew.cpp,yes,0,0,0,0
Code/GameEngine/Source/GameLogic/Object/Update/RadarMarkerClientUpdateModuleDataDtor.cpp,no,3,2,3,1
Code/GameEngine/Source/GameLogic/Object/Update/RadarUpdateConstructor.cpp,no,7,0,2,0
Code/GameEngine/Source/GameLogic/Object/Update/RadarUpdateFriendNew.cpp,no,0,1,1,0
Code/GameEngine/Source/GameLogic/Object/Update/RadarUpdateModuleDataCtor.cpp,no,0,0,0,1
Code/GameEngine/Source/GameLogic/Object/Update/RadarUpdateModuleDataFriendNew.cpp,yes,0,0,0,0
Code/GameEngine/Source/GameLogic/Object/Update/RadarUpdatePoolKey.cpp,yes,0,0,0,0
Code/GameEngine/Source/GameLogic/Object/Update/RadiateFearUpdateCtor.cpp,no,2,0,0,4
Code/GameEngine/Source/GameLogic/Object/Update/RadiateFearUpdateFriendNew.cpp,yes,0,0,0,0
Code/GameEngine/Source/GameLogic/Object/Update/RadiateFearUpdateModuleDataCtor.cpp,no,3,0,1,2
Code/GameEngine/Source/GameLogic/Object/Update/RadiateFearUpdateModuleDataDtor.cpp,no,0,2,1,1
Code/GameEngine/Source/GameLogic/Object/Update/RadiateFearUpdateModuleDataFriendNew.cpp,yes,0,0,0,0
Code/GameEngine/Source/GameLogic/Object/Update/RadiateFearUpdatePoolKey.cpp,yes,0,0,0,0
Code/GameEngine/Source/GameLogic/Object/Update/RadiateFearUpdateXfer.cpp,yes,0,0,0,0
Code/GameEngine/Source/GameLogic/Object/Update/RadiusDecalUpdate.cpp,no,2,0,0,0
Code/GameEngine/Source/GameLogic/Object/Update/RadiusDecalUpdateCtorThunk.cpp,no,1,2,5,0
Code/GameEngine/Source/GameLogic/Object/Update/RadiusDecalUpdateFriendNew.cpp,no,0,1,1,0
Code/GameEngine/Source/GameLogic/Object/Update/RadiusDecalUpdatePoolKey.cpp,yes,0,0,0,0
Code/GameEngine/Source/GameLogic/Object/Update/RadiusDecalUpdateXfer.cpp,yes,0,0,0,0
Code/GameEngine/Source/GameLogic/Object/Update/RadiusDecal_clear.cpp,yes,0,0,0,0
Code/GameEngine/Source/GameLogic/Object/Update/RadiusDecal_rva00330F7D.cpp,yes,0,0,0,0
Code/GameEngine/Source/GameLogic/Object/Update/RailedTransportDockUpdateCtor.cpp,no,1,2,2,0
Code/GameEngine/Source/GameLogic/Object/Update/RainOfFireUpdateCtor.cpp,no,0,0,0,5
Code/GameEngine/Source/GameLogic/Object/Update/RainOfFireUpdateDtor.cpp,no,4,1,0,0
Code/GameEngine/Source/GameLogic/Object/Update/RainOfFireUpdateFriendNew.cpp,yes,0,0,0,0
Code/GameEngine/Source/GameLogic/Object/Update/RainOfFireUpdateModuleDataCtor.cpp,no,2,0,0,1
Code/GameEngine/Source/GameLogic/Object/Update/RainOfFireUpdateModuleDataFriendNew.cpp,yes,0,0,0,0
Code/GameEngine/Source/GameLogic/Object/Update/RainOfFireUpdatePoolKey.cpp,yes,0,0,0,0
Code/GameEngine/Source/GameLogic/Object/Update/RainOfFireUpdateXfer.cpp,no,2,0,0,0
Code/GameEngine/Source/GameLogic/Object/Update/RemoveUpgradeUpgradeModuleDataCtor.cpp,no,0,0,4,0
Code/GameEngine/Source/GameLogic/Object/Update/RemoveUpgradeUpgradeModuleDataDtor.cpp,no,0,2,11,1
Code/GameEngine/Source/GameLogic/Object/Update/RemoveUpgradeUpgradeModuleDataFriendNew.cpp,yes,0,0,0,0
Code/GameEngine/Source/GameLogic/Object/Update/RepairDockUpdateBehaviorCtor.cpp,yes,0,0,0,0
Code/GameEngine/Source/GameLogic/Object/Update/RepairDockUpdateCtor.cpp,no,0,3,3,1
Code/GameEngine/Source/GameLogic/Object/Update/RepairDockUpdateFriendNew.cpp,no,1,0,0,0
Code/GameEngine/Source/GameLogic/Object/Update/RepairDockUpdateInstanceNew.cpp,no,0,1,1,0
Code/GameEngine/Source/GameLogic/Object/Update/RepairDockUpdateModuleDataCtor.cpp,no,0,0,0,1
Code/GameEngine/Source/GameLogic/Object/Update/RepairDockUpdateModuleDataParse.cpp,no,0,0,0,1
Code/GameEngine/Source/GameLogic/Object/Update/RepairDockUpdatePoolKey.cpp,yes,0,0,0,0
Code/GameEngine/Source/GameLogic/Object/Update/RepairDockUpdateXfer.cpp,yes,0,0,0,0
Code/GameEngine/Source/GameLogic/Object/Update/ReplaceObjectUpdateCtor.cpp,no,1,0,0,0
Code/GameEngine/Source/GameLogic/Object/Update/ReplaceObjectUpdateEntryDtor.cpp,no,1,0,10,0
Code/GameEngine/Source/GameLogic/Object/Update/ReplaceObjectUpdateFriendNew.cpp,yes,0,0,0,0
Code/GameEngine/Source/GameLogic/Object/Update/ReplaceObjectUpdateModuleDataCtor.cpp,no,1,0,6,1
Code/GameEngine/Source/GameLogic/Object/Update/ReplaceObjectUpdateModuleDataDtor.cpp,no,0,1,6,0
Code/GameEngine/Source/GameLogic/Object/Update/ReplaceObjectUpdateModuleDataFriendNew.cpp,yes,0,0,0,0
Code/GameEngine/Source/GameLogic/Object/Update/ReplaceObjectUpdatePoolKey.cpp,yes,0,0,0,0
Code/GameEngine/Source/GameLogic/Object/Update/ReplaceObjectUpdateXfer.cpp,yes,0,0,0,0
Code/GameEngine/Source/GameLogic/Object/Update/ReplenishUnitsBehaviorCtor.cpp,no,2,0,0,4
Code/GameEngine/Source/GameLogic/Object/Update/RespawnBodyModuleDataDtor.cpp,no,0,1,0,0
Code/GameEngine/Source/GameLogic/Object/Update/RespawnUpdateCtor.cpp,no,2,0,0,3
Code/GameEngine/Source/GameLogic/Object/Update/RespawnUpdateFriendNew.cpp,yes,0,0,0,0
Code/GameEngine/Source/GameLogic/Object/Update/RespawnUpdateModuleDataCtor.cpp,no,2,0,0,2
Code/GameEngine/Source/GameLogic/Object/Update/RespawnUpdateModuleDataDtor.cpp,no,1,2,1,0
Code/GameEngine/Source/GameLogic/Object/Update/RespawnUpdateModuleDataFriendNew.cpp,yes,0,0,0,0
Code/GameEngine/Source/GameLogic/Object/Update/RespawnUpdateModuleDataParse.cpp,no,0,0,0,1
Code/GameEngine/Source/GameLogic/Object/Update/RespawnUpdateParseRules.cpp,no,3,0,1,0
Code/GameEngine/Source/GameLogic/Object/Update/RespawnUpdatePoolKey.cpp,yes,0,0,0,0
Code/GameEngine/Source/GameLogic/Object/Update/RespawnUpdateRva004AEFAD.cpp,no,0,0,0,1
Code/GameEngine/Source/GameLogic/Object/Update/RespawnUpdateRva004AF25D.cpp,no,1,0,0,0
Code/GameEngine/Source/GameLogic/Object/Update/RespawnUpdateXfer.cpp,yes,0,0,0,0
Code/GameEngine/Source/GameLogic/Object/Update/RousingSpeechUpdateBehaviorCtor.cpp,no,3,0,0,4
Code/GameEngine/Source/GameLogic/Object/Update/RousingSpeechUpdateBehaviorDtor.cpp,no,1,1,0,4
Code/GameEngine/Source/GameLogic/Object/Update/RousingSpeechUpdateFriendNew.cpp,yes,0,0,0,0
Code/GameEngine/Source/GameLogic/Object/Update/RousingSpeechUpdateModuleDataCtor.cpp,no,2,2,4,0
Code/GameEngine/Source/GameLogic/Object/Update/RousingSpeechUpdateModuleDataDtor.cpp,no,0,1,9,0
Code/GameEngine/Source/GameLogic/Object/Update/RousingSpeechUpdateModuleDataFriendNew.cpp,yes,0,0,0,0
Code/GameEngine/Source/GameLogic/Object/Update/RousingSpeechUpdatePoolKey.cpp,yes,0,0,0,0
Code/GameEngine/Source/GameLogic/Object/Update/RubbleRiseUpdateCtor.cpp,no,2,0,0,5
Code/GameEngine/Source/GameLogic/Object/Update/RubbleRiseUpdateFriendNew.cpp,yes,0,0,0,0
Code/GameEngine/Source/GameLogic/Object/Update/RubbleRiseUpdateModuleDataCtor.cpp,no,4,0,0,0
Code/GameEngine/Source/GameLogic/Object/Update/RubbleRiseUpdateModuleDataDtor.cpp,no,2,1,0,1
Code/GameEngine/Source/GameLogic/Object/Update/RubbleRiseUpdateModuleDataFriendNew.cpp,yes,0,0,0,0
Code/GameEngine/Source/GameLogic/Object/Update/RubbleRiseUpdatePoolKey.cpp,yes,0,0,0,0
Code/GameEngine/Source/GameLogic/Object/Update/Rva0024C7B3Member.cpp,yes,0,0,0,0
Code/GameEngine/Source/GameLogic/Object/Update/Rva00252B68Ctor.cpp,no,1,0,0,0
Code/GameEngine/Source/GameLogic/Object/Update/Rva00253510Ctor.cpp,no,1,0,0,1
Code/GameEngine/Source/GameLogic/Object/Update/Rva002541FACtor.cpp,no,0,0,0,1
Code/GameEngine/Source/GameLogic/Object/Update/Rva002542F3MemberCopy.cpp,yes,0,0,0,0
Code/GameEngine/Source/GameLogic/Object/Update/Rva002542F3MemberCtor.cpp,yes,0,0,0,0
Code/GameEngine/Source/GameLogic/Object/Update/Rva0025460FCtor.cpp,no,0,0,0,1
Code/GameEngine/Source/GameLogic/Object/Update/Rva00262C53Set.cpp,yes,0,0,0,0
Code/GameEngine/Source/GameLogic/Object/Update/Rva0026E7C8Ctor.cpp,no,1,0,5,0
Code/GameEngine/Source/GameLogic/Object/Update/Rva0029FB3BMemberInit.cpp,no,3,0,0,0
Code/GameEngine/Source/GameLogic/Object/Update/Rva002AA123Get.cpp,yes,0,0,0,0
Code/GameEngine/Source/GameLogic/Object/Update/Rva002AA14DBonuses.cpp,yes,0,0,0,0
Code/GameEngine/Source/GameLogic/Object/Update/Rva00362EC7Ctor.cpp,no,0,0,1,0
Code/GameEngine/Source/GameLogic/Object/Update/Rva003ECA69ElementClear.cpp,no,1,0,0,0
Code/GameEngine/Source/GameLogic/Object/Update/Rva003ECD60Ctor.cpp,no,1,0,1,0
Code/GameEngine/Source/GameLogic/Object/Update/Rva003ECDB7Unregister.cpp,no,2,1,1,0
Code/GameEngine/Source/GameLogic/Object/Update/Rva0042526MemberCtor.cpp,yes,0,0,0,0
Code/GameEngine/Source/GameLogic/Object/Update/Rva00438268Equal.cpp,yes,0,0,0,0
Code/GameEngine/Source/GameLogic/Object/Update/Rva004382FCWrapper.cpp,no,0,0,0,1
Code/GameEngine/Source/GameLogic/Object/Update/Rva00438389Clear.cpp,yes,0,0,0,0
Code/GameEngine/Source/GameLogic/Object/Update/Rva0043852CCheck.cpp,yes,0,0,0,0
Code/GameEngine/Source/GameLogic/Object/Update/Rva0044EF2CFinalOverride.cpp,yes,0,0,0,0
Code/GameEngine/Source/GameLogic/Object/Update/Rva00452354Setter.cpp,yes,0,0,0,0
Code/GameEngine/Source/GameLogic/Object/Update/Rva004523F5Ctor.cpp,yes,0,0,0,0
Code/GameEngine/Source/GameLogic/Object/Update/Rva00468CB6Check.cpp,yes,0,0,0,0
Code/GameEngine/Source/GameLogic/Object/Update/Rva00468E26Get.cpp,yes,0,0,0,0
Code/GameEngine/Source/GameLogic/Object/Update/Rva00468F0FCheck.cpp,yes,0,0,0,0
Code/GameEngine/Source/GameLogic/Object/Update/Rva00485ADCFilterCtor.cpp,no,2,0,0,2
Code/GameEngine/Source/GameLogic/Object/Update/Rva0048B95FDtor.cpp,yes,0,0,0,0
Code/GameEngine/Source/GameLogic/Object/Update/Rva0048E16CCtor.cpp,yes,0,0,0,0
Code/GameEngine/Source/GameLogic/Object/Update/Rva00490D3FCtor.cpp,no,1,1,0,0
Code/GameEngine/Source/GameLogic/Object/Update/Rva00491C84Calc.cpp,yes,0,0,0,0
Code/GameEngine/Source/GameLogic/Object/Update/Rva00492179Ctor.cpp,no,1,1,0,0
Code/GameEngine/Source/GameLogic/Object/Update/Rva00492402Ctor.cpp,no,1,1,0,0
Code/GameEngine/Source/GameLogic/Object/Update/Rva00492C59Ctor.cpp,no,1,1,0,0
Code/GameEngine/Source/GameLogic/Object/Update/Rva00492E10Xfer.cpp,yes,0,0,0,0
Code/GameEngine/Source/GameLogic/Object/Update/Rva00494DCACtor.cpp,no,1,1,0,0
Code/GameEngine/Source/GameLogic/Object/Update/Rva004969E7ShowEq.cpp,yes,0,0,0,0
Code/GameEngine/Source/GameLogic/Object/Update/Rva00496A63Dtor.cpp,yes,0,0,0,0
Code/GameEngine/Source/GameLogic/Object/Update/Rva00496F30Dtor.cpp,no,0,0,5,0
Code/GameEngine/Source/GameLogic/Object/Update/Rva0049C5F4ProviderGet.cpp,yes,0,0,0,0
Code/GameEngine/Source/GameLogic/Object/Update/Rva0049CBDACalc.cpp,yes,0,0,0,0
Code/GameEngine/Source/GameLogic/Object/Update/Rva0049CEFCScan.cpp,yes,0,0,0,0
Code/GameEngine/Source/GameLogic/Object/Update/Rva0049D1B1.cpp,yes,0,0,0,0
Code/GameEngine/Source/GameLogic/Object/Update/Rva0049D1B1Check.cpp,yes,0,0,0,0
Code/GameEngine/Source/GameLogic/Object/Update/Rva004A1828.cpp,yes,0,0,0,0
Code/GameEngine/Source/GameLogic/Object/Update/Rva004AD9B0Slot13.cpp,no,1,0,0,0
Code/GameEngine/Source/GameLogic/Object/Update/Rva004AD9B0Xfer.cpp,yes,0,0,0,0
Code/GameEngine/Source/GameLogic/Object/Update/Rva004B2A9D.cpp,yes,0,0,0,0
Code/GameEngine/Source/GameLogic/Object/Update/Rva004C908BCtor.cpp,no,1,0,0,0
Code/GameEngine/Source/GameLogic/Object/Update/Rva004C908BXfer.cpp,yes,0,0,0,0
Code/GameEngine/Source/GameLogic/Object/Update/Rva004CE0BEXfer.cpp,yes,0,0,0,0
Code/GameEngine/Source/GameLogic/Object/Update/Rva004CE2B0Check.cpp,yes,0,0,0,0
Code/GameEngine/Source/GameLogic/Object/Update/Rva004CE342Check.cpp,yes,0,0,0,0
Code/GameEngine/Source/GameLogic/Object/Update/Rva004CE3B9UpgradeName.cpp,no,1,0,0,0
Code/GameEngine/Source/GameLogic/Object/Update/Rva00C6F248Iface.cpp,no,1,0,0,0
Code/GameEngine/Source/GameLogic/Object/Update/ScaleWallSpecialAbilityUpdateFriendNew.cpp,no,1,0,0,0
Code/GameEngine/Source/GameLogic/Object/Update/ScaleWallSpecialAbilityUpdateModuleDataCtor.cpp,no,1,0,0,2
Code/GameEngine/Source/GameLogic/Object/Update/ScaleWallSpecialAbilityUpdatePoolKey.cpp,yes,0,0,0,0
Code/GameEngine/Source/GameLogic/Object/Update/SiegeAIUpdateFriendNew.cpp,yes,0,0,0,0
Code/GameEngine/Source/GameLogic/Object/Update/SiegeAIUpdateModuleDataCtor.cpp,no,0,0,0,2
Code/GameEngine/Source/GameLogic/Object/Update/SiegeAIUpdatePoolKey.cpp,yes,0,0,0,0
Code/GameEngine/Source/GameLogic/Object/Update/SlavedUpdate.cpp,no,35,6,21,0
Code/GameEngine/Source/GameLogic/Object/Update/SlavedUpdateCtor.cpp,no,0,1,1,5
Code/GameEngine/Source/GameLogic/Object/Update/SlavedUpdateFriendNew.cpp,no,0,1,1,0
Code/GameEngine/Source/GameLogic/Object/Update/SlavedUpdateModuleDataCtor.cpp,no,0,2,2,0
Code/GameEngine/Source/GameLogic/Object/Update/SlavedUpdateModuleDataDtor.cpp,no,0,2,2,1
Code/GameEngine/Source/GameLogic/Object/Update/SlavedUpdateModuleDataFriendNew.cpp,yes,0,0,0,0
Code/GameEngine/Source/GameLogic/Object/Update/SlavedUpdatePoolKey.cpp,yes,0,0,0,0
Code/GameEngine/Source/GameLogic/Object/Update/SlotToLockUpdateModuleDataFriendNew.cpp,yes,0,0,0,0
Code/GameEngine/Source/GameLogic/Object/Update/SpawnPointProductionExitUpdateCtor.cpp,no,1,2,0,0
Code/GameEngine/Source/GameLogic/Object/Update/SpawnPointProductionExitUpdateFriendNew.cpp,yes,0,0,0,0
Code/GameEngine/Source/GameLogic/Object/Update/SpawnPointProductionExitUpdateInstanceNew.cpp,no,0,1,1,0
Code/GameEngine/Source/GameLogic/Object/Update/SpawnPointProductionExitUpdateModuleDataFriendNew.cpp,no,0,0,1,1
Code/GameEngine/Source/GameLogic/Object/Update/SpawnPointProductionExitUpdatePoolKey.cpp,yes,0,0,0,0
Code/GameEngine/Source/GameLogic/Object/Update/SpecialAbilityUpdateCtor.cpp,no,1,1,0,0
Code/GameEngine/Source/GameLogic/Object/Update/SpecialAbilityUpdateDtor.cpp,no,4,1,6,0
Code/GameEngine/Source/GameLogic/Object/Update/SpecialAbilityUpdateFriendNew.cpp,no,1,0,0,0
Code/GameEngine/Source/GameLogic/Object/Update/SpecialAbilityUpdateInstanceNew.cpp,no,1,1,1,0
Code/GameEngine/Source/GameLogic/Object/Update/SpecialAbilityUpdatePoolKey.cpp,yes,0,0,0,0
Code/GameEngine/Source/GameLogic/Object/Update/SpecialAbilityUpdateXfer.cpp,no,0,0,8,1
Code/GameEngine/Source/GameLogic/Object/Update/SpecialDisguiseUpdateCtor.cpp,no,1,0,0,0
Code/GameEngine/Source/GameLogic/Object/Update/SpecialDisguiseUpdateFriendNew.cpp,yes,0,0,0,0
Code/GameEngine/Source/GameLogic/Object/Update/SpecialDisguiseUpdateModuleDataCtor.cpp,no,1,0,0,1
Code/GameEngine/Source/GameLogic/Object/Update/SpecialDisguiseUpdateModuleDataDtor.cpp,no,0,1,1,0
Code/GameEngine/Source/GameLogic/Object/Update/SpecialDisguiseUpdatePoolKey.cpp,yes,0,0,0,0
Code/GameEngine/Source/GameLogic/Object/Update/SpecialEnemySenseUpdateCtorThunk.cpp,no,4,1,3,0
Code/GameEngine/Source/GameLogic/Object/Update/SpecialEnemySenseUpdateFriendNew.cpp,yes,0,0,0,0
Code/GameEngine/Source/GameLogic/Object/Update/SpecialEnemySenseUpdateModuleDataCtor.cpp,no,2,0,0,1
Code/GameEngine/Source/GameLogic/Object/Update/SpecialEnemySenseUpdateModuleDataDtor.cpp,no,0,2,1,1
Code/GameEngine/Source/GameLogic/Object/Update/SpecialEnemySenseUpdateModuleDataFriendNew.cpp,yes,0,0,0,0
Code/GameEngine/Source/GameLogic/Object/Update/SpecialEnemySenseUpdatePoolKey.cpp,yes,0,0,0,0
Code/GameEngine/Source/GameLogic/Object/Update/SpecialPowerTimerRefreshPoolKey.cpp,yes,0,0,0,0
Code/GameEngine/Source/GameLogic/Object/Update/SpectreGunshipUpdate.cpp,no,35,8,43,0
Code/GameEngine/Source/GameLogic/Object/Update/SpectreGunshipUpdateCleanUp.cpp,no,1,1,1,0
Code/GameEngine/Source/GameLogic/Object/Update/SpellRechargeModifierUpgradeModuleDataCtor.cpp,no,0,1,13,0
Code/GameEngine/Source/GameLogic/Object/Update/SpellRechargeModifierUpgradeModuleDataDtor.cpp,no,0,2,2,1
Code/GameEngine/Source/GameLogic/Object/Update/SpyVisionUpdateCtor.cpp,no,2,1,0,0
Code/GameEngine/Source/GameLogic/Object/Update/SpyVisionUpdateFriendNew.cpp,no,1,0,0,0
Code/GameEngine/Source/GameLogic/Object/Update/StanceTemplateUpdateModuleDataFriendNew.cpp,no,1,0,0,0
Code/GameEngine/Source/GameLogic/Object/Update/StealthDetectorUpdateCtor.cpp,no,2,0,0,0
Code/GameEngine/Source/GameLogic/Object/Update/StealthDetectorUpdateFriendNew.cpp,no,0,1,0,0
Code/GameEngine/Source/GameLogic/Object/Update/StealthDetectorUpdateModuleDataCtor.cpp,no,0,2,2,0
Code/GameEngine/Source/GameLogic/Object/Update/StealthDetectorUpdateModuleDataFriendNew.cpp,yes,0,0,0,0
Code/GameEngine/Source/GameLogic/Object/Update/StealthDetectorUpdatePoolKey.cpp,yes,0,0,0,0
Code/GameEngine/Source/GameLogic/Object/Update/StealthUpdate.cpp,no,44,8,50,0
Code/GameEngine/Source/GameLogic/Object/Update/StealthUpdateFriendNew.cpp,no,0,1,1,0
Code/GameEngine/Source/GameLogic/Object/Update/StealthUpdateLoadPost.cpp,no,1,0,0,0
Code/GameEngine/Source/GameLogic/Object/Update/StealthUpdateModuleDataCtor.cpp,no,4,1,19,1
Code/GameEngine/Source/GameLogic/Object/Update/StealthUpdateModuleDataDtor.cpp,no,0,2,12,1
Code/GameEngine/Source/GameLogic/Object/Update/StealthUpdateModuleDataFriendNew.cpp,yes,0,0,0,0
Code/GameEngine/Source/GameLogic/Object/Update/StealthUpdatePoolKey.cpp,yes,0,0,0,0
Code/GameEngine/Source/GameLogic/Object/Update/StealthUpdateUpgradeMasks.cpp,no,0,0,1,0
Code/GameEngine/Source/GameLogic/Object/Update/StickyBombUpdate.cpp,no,30,3,33,0
Code/GameEngine/Source/GameLogic/Object/Update/StrafeAreaUpdateCtor.cpp,no,2,0,0,3
Code/GameEngine/Source/GameLogic/Object/Update/StrafeAreaUpdateFriendNew.cpp,yes,0,0,0,0
Code/GameEngine/Source/GameLogic/Object/Update/StrafeAreaUpdateModuleDataCtor.cpp,no,1,1,1,1
Code/GameEngine/Source/GameLogic/Object/Update/StrafeAreaUpdateModuleDataDtor.cpp,no,3,2,3,1
Code/GameEngine/Source/GameLogic/Object/Update/StrafeAreaUpdateModuleDataFriendNew.cpp,yes,0,0,0,0
Code/GameEngine/Source/GameLogic/Object/Update/StrafeAreaUpdatePoolKey.cpp,yes,0,0,0,0
Code/GameEngine/Source/GameLogic/Object/Update/StructureCollapseUpdate.cpp,no,15,2,25,0
Code/GameEngine/Source/GameLogic/Object/Update/StructureCollapseUpdateCtor.cpp,no,2,1,1,5
Code/GameEngine/Source/GameLogic/Object/Update/StructureCollapseUpdateFriendNew.cpp,no,0,1,1,0
Code/GameEngine/Source/GameLogic/Object/Update/StructureCollapseUpdateModuleDataCtor.cpp,no,4,1,2,0
Code/GameEngine/Source/GameLogic/Object/Update/StructureCollapseUpdateModuleDataDtor.cpp,no,2,1,1,1
Code/GameEngine/Source/GameLogic/Object/Update/StructureCollapseUpdateModuleDataParse.cpp,no,0,1,1,1
Code/GameEngine/Source/GameLogic/Object/Update/StructureCollapseUpdatePoolKey.cpp,yes,0,0,0,0
Code/GameEngine/Source/GameLogic/Object/Update/StructureToppleUpdate.cpp,no,22,8,10,0
Code/GameEngine/Source/GameLogic/Object/Update/StructureToppleUpdateCtor.cpp,no,6,2,4,0
Code/GameEngine/Source/GameLogic/Object/Update/StructureToppleUpdateFriendNew.cpp,no,0,1,1,0
Code/GameEngine/Source/GameLogic/Object/Update/StructureToppleUpdateModuleDataCtor.cpp,no,1,2,17,1
Code/GameEngine/Source/GameLogic/Object/Update/StructureToppleUpdateModuleDataDtor.cpp,no,1,2,9,0
Code/GameEngine/Source/GameLogic/Object/Update/StructureToppleUpdateModuleDataFriendNew.cpp,yes,0,0,0,0
Code/GameEngine/Source/GameLogic/Object/Update/SupplyCenterDockUpdateCtor.cpp,no,1,1,0,0
Code/GameEngine/Source/GameLogic/Object/Update/SupplyCenterDockUpdateFriendNew.cpp,yes,0,0,0,0
Code/GameEngine/Source/GameLogic/Object/Update/SupplyCenterDockUpdateInstanceNew.cpp,no,0,1,1,0
Code/GameEngine/Source/GameLogic/Object/Update/SupplyCenterDockUpdatePoolKey.cpp,yes,0,0,0,0
Code/GameEngine/Source/GameLogic/Object/Update/SupplyCenterProductionExitUpdateBehaviorCtor.cpp,no,2,0,0,5
Code/GameEngine/Source/GameLogic/Object/Update/SupplyCenterProductionExitUpdateCtor.cpp,no,1,1,0,0
Code/GameEngine/Source/GameLogic/Object/Update/SupplyCenterProductionExitUpdateFriendNew.cpp,no,1,0,0,0
Code/GameEngine/Source/GameLogic/Object/Update/SupplyCenterProductionExitUpdateInstanceNew.cpp,no,0,1,1,0
Code/GameEngine/Source/GameLogic/Object/Update/SupplyCenterProductionExitUpdatePoolKey.cpp,yes,0,0,0,0
Code/GameEngine/Source/GameLogic/Object/Update/SupplyTruckAIUpdateCtor.cpp,no,1,0,0,0
Code/GameEngine/Source/GameLogic/Object/Update/SupplyTruckAIUpdateFriendNew.cpp,yes,0,0,0,0
Code/GameEngine/Source/GameLogic/Object/Update/SupplyTruckAIUpdateInstanceNew.cpp,no,0,1,1,0
Code/GameEngine/Source/GameLogic/Object/Update/SupplyTruckAIUpdatePoolKey.cpp,yes,0,0,0,0
Code/GameEngine/Source/GameLogic/Object/Update/SupplyWarehouseCripplingBehaviorCtor.cpp,no,2,0,0,5
Code/GameEngine/Source/GameLogic/Object/Update/SupplyWarehouseDockUpdateFriendNew.cpp,no,0,1,1,0
Code/GameEngine/Source/GameLogic/Object/Update/SupplyWarehouseDockUpdateModuleDataFriendNew.cpp,no,1,0,0,0
Code/GameEngine/Source/GameLogic/Object/Update/SupplyWarehouseDockUpdatePoolKey.cpp,yes,0,0,0,0
Code/GameEngine/Source/GameLogic/Object/Update/SwayClientUpdateFriendNew.cpp,no,1,1,1,0
Code/GameEngine/Source/GameLogic/Object/Update/TeleportSpecialAbilityUpdateFriendNew.cpp,no,1,0,0,0
Code/GameEngine/Source/GameLogic/Object/Update/TeleportSpecialAbilityUpdateModuleDataCtor.cpp,no,1,0,0,1
Code/GameEngine/Source/GameLogic/Object/Update/TeleportSpecialAbilityUpdateModuleDataDtor.cpp,no,0,1,0,0
Code/GameEngine/Source/GameLogic/Object/Update/TeleportSpecialAbilityUpdatePoolKey.cpp,yes,0,0,0,0
Code/GameEngine/Source/GameLogic/Object/Update/TemporarilyDefectUpdateModuleDataFriendNew.cpp,no,0,0,0,1
Code/GameEngine/Source/GameLogic/Object/Update/TemporarilyDefectUpdatePoolKey.cpp,yes,0,0,0,0
Code/GameEngine/Source/GameLogic/Object/Update/ThreatFinderUpdateCtor.cpp,yes,0,0,0,0
Code/GameEngine/Source/GameLogic/Object/Update/ThreatFinderUpdateDtor.cpp,no,2,1,2,0
Code/GameEngine/Source/GameLogic/Object/Update/ThreatFinderUpdateFriendNew.cpp,yes,0,0,0,0
Code/GameEngine/Source/GameLogic/Object/Update/ThreatFinderUpdatePoolKey.cpp,yes,0,0,0,0
Code/GameEngine/Source/GameLogic/Object/Update/ThreatFinderUpdateXfer.cpp,yes,0,0,0,0
Code/GameEngine/Source/GameLogic/Object/Update/ToggleDeploySpecialAbilityUpdateCtor.cpp,no,1,0,0,0
Code/GameEngine/Source/GameLogic/Object/Update/ToggleDeploySpecialAbilityUpdateFriendNew.cpp,yes,0,0,0,0
Code/GameEngine/Source/GameLogic/Object/Update/ToggleDeploySpecialAbilityUpdateModuleDataCtor.cpp,no,1,0,0,2
Code/GameEngine/Source/GameLogic/Object/Update/ToggleDeploySpecialAbilityUpdateModuleDataDtor.cpp,no,0,1,0,0
Code/GameEngine/Source/GameLogic/Object/Update/ToggleDeploySpecialAbilityUpdatePoolKey.cpp,yes,0,0,0,0
Code/GameEngine/Source/GameLogic/Object/Update/ToggleHiddenSpecialAbilityUpdateCtor.cpp,no,1,0,0,0
Code/GameEngine/Source/GameLogic/Object/Update/ToggleHiddenSpecialAbilityUpdateFriendNew.cpp,yes,0,0,0,0
Code/GameEngine/Source/GameLogic/Object/Update/ToggleHiddenSpecialAbilityUpdateModuleDataCtor.cpp,no,1,0,0,2
Code/GameEngine/Source/GameLogic/Object/Update/ToggleHiddenSpecialAbilityUpdatePoolKey.cpp,yes,0,0,0,0
Code/GameEngine/Source/GameLogic/Object/Update/ToggleHiddenSpecialAbilityUpdateXfer.cpp,yes,0,0,0,0
Code/GameEngine/Source/GameLogic/Object/Update/ToggleMountedSpecialAbilityUpdateCtor.cpp,no,1,0,0,0
Code/GameEngine/Source/GameLogic/Object/Update/ToggleMountedSpecialAbilityUpdateFriendNew.cpp,yes,0,0,0,0
Code/GameEngine/Source/GameLogic/Object/Update/ToggleMountedSpecialAbilityUpdateModuleDataCtor.cpp,no,1,1,0,0
Code/GameEngine/Source/GameLogic/Object/Update/ToggleMountedSpecialAbilityUpdateModuleDataDeleter.cpp,no,0,1,1,0
Code/GameEngine/Source/GameLogic/Object/Update/ToggleMountedSpecialAbilityUpdateModuleDataDtor.cpp,no,0,0,8,0
Code/GameEngine/Source/GameLogic/Object/Update/ToggleMountedSpecialAbilityUpdatePoolKey.cpp,yes,0,0,0,0
Code/GameEngine/Source/GameLogic/Object/Update/ToppleUpdate.cpp,no,25,9,33,0
Code/GameEngine/Source/GameLogic/Object/Update/ToppleUpdateCtor.cpp,no,2,1,1,5
Code/GameEngine/Source/GameLogic/Object/Update/ToppleUpdateFriendNew.cpp,no,0,1,1,0
Code/GameEngine/Source/GameLogic/Object/Update/ToppleUpdateModuleDataCtor.cpp,no,1,2,2,1
Code/GameEngine/Source/GameLogic/Object/Update/ToppleUpdateModuleDataDtor.cpp,no,0,2,2,1
Code/GameEngine/Source/GameLogic/Object/Update/ToppleUpdateModuleDataFriendNew.cpp,yes,0,0,0,0
Code/GameEngine/Source/GameLogic/Object/Update/ToppleUpdatePoolKey.cpp,yes,0,0,0,0
Code/GameEngine/Source/GameLogic/Object/Update/TransportAIUpdateFriendNew.cpp,no,0,1,1,0
Code/GameEngine/Source/GameLogic/Object/Update/TurretAI_friendGetTurretTarget.cpp,yes,0,0,0,0
Code/GameEngine/Source/GameLogic/Object/Update/TurretAI_isOwnersCurWeaponOnTurret.cpp,yes,0,0,0,0
Code/GameEngine/Source/GameLogic/Object/Update/TurretAI_isWeaponSlotOnTurret.cpp,yes,0,0,0,0
Code/GameEngine/Source/GameLogic/Object/Update/TurretAI_removeSelfAsTargeter.cpp,yes,0,0,0,0
Code/GameEngine/Source/GameLogic/Object/Update/TurretAI_rva004D80D4.cpp,yes,0,0,0,0
Code/GameEngine/Source/GameLogic/Object/Update/TurretAI_setTurretTargetObject.cpp,no,0,0,1,0
Code/GameEngine/Source/GameLogic/Object/Update/UntamedAllegianceSpecialPowerModuleDataCtor.cpp,no,1,1,0,0
Code/GameEngine/Source/GameLogic/Object/Update/UpdateModuleCtor.cpp,no,4,1,3,0
Code/GameEngine/Source/GameLogic/Object/Update/UpdateModuleDataDeletingDtors.cpp,no,0,8,8,0
Code/GameEngine/Source/GameLogic/Object/Update/UpdateModuleDataFriendNew.cpp,no,4,0,0,0
Code/GameEngine/Source/GameLogic/Object/Update/UpdateModuleDeletingDtors.cpp,no,0,6,4,0
Code/GameEngine/Source/GameLogic/Object/Update/UpdateModuleFrameToSleepTime.cpp,no,0,0,1,0
Code/GameEngine/Source/GameLogic/Object/Update/UpdateModuleSetWakeFrame.cpp,no,0,0,1,0
Code/GameEngine/Source/GameLogic/Object/Update/UpdateModuleXfer.cpp,yes,0,0,0,0
Code/GameEngine/Source/GameLogic/Object/Update/UpgradeMuxCtor.cpp,no,0,1,1,1
Code/GameEngine/Source/GameLogic/Object/Update/UpgradeMuxGiveSelfUpgrade.cpp,yes,0,0,0,0
Code/GameEngine/Source/GameLogic/Object/Update/UpgradeMuxXfer.cpp,yes,0,0,0,0
Code/GameEngine/Source/GameLogic/Object/Update/WallUpgradeUpdateBehaviorCtor.cpp,no,2,0,0,7
Code/GameEngine/Source/GameLogic/Object/Update/WallUpgradeUpdateFind.cpp,yes,0,0,0,0
Code/GameEngine/Source/GameLogic/Object/Update/WallUpgradeUpdateFriendNew.cpp,yes,0,0,0,0
Code/GameEngine/Source/GameLogic/Object/Update/WallUpgradeUpdatePoolKey.cpp,yes,0,0,0,0
Code/GameEngine/Source/GameLogic/Object/Update/WallUpgradeUpdateXfer.cpp,yes,0,0,0,0
Code/GameEngine/Source/GameLogic/Object/Update/WanderAIUpdateFriendNew.cpp,no,0,1,1,0
Code/GameEngine/Source/GameLogic/Object/Update/WeaponFireSpecialAbilityUpdateCtor.cpp,no,3,0,0,4
Code/GameEngine/Source/GameLogic/Object/Update/WeaponFireSpecialAbilityUpdateDtor.cpp,no,3,1,0,0
Code/GameEngine/Source/GameLogic/Object/Update/WeaponFireSpecialAbilityUpdateFriendNew.cpp,yes,0,0,0,0
Code/GameEngine/Source/GameLogic/Object/Update/WeaponFireSpecialAbilityUpdatePoolKey.cpp,yes,0,0,0,0
Code/GameEngine/Source/GameLogic/Object/Update/WeaponFireSpecialAbilityUpdateXfer.cpp,yes,0,0,0,0
Code/GameEngine/Source/GameLogic/Object/Update/WeaponModeSpecialPowerUpdateCtorThunk.cpp,no,7,0,0,0
Code/GameEngine/Source/GameLogic/Object/Update/WeaponModeSpecialPowerUpdateFriendNew.cpp,yes,0,0,0,0
Code/GameEngine/Source/GameLogic/Object/Update/WeaponModeSpecialPowerUpdateModuleDataFriendNew.cpp,yes,0,0,0,0
Code/GameEngine/Source/GameLogic/Object/Update/WeaponModeSpecialPowerUpdateModuleDataParse.cpp,no,0,0,0,1
Code/GameEngine/Source/GameLogic/Object/Update/WeaponModeSpecialPowerUpdatePoolKey.cpp,yes,0,0,0,0
Code/GameEngine/Source/GameLogic/Object/Update/WeaponSetSpecialAbilityUpdateFriendNew.cpp,no,1,0,0,0
Code/GameEngine/Source/GameLogic/Object/Update/WeaponSetSpecialAbilityUpdateModuleDataCtor.cpp,no,1,0,0,1
Code/GameEngine/Source/GameLogic/Object/Update/WeaponSetSpecialAbilityUpdatePoolKey.cpp,yes,0,0,0,0
Code/GameEngine/Source/GameLogic/Object/Update/WorkerAIUpdateFriendNew.cpp,no,0,1,1,0
Code/GameEngine/Source/GameLogic/Object/Update/WoundArrowUpdateCtor.cpp,no,1,0,0,0
Code/GameEngine/Source/GameLogic/Object/Update/WoundArrowUpdateFriendNew.cpp,yes,0,0,0,0
Code/GameEngine/Source/GameLogic/Object/Update/WoundArrowUpdateModuleDataCtor.cpp,no,1,0,0,2
Code/GameEngine/Source/GameLogic/Object/Update/WoundArrowUpdatePoolKey.cpp,yes,0,0,0,0
Code/GameEngine/Source/GameLogic/Object/Update/WoundArrowUpdateXfer.cpp,yes,0,0,0,0
Code/GameEngine/Source/GameLogic/Object/Upgrade/AllowBannerSpawnUpgradeCtor.cpp,yes,0,0,0,0
Code/GameEngine/Source/GameLogic/Object/Upgrade/AllowBannerSpawnUpgradeFriendNew.cpp,yes,0,0,0,0
Code/GameEngine/Source/GameLogic/Object/Upgrade/AllowBannerSpawnUpgradePoolKey.cpp,yes,0,0,0,0
Code/GameEngine/Source/GameLogic/Object/Upgrade/ArmorUpgradeConstructor.cpp,no,3,0,0,0
Code/GameEngine/Source/GameLogic/Object/Upgrade/ArmorUpgradeDtor.cpp,no,4,1,1,0
Code/GameEngine/Source/GameLogic/Object/Upgrade/ArmorUpgradeFriendNew.cpp,no,0,1,1,0
Code/GameEngine/Source/GameLogic/Object/Upgrade/ArmorUpgradeModuleDataCtor.cpp,no,0,0,0,1
Code/GameEngine/Source/GameLogic/Object/Upgrade/ArmorUpgradeModuleDataFriendNew.cpp,no,1,0,0,0
Code/GameEngine/Source/GameLogic/Object/Upgrade/ArmorUpgradeXfer.cpp,yes,0,0,0,0
Code/GameEngine/Source/GameLogic/Object/Upgrade/AttributeModifierUpgrade.cpp,no,3,0,0,0
Code/GameEngine/Source/GameLogic/Object/Upgrade/AttributeModifierUpgradeFriendNew.cpp,yes,0,0,0,0
Code/GameEngine/Source/GameLogic/Object/Upgrade/AttributeModifierUpgradeModuleDataCtor.cpp,no,0,0,0,1
Code/GameEngine/Source/GameLogic/Object/Upgrade/AttributeModifierUpgradeModuleDataFriendNew.cpp,yes,0,0,0,0
Code/GameEngine/Source/GameLogic/Object/Upgrade/AudioLoopUpgradeCtorModuleFactory.cpp,no,8,0,0,0
Code/GameEngine/Source/GameLogic/Object/Upgrade/AudioLoopUpgradeDtor.cpp,no,5,1,1,0
Code/GameEngine/Source/GameLogic/Object/Upgrade/AudioLoopUpgradeFriendNew.cpp,yes,0,0,0,0
Code/GameEngine/Source/GameLogic/Object/Upgrade/AudioLoopUpgradeLoadPostProcess.cpp,no,1,0,0,0
Code/GameEngine/Source/GameLogic/Object/Upgrade/AudioLoopUpgradeModuleDataCtor.cpp,no,1,0,0,1
Code/GameEngine/Source/GameLogic/Object/Upgrade/AudioLoopUpgradeModuleDataDtor.cpp,no,3,2,1,1
Code/GameEngine/Source/GameLogic/Object/Upgrade/AudioLoopUpgradeRva004B7E3C.cpp,no,2,0,0,0
Code/GameEngine/Source/GameLogic/Object/Upgrade/AudioLoopUpgradeUpdate.cpp,no,2,0,0,0
Code/GameEngine/Source/GameLogic/Object/Upgrade/AudioLoopUpgradeXfer.cpp,no,1,0,0,0
Code/GameEngine/Source/GameLogic/Object/Upgrade/BaseUpgrade.cpp,no,3,0,0,0
Code/GameEngine/Source/GameLogic/Object/Upgrade/BaseUpgradeFriendNew.cpp,yes,0,0,0,0
Code/GameEngine/Source/GameLogic/Object/Upgrade/BaseUpgradeModuleDataCtor.cpp,no,0,1,3,0
Code/GameEngine/Source/GameLogic/Object/Upgrade/BuildableHeroListUpgradeCtor.cpp,yes,0,0,0,0
Code/GameEngine/Source/GameLogic/Object/Upgrade/BuildableHeroListUpgradeFriendNew.cpp,yes,0,0,0,0
Code/GameEngine/Source/GameLogic/Object/Upgrade/CastleUpgrade.cpp,no,3,0,0,0
Code/GameEngine/Source/GameLogic/Object/Upgrade/CastleUpgradeFriendNew.cpp,yes,0,0,0,0
Code/GameEngine/Source/GameLogic/Object/Upgrade/CastleUpgradeModuleDataCtor.cpp,no,0,0,0,1
Code/GameEngine/Source/GameLogic/Object/Upgrade/CastleUpgradeModuleDataFriendNew.cpp,yes,0,0,0,0
Code/GameEngine/Source/GameLogic/Object/Upgrade/CommandPointsUpgradeCtor.cpp,yes,0,0,0,0
Code/GameEngine/Source/GameLogic/Object/Upgrade/CommandPointsUpgradeFriendNew.cpp,yes,0,0,0,0
Code/GameEngine/Source/GameLogic/Object/Upgrade/CommandPointsUpgradeModuleDataCtor.cpp,no,2,0,0,1
Code/GameEngine/Source/GameLogic/Object/Upgrade/CommandPointsUpgradeModuleDataDtor.cpp,no,0,2,1,1
Code/GameEngine/Source/GameLogic/Object/Upgrade/CommandSetUpgradeConstructor.cpp,no,3,0,0,0
Code/GameEngine/Source/GameLogic/Object/Upgrade/CommandSetUpgradeFriendNew.cpp,no,0,1,1,0
Code/GameEngine/Source/GameLogic/Object/Upgrade/CommandSetUpgradeModuleDataCtor.cpp,no,1,2,3,0
Code/GameEngine/Source/GameLogic/Object/Upgrade/CommandSetUpgradeModuleDataFriendNew.cpp,yes,0,0,0,0
Code/GameEngine/Source/GameLogic/Object/Upgrade/CostModifierUpgrade.cpp,no,4,1,0,0
Code/GameEngine/Source/GameLogic/Object/Upgrade/CostModifierUpgradeFriendNew.cpp,no,0,1,1,0
Code/GameEngine/Source/GameLogic/Object/Upgrade/CostModifierUpgradeModuleDataCtor.cpp,no,2,0,11,2
Code/GameEngine/Source/GameLogic/Object/Upgrade/CostModifierUpgradeModuleDataDtor.cpp,no,1,2,6,1
Code/GameEngine/Source/GameLogic/Object/Upgrade/CostModifierUpgradePoolKey.cpp,yes,0,0,0,0
Code/GameEngine/Source/GameLogic/Object/Upgrade/DelayedUpgrade.cpp,no,3,0,0,0
Code/GameEngine/Source/GameLogic/Object/Upgrade/DelayedUpgradeFriendNew.cpp,yes,0,0,0,0
Code/GameEngine/Source/GameLogic/Object/Upgrade/DoCommandUpgradeCtor.cpp,yes,0,0,0,0
Code/GameEngine/Source/GameLogic/Object/Upgrade/DoCommandUpgradeDtor.cpp,no,4,1,0,0
Code/GameEngine/Source/GameLogic/Object/Upgrade/DoCommandUpgradeFriendNew.cpp,yes,0,0,0,0
Code/GameEngine/Source/GameLogic/Object/Upgrade/DoCommandUpgradeModuleDataCtor.cpp,no,0,1,0,1
Code/GameEngine/Source/GameLogic/Object/Upgrade/DoCommandUpgradeModuleDataFriendNew.cpp,yes,0,0,0,0
Code/GameEngine/Source/GameLogic/Object/Upgrade/ExperienceScalarUpgradeConstructor.cpp,no,3,0,0,0
Code/GameEngine/Source/GameLogic/Object/Upgrade/ExperienceScalarUpgradeFriendNew.cpp,no,0,1,1,0
Code/GameEngine/Source/GameLogic/Object/Upgrade/ExperienceScalarUpgradeModuleDataCtor.cpp,no,0,0,0,1
Code/GameEngine/Source/GameLogic/Object/Upgrade/ExperienceScalarUpgradeModuleDataFriendNew.cpp,yes,0,0,0,0
Code/GameEngine/Source/GameLogic/Object/Upgrade/ExperienceScalarUpgradePoolKey.cpp,yes,0,0,0,0
Code/GameEngine/Source/GameLogic/Object/Upgrade/FamilyUpgradeModuleDataDtors.cpp,no,1,6,13,0
Code/GameEngine/Source/GameLogic/Object/Upgrade/GarrisonUpgradeCtor.cpp,no,3,0,0,0
Code/GameEngine/Source/GameLogic/Object/Upgrade/GarrisonUpgradeFriendNew.cpp,yes,0,0,0,0
Code/GameEngine/Source/GameLogic/Object/Upgrade/GeometryUpgradeCtor.cpp,no,5,1,0,0
Code/GameEngine/Source/GameLogic/Object/Upgrade/GeometryUpgradeDtor.cpp,no,1,1,0,0
Code/GameEngine/Source/GameLogic/Object/Upgrade/GeometryUpgradeFriendNew.cpp,yes,0,0,0,0
Code/GameEngine/Source/GameLogic/Object/Upgrade/GeometryUpgradeModuleDataCtor.cpp,no,0,1,7,0
Code/GameEngine/Source/GameLogic/Object/Upgrade/GeometryUpgradeModuleDataDtor.cpp,no,0,2,11,1
Code/GameEngine/Source/GameLogic/Object/Upgrade/GeometryUpgradeModuleDataFriendNew.cpp,yes,0,0,0,0
Code/GameEngine/Source/GameLogic/Object/Upgrade/GeometryUpgradeXfer.cpp,yes,0,0,0,0
Code/GameEngine/Source/GameLogic/Object/Upgrade/GrantUpgradeCreatePoolKey.cpp,yes,0,0,0,0
Code/GameEngine/Source/GameLogic/Object/Upgrade/InheritUpgradeCreatePoolKey.cpp,yes,0,0,0,0
Code/GameEngine/Source/GameLogic/Object/Upgrade/LevelUpUpgrade.cpp,no,3,0,0,0
Code/GameEngine/Source/GameLogic/Object/Upgrade/LevelUpUpgradeFriendNew.cpp,yes,0,0,0,0
Code/GameEngine/Source/GameLogic/Object/Upgrade/LevelUpUpgradeModuleDataCtor.cpp,no,0,0,0,1
Code/GameEngine/Source/GameLogic/Object/Upgrade/LevelUpUpgradeModuleDataFriendNew.cpp,yes,0,0,0,0
Code/GameEngine/Source/GameLogic/Object/Upgrade/LockWeaponCreatePoolKey.cpp,yes,0,0,0,0
Code/GameEngine/Source/GameLogic/Object/Upgrade/LocomotorSetUpgradeConstructor.cpp,no,3,0,0,0
Code/GameEngine/Source/GameLogic/Object/Upgrade/LocomotorSetUpgradeFriendNew.cpp,no,0,1,1,0
Code/GameEngine/Source/GameLogic/Object/Upgrade/MaxHealthUpgradeFriendNew.cpp,no,0,1,1,0
Code/GameEngine/Source/GameLogic/Object/Upgrade/MaxHealthUpgradeModule.cpp,no,5,1,1,0
Code/GameEngine/Source/GameLogic/Object/Upgrade/MaxHealthUpgradeModuleDataCtor.cpp,no,0,1,0,1
Code/GameEngine/Source/GameLogic/Object/Upgrade/MaxHealthUpgradeModuleDataFriendNew.cpp,yes,0,0,0,0
Code/GameEngine/Source/GameLogic/Object/Upgrade/ModelConditionUpgradeConstructor.cpp,no,3,0,0,0
Code/GameEngine/Source/GameLogic/Object/Upgrade/ModelConditionUpgradeFriendNew.cpp,no,0,1,1,0
Code/GameEngine/Source/GameLogic/Object/Upgrade/ObjectCreationUpgradeCheck.cpp,yes,0,0,0,0
Code/GameEngine/Source/GameLogic/Object/Upgrade/ObjectCreationUpgradeCtor.cpp,yes,0,0,0,0
Code/GameEngine/Source/GameLogic/Object/Upgrade/ObjectCreationUpgradeDtor.cpp,no,4,1,0,0
Code/GameEngine/Source/GameLogic/Object/Upgrade/ObjectCreationUpgradeModuleDataCtor.cpp,no,0,0,0,1
Code/GameEngine/Source/GameLogic/Object/Upgrade/ObjectCreationUpgradeModuleDataDtor.cpp,no,0,2,2,1
Code/GameEngine/Source/GameLogic/Object/Upgrade/ObjectCreationUpgradeModuleDataFriendNew.cpp,yes,0,0,0,0
Code/GameEngine/Source/GameLogic/Object/Upgrade/ObjectCreationUpgradePoolKey.cpp,yes,0,0,0,0
Code/GameEngine/Source/GameLogic/Object/Upgrade/ObjectCreationUpgradeXfer.cpp,no,1,0,0,0
Code/GameEngine/Source/GameLogic/Object/Upgrade/PreorderCreatePoolKey.cpp,yes,0,0,0,0
Code/GameEngine/Source/GameLogic/Object/Upgrade/RadarUpgradeConstructor.cpp,no,3,0,0,0
Code/GameEngine/Source/GameLogic/Object/Upgrade/RadarUpgradeFriendNew.cpp,no,0,1,1,0
Code/GameEngine/Source/GameLogic/Object/Upgrade/RadarUpgradeModuleDataCtor.cpp,no,0,1,1,1
Code/GameEngine/Source/GameLogic/Object/Upgrade/RadarUpgradeModuleDataFriendNew.cpp,yes,0,0,0,0
Code/GameEngine/Source/GameLogic/Object/Upgrade/RemoveUpgradeUpgradeCtor.cpp,yes,0,0,0,0
Code/GameEngine/Source/GameLogic/Object/Upgrade/RemoveUpgradeUpgradeDtor.cpp,no,4,1,0,0
Code/GameEngine/Source/GameLogic/Object/Upgrade/RemoveUpgradeUpgradeFriendNew.cpp,yes,0,0,0,0
Code/GameEngine/Source/GameLogic/Object/Upgrade/ReplaceSelfUpgradeCtor.cpp,yes,0,0,0,0
Code/GameEngine/Source/GameLogic/Object/Upgrade/ReplaceSelfUpgradeDtor.cpp,no,1,1,1,0
Code/GameEngine/Source/GameLogic/Object/Upgrade/ReplaceSelfUpgradeFriendNew.cpp,yes,0,0,0,0
Code/GameEngine/Source/GameLogic/Object/Upgrade/ReplaceSelfUpgradeXfer.cpp,yes,0,0,0,0
Code/GameEngine/Source/GameLogic/Object/Upgrade/Rva004B6B04SetFlags.cpp,yes,0,0,0,0
Code/GameEngine/Source/GameLogic/Object/Upgrade/SpecialPowerCreatePoolKey.cpp,yes,0,0,0,0
Code/GameEngine/Source/GameLogic/Object/Upgrade/SpellRechargeModifierUpgradeCtor.cpp,yes,0,0,0,0
Code/GameEngine/Source/GameLogic/Object/Upgrade/SpellRechargeModifierUpgradeFriendNew.cpp,yes,0,0,0,0
Code/GameEngine/Source/GameLogic/Object/Upgrade/StatusBitsUpgradeConstructor.cpp,no,3,0,0,0
Code/GameEngine/Source/GameLogic/Object/Upgrade/StatusBitsUpgradeFriendNew.cpp,no,0,1,1,0
Code/GameEngine/Source/GameLogic/Object/Upgrade/StatusBitsUpgradeIfEldestKindofCtor.cpp,no,2,0,0,4
Code/GameEngine/Source/GameLogic/Object/Upgrade/StatusBitsUpgradeIfEldestKindofDtor.cpp,no,1,1,1,0
Code/GameEngine/Source/GameLogic/Object/Upgrade/StatusBitsUpgradeIfEldestKindofFriendNew.cpp,yes,0,0,0,0
Code/GameEngine/Source/GameLogic/Object/Upgrade/StatusBitsUpgradeIfEldestKindofModuleDataCtor.cpp,no,1,0,0,1
Code/GameEngine/Source/GameLogic/Object/Upgrade/StatusBitsUpgradeIfEldestKindofModuleDataDtor.cpp,no,0,2,2,2
Code/GameEngine/Source/GameLogic/Object/Upgrade/StatusBitsUpgradeIfEldestKindofModuleDataParse.cpp,no,0,0,0,1
Code/GameEngine/Source/GameLogic/Object/Upgrade/StatusBitsUpgradeModuleDataCtor.cpp,no,0,1,1,1
Code/GameEngine/Source/GameLogic/Object/Upgrade/StatusBitsUpgradeModuleDataFriendNew.cpp,yes,0,0,0,0
Code/GameEngine/Source/GameLogic/Object/Upgrade/StealthUpgradeConstructor.cpp,no,4,1,0,0
Code/GameEngine/Source/GameLogic/Object/Upgrade/StealthUpgradeFriendNew.cpp,no,0,1,1,0
Code/GameEngine/Source/GameLogic/Object/Upgrade/SubObjectsUpgradeCtor.cpp,no,1,0,0,4
Code/GameEngine/Source/GameLogic/Object/Upgrade/SubObjectsUpgradeFriendNew.cpp,no,0,1,1,0
Code/GameEngine/Source/GameLogic/Object/Upgrade/SubObjectsUpgradeModuleDataCtor.cpp,no,1,1,14,1
Code/GameEngine/Source/GameLogic/Object/Upgrade/SubObjectsUpgradeModuleDataDestructor.cpp,no,1,2,24,1
Code/GameEngine/Source/GameLogic/Object/Upgrade/SubObjectsUpgradeModuleDataFriendNew.cpp,yes,0,0,0,0
Code/GameEngine/Source/GameLogic/Object/Upgrade/SupplyCenterCreatePoolKey.cpp,yes,0,0,0,0
Code/GameEngine/Source/GameLogic/Object/Upgrade/SupplyWarehouseCreatePoolKey.cpp,yes,0,0,0,0
Code/GameEngine/Source/GameLogic/Object/Upgrade/TooltipUpgrade.cpp,no,3,0,0,0
Code/GameEngine/Source/GameLogic/Object/Upgrade/TooltipUpgradeFriendNew.cpp,yes,0,0,0,0
Code/GameEngine/Source/GameLogic/Object/Upgrade/TooltipUpgradeModuleDataCtor.cpp,no,2,1,0,0
Code/GameEngine/Source/GameLogic/Object/Upgrade/TooltipUpgradeModuleDataFriendNew.cpp,yes,0,0,0,0
Code/GameEngine/Source/GameLogic/Object/Upgrade/TooltipUpgradePoolKey.cpp,yes,0,0,0,0
Code/GameEngine/Source/GameLogic/Object/Upgrade/UnpauseSpecialPowerUpgradeConstructor.cpp,no,3,0,0,0
Code/GameEngine/Source/GameLogic/Object/Upgrade/UnpauseSpecialPowerUpgradeFriendNew.cpp,no,0,1,1,0
Code/GameEngine/Source/GameLogic/Object/Upgrade/UnpauseSpecialPowerUpgradePoolKey.cpp,yes,0,0,0,0
Code/GameEngine/Source/GameLogic/Object/Upgrade/UpgradeModuleCtor.cpp,no,1,0,0,5
Code/GameEngine/Source/GameLogic/Object/Upgrade/UpgradeModuleDataBuildFieldParse.cpp,no,0,1,1,0
Code/GameEngine/Source/GameLogic/Object/Upgrade/UpgradeModuleDataDtor.cpp,no,1,1,3,0
Code/GameEngine/Source/GameLogic/Object/Upgrade/UpgradeModuleDataFriendNew.cpp,yes,0,0,0,0
Code/GameEngine/Source/GameLogic/Object/Upgrade/UpgradeModuleDataGetterBuildFieldParse.cpp,yes,0,0,0,0
Code/GameEngine/Source/GameLogic/Object/Upgrade/UpgradeModuleDeletingDtors.cpp,no,0,4,2,0
Code/GameEngine/Source/GameLogic/Object/Upgrade/UpgradeModuleTailDtors.cpp,no,4,0,1,0
Code/GameEngine/Source/GameLogic/Object/Upgrade/UpgradeModuleXfer.cpp,yes,0,0,0,0
Code/GameEngine/Source/GameLogic/Object/Upgrade/WeaponBonusUpgradeCtor.cpp,yes,0,0,0,0
Code/GameEngine/Source/GameLogic/Object/Upgrade/WeaponSetUpgradeConstructor.cpp,no,3,0,0,0
Code/GameEngine/Source/GameLogic/Object/Upgrade/WeaponSetUpgradeFriendNew.cpp,no,0,1,1,0
Code/GameEngine/Source/GameLogic/Object/Upgrade/WeaponSetUpgradeModuleDataFriendNew.cpp,yes,0,0,0,0
Code/GameEngine/Source/GameLogic/Object/Weapon.cpp,no,45,26,44,0
Code/GameEngine/Source/GameLogic/Object/WeaponBonusAppend.cpp,no,0,2,2,0
Code/GameEngine/Source/GameLogic/Object/WeaponBonusParse.cpp,no,0,1,1,2
Code/GameEngine/Source/GameLogic/Object/WeaponChangeSpecialPowerModuleFriendNew.cpp,yes,0,0,0,0
Code/GameEngine/Source/GameLogic/Object/WeaponComputeBonus.cpp,no,1,1,2,0
Code/GameEngine/Source/GameLogic/Object/WeaponCtor.cpp,no,1,0,3,0
Code/GameEngine/Source/GameLogic/Object/WeaponDtor.cpp,no,3,2,4,1
Code/GameEngine/Source/GameLogic/Object/WeaponIsTooClose.cpp,no,0,1,1,1
Code/GameEngine/Source/GameLogic/Object/WeaponIsWithinTargetPitch.cpp,no,0,1,1,0
Code/GameEngine/Source/GameLogic/Object/WeaponLoadAmmoNow.cpp,no,0,1,2,0
Code/GameEngine/Source/GameLogic/Object/WeaponNuggetParse.cpp,no,8,0,0,0
Code/GameEngine/Source/GameLogic/Object/WeaponPrivateFireWrapper_002CE74B_O2.cpp,no,1,0,0,0
Code/GameEngine/Source/GameLogic/Object/WeaponPrivateFireWrappers_O1.cpp,no,1,1,1,0
Code/GameEngine/Source/GameLogic/Object/WeaponReloadAmmo.cpp,no,0,1,2,0
Code/GameEngine/Source/GameLogic/Object/WeaponReloadWithBonus.cpp,no,1,1,2,1
Code/GameEngine/Source/GameLogic/Object/WeaponSet.cpp,no,16,7,26,0
Code/GameEngine/Source/GameLogic/Object/WeaponSetIsOutOfAmmo.cpp,no,0,3,3,0
Code/GameEngine/Source/GameLogic/Object/WeaponSetRva002C752F.cpp,yes,0,0,0,0
Code/GameEngine/Source/GameLogic/Object/WeaponSetRva002C75D1.cpp,yes,0,0,0,0
Code/GameEngine/Source/GameLogic/Object/WeaponSetRva0033A888.cpp,no,0,0,1,0
Code/GameEngine/Source/GameLogic/Object/WeaponSetRvaSlotSearch.cpp,yes,0,0,0,0
Code/GameEngine/Source/GameLogic/Object/WeaponStoreAllocateNewWeapon.cpp,no,0,1,1,0
Code/GameEngine/Source/GameLogic/Object/WeaponStoreCreateAndFireTempWeapon.cpp,no,0,1,1,2
Code/GameEngine/Source/GameLogic/Object/WeaponStoreFindWeaponTemplate.cpp,no,1,0,0,0
Code/GameEngine/Source/GameLogic/Object/WeaponTemplateClipReloadTime.cpp,no,0,1,1,0
Code/GameEngine/Source/GameLogic/Object/WeaponTemplateMinimumRange.cpp,no,0,1,1,0
Code/GameEngine/Source/GameLogic/Object/Weapon_getRemainingAmmo.cpp,yes,0,0,0,0
Code/GameEngine/Source/GameLogic/Rva0060E7F0BattleMarker.cpp,no,1,0,1,0
Code/GameEngine/Source/GameLogic/ScriptEngine/ConditionCtor.cpp,no,1,0,1,0
Code/GameEngine/Source/GameLogic/ScriptEngine/ConditionGetUiStrings.cpp,no,1,1,1,0
Code/GameEngine/Source/GameLogic/ScriptEngine/ConditionWriteDataChunk.cpp,no,3,3,0,0
Code/GameEngine/Source/GameLogic/ScriptEngine/DataChunkOutputWriteNameKey.cpp,no,3,2,0,0
Code/GameEngine/Source/GameLogic/ScriptEngine/DataChunkOutput_writeAsciiString.cpp,yes,0,0,0,0
Code/GameEngine/Source/GameLogic/ScriptEngine/DataChunkOutput_writeInt.cpp,yes,0,0,0,0
Code/GameEngine/Source/GameLogic/ScriptEngine/DataChunkOutput_writeUnicodeString.cpp,no,0,1,0,0
Code/GameEngine/Source/GameLogic/ScriptEngine/DelayedLuaEventListConstructor.cpp,no,4,0,0,0
Code/GameEngine/Source/GameLogic/ScriptEngine/DelayedLuaEventListXfer.cpp,yes,0,0,0,0
Code/GameEngine/Source/GameLogic/ScriptEngine/DelayedLuaEventUpdateModuleDataCtorThunk.cpp,no,1,0,0,0
Code/GameEngine/Source/GameLogic/ScriptEngine/KindOfGetNameFromSingleBit.cpp,no,1,0,0,0
Code/GameEngine/Source/GameLogic/ScriptEngine/ObjectTypesCtor.cpp,no,0,1,18,0
Code/GameEngine/Source/GameLogic/ScriptEngine/ObjectTypesDtor.cpp,no,0,3,9,1
Code/GameEngine/Source/GameLogic/ScriptEngine/ObjectTypesTempCtor.cpp,yes,0,0,0,0
Code/GameEngine/Source/GameLogic/ScriptEngine/ObjectTypesXfer.cpp,no,2,2,17,0
Code/GameEngine/Source/GameLogic/ScriptEngine/OrConditionWriteOrConditionDataChunk.cpp,no,1,1,0,0
Code/GameEngine/Source/GameLogic/ScriptEngine/ParameterGetCoord3D.cpp,no,0,1,1,0
Code/GameEngine/Source/GameLogic/ScriptEngine/ParameterSetCoord3D.cpp,no,0,1,1,0
Code/GameEngine/Source/GameLogic/ScriptEngine/Parameter_WriteParameter.cpp,no,0,1,0,0
Code/GameEngine/Source/GameLogic/ScriptEngine/Rva002041ACGetter.cpp,no,2,1,0,0
Code/GameEngine/Source/GameLogic/ScriptEngine/Rva002041E1Getter.cpp,no,1,1,0,0
Code/GameEngine/Source/GameLogic/ScriptEngine/Rva00204686Dtor.cpp,no,0,1,0,0
Code/GameEngine/Source/GameLogic/ScriptEngine/Rva002048A2Ctor.cpp,no,1,2,0,0
Code/GameEngine/Source/GameLogic/ScriptEngine/Rva00204A83Ctor.cpp,yes,0,0,0,0
Code/GameEngine/Source/GameLogic/ScriptEngine/Rva00204AA4Ctor.cpp,yes,0,0,0,0
Code/GameEngine/Source/GameLogic/ScriptEngine/Rva00204ABFCtor.cpp,yes,0,0,0,0
Code/GameEngine/Source/GameLogic/ScriptEngine/Rva00204B12Ctor.cpp,yes,0,0,0,0
Code/GameEngine/Source/GameLogic/ScriptEngine/Rva00204E64Find.cpp,no,1,0,0,0
Code/GameEngine/Source/GameLogic/ScriptEngine/Rva00205224Dtor.cpp,no,1,3,1,0
Code/GameEngine/Source/GameLogic/ScriptEngine/Rva0020561CCtor.cpp,no,1,0,0,0
Code/GameEngine/Source/GameLogic/ScriptEngine/Rva00205655Make.cpp,yes,0,0,0,0
Code/GameEngine/Source/GameLogic/ScriptEngine/Rva00205670Make.cpp,yes,0,0,0,0
Code/GameEngine/Source/GameLogic/ScriptEngine/Rva0020568CMake.cpp,yes,0,0,0,0
Code/GameEngine/Source/GameLogic/ScriptEngine/Rva002056A6Make.cpp,yes,0,0,0,0
Code/GameEngine/Source/GameLogic/ScriptEngine/Rva00206667Clear.cpp,yes,0,0,0,0
Code/GameEngine/Source/GameLogic/ScriptEngine/Rva00206706Clear.cpp,yes,0,0,0,0
Code/GameEngine/Source/GameLogic/ScriptEngine/Rva00332E60.cpp,yes,0,0,0,0
Code/GameEngine/Source/GameLogic/ScriptEngine/Rva003B275AGet.cpp,no,0,0,0,1
Code/GameEngine/Source/GameLogic/ScriptEngine/Rva003B2832Get.cpp,no,0,0,0,1
Code/GameEngine/Source/GameLogic/ScriptEngine/Rva003B3F09Lookup.cpp,yes,0,0,0,0
Code/GameEngine/Source/GameLogic/ScriptEngine/Rva003B40B6Capture.cpp,yes,0,0,0,0
Code/GameEngine/Source/GameLogic/ScriptEngine/Rva003BC259Remove.cpp,no,1,0,0,0
Code/GameEngine/Source/GameLogic/ScriptEngine/Rva003BC421Do.cpp,no,1,0,0,0
Code/GameEngine/Source/GameLogic/ScriptEngine/Rva003BCCC6Do.cpp,no,1,0,0,0
Code/GameEngine/Source/GameLogic/ScriptEngine/Rva003BE26DGrantUpgrade.cpp,no,0,0,0,2
Code/GameEngine/Source/GameLogic/ScriptEngine/Rva003C2A29Script.cpp,no,6,2,1,0
Code/GameEngine/Source/GameLogic/ScriptEngine/Rva003C4350Do.cpp,no,2,1,0,3
Code/GameEngine/Source/GameLogic/ScriptEngine/Rva003C43A3Do.cpp,no,2,1,0,3
Code/GameEngine/Source/GameLogic/ScriptEngine/Rva003C4449Do.cpp,no,5,1,0,0
Code/GameEngine/Source/GameLogic/ScriptEngine/Rva003C4570Team.cpp,no,2,1,0,3
Code/GameEngine/Source/GameLogic/ScriptEngine/Rva003C4DC2Do.cpp,no,2,0,0,0
Code/GameEngine/Source/GameLogic/ScriptEngine/Rva003C60E8Do.cpp,no,1,0,11,0
Code/GameEngine/Source/GameLogic/ScriptEngine/Rva003C89D1Guard.cpp,no,0,0,0,1
Code/GameEngine/Source/GameLogic/ScriptEngine/Rva003C90B1Exit.cpp,no,0,0,0,1
Code/GameEngine/Source/GameLogic/ScriptEngine/Rva00460216XferList.cpp,no,2,0,13,0
Code/GameEngine/Source/GameLogic/ScriptEngine/Rva0054840AXfer.cpp,no,0,0,14,0
Code/GameEngine/Source/GameLogic/ScriptEngine/ScriptActionCtor.cpp,no,1,0,2,0
Code/GameEngine/Source/GameLogic/ScriptEngine/ScriptActionGetUiStrings.cpp,no,1,1,1,0
Code/GameEngine/Source/GameLogic/ScriptEngine/ScriptActionGetUiText.cpp,no,1,4,3,0
Code/GameEngine/Source/GameLogic/ScriptEngine/ScriptActionParseAction.cpp,no,6,5,10,0
Code/GameEngine/Source/GameLogic/ScriptEngine/ScriptActionWriteAction.cpp,no,1,0,0,0
Code/GameEngine/Source/GameLogic/ScriptEngine/ScriptAction_getParameter.cpp,yes,0,0,0,0
Code/GameEngine/Source/GameLogic/ScriptEngine/ScriptActionsRva003BA8F3.cpp,no,0,0,0,3
Code/GameEngine/Source/GameLogic/ScriptEngine/ScriptActionsRva003BAAD6.cpp,no,0,0,0,5
Code/GameEngine/Source/GameLogic/ScriptEngine/ScriptActionsRva003BC107.cpp,no,0,0,0,1
Code/GameEngine/Source/GameLogic/ScriptEngine/ScriptActionsRva003BC115.cpp,no,0,0,0,1
Code/GameEngine/Source/GameLogic/ScriptEngine/ScriptActions_Rva003BC37C.cpp,no,1,0,0,0
Code/GameEngine/Source/GameLogic/ScriptEngine/ScriptActions_Rva003BC392.cpp,no,1,0,0,0
Code/GameEngine/Source/GameLogic/ScriptEngine/ScriptActions_ctor.cpp,no,2,1,0,2
Code/GameEngine/Source/GameLogic/ScriptEngine/ScriptActions_doBorderSwitch.cpp,no,2,0,1,0
Code/GameEngine/Source/GameLogic/ScriptEngine/ScriptActions_doNamedAttackArea.cpp,no,3,1,1,2
Code/GameEngine/Source/GameLogic/ScriptEngine/ScriptActions_doNamedAttackAreaForSeconds.cpp,no,3,1,1,4
Code/GameEngine/Source/GameLogic/ScriptEngine/ScriptActions_doNamedAttackTeam.cpp,no,3,1,1,2
Code/GameEngine/Source/GameLogic/ScriptEngine/ScriptActions_doNamedEnableStealth.cpp,no,2,0,0,0
Code/GameEngine/Source/GameLogic/ScriptEngine/ScriptActions_doNamedEnterNamed.cpp,no,4,1,1,2
Code/GameEngine/Source/GameLogic/ScriptEngine/ScriptActions_doNamedExitAll.cpp,no,1,0,1,1
Code/GameEngine/Source/GameLogic/ScriptEngine/ScriptActions_doNamedFaceNamed.cpp,no,4,1,0,0
Code/GameEngine/Source/GameLogic/ScriptEngine/ScriptActions_doNamedFaceWaypoint.cpp,no,3,0,0,0
Code/GameEngine/Source/GameLogic/ScriptEngine/ScriptActions_doNamedFireWeaponFollowingWaypointPath.cpp,no,3,0,0,0
Code/GameEngine/Source/GameLogic/ScriptEngine/ScriptActions_doNamedFollowWaypoints.cpp,no,3,0,0,0
Code/GameEngine/Source/GameLogic/ScriptEngine/ScriptActions_doNamedFollowWaypointsExact.cpp,no,3,0,0,0
Code/GameEngine/Source/GameLogic/ScriptEngine/ScriptActions_doNamedSetRepulsor.cpp,no,1,0,0,1
Code/GameEngine/Source/GameLogic/ScriptEngine/ScriptActions_doSetTeamState.cpp,no,2,2,1,1
Code/GameEngine/Source/GameLogic/ScriptEngine/ScriptActions_doTeamAttackArea.cpp,no,5,1,0,3
Code/GameEngine/Source/GameLogic/ScriptEngine/ScriptActions_doTeamAttackNamed.cpp,no,6,1,1,3
Code/GameEngine/Source/GameLogic/ScriptEngine/ScriptActions_doTeamAttackTeam.cpp,no,4,1,0,3
Code/GameEngine/Source/GameLogic/ScriptEngine/ScriptActions_doTeamAvailableForRecruitment.cpp,no,2,2,1,1
Code/GameEngine/Source/GameLogic/ScriptEngine/ScriptActions_doTeamEnterNamed.cpp,no,5,1,0,3
Code/GameEngine/Source/GameLogic/ScriptEngine/ScriptActions_doTeamExitAll.cpp,no,5,1,0,2
Code/GameEngine/Source/GameLogic/ScriptEngine/ScriptActions_doTeamFaceNamed.cpp,no,5,1,1,0
Code/GameEngine/Source/GameLogic/ScriptEngine/ScriptActions_doTeamFaceWaypoint.cpp,no,4,1,1,0
Code/GameEngine/Source/GameLogic/ScriptEngine/ScriptActions_doTeamGuardForFramecount.cpp,no,2,1,1,4
Code/GameEngine/Source/GameLogic/ScriptEngine/ScriptActions_doTeamSpinForFramecount.cpp,no,2,1,0,2
Code/GameEngine/Source/GameLogic/ScriptEngine/ScriptActions_doUnitGuardForFramecount.cpp,no,3,1,2,8
Code/GameEngine/Source/GameLogic/ScriptEngine/ScriptActions_doUnitIdleForFramecount.cpp,no,1,0,1,4
Code/GameEngine/Source/GameLogic/ScriptEngine/ScriptActions_rva003BF71E.cpp,no,7,2,1,0
Code/GameEngine/Source/GameLogic/ScriptEngine/ScriptActions_rva003BF7AC.cpp,no,6,2,1,0
Code/GameEngine/Source/GameLogic/ScriptEngine/ScriptActions_rva003BF813.cpp,no,8,2,1,0
Code/GameEngine/Source/GameLogic/ScriptEngine/ScriptActions_rva003BF8B4.cpp,no,6,2,1,0
Code/GameEngine/Source/GameLogic/ScriptEngine/ScriptActions_rva003BFB8C.cpp,no,3,3,0,0
Code/GameEngine/Source/GameLogic/ScriptEngine/ScriptActions_rva003BFC27.cpp,no,3,3,0,0
Code/GameEngine/Source/GameLogic/ScriptEngine/ScriptActions_rva003BFCBF.cpp,no,3,3,0,0
Code/GameEngine/Source/GameLogic/ScriptEngine/ScriptActions_rva003BFFEC.cpp,no,2,2,1,0
Code/GameEngine/Source/GameLogic/ScriptEngine/ScriptActions_rva003C004D.cpp,no,2,1,0,3
Code/GameEngine/Source/GameLogic/ScriptEngine/ScriptActions_rva003C0091.cpp,no,2,1,0,3
Code/GameEngine/Source/GameLogic/ScriptEngine/ScriptActions_rva003C0F09.cpp,no,2,1,0,1
Code/GameEngine/Source/GameLogic/ScriptEngine/ScriptConditions_ctor.cpp,no,3,0,0,0
Code/GameEngine/Source/GameLogic/ScriptEngine/ScriptConditions_evaluateNamedInsideArea.cpp,no,3,1,0,1
Code/GameEngine/Source/GameLogic/ScriptEngine/ScriptConditions_evaluateNamedOutsideArea.cpp,yes,0,0,0,0
Code/GameEngine/Source/GameLogic/ScriptEngine/ScriptConditions_evaluateTeamInsideAreaEntirely.cpp,no,3,1,0,1
Code/GameEngine/Source/GameLogic/ScriptEngine/ScriptEngineAppendDebugMessage.cpp,no,0,2,0,4
Code/GameEngine/Source/GameLogic/ScriptEngine/ScriptEngineDidUnitExist.cpp,yes,0,0,0,0
Code/GameEngine/Source/GameLogic/ScriptEngine/ScriptEngineGetActionTemplate.cpp,yes,0,0,0,0
Code/GameEngine/Source/GameLogic/ScriptEngine/ScriptEngineGetCurrentPlayer.cpp,no,0,2,0,0
Code/GameEngine/Source/GameLogic/ScriptEngine/ScriptEngineGetObjectTypes.cpp,yes,0,0,0,0
Code/GameEngine/Source/GameLogic/ScriptEngine/ScriptEngineGetUnitNamed.cpp,no,2,1,1,1
Code/GameEngine/Source/GameLogic/ScriptEngine/ScriptEngineNotifyAcquiredScience.cpp,yes,0,0,0,0
Code/GameEngine/Source/GameLogic/ScriptEngine/ScriptEngineRva0020517D.cpp,yes,0,0,0,0
Code/GameEngine/Source/GameLogic/ScriptEngine/ScriptEngineRva00205D5D.cpp,yes,0,0,0,0
Code/GameEngine/Source/GameLogic/ScriptEngine/ScriptEngineRva00206255.cpp,no,0,0,1,1
Code/GameEngine/Source/GameLogic/ScriptEngine/ScriptEngineRva003571B8.cpp,no,0,0,6,0
Code/GameEngine/Source/GameLogic/ScriptEngine/ScriptEngineRva0035721A.cpp,no,0,0,6,0
Code/GameEngine/Source/GameLogic/ScriptEngine/ScriptEngineRva0035727C.cpp,no,0,0,6,0
Code/GameEngine/Source/GameLogic/ScriptEngine/ScriptEngineRva003572DE.cpp,no,0,0,6,0
Code/GameEngine/Source/GameLogic/ScriptEngine/ScriptEngineRva00357340.cpp,no,0,0,2,0
Code/GameEngine/Source/GameLogic/ScriptEngine/ScriptEngineRva00357A03.cpp,yes,0,0,0,0
Code/GameEngine/Source/GameLogic/ScriptEngine/ScriptEngineRva00357A36.cpp,no,0,0,5,0
Code/GameEngine/Source/GameLogic/ScriptEngine/ScriptEngineRva00357A97.cpp,no,0,0,5,0
Code/GameEngine/Source/GameLogic/ScriptEngine/ScriptEngineRva00357AF8.cpp,no,1,0,0,0
Code/GameEngine/Source/GameLogic/ScriptEngine/ScriptEngineRva00357B3D.cpp,no,0,0,1,0
Code/GameEngine/Source/GameLogic/ScriptEngine/ScriptEngineRva00357C1F.cpp,yes,0,0,0,0
Code/GameEngine/Source/GameLogic/ScriptEngine/ScriptEngineRva00357D52.cpp,yes,0,0,0,0
Code/GameEngine/Source/GameLogic/ScriptEngine/ScriptEngineRva00357DAC.cpp,yes,0,0,0,0
Code/GameEngine/Source/GameLogic/ScriptEngine/ScriptEngineRva00357DD2.cpp,yes,0,0,0,0
Code/GameEngine/Source/GameLogic/ScriptEngine/ScriptEngineRva00357E14.cpp,no,0,0,1,0
Code/GameEngine/Source/GameLogic/ScriptEngine/ScriptEngine_DllHandle.cpp,no,0,2,0,0
Code/GameEngine/Source/GameLogic/ScriptEngine/ScriptEngine_DllHandleExceptionCopies.cpp,no,0,2,3,2
Code/GameEngine/Source/GameLogic/ScriptEngine/ScriptEngine_DllHandleLoadFailure.cpp,no,0,0,0,1
Code/GameEngine/Source/GameLogic/ScriptEngine/ScriptEngine_appGate.cpp,no,0,0,0,4
Code/GameEngine/Source/GameLogic/ScriptEngine/ScriptEngine_dtor.cpp,no,23,2,3,0
Code/GameEngine/Source/GameLogic/ScriptEngine/ScriptEngine_getConditionTemplate.cpp,yes,0,0,0,0
Code/GameEngine/Source/GameLogic/ScriptEngine/ScriptEngine_indexedTable.cpp,yes,0,0,0,0
Code/GameEngine/Source/GameLogic/ScriptEngine/ScriptEngine_init.cpp,no,5,0,0,0
Code/GameEngine/Source/GameLogic/ScriptEngine/ScriptEngine_initActionTemplates.cpp,yes,0,0,0,0
Code/GameEngine/Source/GameLogic/ScriptEngine/ScriptEngine_initConditionTemplates.cpp,no,0,1,0,0
Code/GameEngine/Source/GameLogic/ScriptEngine/ScriptEngine_initTemplateNameKeys.cpp,no,0,2,1,0
Code/GameEngine/Source/GameLogic/ScriptEngine/ScriptEngine_nodeFree.cpp,yes,0,0,0,0
Code/GameEngine/Source/GameLogic/ScriptEngine/ScriptEngine_notifyCamera.cpp,no,0,0,0,1
Code/GameEngine/Source/GameLogic/ScriptEngine/ScriptEngine_sequentialCleanup.cpp,no,0,0,1,0
Code/GameEngine/Source/GameLogic/ScriptEngine/ScriptEngine_setFrame.cpp,no,0,0,0,4
Code/GameEngine/Source/GameLogic/ScriptEngine/ScriptEngine_setSequentialTimer.cpp,yes,0,0,0,0
Code/GameEngine/Source/GameLogic/ScriptEngine/ScriptEngine_setSides.cpp,no,0,0,0,9
Code/GameEngine/Source/GameLogic/ScriptEngine/ScriptEngine_updateClientDebugFrame.cpp,no,0,0,0,2
Code/GameEngine/Source/GameLogic/ScriptEngine/ScriptEventFlags.cpp,no,2,0,0,0
Code/GameEngine/Source/GameLogic/ScriptEngine/ScriptGroupCapture.cpp,yes,0,0,0,0
Code/GameEngine/Source/GameLogic/ScriptEngine/ScriptGroupLeafCheck.cpp,yes,0,0,0,0
Code/GameEngine/Source/GameLogic/ScriptEngine/ScriptGroupSkipCheck.cpp,yes,0,0,0,0
Code/GameEngine/Source/GameLogic/ScriptEngine/ScriptGroupWriteGroup.cpp,no,2,0,0,0
Code/GameEngine/Source/GameLogic/ScriptEngine/ScriptLeafCheck.cpp,yes,0,0,0,0
Code/GameEngine/Source/GameLogic/ScriptEngine/ScriptListCtor.cpp,no,0,1,1,1
Code/GameEngine/Source/GameLogic/ScriptEngine/ScriptListDuplicate.cpp,no,1,1,1,0
Code/GameEngine/Source/GameLogic/ScriptEngine/ScriptListElementDestroy.cpp,no,1,0,0,0
Code/GameEngine/Source/GameLogic/ScriptEngine/ScriptListElementDrain.cpp,yes,0,0,0,0
Code/GameEngine/Source/GameLogic/ScriptEngine/ScriptListNodeDtor.cpp,no,0,0,0,1
Code/GameEngine/Source/GameLogic/ScriptEngine/ScriptListSubrecordCtor.cpp,yes,0,0,0,0
Code/GameEngine/Source/GameLogic/ScriptEngine/ScriptListSwap.cpp,no,1,0,0,0
Code/GameEngine/Source/GameLogic/ScriptEngine/ScriptList_WriteScriptsDataChunk.cpp,no,1,2,0,0
Code/GameEngine/Source/GameLogic/ScriptEngine/ScriptSkipCheck.cpp,yes,0,0,0,0
Code/GameEngine/Source/GameLogic/ScriptEngine/ScriptSubRecordWrite.cpp,yes,0,0,0,0
Code/GameEngine/Source/GameLogic/ScriptEngine/ScriptTagCheck.cpp,yes,0,0,0,0
Code/GameEngine/Source/GameLogic/ScriptEngine/Scripts.cpp,no,15,21,25,0
Code/GameEngine/Source/GameLogic/ScriptEngine/TemplateGetParameterType.cpp,no,0,1,1,0
Code/GameEngine/Source/GameLogic/ScriptEngine/TemplateGetUiStrings.cpp,yes,0,0,0,0
Code/GameEngine/Source/GameLogic/ScriptEngine/XferListInt.cpp,no,2,0,13,0
Code/GameEngine/Source/GameLogic/ScriptEngine/XferVectorBool.cpp,no,2,0,35,0
Code/GameEngine/Source/GameLogic/ScriptEngine/openLuaLibraries.cpp,yes,0,0,0,0
Code/GameEngine/Source/GameLogic/System/BfmeNetAddressRva00248CBF.cpp,yes,0,0,0,0
Code/GameEngine/Source/GameLogic/System/GameLogicAwakenUpdate.cpp,no,0,0,4,2
Code/GameEngine/Source/GameLogic/System/GameLogicDestroyObject.cpp,no,1,1,8,0
Code/GameEngine/Source/GameLogic/System/GameLogicGetObjectCount.cpp,no,0,1,1,0
Code/GameEngine/Source/GameLogic/System/GameLogicIsInMultiplayerGame.cpp,yes,0,0,0,0
Code/GameEngine/Source/GameLogic/System/GameLogicLastHeardFrom.cpp,yes,0,0,0,0
Code/GameEngine/Source/GameLogic/System/GameLogicModeFourOrSeven.cpp,yes,0,0,0,0
Code/GameEngine/Source/GameLogic/System/GameLogicModeGateChecks.cpp,yes,0,0,0,0
Code/GameEngine/Source/GameLogic/System/GameLogicProcessCommandList.cpp,no,1,0,0,0
Code/GameEngine/Source/GameLogic/System/GameLogicProcessProgress.cpp,yes,0,0,0,0
Code/GameEngine/Source/GameLogic/System/GameLogicRva0023CFE4.cpp,yes,0,0,0,0
Code/GameEngine/Source/GameLogic/System/GameLogicRva003BA5DD.cpp,yes,0,0,0,0
Code/GameEngine/Source/GameLogic/System/GameLogicRva003BC6C7Wrapper.cpp,no,0,0,0,1
Code/GameEngine/Source/GameLogic/System/GameLogicSetBuildableStatusOverride.cpp,no,0,0,23,0
Code/GameEngine/Source/GameLogic/System/GameLogicSetFPMode.cpp,yes,0,0,0,0
Code/GameEngine/Source/GameLogic/System/GameLogicSetGamePaused.cpp,no,0,0,0,5
Code/GameEngine/Source/GameLogic/System/GameLogicSetPlayerLeaveStatus.cpp,yes,0,0,0,0
Code/GameEngine/Source/GameLogic/System/GameLogicStartingCamera.cpp,no,2,0,0,0
Code/GameEngine/Source/GameLogic/System/GameLogic_getFirstObject.cpp,no,0,1,0,0
Code/GameEngine/Source/GameLogic/System/GlobalWeatherSystem.cpp,no,3,0,1,0
Code/GameEngine/Source/GameLogic/System/LivingWorld/Rva002BA8F1AddPlayer.cpp,no,14,0,2,0
Code/GameEngine/Source/GameLogic/System/LivingWorld/Rva002BA8F1Lookups.cpp,yes,0,0,0,0
Code/GameEngine/Source/GameLogic/System/RankInfoCtor.cpp,no,2,0,20,0
Code/GameEngine/Source/GameLogic/System/RankInfoDtor.cpp,no,2,1,1,0
Code/GameEngine/Source/GameLogic/System/RankInfoParse.cpp,no,3,0,4,2
Code/GameEngine/Source/GameLogic/System/Rva001DCDAF.cpp,yes,0,0,0,0
Code/GameEngine/Source/GameLogic/System/Rva00248CDDCompare.cpp,yes,0,0,0,0
Code/GameEngine/Source/GameNetwork/BfmeConv1918.cpp,yes,0,0,0,0
Code/GameEngine/Source/GameNetwork/BfmeFlushVQB.cpp,yes,0,0,0,0
Code/GameEngine/Source/GameNetwork/BfmeGameBrowserVJP.cpp,no,2,0,0,0
Code/GameEngine/Source/GameNetwork/BfmeGameBrowserVJQ.cpp,no,5,0,0,0
Code/GameEngine/Source/GameNetwork/BfmeGameBrowserVJR.cpp,no,5,0,0,0
Code/GameEngine/Source/GameNetwork/BfmeGameBrowserVJS.cpp,no,1,0,0,0
Code/GameEngine/Source/GameNetwork/BfmeGameBrowserVJU.cpp,no,1,0,0,0
Code/GameEngine/Source/GameNetwork/BfmeHostBT_bfmeReportBT.cpp,no,1,0,0,0
Code/GameEngine/Source/GameNetwork/BfmeMsgCtor.cpp,yes,0,0,0,0
Code/GameEngine/Source/GameNetwork/BfmeMsgVJH_ctor.cpp,no,2,0,0,0
Code/GameEngine/Source/GameNetwork/BfmeOneHundredFiftyEight.cpp,no,2,0,0,1
Code/GameEngine/Source/GameNetwork/BfmeThingDGDConstructor.cpp,no,0,0,0,5
Code/GameEngine/Source/GameNetwork/BfmeThingDGDDestructor.cpp,no,2,0,0,0
Code/GameEngine/Source/GameNetwork/BfmeThingDGDRva007F8400.cpp,no,1,0,0,22
Code/GameEngine/Source/GameNetwork/BfmeThingTWAConstructor.cpp,no,9,0,0,0
Code/GameEngine/Source/GameNetwork/CDownloadCtorEmit.cpp,no,2,0,1,0
Code/GameEngine/Source/GameNetwork/CftpLogoffFromServer.cpp,no,1,0,0,0
Code/GameEngine/Source/GameNetwork/Connection.cpp,yes,0,0,0,0
Code/GameEngine/Source/GameNetwork/ConnectionCtor.cpp,yes,0,0,0,0
Code/GameEngine/Source/GameNetwork/ConnectionManager.cpp,no,137,12,19,0
Code/GameEngine/Source/GameNetwork/ConnectionRetryMetrics.cpp,yes,0,0,0,0
Code/GameEngine/Source/GameNetwork/Connection_clearCommandsExceptFrom.cpp,no,1,0,2,0
Code/GameEngine/Source/GameNetwork/DisconnectManager.cpp,yes,0,0,0,0
Code/GameEngine/Source/GameNetwork/DoesCommandRequireACommandID.cpp,yes,0,0,0,0
Code/GameEngine/Source/GameNetwork/DownloadManager.cpp,no,6,13,16,0
Code/GameEngine/Source/GameNetwork/DownloadManagerOnStatusUpdate.cpp,no,1,6,0,0
Code/GameEngine/Source/GameNetwork/FeslBrowserFactory_ctor.cpp,yes,0,0,0,0
Code/GameEngine/Source/GameNetwork/FeslEchoNotifier.cpp,no,10,0,0,0
Code/GameEngine/Source/GameNetwork/FeslHost_get_rva00801900.cpp,yes,0,0,0,0
Code/GameEngine/Source/GameNetwork/FeslHost_get_rva00802470.cpp,yes,0,0,0,0
Code/GameEngine/Source/GameNetwork/FeslMessage_addInt64_rva007E8E90.cpp,yes,0,0,0,0
Code/GameEngine/Source/GameNetwork/FeslMessage_getInt64_rva007E8930.cpp,yes,0,0,0,0
Code/GameEngine/Source/GameNetwork/FeslMessage_send_rva007F93E0.cpp,no,3,0,0,0
Code/GameEngine/Source/GameNetwork/FeslTidMessageSender.cpp,no,5,0,0,0
Code/GameEngine/Source/GameNetwork/FeslTransactor_lookup_rva007F9530.cpp,yes,0,0,0,0
Code/GameEngine/Source/GameNetwork/FeslTransactor_timeoutStamp_rva007F95A0.cpp,yes,0,0,0,0
Code/GameEngine/Source/GameNetwork/FirewallHelper.cpp,yes,0,0,0,0
Code/GameEngine/Source/GameNetwork/FrameDataDelete.cpp,yes,0,0,0,0
Code/GameEngine/Source/GameNetwork/FrameData_init.cpp,yes,0,0,0,0
Code/GameEngine/Source/GameNetwork/GameInfoClearSlotList.cpp,no,1,2,0,0
Code/GameEngine/Source/GameNetwork/GameInfoEndGame.cpp,yes,0,0,0,0
Code/GameEngine/Source/GameNetwork/GameInfoGetMap.cpp,no,0,1,1,0
Code/GameEngine/Source/GameNetwork/GameInfoGetSlot.cpp,no,0,2,0,0
Code/GameEngine/Source/GameNetwork/GameInfoGetSlotNum.cpp,no,0,3,0,0
Code/GameEngine/Source/GameNetwork/GameInfoMarkPreorder.cpp,yes,0,0,0,0
Code/GameEngine/Source/GameNetwork/GameInfoPlayerCounts.cpp,no,0,1,1,0
Code/GameEngine/Source/GameNetwork/GameInfoSetMapCRC.cpp,no,1,2,4,0
Code/GameEngine/Source/GameNetwork/GameInfoSetMapSize.cpp,no,1,2,5,0
Code/GameEngine/Source/GameNetwork/GameSlotApparent.cpp,no,2,3,1,0
Code/GameEngine/Source/GameNetwork/GameSlotHumanSaveoff.cpp,no,0,1,0,0
Code/GameEngine/Source/GameNetwork/GameSlotIsPlayer.cpp,no,0,0,1,0
Code/GameEngine/Source/GameNetwork/GameSlotIsPlayerAscii.cpp,no,0,3,1,0
Code/GameEngine/Source/GameNetwork/GameSlotRva003FF5F2.cpp,yes,0,0,0,0
Code/GameEngine/Source/GameNetwork/GameSlotSetPlayerTemplate.cpp,no,2,1,7,0
Code/GameEngine/Source/GameNetwork/GameSlotSetState.cpp,no,1,2,0,0
Code/GameEngine/Source/GameNetwork/GameSpy/BuddyRequestDequePushBackAux.cpp,no,2,0,0,0
Code/GameEngine/Source/GameNetwork/GameSpy/BuddyResponseDequePushBackAux.cpp,no,3,0,0,0
Code/GameEngine/Source/GameNetwork/GameSpy/Chat.cpp,no,13,6,23,0
Code/GameEngine/Source/GameNetwork/GameSpy/ChatDispatchIndexedValue.cpp,yes,0,0,0,0
Code/GameEngine/Source/GameNetwork/GameSpy/GameSpyGroupRoomCtorThunk.cpp,no,3,4,0,0
Code/GameEngine/Source/GameNetwork/GameSpy/OnlinePreferences.cpp,no,4,7,18,0
Code/GameEngine/Source/GameNetwork/GameSpy/PeerDefs.cpp,yes,0,0,0,0
Code/GameEngine/Source/GameNetwork/GameSpy/PeerDefs_AsciiComparator.cpp,no,1,1,2,0
Code/GameEngine/Source/GameNetwork/GameSpy/PeerOperationsComplete.cpp,yes,0,0,0,0
Code/GameEngine/Source/GameNetwork/GameSpy/Rva00382234Set.cpp,no,0,1,1,0
Code/GameEngine/Source/GameNetwork/GameSpy/Rva00858150SetRecord.cpp,yes,0,0,0,0
Code/GameEngine/Source/GameNetwork/GameSpy/Rva0085A660TimeString.c,yes,0,0,0,0
Code/GameEngine/Source/GameNetwork/GameSpy/Thread/GameResultsThread.cpp,yes,0,0,0,0
Code/GameEngine/Source/GameNetwork/GameSpy/Thread/MultiByteToWideCharSingleLine.cpp,no,1,0,28,0
Code/GameEngine/Source/GameNetwork/GameSpy/Thread/PeerParseQueryThunk.cpp,yes,0,0,0,0
Code/GameEngine/Source/GameNetwork/GameSpy/Thread/PeerResponseAssign.cpp,no,1,1,70,0
Code/GameEngine/Source/GameNetwork/GameSpy/Thread/PeerThread.cpp,no,62,4,169,0
Code/GameEngine/Source/GameNetwork/GameSpy/Thread/PingThread.cpp,yes,0,0,0,0
Code/GameEngine/Source/GameNetwork/GameSpy/Thread/Rva0038BDEEInvoke.cpp,no,1,0,31,0
Code/GameEngine/Source/GameNetwork/GameSpy/Thread/Rva0054F93FCtor.cpp,no,2,0,0,0
Code/GameEngine/Source/GameNetwork/GameSpy/Thread/Rva00553222.cpp,yes,0,0,0,0
Code/GameEngine/Source/GameNetwork/GameSpy/available.c,no,7,0,0,0
Code/GameEngine/Source/GameNetwork/GameSpy/chat/ChatMessagePump.c,no,1,4,0,0
Code/GameEngine/Source/GameNetwork/GameSpy/chat/ChatSdkBodies.cpp,no,4,11,3,0
Code/GameEngine/Source/GameNetwork/GameSpy/chat/Rva006A1520FixNick.cpp,yes,0,0,0,0
Code/GameEngine/Source/GameNetwork/GameSpy/chat/Rva0086FD80FreeCallback.cpp,yes,0,0,0,0
Code/GameEngine/Source/GameNetwork/GameSpy/chat/chatCallbacks.c,yes,0,0,0,0
Code/GameEngine/Source/GameNetwork/GameSpy/chat/chatChannel.c,yes,0,0,0,0
Code/GameEngine/Source/GameNetwork/GameSpy/chat/chatCrypt.c,yes,0,0,0,0
Code/GameEngine/Source/GameNetwork/GameSpy/chat/chatHandlers.c,no,1,8,0,0
Code/GameEngine/Source/GameNetwork/GameSpy/chat/chatMain.c,no,0,7,0,0
Code/GameEngine/Source/GameNetwork/GameSpy/chat/chatSocket.c,no,13,0,0,0
Code/GameEngine/Source/GameNetwork/GameSpy/darray.c,yes,0,0,0,0
Code/GameEngine/Source/GameNetwork/GameSpy/ghttp/ghttpBuffer.c,no,1,0,0,0
Code/GameEngine/Source/GameNetwork/GameSpy/ghttp/ghttpCallbacks.c,yes,0,0,0,0
Code/GameEngine/Source/GameNetwork/GameSpy/ghttp/ghttpCommon.c,no,5,0,0,0
Code/GameEngine/Source/GameNetwork/GameSpy/ghttp/ghttpConnection.c,no,2,0,0,0
Code/GameEngine/Source/GameNetwork/GameSpy/ghttp/ghttpMain.c,yes,0,0,0,0
Code/GameEngine/Source/GameNetwork/GameSpy/ghttp/ghttpPost.c,yes,0,0,0,0
Code/GameEngine/Source/GameNetwork/GameSpy/ghttp/ghttpProcess.c,no,6,0,0,0
Code/GameEngine/Source/GameNetwork/GameSpy/gp/gp.c,yes,0,0,0,0
Code/GameEngine/Source/GameNetwork/GameSpy/gp/gpi.c,yes,0,0,0,0
Code/GameEngine/Source/GameNetwork/GameSpy/gp/gpiBuddy.c,no,2,0,0,0
Code/GameEngine/Source/GameNetwork/GameSpy/gp/gpiBuffer.c,no,3,0,0,0
Code/GameEngine/Source/GameNetwork/GameSpy/gp/gpiCallback.c,yes,0,0,0,0
Code/GameEngine/Source/GameNetwork/GameSpy/gp/gpiConnect.c,no,10,0,0,0
Code/GameEngine/Source/GameNetwork/GameSpy/gp/gpiInfo.c,yes,0,0,0,0
Code/GameEngine/Source/GameNetwork/GameSpy/gp/gpiOperation.c,no,2,0,0,0
Code/GameEngine/Source/GameNetwork/GameSpy/gp/gpiPeer.c,no,6,0,0,0
Code/GameEngine/Source/GameNetwork/GameSpy/gp/gpiProfile.c,yes,0,0,0,0
Code/GameEngine/Source/GameNetwork/GameSpy/gp/gpiSearch.c,no,5,0,0,0
Code/GameEngine/Source/GameNetwork/GameSpy/gp/gpiTransfer.c,yes,0,0,0,0
Code/GameEngine/Source/GameNetwork/GameSpy/gp/gpiUnique.c,yes,0,0,0,0
Code/GameEngine/Source/GameNetwork/GameSpy/gp/gpiUtility.c,yes,0,0,0,0
Code/GameEngine/Source/GameNetwork/GameSpy/gstats/FreeGameBfme.cpp,no,1,1,1,0
Code/GameEngine/Source/GameNetwork/GameSpy/gstats/gbucket.c,yes,0,0,0,0
Code/GameEngine/Source/GameNetwork/GameSpy/gstats/gstats.c,no,10,1,0,0
Code/GameEngine/Source/GameNetwork/GameSpy/hashtable.c,yes,0,0,0,0
Code/GameEngine/Source/GameNetwork/GameSpy/md5c.c,yes,0,0,0,0
Code/GameEngine/Source/GameNetwork/GameSpy/nonport.c,no,10,0,0,0
Code/GameEngine/Source/GameNetwork/GameSpy/peer/PeerCreateStagingRoomA.cpp,yes,0,0,0,0
Code/GameEngine/Source/GameNetwork/GameSpy/peer/Rva008572C0InlineName.c,yes,0,0,0,0
Code/GameEngine/Source/GameNetwork/GameSpy/peer/Rva0086B2D0Disconnected.c,yes,0,0,0,0
Code/GameEngine/Source/GameNetwork/GameSpy/peer/Rva0086B2F0.cpp,no,0,1,0,0
Code/GameEngine/Source/GameNetwork/GameSpy/peer/Rva0086B360Dispatch.cpp,no,2,2,0,0
Code/GameEngine/Source/GameNetwork/GameSpy/peer/peerAutoMatch.c,yes,0,0,0,0
Code/GameEngine/Source/GameNetwork/GameSpy/peer/peerAutoMatchClean.c,yes,0,0,0,0
Code/GameEngine/Source/GameNetwork/GameSpy/peer/peerAutoMatchCreateRoom.c,yes,0,0,0,0
Code/GameEngine/Source/GameNetwork/GameSpy/peer/peerAutoMatchJoinRoom.c,yes,0,0,0,0
Code/GameEngine/Source/GameNetwork/GameSpy/peer/peerAutoMatchSetStatus.c,no,1,0,0,0
Code/GameEngine/Source/GameNetwork/GameSpy/peer/peerAutoMatchStartReporting.c,yes,0,0,0,0
Code/GameEngine/Source/GameNetwork/GameSpy/peer/peerAutoMatchStop.c,yes,0,0,0,0
Code/GameEngine/Source/GameNetwork/GameSpy/peer/peerCallbacks.c,yes,0,0,0,0
Code/GameEngine/Source/GameNetwork/GameSpy/peer/peerCallbacksFinished.c,no,1,0,0,0
Code/GameEngine/Source/GameNetwork/GameSpy/peer/peerChannelKicked.cpp,yes,0,0,0,0
Code/GameEngine/Source/GameNetwork/GameSpy/peer/peerChannelNewUserList.cpp,yes,0,0,0,0
Code/GameEngine/Source/GameNetwork/GameSpy/peer/peerChannelStateCallbacks.cpp,yes,0,0,0,0
Code/GameEngine/Source/GameNetwork/GameSpy/peer/peerChannelTopicChanged.cpp,yes,0,0,0,0
Code/GameEngine/Source/GameNetwork/GameSpy/peer/peerChannelUserJoined.cpp,yes,0,0,0,0
Code/GameEngine/Source/GameNetwork/GameSpy/peer/peerDisconnectTitle.c,yes,0,0,0,0
Code/GameEngine/Source/GameNetwork/GameSpy/peer/peerFindPlayerByIP.c,yes,0,0,0,0
Code/GameEngine/Source/GameNetwork/GameSpy/peer/peerGlobalCallbacksSetChannel.c,no,1,0,0,0
Code/GameEngine/Source/GameNetwork/GameSpy/peer/peerHost.c,yes,0,0,0,0
Code/GameEngine/Source/GameNetwork/GameSpy/peer/peerIsPlayerVIP.c,yes,0,0,0,0
Code/GameEngine/Source/GameNetwork/GameSpy/peer/peerKeysCleanup.c,yes,0,0,0,0
Code/GameEngine/Source/GameNetwork/GameSpy/peer/peerKeysGetWatchKey.c,yes,0,0,0,0
Code/GameEngine/Source/GameNetwork/GameSpy/peer/peerMainBlockingOperations.c,no,7,0,0,0
Code/GameEngine/Source/GameNetwork/GameSpy/peer/peerMainConnectPreAuth.c,no,2,0,0,0
Code/GameEngine/Source/GameNetwork/GameSpy/peer/peerMainCrossPing.c,yes,0,0,0,0
Code/GameEngine/Source/GameNetwork/GameSpy/peer/peerMainFixNick.c,yes,0,0,0,0
Code/GameEngine/Source/GameNetwork/GameSpy/peer/peerMainLeaveRoom.c,no,2,0,0,0
Code/GameEngine/Source/GameNetwork/GameSpy/peer/peerMainTranslateNick.c,yes,0,0,0,0
Code/GameEngine/Source/GameNetwork/GameSpy/peer/peerMainUTMPlayer.c,yes,0,0,0,0
Code/GameEngine/Source/GameNetwork/GameSpy/peer/peerMainWatchKeys.c,yes,0,0,0,0
Code/GameEngine/Source/GameNetwork/GameSpy/peer/peerMangle.c,no,1,0,0,0
Code/GameEngine/Source/GameNetwork/GameSpy/peer/peerOperations.c,no,2,0,0,0
Code/GameEngine/Source/GameNetwork/GameSpy/peer/peerOperationsCleanup.c,yes,0,0,0,0
Code/GameEngine/Source/GameNetwork/GameSpy/peer/peerOperationsGetNextID.c,yes,0,0,0,0
Code/GameEngine/Source/GameNetwork/GameSpy/peer/peerOperationsListGroupRooms.c,no,8,0,0,0
Code/GameEngine/Source/GameNetwork/GameSpy/peer/peerParseUTM.c,yes,0,0,0,0
Code/GameEngine/Source/GameNetwork/GameSpy/peer/peerPing.c,no,10,0,0,0
Code/GameEngine/Source/GameNetwork/GameSpy/peer/peerPingPlayerJoinedRoom.c,yes,0,0,0,0
Code/GameEngine/Source/GameNetwork/GameSpy/peer/peerPlayersRoomFlags.c,yes,0,0,0,0
Code/GameEngine/Source/GameNetwork/GameSpy/peer/peerProcessUTM.cpp,no,0,1,0,0
Code/GameEngine/Source/GameNetwork/GameSpy/peer/peerQRAddErrorCallback.c,yes,0,0,0,0
Code/GameEngine/Source/GameNetwork/GameSpy/peer/peerQRCountCallback.c,yes,0,0,0,0
Code/GameEngine/Source/GameNetwork/GameSpy/peer/peerQRKeyListCallback.c,yes,0,0,0,0
Code/GameEngine/Source/GameNetwork/GameSpy/peer/peerQRNatNegotiateCallback.c,yes,0,0,0,0
Code/GameEngine/Source/GameNetwork/GameSpy/peer/peerQRPlayerKeyCallback.c,yes,0,0,0,0
Code/GameEngine/Source/GameNetwork/GameSpy/peer/peerQRPublicAddressCallback.c,yes,0,0,0,0
Code/GameEngine/Source/GameNetwork/GameSpy/peer/peerQRServerKeyCallback.c,yes,0,0,0,0
Code/GameEngine/Source/GameNetwork/GameSpy/peer/peerQRStartReporting.c,yes,0,0,0,0
Code/GameEngine/Source/GameNetwork/GameSpy/peer/peerQRTeamKeyCallback.c,yes,0,0,0,0
Code/GameEngine/Source/GameNetwork/GameSpy/peer/peerQRThink.c,yes,0,0,0,0
Code/GameEngine/Source/GameNetwork/GameSpy/peer/peerRoomsInit.c,yes,0,0,0,0
Code/GameEngine/Source/GameNetwork/GameSpy/peer/peerSBAutoMatchRateCallback.c,yes,0,0,0,0
Code/GameEngine/Source/GameNetwork/GameSpy/peer/peerSBAutoMatchRating.c,yes,0,0,0,0
Code/GameEngine/Source/GameNetwork/GameSpy/peer/peerSBCleanup.c,yes,0,0,0,0
Code/GameEngine/Source/GameNetwork/GameSpy/peer/peerSBCloneServer.c,yes,0,0,0,0
Code/GameEngine/Source/GameNetwork/GameSpy/peer/peerSBGamesEngineCallback.c,yes,0,0,0,0
Code/GameEngine/Source/GameNetwork/GameSpy/peer/peerSBGamesListCallback.c,yes,0,0,0,0
Code/GameEngine/Source/GameNetwork/GameSpy/peer/peerSBGroupsListCallback.c,no,1,0,0,0
Code/GameEngine/Source/GameNetwork/GameSpy/peer/peerSBInit.c,no,1,0,0,0
Code/GameEngine/Source/GameNetwork/GameSpy/peer/peerSBStartListingAutoMatches.c,yes,0,0,0,0
Code/GameEngine/Source/GameNetwork/GameSpy/peer/peerSBStartListingGames.c,yes,0,0,0,0
Code/GameEngine/Source/GameNetwork/GameSpy/peer/peerSBStartListingGroups.c,yes,0,0,0,0
Code/GameEngine/Source/GameNetwork/GameSpy/peer/peerSBStopListingAutoMatches.c,yes,0,0,0,0
Code/GameEngine/Source/GameNetwork/GameSpy/peer/peerSBStopListingGames.c,yes,0,0,0,0
Code/GameEngine/Source/GameNetwork/GameSpy/peer/peerSBStopListingGroups.c,yes,0,0,0,0
Code/GameEngine/Source/GameNetwork/GameSpy/peer/peerSBThink.c,yes,0,0,0,0
Code/GameEngine/Source/GameNetwork/GameSpy/peer/peerSBUpdateGame.c,yes,0,0,0,0
Code/GameEngine/Source/GameNetwork/GameSpy/peer/peerSendNatNegotiateCookie.c,no,1,0,0,0
Code/GameEngine/Source/GameNetwork/GameSpy/peer/peerSendStateChanged.c,yes,0,0,0,0
Code/GameEngine/Source/GameNetwork/GameSpy/peer/peerStopAutoMatchReporting.c,yes,0,0,0,0
Code/GameEngine/Source/GameNetwork/GameSpy/peer/peerStopReporting.c,yes,0,0,0,0
Code/GameEngine/Source/GameNetwork/GameSpy/peer/peerUpdateGame.cpp,yes,0,0,0,0
Code/GameEngine/Source/GameNetwork/GameSpy/peer/peerUserChangedNickCallback.c,yes,0,0,0,0
Code/GameEngine/Source/GameNetwork/GameSpy/peerStopGame.cpp,yes,0,0,0,0
Code/GameEngine/Source/GameNetwork/GameSpy/pinger/pingerMain.c,no,3,0,0,0
Code/GameEngine/Source/GameNetwork/GameSpy/qr2/qr2.c,no,11,0,0,0
Code/GameEngine/Source/GameNetwork/GameSpy/qr2/qr2regkeys.c,yes,0,0,0,0
Code/GameEngine/Source/GameNetwork/GameSpy/serverbrowsing/sb_crypt.c,yes,0,0,0,0
Code/GameEngine/Source/GameNetwork/GameSpy/serverbrowsing/sb_queryengine.c,no,6,0,0,0
Code/GameEngine/Source/GameNetwork/GameSpy/serverbrowsing/sb_server.c,no,2,0,0,0
Code/GameEngine/Source/GameNetwork/GameSpy/serverbrowsing/sb_serverbrowsing.c,no,3,0,0,0
Code/GameEngine/Source/GameNetwork/GameSpy/serverbrowsing/sb_serverlist.c,no,13,0,0,0
Code/GameEngine/Source/GameNetwork/GameSpy/stringutil.c,yes,0,0,0,0
Code/GameEngine/Source/GameNetwork/Gen007EFFC0Getter.cpp,yes,0,0,0,0
Code/GameEngine/Source/GameNetwork/IPEnumerationCtor.cpp,yes,0,0,0,0
Code/GameEngine/Source/GameNetwork/IPEnumerationGetMachineName.cpp,no,2,3,0,0
Code/GameEngine/Source/GameNetwork/IPEnumerationRuntime.cpp,no,2,2,1,0
Code/GameEngine/Source/GameNetwork/LANAPIAddPlayer.cpp,yes,0,0,0,0
Code/GameEngine/Source/GameNetwork/LANAPICompleteDestructor.cpp,no,1,2,1,0
Code/GameEngine/Source/GameNetwork/LANAPIFillInLANMessage.cpp,no,0,0,1,0
Code/GameEngine/Source/GameNetwork/LANAPIGetErrorStringFromReturnType.cpp,yes,0,0,0,0
Code/GameEngine/Source/GameNetwork/LANAPIGetMyName.cpp,no,0,1,1,0
Code/GameEngine/Source/GameNetwork/LANAPILookupGame.cpp,no,1,1,3,0
Code/GameEngine/Source/GameNetwork/LANAPILookupPlayer.cpp,yes,0,0,0,0
Code/GameEngine/Source/GameNetwork/LANAPIOnGameCreate.cpp,no,7,3,0,0
Code/GameEngine/Source/GameNetwork/LANAPIOnNameChange.cpp,no,0,1,0,0
Code/GameEngine/Source/GameNetwork/LANAPIRemoveGame.cpp,no,1,0,0,0
Code/GameEngine/Source/GameNetwork/LANAPIRemovePlayer.cpp,yes,0,0,0,0
Code/GameEngine/Source/GameNetwork/LANAPIRequestAccept.cpp,no,1,1,2,0
Code/GameEngine/Source/GameNetwork/LANAPIRequestLobbyLeave.cpp,no,2,0,0,0
Code/GameEngine/Source/GameNetwork/LANAPIRequestLocations.cpp,no,1,0,0,0
Code/GameEngine/Source/GameNetwork/LANAPIRequestSetName.cpp,no,4,3,3,0
Code/GameEngine/Source/GameNetwork/LANAPIReset.cpp,no,4,0,0,0
Code/GameEngine/Source/GameNetwork/LANAPIResetGameStartTimer.cpp,yes,0,0,0,0
Code/GameEngine/Source/GameNetwork/LANAPIRva002493BC.cpp,no,0,1,0,0
Code/GameEngine/Source/GameNetwork/LANAPIRva00449745.cpp,no,2,0,0,0
Code/GameEngine/Source/GameNetwork/LANAPIRva005815EA.cpp,yes,0,0,0,0
Code/GameEngine/Source/GameNetwork/LANAPIRva00581641.cpp,yes,0,0,0,0
Code/GameEngine/Source/GameNetwork/LANAPIRva005816A3.cpp,yes,0,0,0,0
Code/GameEngine/Source/GameNetwork/LANAPIRva005816E3.cpp,yes,0,0,0,0
Code/GameEngine/Source/GameNetwork/LANAPIScalarDeletingDestructor.cpp,yes,0,0,0,0
Code/GameEngine/Source/GameNetwork/LANAPISetIsActive.cpp,no,1,0,0,0
Code/GameEngine/Source/GameNetwork/LANPlayer_copy.cpp,no,1,0,0,0
Code/GameEngine/Source/GameNetwork/NetCommandList.cpp,yes,0,0,0,0
Code/GameEngine/Source/GameNetwork/NetCommandListCtor.cpp,no,0,0,1,0
Code/GameEngine/Source/GameNetwork/NetCommandListDeleter.cpp,yes,0,0,0,0
Code/GameEngine/Source/GameNetwork/NetCommandMsg.cpp,no,5,3,1,0
Code/GameEngine/Source/GameNetwork/NetCommandMsgCtor.cpp,no,0,3,2,0
Code/GameEngine/Source/GameNetwork/NetCommandMsg_ctors.cpp,yes,0,0,0,0
Code/GameEngine/Source/GameNetwork/NetCommandMsg_detach.cpp,yes,0,0,0,0
Code/GameEngine/Source/GameNetwork/NetCommandRefCtor.cpp,no,1,0,0,0
Code/GameEngine/Source/GameNetwork/NetCommandWrapperList.cpp,no,6,2,5,0
Code/GameEngine/Source/GameNetwork/NetPacket_init.cpp,no,1,0,0,0
Code/GameEngine/Source/GameNetwork/NetPacket_isRoomForFrameMessage.cpp,no,1,0,2,0
Code/GameEngine/Source/GameNetwork/NetPacket_isRoomForMessage.cpp,no,0,0,2,0
Code/GameEngine/Source/GameNetwork/NetPacket_isRoomForWrapperMessage.cpp,no,0,0,2,0
Code/GameEngine/Source/GameNetwork/NetPacket_rva0058D461.cpp,no,0,0,2,0
Code/GameEngine/Source/GameNetwork/NetPacket_rva0058D4BA.cpp,no,0,0,2,0
Code/GameEngine/Source/GameNetwork/NetProgressCommandMsgGetPercentage.cpp,no,0,1,0,0
Code/GameEngine/Source/GameNetwork/Network_update.cpp,no,0,1,1,0
Code/GameEngine/Source/GameNetwork/Rva0022C4DFGetter.cpp,no,0,1,1,0
Code/GameEngine/Source/GameNetwork/Rva0023E928Getter.cpp,no,0,1,1,0
Code/GameEngine/Source/GameNetwork/Rva0024955ETranslate.cpp,no,0,1,0,0
Code/GameEngine/Source/GameNetwork/Rva003FF1C2.cpp,yes,0,0,0,0
Code/GameEngine/Source/GameNetwork/Rva004CEEC3Ctor.cpp,no,0,0,0,1
Code/GameEngine/Source/GameNetwork/Rva004CEEE8Ctor.cpp,no,0,0,0,1
Code/GameEngine/Source/GameNetwork/Rva004D60CADtor.cpp,no,0,2,2,0
Code/GameEngine/Source/GameNetwork/Rva004D6208Ctor.cpp,no,0,2,3,0
Code/GameEngine/Source/GameNetwork/Rva004D6208Dtor.cpp,no,0,2,2,0
Code/GameEngine/Source/GameNetwork/Rva004D62A9Ctor.cpp,no,0,3,2,0
Code/GameEngine/Source/GameNetwork/Rva004D64F5Dtor.cpp,no,0,2,2,0
Code/GameEngine/Source/GameNetwork/Rva004D65DCDtor.cpp,no,0,2,2,0
Code/GameEngine/Source/GameNetwork/Rva00592496Read.cpp,no,0,2,0,0
Code/GameEngine/Source/GameNetwork/Rva00592520Read.cpp,no,0,2,0,0
Code/GameEngine/Source/GameNetwork/Rva00594C12Write.cpp,yes,0,0,0,0
Code/GameEngine/Source/GameNetwork/Rva00594DC0Convert.cpp,yes,0,0,0,0
Code/GameEngine/Source/GameNetwork/Rva006587C0.cpp,no,0,0,0,2
Code/GameEngine/Source/GameNetwork/Rva00674E90CopyFields.cpp,yes,0,0,0,0
Code/GameEngine/Source/GameNetwork/Rva007E8A40BufferedWrite.cpp,yes,0,0,0,0
Code/GameEngine/Source/GameNetwork/Rva007E8D30FeslSetField.cpp,no,4,0,0,0
Code/GameEngine/Source/GameNetwork/Rva007E90C0Names.cpp,no,2,0,0,0
Code/GameEngine/Source/GameNetwork/Rva007E9310AccountWriter.cpp,no,1,0,0,0
Code/GameEngine/Source/GameNetwork/Rva007E93C0Acct.cpp,no,5,0,0,0
Code/GameEngine/Source/GameNetwork/Rva007E9D20CachedAccessor.cpp,yes,0,0,0,0
Code/GameEngine/Source/GameNetwork/Rva007E9D40TextFallback.cpp,yes,0,0,0,0
Code/GameEngine/Source/GameNetwork/Rva007E9FA0NestedDispatch.cpp,yes,0,0,0,0
Code/GameEngine/Source/GameNetwork/Rva007E9FC0Begin.cpp,no,0,0,0,1
Code/GameEngine/Source/GameNetwork/Rva007EA0A0Notify.cpp,yes,0,0,0,0
Code/GameEngine/Source/GameNetwork/Rva007EA120Teardown.cpp,no,1,0,0,0
Code/GameEngine/Source/GameNetwork/Rva007EA320Bind.cpp,yes,0,0,0,0
Code/GameEngine/Source/GameNetwork/Rva007EA3E0PrefixCopy.cpp,yes,0,0,0,0
Code/GameEngine/Source/GameNetwork/Rva007EA490SetFields.cpp,yes,0,0,0,0
Code/GameEngine/Source/GameNetwork/Rva007EA970TextFallback.cpp,yes,0,0,0,0
Code/GameEngine/Source/GameNetwork/Rva007EA9C0Init.cpp,no,3,0,0,0
Code/GameEngine/Source/GameNetwork/Rva007EAA70Prepare.cpp,no,5,0,0,0
Code/GameEngine/Source/GameNetwork/Rva007EAC10BindCallbacks.cpp,yes,0,0,0,0
Code/GameEngine/Source/GameNetwork/Rva007EAC30Send.cpp,no,1,0,0,2
Code/GameEngine/Source/GameNetwork/Rva007EAD30Send.cpp,no,2,0,0,4
Code/GameEngine/Source/GameNetwork/Rva007EB810Get.cpp,no,1,0,0,0
Code/GameEngine/Source/GameNetwork/Rva007EB8B0Log.cpp,no,2,0,0,0
Code/GameEngine/Source/GameNetwork/Rva007EB920Assert.cpp,no,1,0,0,0
Code/GameEngine/Source/GameNetwork/Rva007EBAA0Create.cpp,no,4,0,0,0
Code/GameEngine/Source/GameNetwork/Rva007F0080DefaultPointers.cpp,no,1,0,0,2
Code/GameEngine/Source/GameNetwork/Rva007F03C0BlobRecordNextAttribute.cpp,no,1,0,0,0
Code/GameEngine/Source/GameNetwork/Rva007F0460BlobHeader.cpp,yes,0,0,0,0
Code/GameEngine/Source/GameNetwork/Rva007F04B0BlobContent.cpp,yes,0,0,0,0
Code/GameEngine/Source/GameNetwork/Rva007F05A0BlobCursor.cpp,no,2,0,0,0
Code/GameEngine/Source/GameNetwork/Rva007F1220BlobWriter.cpp,no,3,0,0,2
Code/GameEngine/Source/GameNetwork/Rva007F14B0BlobWriter.cpp,no,4,0,0,0
Code/GameEngine/Source/GameNetwork/Rva007F1800FeslSearch.cpp,yes,0,0,0,0
Code/GameEngine/Source/GameNetwork/Rva007F1DE0DerivedCtors.cpp,no,12,0,0,0
Code/GameEngine/Source/GameNetwork/Rva007F2180StateReset.cpp,yes,0,0,0,0
Code/GameEngine/Source/GameNetwork/Rva007F2350StatsCursor.cpp,no,2,0,0,0
Code/GameEngine/Source/GameNetwork/Rva007F2FA0RecordRequest.cpp,no,5,0,0,0
Code/GameEngine/Source/GameNetwork/Rva007F3170RecordRequest.cpp,no,5,0,0,0
Code/GameEngine/Source/GameNetwork/Rva007F3C50ClubUpdate.cpp,no,4,0,0,0
Code/GameEngine/Source/GameNetwork/Rva007F4440FeslClient.cpp,no,8,0,0,1
Code/GameEngine/Source/GameNetwork/Rva007F4530Fesl.cpp,no,1,0,0,0
Code/GameEngine/Source/GameNetwork/Rva007F45E0AriesAddressRemapping.cpp,yes,0,0,0,0
Code/GameEngine/Source/GameNetwork/Rva007F4980Slot.cpp,yes,0,0,0,0
Code/GameEngine/Source/GameNetwork/Rva007F49E0UdpPacketSend.cpp,yes,0,0,0,0
Code/GameEngine/Source/GameNetwork/Rva007F51B0GameKeyRecord.cpp,yes,0,0,0,0
Code/GameEngine/Source/GameNetwork/Rva007F55F0Teardown.cpp,no,4,0,0,0
Code/GameEngine/Source/GameNetwork/Rva007F5720GameBrowserLogin.cpp,no,2,0,0,0
Code/GameEngine/Source/GameNetwork/Rva007F5840QueueReply.cpp,no,2,0,0,0
Code/GameEngine/Source/GameNetwork/Rva007F5900QueueCallback.cpp,yes,0,0,0,0
Code/GameEngine/Source/GameNetwork/Rva007F5920HostedGameReply.cpp,no,2,0,0,0
Code/GameEngine/Source/GameNetwork/Rva007F5D10GameBrowser.cpp,no,6,0,0,0
Code/GameEngine/Source/GameNetwork/Rva007F5FB0VirtualForward.cpp,yes,0,0,0,0
Code/GameEngine/Source/GameNetwork/Rva007F6260GameBrowserConnect.cpp,no,2,0,0,0
Code/GameEngine/Source/GameNetwork/Rva007F62F0ConnectRequest.cpp,no,7,0,0,0
Code/GameEngine/Source/GameNetwork/Rva007F65E0GameReply.cpp,no,2,0,0,0
Code/GameEngine/Source/GameNetwork/Rva007F6740GameBrowserArrayRequest.cpp,no,2,0,0,0
Code/GameEngine/Source/GameNetwork/Rva007F6A80Setup.cpp,no,1,0,0,0
Code/GameEngine/Source/GameNetwork/Rva007F6B30FindRecord.cpp,yes,0,0,0,0
Code/GameEngine/Source/GameNetwork/Rva007F6B80ArrayIndex.cpp,yes,0,0,0,0
Code/GameEngine/Source/GameNetwork/Rva007F6D60ChildConstructor.cpp,no,7,1,1,0
Code/GameEngine/Source/GameNetwork/Rva007F7030Request.cpp,no,3,0,0,0
Code/GameEngine/Source/GameNetwork/Rva007F72D0GameBrowserEntryReply.cpp,no,1,0,0,0
Code/GameEngine/Source/GameNetwork/Rva007F7360EntryRequest.cpp,no,3,0,0,0
Code/GameEngine/Source/GameNetwork/Rva007F7640GameBrowserEntry.cpp,no,2,0,0,0
Code/GameEngine/Source/GameNetwork/Rva007F76F0FeslKeyIndex.cpp,yes,0,0,0,0
Code/GameEngine/Source/GameNetwork/Rva007F7A00RegionCountRequest.cpp,no,3,0,0,0
Code/GameEngine/Source/GameNetwork/Rva007F7AE0LobbyListRequest.cpp,no,3,0,0,0
Code/GameEngine/Source/GameNetwork/Rva007F7C70FeslGameRecord.cpp,no,2,0,0,0
Code/GameEngine/Source/GameNetwork/Rva007F8650CloseRequest.cpp,no,3,0,0,0
Code/GameEngine/Source/GameNetwork/Rva007F8790Demangler.cpp,yes,0,0,0,0
Code/GameEngine/Source/GameNetwork/Rva007F8E10TaggedField.cpp,yes,0,0,0,0
Code/GameEngine/Source/GameNetwork/Rva007F90E0ClearFields.cpp,yes,0,0,0,0
Code/GameEngine/Source/GameNetwork/Rva007F91A0Log.cpp,yes,0,0,0,0
Code/GameEngine/Source/GameNetwork/Rva007F91D0DemanglerLog.cpp,yes,0,0,0,0
Code/GameEngine/Source/GameNetwork/Rva007F93B0BadMessage.cpp,yes,0,0,0,0
Code/GameEngine/Source/GameNetwork/Rva007F94A0.cpp,yes,0,0,0,0
Code/GameEngine/Source/GameNetwork/Rva007F9640FieldsCtor.cpp,yes,0,0,0,0
Code/GameEngine/Source/GameNetwork/Rva007F96C0Txn.cpp,no,1,0,0,0
Code/GameEngine/Source/GameNetwork/Rva007F99B0Busy.cpp,yes,0,0,0,0
Code/GameEngine/Source/GameNetwork/Rva007F9B80Ctor.cpp,no,1,0,0,5
Code/GameEngine/Source/GameNetwork/Rva007F9C50Dtor.cpp,no,5,0,0,0
Code/GameEngine/Source/GameNetwork/Rva007F9FD0Accept.cpp,no,5,0,0,0
Code/GameEngine/Source/GameNetwork/Rva007FA240Walk.cpp,no,5,0,0,0
Code/GameEngine/Source/GameNetwork/Rva007FA340ChainReport.cpp,yes,0,0,0,0
Code/GameEngine/Source/GameNetwork/Rva007FA3D0Fesl.cpp,no,6,0,0,0
Code/GameEngine/Source/GameNetwork/Rva007FA4D0Request.cpp,no,4,0,0,0
Code/GameEngine/Source/GameNetwork/Rva007FA5E0Send.cpp,no,1,0,0,0
Code/GameEngine/Source/GameNetwork/Rva007FA6C0Open.cpp,yes,0,0,0,0
Code/GameEngine/Source/GameNetwork/Rva007FA790Fesl.cpp,no,1,0,0,0
Code/GameEngine/Source/GameNetwork/Rva007FA990Ctor.cpp,no,4,0,0,0
Code/GameEngine/Source/GameNetwork/Rva007FAB30FeslEndpoint.cpp,yes,0,0,0,0
Code/GameEngine/Source/GameNetwork/Rva007FBC60GamePlatform.cpp,yes,0,0,0,0
Code/GameEngine/Source/GameNetwork/Rva007FC550Request.cpp,no,5,0,0,0
Code/GameEngine/Source/GameNetwork/Rva007FCDA0ReserveRequest.cpp,no,3,0,0,0
Code/GameEngine/Source/GameNetwork/Rva007FCF10DescriptorLookups.cpp,no,1,0,0,0
Code/GameEngine/Source/GameNetwork/Rva007FF100Base64Encode.cpp,yes,0,0,0,0
Code/GameEngine/Source/GameNetwork/Rva007FF250Base64Decode.cpp,yes,0,0,0,0
Code/GameEngine/Source/GameNetwork/Rva00800920FeslCtor.cpp,no,5,0,0,0
Code/GameEngine/Source/GameNetwork/Rva00800B70FeslDtor.cpp,no,4,0,0,0
Code/GameEngine/Source/GameNetwork/Rva00800F40PendingProbeUpdate.cpp,yes,0,0,0,0
Code/GameEngine/Source/GameNetwork/Rva00801340FeslLookup.cpp,yes,0,0,0,0
Code/GameEngine/Source/GameNetwork/Rva00801670FeslMeasure.cpp,no,2,0,0,0
Code/GameEngine/Source/GameNetwork/Rva00801B70FeslAlloc.cpp,yes,0,0,0,0
Code/GameEngine/Source/GameNetwork/Rva00801BD0FeslAlloc.cpp,yes,0,0,0,0
Code/GameEngine/Source/GameNetwork/Rva00801EC0FeslFill.cpp,no,1,0,0,0
Code/GameEngine/Source/GameNetwork/Rva00801EC0FeslMeasure.cpp,no,1,0,0,0
Code/GameEngine/Source/GameNetwork/Rva00801FB0FeslElemCtor.cpp,no,2,0,0,0
Code/GameEngine/Source/GameNetwork/Rva00802040FeslCtor.cpp,no,2,0,0,0
Code/GameEngine/Source/GameNetwork/Rva00802240FeslLookup.cpp,yes,0,0,0,0
Code/GameEngine/Source/GameNetwork/Rva00802330FeslCtor.cpp,no,1,0,0,0
Code/GameEngine/Source/GameNetwork/Rva00802640FeslCtor.cpp,no,1,0,0,0
Code/GameEngine/Source/GameNetwork/Rva00802A90FeslBrowserQuery.cpp,no,1,0,0,0
Code/GameEngine/Source/GameNetwork/Rva00802FD0FeslClear.cpp,no,1,0,0,0
Code/GameEngine/Source/GameNetwork/Rva00803080Set.cpp,no,0,0,0,1
Code/GameEngine/Source/GameNetwork/Rva008030C0FeslPoolInit.cpp,no,2,0,0,0
Code/GameEngine/Source/GameNetwork/Rva00803620FeslAttrs.cpp,no,2,0,0,0
Code/GameEngine/Source/GameNetwork/Rva00803730FeslAttrs.cpp,no,6,0,0,0
Code/GameEngine/Source/GameNetwork/Rva00803890FeslDtor.cpp,no,2,0,0,0
Code/GameEngine/Source/GameNetwork/Rva00809010Finder.cpp,no,0,0,0,1
Code/GameEngine/Source/GameNetwork/Rva00809050LanGameEntry.cpp,no,2,0,1,0
Code/GameEngine/Source/GameNetwork/Rva008097D0LanTheaterRemove.cpp,no,7,0,0,0
Code/GameEngine/Source/GameNetwork/Rva00809E40FeslAdmission.cpp,no,24,0,0,0
Code/GameEngine/Source/GameNetwork/Rva0080A110Route.cpp,no,7,0,0,0
Code/GameEngine/Source/GameNetwork/Rva0080A280FeslHandler.cpp,no,5,0,0,4
Code/GameEngine/Source/GameNetwork/Rva0080A3C0FeslDispatcher.cpp,no,4,0,0,0
Code/GameEngine/Source/GameNetwork/Rva0080A940OwnerFinish.cpp,no,6,0,1,0
Code/GameEngine/Source/GameNetwork/Rva0080AA80LanTheater.cpp,no,5,0,0,0
Code/GameEngine/Source/GameNetwork/Rva0080AB50Handle.cpp,no,5,0,0,0
Code/GameEngine/Source/GameNetwork/SeedNextCommandIDFromPlayerCount.cpp,no,0,0,0,1
Code/GameEngine/Source/GameNetwork/ServiceHubImpl_ctor.cpp,no,4,0,0,0
Code/GameEngine/Source/GameNetwork/ServiceHubImpl_dtor.cpp,no,3,0,0,0
Code/GameEngine/Source/GameNetwork/SkirmishGameInfoXfer.cpp,yes,0,0,0,0
Code/GameEngine/Source/GameNetwork/Transport.cpp,no,1,1,0,0
Code/GameEngine/Source/GameNetwork/TransportCtor.cpp,no,0,1,1,0
Code/GameEngine/Source/GameNetwork/TransportRva004D5046.cpp,no,1,0,0,0
Code/GameEngine/Source/GameNetwork/UDPDrainDestructor.cpp,yes,0,0,0,0
Code/GameEngine/Source/GameNetwork/UDPErrorMap.cpp,yes,0,0,0,0
Code/GameEngine/Source/GameNetwork/V2FeslAriesLobby.cpp,no,2,1,0,0
Code/GameEngine/Source/GameNetwork/V2FeslAriesRecords.cpp,no,2,1,0,0
Code/GameEngine/Source/GameNetwork/V2FeslAriesRegion.cpp,no,2,0,0,0
Code/GameEngine/Source/GameNetwork/V2FeslArrayBlocks.cpp,no,4,0,0,0
Code/GameEngine/Source/GameNetwork/V2FeslBlobRecordCtor.cpp,no,1,0,0,0
Code/GameEngine/Source/GameNetwork/V2FeslBlobRecordPopulate.cpp,no,2,0,0,0
Code/GameEngine/Source/GameNetwork/V2FeslBrowserEvents.cpp,no,3,0,0,0
Code/GameEngine/Source/GameNetwork/V2FeslBrowserGame.cpp,no,2,0,0,0
Code/GameEngine/Source/GameNetwork/V2FeslBrowserLobbyCounts.cpp,no,3,0,0,0
Code/GameEngine/Source/GameNetwork/V2FeslBrowserPlayer.cpp,no,1,0,0,0
Code/GameEngine/Source/GameNetwork/V2FeslBrowserRecords.cpp,no,4,0,0,0
Code/GameEngine/Source/GameNetwork/V2FeslElementLists.cpp,no,1,0,0,0
Code/GameEngine/Source/GameNetwork/V2FeslFeedbackRequest.cpp,no,4,0,0,0
Code/GameEngine/Source/GameNetwork/V2FeslResultCursors.cpp,no,6,0,0,0
Code/GameEngine/Source/GameNetwork/V2FeslTxnRequests.cpp,no,16,0,0,0
Code/GameEngine/Source/GameNetwork/WOLBrowser/Bstr_t_ctor.cpp,yes,0,0,0,0
Code/GameEngine/Source/GameNetwork/WOLBrowser/WebBrowserComCreateInstance.cpp,no,2,0,0,0
Code/GameEngine/Source/GameNetwork/WOLBrowser/WebBrowserComWrappers.cpp,no,1,0,0,0
Code/GameEngine/Source/GameNetwork/Y2FeslAddressParse.cpp,yes,0,0,0,0
Code/GameEngine/Source/GameNetwork/Y2FeslArenaAppend.cpp,yes,0,0,0,0
Code/GameEngine/Source/GameNetwork/Y2FeslArenaClaim.cpp,yes,0,0,0,0
Code/GameEngine/Source/GameNetwork/Y2FeslBrowserDestructors.cpp,no,1,0,2,0
Code/GameEngine/Source/GameNetwork/Y2FeslBrowserSmallMembers.cpp,yes,0,0,0,0
Code/GameEngine/Source/GameNetwork/Y2FeslBufferAndChain.cpp,yes,0,0,0,0
Code/GameEngine/Source/GameNetwork/Y2FeslDemanglerConnect.cpp,yes,0,0,0,0
Code/GameEngine/Source/GameNetwork/Y2FeslDemanglerConnectReply.cpp,no,6,0,0,0
Code/GameEngine/Source/GameNetwork/Y2FeslDemanglerDispatch.cpp,no,6,0,0,0
Code/GameEngine/Source/GameNetwork/Y2FeslGameBrowserPinger.cpp,yes,0,0,0,0
Code/GameEngine/Source/GameNetwork/Y2FeslGameBrowserPingerAdd.cpp,yes,0,0,0,0
Code/GameEngine/Source/GameNetwork/Y2FeslSafeStrCopy.cpp,yes,0,0,0,0
Code/GameEngine/Source/GameNetwork/Y2FeslServiceList.cpp,yes,0,0,0,0
Code/GameEngine/Source/GameNetwork/Y2FeslUtilJoin.cpp,yes,0,0,0,0
Code/GameEngine/Source/GameNetwork/Y2FeslUtilJoinI64.cpp,yes,0,0,0,0
Code/GameEngine/Source/GameNetwork/Y4DirtySockDate.cpp,no,0,3,0,0
Code/GameEngine/Source/GameNetwork/Y4DirtySockHashWrap.c,yes,0,0,0,0
Code/GameEngine/Source/GameNetwork/Y4FeslAttributeRequest.cpp,no,2,1,0,0
Code/GameEngine/Source/GameNetwork/Y4FeslAttributeRequestPid.cpp,no,3,2,0,0
Code/GameEngine/Source/GameNetwork/Y4FeslAttributeRequests.cpp,no,4,3,0,0
Code/GameEngine/Source/GameNetwork/Y4FeslBuddyRequests.cpp,no,4,0,0,0
Code/GameEngine/Source/GameNetwork/Y4FeslBuddyRequests2.cpp,no,3,0,0,0
Code/GameEngine/Source/GameNetwork/Y4FeslBuddyRequests3.cpp,no,3,0,0,0
Code/GameEngine/Source/GameNetwork/Y4FeslEcnlNotify.cpp,no,2,0,0,0
Code/GameEngine/Source/GameNetwork/Y4FeslFavGameAddress.cpp,no,5,2,1,0
Code/GameEngine/Source/GameNetwork/Y4FeslFavGameAddress_accept.cpp,no,2,1,0,0
Code/GameEngine/Source/GameNetwork/Y4FeslFavGameAddress_notify.cpp,no,3,1,0,2
Code/GameEngine/Source/GameNetwork/Y4FeslFavGameInit.cpp,no,3,0,0,0
Code/GameEngine/Source/GameNetwork/Y4FeslFavGameList.cpp,no,7,0,0,0
Code/GameEngine/Source/GameNetwork/Y4FeslGameDetailRecords.cpp,no,3,0,0,0
Code/GameEngine/Source/GameNetwork/Y4FeslGameListRequest.cpp,no,4,0,0,0
Code/GameEngine/Source/GameNetwork/Y4FeslGameRecords.cpp,no,2,0,0,0
Code/GameEngine/Source/GameNetwork/Y4FeslLanGameApply.cpp,no,4,1,1,0
Code/GameEngine/Source/GameNetwork/Y4FeslLanGameCtor.cpp,no,6,1,1,0
Code/GameEngine/Source/GameNetwork/Y4FeslPlayerData.cpp,no,2,0,0,0
Code/GameEngine/Source/GameNetwork/Y4FeslPlayerEnter.cpp,no,4,0,0,0
Code/GameEngine/Source/GameNetwork/Y4FeslPresenceRequest.cpp,no,2,0,0,0
Code/GameEngine/Source/GameNetwork/Y4FeslSimpleRequests.cpp,no,1,0,0,0
Code/GameEngine/Source/GameNetwork/Y4FeslSubTest.cpp,no,2,0,0,0
Code/GameEngine/Source/GameNetwork/createServiceHubImpl.cpp,no,6,0,0,0
Code/GameEngine/Source/GameNetwork/native_desync_report.cpp,no,2,0,0,0
Code/GameEngine/Source/GameNetwork/native_network.cpp,no,0,0,0,1
Code/GameEngine/Source/GameNetwork/native_packet_crc.cpp,yes,0,0,0,0
Code/GameEngine/Source/GameNetwork/udp.cpp,yes,0,0,0,0
Code/GameEngine/Source/Main/AudioManagerFocusVolume.cpp,no,2,0,11,0
Code/GameEngine/Source/Main/AudioManagerRegainFocus.cpp,no,1,0,0,0
Code/GameEngine/Source/Main/BfmeDfe6e4_M_rva00625476.cpp,yes,0,0,0,0
Code/GameEngine/Source/Main/BfmeDfe6e4_M_rva00625699.cpp,yes,0,0,0,0
Code/GameEngine/Source/Main/BfmeDfe6e4_rva00225492.cpp,no,1,0,0,0
Code/GameEngine/Source/Main/CreateGameEngine.cpp,no,1,0,0,0
Code/GameEngine/Source/Main/Rva00041DC9Create.cpp,yes,0,0,0,0
Code/GameEngine/Source/Main/Rva00151ECDLen.cpp,yes,0,0,0,0
Code/GameEngine/Source/Main/Win32GameEngineCtor.cpp,no,25,0,0,0
Code/GameEngine/Source/Main/WinMain.cpp,no,5,7,2,1
Code/GameEngine/Source/Main/WinMainCatchContinuation.cpp,no,0,0,0,1
Code/GameEngine/Source/Main/WinMainPairCopyWchars.cpp,yes,0,0,0,0
Code/GameEngine/Source/Main/WinMainPairUnicode.cpp,no,4,5,4,0
Code/GameEngine/Source/Main/debug_notify_windowed.cpp,no,0,1,0,0
Code/GameEngineDevice/Source/MilesAudioDevice/AudioRequestTypeName.cpp,no,1,4,0,0
Code/GameEngineDevice/Source/MilesAudioDevice/MilesAudioManagerAllocatePlayingAudio.cpp,no,1,0,0,0
Code/GameEngineDevice/Source/MilesAudioDevice/MilesAudioManagerBuildProviderList.cpp,no,0,0,1,0
Code/GameEngineDevice/Source/MilesAudioDevice/MilesAudioManagerCreateListener.cpp,yes,0,0,0,0
Code/GameEngineDevice/Source/MilesAudioDevice/MilesAudioManagerGetEnvironmentName.cpp,yes,0,0,0,0
Code/GameEngineDevice/Source/MilesAudioDevice/MilesAudioManagerGetFileLengthMS.cpp,no,0,1,0,0
Code/GameEngineDevice/Source/MilesAudioDevice/MilesAudioManagerGetProviderIndex.cpp,yes,0,0,0,0
Code/GameEngineDevice/Source/MilesAudioDevice/MilesAudioManagerInit3DSamplePools.cpp,no,0,0,9,0
Code/GameEngineDevice/Source/MilesAudioDevice/MilesAudioManagerInitSamplePools.cpp,no,0,0,8,0
Code/GameEngineDevice/Source/MilesAudioDevice/MilesAudioManagerOpenDevice.cpp,no,3,0,0,0
Code/GameEngineDevice/Source/MilesAudioDevice/MilesAudioManagerRva00052F4C.cpp,yes,0,0,0,0
Code/GameEngineDevice/Source/MilesAudioDevice/MilesAudioManagerRva00053CE1.cpp,no,2,0,0,0
Code/GameEngineDevice/Source/MilesAudioDevice/MilesAudioManagerStopAudio.cpp,no,5,0,3,0
Code/GameEngineDevice/Source/MilesAudioDevice/MilesAudioManagerUnselectProvider.cpp,no,1,0,0,0
Code/GameEngineDevice/Source/MilesAudioDevice/MilesAudioManager_initDelayFilter.cpp,yes,0,0,0,0
Code/GameEngineDevice/Source/MilesAudioDevice/MilesPreferenceProduct.cpp,yes,0,0,0,0
Code/GameEngineDevice/Source/MilesAudioDevice/Rva000535CC.cpp,yes,0,0,0,0
Code/GameEngineDevice/Source/W3DDevice/Common/System/W3DRadar.cpp,no,35,7,24,0
Code/GameEngineDevice/Source/W3DDevice/Common/System/W3DRadarFormatCaps_supportTextureFormat.cpp,yes,0,0,0,0
Code/GameEngineDevice/Source/W3DDevice/Common/System/W3DRadarResetSurface_destructor.cpp,yes,0,0,0,0
Code/GameEngineDevice/Source/W3DDevice/D3DXMatrixInverseImportThunk.cpp,no,1,0,0,0
Code/GameEngineDevice/Source/W3DDevice/GameClient/Add_Prototype.cpp,no,1,0,0,0
Code/GameEngineDevice/Source/W3DDevice/GameClient/BaseHeightMapGetMaximumVisibleBox.cpp,no,0,0,3,0
Code/GameEngineDevice/Source/W3DDevice/GameClient/BfmeModuleDataSnapshotBaseCtor.cpp,no,1,0,0,0
Code/GameEngineDevice/Source/W3DDevice/GameClient/BfmeObjEME_bfmeGetEME.cpp,yes,0,0,0,0
Code/GameEngineDevice/Source/W3DDevice/GameClient/BfmeResourceEnumerator_FindOrCreate.cpp,no,1,0,0,0
Code/GameEngineDevice/Source/W3DDevice/GameClient/BoundedShortGrid.cpp,yes,0,0,0,0
Code/GameEngineDevice/Source/W3DDevice/GameClient/BoundedShortGridLoad.cpp,yes,0,0,0,0
Code/GameEngineDevice/Source/W3DDevice/GameClient/Create_Render_Obj.cpp,no,3,2,1,1
Code/GameEngineDevice/Source/W3DDevice/GameClient/DisplayRegisterVideoBuffer.cpp,no,0,0,2,0
Code/GameEngineDevice/Source/W3DDevice/GameClient/Drawable/Draw/DrawModuleDataFriendNew.cpp,yes,0,0,0,0
Code/GameEngineDevice/Source/W3DDevice/GameClient/Drawable/Draw/Rva000B7029.cpp,no,1,0,0,0
Code/GameEngineDevice/Source/W3DDevice/GameClient/Drawable/Draw/Rva000B7539Dtor.cpp,yes,0,0,0,0
Code/GameEngineDevice/Source/W3DDevice/GameClient/Drawable/Draw/Rva0033DCB8.cpp,yes,0,0,0,0
Code/GameEngineDevice/Source/W3DDevice/GameClient/Drawable/Draw/Rva0033DCD1.cpp,yes,0,0,0,0
Code/GameEngineDevice/Source/W3DDevice/GameClient/Drawable/Draw/Rva0033E06A.cpp,no,0,0,17,0
Code/GameEngineDevice/Source/W3DDevice/GameClient/Drawable/Draw/Rva0075B180StatusMask.cpp,yes,0,0,0,0
Code/GameEngineDevice/Source/W3DDevice/GameClient/Drawable/Draw/W3DBoatWakeModelDrawCtor.cpp,no,0,0,0,1
Code/GameEngineDevice/Source/W3DDevice/GameClient/Drawable/Draw/W3DBoatWakeModelDrawFriendNew.cpp,yes,0,0,0,0
Code/GameEngineDevice/Source/W3DDevice/GameClient/Drawable/Draw/W3DBoatWakeModelDrawModuleDataCtor.cpp,no,0,1,0,2
Code/GameEngineDevice/Source/W3DDevice/GameClient/Drawable/Draw/W3DBoatWakeModelDrawXfer.cpp,yes,0,0,0,0
Code/GameEngineDevice/Source/W3DDevice/GameClient/Drawable/Draw/W3DBuffDrawConstructor.cpp,no,1,0,0,0
Code/GameEngineDevice/Source/W3DDevice/GameClient/Drawable/Draw/W3DBuffDrawFriendNew.cpp,yes,0,0,0,0
Code/GameEngineDevice/Source/W3DDevice/GameClient/Drawable/Draw/W3DBuffDrawModuleDataCtor.cpp,no,0,0,0,2
Code/GameEngineDevice/Source/W3DDevice/GameClient/Drawable/Draw/W3DBuffDrawModuleDataDtor.cpp,yes,0,0,0,0
Code/GameEngineDevice/Source/W3DDevice/GameClient/Drawable/Draw/W3DDebrisDraw.cpp,no,14,4,15,0
Code/GameEngineDevice/Source/W3DDevice/GameClient/Drawable/Draw/W3DDebrisDrawCtor.cpp,no,0,0,0,3
Code/GameEngineDevice/Source/W3DDevice/GameClient/Drawable/Draw/W3DDebrisDrawDestructor.cpp,no,4,2,0,0
Code/GameEngineDevice/Source/W3DDevice/GameClient/Drawable/Draw/W3DDebrisDrawFriendNew.cpp,yes,0,0,0,0
Code/GameEngineDevice/Source/W3DDevice/GameClient/Drawable/Draw/W3DDebrisDrawReactToTransformChange.cpp,no,1,1,3,0
Code/GameEngineDevice/Source/W3DDevice/GameClient/Drawable/Draw/W3DDebrisDrawXfer.cpp,no,1,1,1,0
Code/GameEngineDevice/Source/W3DDevice/GameClient/Drawable/Draw/W3DDefaultDrawCtor.cpp,no,0,0,0,1
Code/GameEngineDevice/Source/W3DDevice/GameClient/Drawable/Draw/W3DDefaultDrawFriendNew.cpp,yes,0,0,0,0
Code/GameEngineDevice/Source/W3DDevice/GameClient/Drawable/Draw/W3DDrawModuleDeletingDtors.cpp,no,0,7,4,0
Code/GameEngineDevice/Source/W3DDevice/GameClient/Drawable/Draw/W3DFloorDrawBitCheck.cpp,yes,0,0,0,0
Code/GameEngineDevice/Source/W3DDevice/GameClient/Drawable/Draw/W3DFloorDrawCtor.cpp,no,0,0,0,3
Code/GameEngineDevice/Source/W3DDevice/GameClient/Drawable/Draw/W3DFloorDrawFriendNew.cpp,yes,0,0,0,0
Code/GameEngineDevice/Source/W3DDevice/GameClient/Drawable/Draw/W3DFloorDrawModuleDataCtor.cpp,no,0,0,0,1
Code/GameEngineDevice/Source/W3DDevice/GameClient/Drawable/Draw/W3DFloorDrawModuleDataCtor2.cpp,yes,0,0,0,0
Code/GameEngineDevice/Source/W3DDevice/GameClient/Drawable/Draw/W3DFloorDrawModuleDataDtor.cpp,no,0,1,4,0
Code/GameEngineDevice/Source/W3DDevice/GameClient/Drawable/Draw/W3DFloorDrawXfer.cpp,yes,0,0,0,0
Code/GameEngineDevice/Source/W3DDevice/GameClient/Drawable/Draw/W3DHordeModelDrawCtor.cpp,no,2,0,0,3
Code/GameEngineDevice/Source/W3DDevice/GameClient/Drawable/Draw/W3DHordeModelDrawFriendNew.cpp,yes,0,0,0,0
Code/GameEngineDevice/Source/W3DDevice/GameClient/Drawable/Draw/W3DHordeModelDrawModuleDataCtor.cpp,no,0,0,0,1
Code/GameEngineDevice/Source/W3DDevice/GameClient/Drawable/Draw/W3DHordeModelDrawModuleDataParse.cpp,no,0,0,0,1
Code/GameEngineDevice/Source/W3DDevice/GameClient/Drawable/Draw/W3DLaserDrawDestructor.cpp,no,4,1,2,0
Code/GameEngineDevice/Source/W3DDevice/GameClient/Drawable/Draw/W3DLaserDrawFriendNew.cpp,no,1,0,0,0
Code/GameEngineDevice/Source/W3DDevice/GameClient/Drawable/Draw/W3DLaserDrawModuleDataBuildFieldParse.cpp,no,0,0,0,1
Code/GameEngineDevice/Source/W3DDevice/GameClient/Drawable/Draw/W3DLaserDrawModuleDataCtor.cpp,no,1,0,0,0
Code/GameEngineDevice/Source/W3DDevice/GameClient/Drawable/Draw/W3DLaserDrawModuleDataDtor.cpp,no,0,2,10,1
Code/GameEngineDevice/Source/W3DDevice/GameClient/Drawable/Draw/W3DLaserDrawModuleDataFriendNew.cpp,no,1,0,0,0
Code/GameEngineDevice/Source/W3DDevice/GameClient/Drawable/Draw/W3DLaserDrawXfer.cpp,yes,0,0,0,0
Code/GameEngineDevice/Source/W3DDevice/GameClient/Drawable/Draw/W3DLightDrawDestructor.cpp,no,0,1,4,0
Code/GameEngineDevice/Source/W3DDevice/GameClient/Drawable/Draw/W3DLightDrawFriendNew.cpp,no,1,0,0,0
Code/GameEngineDevice/Source/W3DDevice/GameClient/Drawable/Draw/W3DLightDrawModuleDataBuildFieldParse.cpp,no,0,0,0,1
Code/GameEngineDevice/Source/W3DDevice/GameClient/Drawable/Draw/W3DLightDrawModuleDataConstructor.cpp,no,0,1,0,1
Code/GameEngineDevice/Source/W3DDevice/GameClient/Drawable/Draw/W3DLightDrawModuleDataDtor.cpp,no,0,2,1,1
Code/GameEngineDevice/Source/W3DDevice/GameClient/Drawable/Draw/W3DLightDrawModuleDataFriendNew.cpp,no,1,0,0,0
Code/GameEngineDevice/Source/W3DDevice/GameClient/Drawable/Draw/W3DLightDrawXfer.cpp,yes,0,0,0,0
Code/GameEngineDevice/Source/W3DDevice/GameClient/Drawable/Draw/W3DModelDraw.cpp,no,41,10,55,0
Code/GameEngineDevice/Source/W3DDevice/GameClient/Drawable/Draw/W3DModelDrawModuleDataBuildFieldParse.cpp,no,0,1,1,1
Code/GameEngineDevice/Source/W3DDevice/GameClient/Drawable/Draw/W3DModelDrawModuleDataBuildFieldParseChained.cpp,no,0,0,0,4
Code/GameEngineDevice/Source/W3DDevice/GameClient/Drawable/Draw/W3DModelDrawModuleDataFriendNew.cpp,no,1,0,0,0
Code/GameEngineDevice/Source/W3DDevice/GameClient/Drawable/Draw/W3DModelDrawO1Inlines.cpp,no,2,0,80,0
Code/GameEngineDevice/Source/W3DDevice/GameClient/Drawable/Draw/W3DProjectileStreamDrawCtor.cpp,no,1,0,1,0
Code/GameEngineDevice/Source/W3DDevice/GameClient/Drawable/Draw/W3DProjectileStreamDrawFriendNew.cpp,yes,0,0,0,0
Code/GameEngineDevice/Source/W3DDevice/GameClient/Drawable/Draw/W3DProjectileStreamDrawModuleDataCtor.cpp,no,1,1,1,2
Code/GameEngineDevice/Source/W3DDevice/GameClient/Drawable/Draw/W3DProjectileStreamDrawModuleDataDtor.cpp,no,0,1,3,0
Code/GameEngineDevice/Source/W3DDevice/GameClient/Drawable/Draw/W3DProjectileStreamDrawSetFullyObscured.cpp,no,1,0,0,0
Code/GameEngineDevice/Source/W3DDevice/GameClient/Drawable/Draw/W3DProjectileStreamDrawXfer.cpp,yes,0,0,0,0
Code/GameEngineDevice/Source/W3DDevice/GameClient/Drawable/Draw/W3DPropDraw.cpp,no,11,5,8,0
Code/GameEngineDevice/Source/W3DDevice/GameClient/Drawable/Draw/W3DPropDrawFriendNew.cpp,yes,0,0,0,0
Code/GameEngineDevice/Source/W3DDevice/GameClient/Drawable/Draw/W3DPropDrawModuleDataCtor.cpp,no,0,1,1,1
Code/GameEngineDevice/Source/W3DDevice/GameClient/Drawable/Draw/W3DPropDrawModuleDataDtor.cpp,no,0,2,3,1
Code/GameEngineDevice/Source/W3DDevice/GameClient/Drawable/Draw/W3DPropDrawXfer.cpp,no,0,1,1,0
Code/GameEngineDevice/Source/W3DDevice/GameClient/Drawable/Draw/W3DQuadrupedDrawCtor.cpp,no,1,0,0,3
Code/GameEngineDevice/Source/W3DDevice/GameClient/Drawable/Draw/W3DQuadrupedDrawFriendNew.cpp,yes,0,0,0,0
Code/GameEngineDevice/Source/W3DDevice/GameClient/Drawable/Draw/W3DQuadrupedDrawModuleDataCtor.cpp,no,1,0,0,0
Code/GameEngineDevice/Source/W3DDevice/GameClient/Drawable/Draw/W3DQuadrupedDrawModuleDataFriendNew.cpp,no,1,0,0,0
Code/GameEngineDevice/Source/W3DDevice/GameClient/Drawable/Draw/W3DRopeDrawFriendNew.cpp,no,1,0,0,0
Code/GameEngineDevice/Source/W3DDevice/GameClient/Drawable/Draw/W3DRopeDrawInitRopeParms.cpp,no,0,1,1,0
Code/GameEngineDevice/Source/W3DDevice/GameClient/Drawable/Draw/W3DSailModelDrawCtor.cpp,no,1,0,0,3
Code/GameEngineDevice/Source/W3DDevice/GameClient/Drawable/Draw/W3DSailModelDrawFriendNew.cpp,yes,0,0,0,0
Code/GameEngineDevice/Source/W3DDevice/GameClient/Drawable/Draw/W3DSailModelDrawModuleDataCtor.cpp,no,0,0,0,2
Code/GameEngineDevice/Source/W3DDevice/GameClient/Drawable/Draw/W3DScriptedModelDrawFriendNew.cpp,no,1,0,0,0
Code/GameEngineDevice/Source/W3DDevice/GameClient/Drawable/Draw/W3DStreakDrawDestructor.cpp,no,3,1,0,0
Code/GameEngineDevice/Source/W3DDevice/GameClient/Drawable/Draw/W3DStreakDrawFriendNew.cpp,no,1,0,0,0
Code/GameEngineDevice/Source/W3DDevice/GameClient/Drawable/Draw/W3DStreakDrawModuleDataCtor.cpp,no,0,0,0,1
Code/GameEngineDevice/Source/W3DDevice/GameClient/Drawable/Draw/W3DStreakDrawModuleDataCtor2.cpp,no,0,1,0,0
Code/GameEngineDevice/Source/W3DDevice/GameClient/Drawable/Draw/W3DStreakDrawModuleDataDtor.cpp,no,1,2,1,1
Code/GameEngineDevice/Source/W3DDevice/GameClient/Drawable/Draw/W3DStreakDrawRva000CFF4C.cpp,yes,0,0,0,0
Code/GameEngineDevice/Source/W3DDevice/GameClient/Drawable/Draw/W3DSupplyDrawCtor.cpp,no,1,0,0,3
Code/GameEngineDevice/Source/W3DDevice/GameClient/Drawable/Draw/W3DSupplyDrawFriendNew.cpp,yes,0,0,0,0
Code/GameEngineDevice/Source/W3DDevice/GameClient/Drawable/Draw/W3DSupplyDrawModuleDataCtor.cpp,no,0,1,0,1
Code/GameEngineDevice/Source/W3DDevice/GameClient/Drawable/Draw/W3DSupplyDrawModuleDataDtor.cpp,yes,0,0,0,0
Code/GameEngineDevice/Source/W3DDevice/GameClient/Drawable/Draw/W3DSupplyDrawModuleDataFriendNew.cpp,no,1,0,0,0
Code/GameEngineDevice/Source/W3DDevice/GameClient/Drawable/Draw/W3DTankDrawFriendNew.cpp,no,1,0,0,0
Code/GameEngineDevice/Source/W3DDevice/GameClient/Drawable/Draw/W3DTankDrawModuleDataCtor.cpp,no,0,1,0,2
Code/GameEngineDevice/Source/W3DDevice/GameClient/Drawable/Draw/W3DTankDrawModuleDataDtor.cpp,no,0,1,0,0
Code/GameEngineDevice/Source/W3DDevice/GameClient/Drawable/Draw/W3DTankDrawModuleDataFriendNew.cpp,no,1,0,0,0
Code/GameEngineDevice/Source/W3DDevice/GameClient/Drawable/Draw/W3DTankTruckDraw.cpp,no,21,8,15,0
Code/GameEngineDevice/Source/W3DDevice/GameClient/Drawable/Draw/W3DTankTruckDrawTossEmitters.cpp,no,1,2,2,0
Code/GameEngineDevice/Source/W3DDevice/GameClient/Drawable/Draw/W3DTankTruckDrawUpdateTreadPositions.cpp,no,0,1,16,0
Code/GameEngineDevice/Source/W3DDevice/GameClient/Drawable/Draw/W3DTornadoDrawFriendNew.cpp,yes,0,0,0,0
Code/GameEngineDevice/Source/W3DDevice/GameClient/Drawable/Draw/W3DTornadoDrawModuleDataCtor.cpp,no,2,0,1,2
Code/GameEngineDevice/Source/W3DDevice/GameClient/Drawable/Draw/W3DTornadoDrawModuleDataDtor.cpp,no,0,2,2,1
Code/GameEngineDevice/Source/W3DDevice/GameClient/Drawable/Draw/W3DTreeDrawCtor.cpp,no,0,0,0,1
Code/GameEngineDevice/Source/W3DDevice/GameClient/Drawable/Draw/W3DTreeDrawFriendNew.cpp,yes,0,0,0,0
Code/GameEngineDevice/Source/W3DDevice/GameClient/Drawable/Draw/W3DTreeDrawModuleDataBuildFieldParse.cpp,no,0,0,0,1
Code/GameEngineDevice/Source/W3DDevice/GameClient/Drawable/Draw/W3DTreeDrawModuleDataCtor.cpp,no,0,1,0,1
Code/GameEngineDevice/Source/W3DDevice/GameClient/Drawable/Draw/W3DTreeDrawModuleDataCtorG7.cpp,no,0,1,0,1
Code/GameEngineDevice/Source/W3DDevice/GameClient/Drawable/Draw/W3DTreeDrawModuleDataFriendNew.cpp,no,1,0,0,0
Code/GameEngineDevice/Source/W3DDevice/GameClient/Drawable/Draw/W3DTruckDrawDtor.cpp,no,2,1,1,0
Code/GameEngineDevice/Source/W3DDevice/GameClient/Drawable/Draw/W3DTruckDrawFriendNew.cpp,no,1,0,0,0
Code/GameEngineDevice/Source/W3DDevice/GameClient/Drawable/Draw/W3DTruckDrawModuleDataCtor.cpp,no,0,1,0,1
Code/GameEngineDevice/Source/W3DDevice/GameClient/Drawable/Draw/W3DTruckDrawModuleDataDtor.cpp,no,0,1,0,0
Code/GameEngineDevice/Source/W3DDevice/GameClient/Drawable/Draw/W3DTruckDrawModuleDataFriendNew.cpp,no,1,0,0,0
Code/GameEngineDevice/Source/W3DDevice/GameClient/Drawable/W3DBoatWakeModelDrawPoolKey.cpp,yes,0,0,0,0
Code/GameEngineDevice/Source/W3DDevice/GameClient/Drawable/W3DBuffDrawPoolKey.cpp,yes,0,0,0,0
Code/GameEngineDevice/Source/W3DDevice/GameClient/Drawable/W3DDebrisDrawPoolKey.cpp,yes,0,0,0,0
Code/GameEngineDevice/Source/W3DDevice/GameClient/Drawable/W3DDefaultDrawPoolKey.cpp,yes,0,0,0,0
Code/GameEngineDevice/Source/W3DDevice/GameClient/Drawable/W3DFloorDrawDtor.cpp,no,3,3,1,0
Code/GameEngineDevice/Source/W3DDevice/GameClient/Drawable/W3DFloorDrawPoolKey.cpp,yes,0,0,0,0
Code/GameEngineDevice/Source/W3DDevice/GameClient/Drawable/W3DHordeModelDrawPoolKey.cpp,yes,0,0,0,0
Code/GameEngineDevice/Source/W3DDevice/GameClient/Drawable/W3DLaserDrawPoolKey.cpp,yes,0,0,0,0
Code/GameEngineDevice/Source/W3DDevice/GameClient/Drawable/W3DLightDrawPoolKey.cpp,yes,0,0,0,0
Code/GameEngineDevice/Source/W3DDevice/GameClient/Drawable/W3DProjectileStreamDrawPoolKey.cpp,yes,0,0,0,0
Code/GameEngineDevice/Source/W3DDevice/GameClient/Drawable/W3DPropDrawPoolKey.cpp,yes,0,0,0,0
Code/GameEngineDevice/Source/W3DDevice/GameClient/Drawable/W3DQuadrupedDrawPoolKey.cpp,yes,0,0,0,0
Code/GameEngineDevice/Source/W3DDevice/GameClient/Drawable/W3DRopeDraw.cpp,no,10,3,2,0
Code/GameEngineDevice/Source/W3DDevice/GameClient/Drawable/W3DRopeDrawDtor.cpp,no,1,1,6,0
Code/GameEngineDevice/Source/W3DDevice/GameClient/Drawable/W3DRopeDrawPoolKey.cpp,yes,0,0,0,0
Code/GameEngineDevice/Source/W3DDevice/GameClient/Drawable/W3DRopeDrawTossSegments.cpp,no,1,1,1,0
Code/GameEngineDevice/Source/W3DDevice/GameClient/Drawable/W3DRopeDrawXfer.cpp,no,0,1,1,0
Code/GameEngineDevice/Source/W3DDevice/GameClient/Drawable/W3DSailModelDrawPoolKey.cpp,yes,0,0,0,0
Code/GameEngineDevice/Source/W3DDevice/GameClient/Drawable/W3DScriptedModelDrawPoolKey.cpp,yes,0,0,0,0
Code/GameEngineDevice/Source/W3DDevice/GameClient/Drawable/W3DStreakDrawPoolKey.cpp,yes,0,0,0,0
Code/GameEngineDevice/Source/W3DDevice/GameClient/Drawable/W3DSupplyDrawPoolKey.cpp,yes,0,0,0,0
Code/GameEngineDevice/Source/W3DDevice/GameClient/Drawable/W3DTankDrawPoolKey.cpp,yes,0,0,0,0
Code/GameEngineDevice/Source/W3DDevice/GameClient/Drawable/W3DTornadoDrawPoolKey.cpp,yes,0,0,0,0
Code/GameEngineDevice/Source/W3DDevice/GameClient/Drawable/W3DTruckDrawPoolKey.cpp,yes,0,0,0,0
Code/GameEngineDevice/Source/W3DDevice/GameClient/FileSystemRva000783A1.cpp,yes,0,0,0,0
Code/GameEngineDevice/Source/W3DDevice/GameClient/Find_Asset.cpp,no,1,0,0,0
Code/GameEngineDevice/Source/W3DDevice/GameClient/GUI/GUICallbacks/W3DNoDraw.cpp,yes,0,0,0,0
Code/GameEngineDevice/Source/W3DDevice/GameClient/GUI/Gadget/W3DComboBox.cpp,no,8,0,17,0
Code/GameEngineDevice/Source/W3DDevice/GameClient/GUI/Gadget/W3DGadgetTabControlDraw.cpp,no,1,0,6,0
Code/GameEngineDevice/Source/W3DDevice/GameClient/GUI/Gadget/W3DGadgetTabControlImageDraw.cpp,no,1,0,0,0
Code/GameEngineDevice/Source/W3DDevice/GameClient/GUI/Gadget/W3DListBox.cpp,no,9,0,16,0
Code/GameEngineDevice/Source/W3DDevice/GameClient/GUI/Gadget/W3DPushButtonImageDispatch_Thunk.cpp,no,3,0,11,0
Code/GameEngineDevice/Source/W3DDevice/GameClient/GUI/Gadget/W3DStaticText.cpp,no,6,0,15,0
Code/GameEngineDevice/Source/W3DDevice/GameClient/GUI/W3DFontLibraryLoadFontData.cpp,no,3,0,0,0
Code/GameEngineDevice/Source/W3DDevice/GameClient/GUI/W3DGameFont.cpp,no,2,0,13,0
Code/GameEngineDevice/Source/W3DDevice/GameClient/GameFileClassOpen.cpp,no,0,1,1,0
Code/GameEngineDevice/Source/W3DDevice/GameClient/Gen00920BC0Handle.cpp,no,6,0,0,0
Code/GameEngineDevice/Source/W3DDevice/GameClient/Gen_006e9160_Init.cpp,no,3,0,0,0
Code/GameEngineDevice/Source/W3DDevice/GameClient/Gen_00727030_SetFlag.cpp,yes,0,0,0,0
Code/GameEngineDevice/Source/W3DDevice/GameClient/HeightMap.cpp,no,54,1,72,0
Code/GameEngineDevice/Source/W3DDevice/GameClient/LightSceneO1Inlines.cpp,no,0,0,6,0
Code/GameEngineDevice/Source/W3DDevice/GameClient/LineSeg_recalculate.cpp,no,0,1,7,0
Code/GameEngineDevice/Source/W3DDevice/GameClient/LookupTablePostEffectCtor.cpp,yes,0,0,0,0
Code/GameEngineDevice/Source/W3DDevice/GameClient/LookupTablePostEffectDtor.cpp,no,1,1,1,0
Code/GameEngineDevice/Source/W3DDevice/GameClient/LookupTablePostEffectSlot3.cpp,no,0,1,1,0
Code/GameEngineDevice/Source/W3DDevice/GameClient/MouseThreadCtor.cpp,no,0,1,2,0
Code/GameEngineDevice/Source/W3DDevice/GameClient/MouseThreadDestructor.cpp,no,0,1,2,0
Code/GameEngineDevice/Source/W3DDevice/GameClient/RTS3DScene_createLightsIterator.cpp,no,0,1,1,0
Code/GameEngineDevice/Source/W3DDevice/GameClient/Render_Obj_Exists.cpp,no,1,0,0,0
Code/GameEngineDevice/Source/W3DDevice/GameClient/Render_Obj_Exists_Impl.cpp,yes,0,0,0,0
Code/GameEngineDevice/Source/W3DDevice/GameClient/RoadTypeDtor.cpp,no,0,1,1,0
Code/GameEngineDevice/Source/W3DDevice/GameClient/Rva00043511Init.cpp,yes,0,0,0,0
Code/GameEngineDevice/Source/W3DDevice/GameClient/Rva000787BAOpen.cpp,yes,0,0,0,0
Code/GameEngineDevice/Source/W3DDevice/GameClient/Rva0007882FGet.cpp,no,1,0,0,0
Code/GameEngineDevice/Source/W3DDevice/GameClient/Rva000932E1Get.cpp,no,1,0,0,1
Code/GameEngineDevice/Source/W3DDevice/GameClient/Rva000FDCD7Get.cpp,no,1,0,0,1
Code/GameEngineDevice/Source/W3DDevice/GameClient/Rva00111F0EClear.cpp,yes,0,0,0,0
Code/GameEngineDevice/Source/W3DDevice/GameClient/Rva0013BE70OpaqueCall.cpp,yes,0,0,0,0
Code/GameEngineDevice/Source/W3DDevice/GameClient/Rva00735D80TreeTypeCtor.cpp,no,0,2,1,0
Code/GameEngineDevice/Source/W3DDevice/GameClient/Rva007FACB0VirtualForward.cpp,yes,0,0,0,0
Code/GameEngineDevice/Source/W3DDevice/GameClient/Rva009EBDC0.cpp,no,3,0,0,0
Code/GameEngineDevice/Source/W3DDevice/GameClient/Rva009EBEC0.cpp,no,2,0,0,0
Code/GameEngineDevice/Source/W3DDevice/GameClient/ScreenFilterRva007D6B70Set.cpp,no,12,0,3,0
Code/GameEngineDevice/Source/W3DDevice/GameClient/ScreenFilterRva007D85C0Set.cpp,no,12,0,3,0
Code/GameEngineDevice/Source/W3DDevice/GameClient/ScreenFilterRva007DCA80Shutdown.cpp,yes,0,0,0,0
Code/GameEngineDevice/Source/W3DDevice/GameClient/Shadow/W3DBufferManager.cpp,no,7,7,11,0
Code/GameEngineDevice/Source/W3DDevice/GameClient/Shadow/W3DBufferManager_Slots.cpp,no,1,7,0,0
Code/GameEngineDevice/Source/W3DDevice/GameClient/Shadow/W3DProjectedShadowManagerReAcquire.cpp,yes,0,0,0,0
Code/GameEngineDevice/Source/W3DDevice/GameClient/Shadow/W3DProjectedShadowRva007AEC10.cpp,yes,0,0,0,0
Code/GameEngineDevice/Source/W3DDevice/GameClient/Shadow/W3DShadowGeometryCtorThunk.cpp,no,4,3,3,0
Code/GameEngineDevice/Source/W3DDevice/GameClient/Shadow/W3DShadowGeometryDtor.cpp,no,3,2,2,0
Code/GameEngineDevice/Source/W3DDevice/GameClient/Shadow/W3DShadowManagerReAcquire.cpp,no,6,0,0,0
Code/GameEngineDevice/Source/W3DDevice/GameClient/Shadow/W3DShadowTextureDestructor.cpp,no,2,1,2,0
Code/GameEngineDevice/Source/W3DDevice/GameClient/Shadow/W3DVolumetricShadowBufferOwnerDtor.cpp,no,0,1,0,0
Code/GameEngineDevice/Source/W3DDevice/GameClient/TRoadSegInfoAssign.cpp,no,0,1,2,0
Code/GameEngineDevice/Source/W3DDevice/GameClient/TerrainTrackEdgeInfoO1.cpp,no,0,0,2,0
Code/GameEngineDevice/Source/W3DDevice/GameClient/TerrainTracksRenderObjClassCreateBuffers.cpp,no,1,0,0,0
Code/GameEngineDevice/Source/W3DDevice/GameClient/TerrainTracksRenderObjClassFree.cpp,yes,0,0,0,0
Code/GameEngineDevice/Source/W3DDevice/GameClient/TileDataGetRGBDataForWidth.cpp,no,1,0,2,0
Code/GameEngineDevice/Source/W3DDevice/GameClient/W3DBibBuffer.cpp,no,6,0,10,0
Code/GameEngineDevice/Source/W3DDevice/GameClient/W3DBridgeBuffer.cpp,yes,0,0,0,0
Code/GameEngineDevice/Source/W3DDevice/GameClient/W3DBridgeClearBridge.cpp,yes,0,0,0,0
Code/GameEngineDevice/Source/W3DDevice/GameClient/W3DBridgeDestructor.cpp,no,1,1,0,0
Code/GameEngineDevice/Source/W3DDevice/GameClient/W3DDisplayClipCursor.cpp,no,1,0,0,0
Code/GameEngineDevice/Source/W3DDevice/GameClient/W3DDisplayDrawImage.cpp,no,2,0,0,0
Code/GameEngineDevice/Source/W3DDevice/GameClient/W3DDisplayDrawImageMode.cpp,yes,0,0,0,0
Code/GameEngineDevice/Source/W3DDevice/GameClient/W3DDisplayResetD3DDevice.cpp,no,3,0,0,0
Code/GameEngineDevice/Source/W3DDevice/GameClient/W3DDisplayRva0004300D.cpp,yes,0,0,0,0
Code/GameEngineDevice/Source/W3DDevice/GameClient/W3DDisplayRva000433AC.cpp,yes,0,0,0,0
Code/GameEngineDevice/Source/W3DDevice/GameClient/W3DDisplayRva0004387E.cpp,yes,0,0,0,0
Code/GameEngineDevice/Source/W3DDevice/GameClient/W3DDisplayRva0025D2F6.cpp,yes,0,0,0,0
Code/GameEngineDevice/Source/W3DDevice/GameClient/W3DDisplayString.cpp,no,14,3,22,0
Code/GameEngineDevice/Source/W3DDevice/GameClient/W3DDisplayStringDeletingDtor.cpp,no,0,0,1,0
Code/GameEngineDevice/Source/W3DDevice/GameClient/W3DDynamicLightSetFrameFade.cpp,yes,0,0,0,0
Code/GameEngineDevice/Source/W3DDevice/GameClient/W3DFileSystem.cpp,no,6,2,6,0
Code/GameEngineDevice/Source/W3DDevice/GameClient/W3DGameClient.cpp,no,24,3,1,0
Code/GameEngineDevice/Source/W3DDevice/GameClient/W3DGameClientFontFactory.cpp,no,1,1,2,0
Code/GameEngineDevice/Source/W3DDevice/GameClient/W3DGameClientShadowShimGetLightPosWorld.cpp,yes,0,0,0,0
Code/GameEngineDevice/Source/W3DDevice/GameClient/W3DGameClientSnowFactory.cpp,no,0,1,1,0
Code/GameEngineDevice/Source/W3DDevice/GameClient/W3DGameClient_setTimeOfDay.cpp,no,6,1,4,0
Code/GameEngineDevice/Source/W3DDevice/GameClient/W3DGetBackBufferSurface.cpp,no,4,0,0,0
Code/GameEngineDevice/Source/W3DDevice/GameClient/W3DMouse.cpp,no,23,4,27,0
Code/GameEngineDevice/Source/W3DDevice/GameClient/W3DMouseCursorSlotQuartet.cpp,yes,0,0,0,0
Code/GameEngineDevice/Source/W3DDevice/GameClient/W3DMouseCursorSurfaceLevel.cpp,no,1,0,0,0
Code/GameEngineDevice/Source/W3DDevice/GameClient/W3DMouse_freeD3DAssets.cpp,yes,0,0,0,0
Code/GameEngineDevice/Source/W3DDevice/GameClient/W3DMouse_loadD3DCursorTextures.cpp,no,2,1,0,0
Code/GameEngineDevice/Source/W3DDevice/GameClient/W3DMouse_releaseD3DCursorTextures.cpp,yes,0,0,0,0
Code/GameEngineDevice/Source/W3DDevice/GameClient/W3DPropBuffer.cpp,no,11,4,15,0
Code/GameEngineDevice/Source/W3DDevice/GameClient/W3DRoadBuffer.cpp,no,19,8,33,0
Code/GameEngineDevice/Source/W3DDevice/GameClient/W3DRoadBufferAdjustStacking.cpp,no,0,1,4,0
Code/GameEngineDevice/Source/W3DDevice/GameClient/W3DRoadBufferLoadLit4Pt.cpp,no,3,0,14,0
Code/GameEngineDevice/Source/W3DDevice/GameClient/W3DRoadTypeVectorDtor.cpp,no,0,0,1,0
Code/GameEngineDevice/Source/W3DDevice/GameClient/W3DScene.cpp,no,23,4,26,0
Code/GameEngineDevice/Source/W3DDevice/GameClient/W3DShaderManager.cpp,no,7,0,1,0
Code/GameEngineDevice/Source/W3DDevice/GameClient/W3DSmudge.cpp,no,14,2,12,0
Code/GameEngineDevice/Source/W3DDevice/GameClient/W3DSmudgeManagerConstructor.cpp,no,1,1,2,0
Code/GameEngineDevice/Source/W3DDevice/GameClient/W3DSmudgeManagerReleaseResources.cpp,no,2,1,1,0
Code/GameEngineDevice/Source/W3DDevice/GameClient/W3DSnow.cpp,no,2,0,3,0
Code/GameEngineDevice/Source/W3DDevice/GameClient/W3DSnowMath.cpp,yes,0,0,0,0
Code/GameEngineDevice/Source/W3DDevice/GameClient/W3DSnowUpdate.cpp,no,4,0,0,0
Code/GameEngineDevice/Source/W3DDevice/GameClient/W3DTerrainBackground.cpp,no,8,0,9,0
Code/GameEngineDevice/Source/W3DDevice/GameClient/W3DTerrainTracks.cpp,no,18,0,54,0
Code/GameEngineDevice/Source/W3DDevice/GameClient/W3DTerrainVisual.cpp,no,61,8,18,0
Code/GameEngineDevice/Source/W3DDevice/GameClient/W3DTerrainVisualBase_xfer.cpp,yes,0,0,0,0
Code/GameEngineDevice/Source/W3DDevice/GameClient/W3DVideoBuffer.cpp,no,9,0,2,0
Code/GameEngineDevice/Source/W3DDevice/GameClient/W3DVideoBufferCtorBfme.cpp,no,4,0,3,0
Code/GameEngineDevice/Source/W3DDevice/GameClient/W3DVideoBufferRva00072480.cpp,yes,0,0,0,0
Code/GameEngineDevice/Source/W3DDevice/GameClient/W3DWaypointBufferDestructor.cpp,no,1,0,0,0
Code/GameEngineDevice/Source/W3DDevice/GameClient/WorldHeightMap.cpp,no,41,5,15,0
Code/GameEngineDevice/Source/W3DDevice/GameClient/WorldHeightMapReadTexClass.cpp,no,1,0,0,0
Code/GameEngineDevice/Source/W3DDevice/GameClient/WorldHeightMapTiles.cpp,yes,0,0,0,0
Code/GameEngineDevice/Source/W3DDevice/GameClient/camerashakesystem.cpp,yes,0,0,0,0
Code/GameEngineDevice/Source/W3DDevice/GameLogic/Rva0061FC70CleanupDeletingCtor.cpp,no,1,0,0,0
Code/GameEngineDevice/Source/W3DDevice/GameLogic/W3DGhostObject.cpp,no,15,2,14,0
Code/GameEngineDevice/Source/W3DDevice/GameLogic/W3DRenderObjectSnapshotDestructor.cpp,no,2,0,1,0
Code/GameEngineDevice/Source/W3DDevice/GameLogic/W3DTerrainLogic.cpp,no,47,2,15,0
Code/GameEngineDevice/Source/Win32Device/GameClient/Win32Mouse_addWin32Event.cpp,yes,0,0,0,0
Code/Libraries/Source/ATL/atl_vector_constructor_iterator.cpp,no,0,0,1,0
Code/Libraries/Source/ATL/atlalloc.cpp,yes,0,0,0,0
Code/Libraries/Source/ATL/atlbase.cpp,no,1,0,0,0
Code/Libraries/Source/ATL/atlbasemodule.cpp,no,2,0,0,0
Code/Libraries/Source/ATL/atlcomcritseclock.cpp,yes,0,0,0,0
Code/Libraries/Source/ATL/atlconv.cpp,no,2,0,0,0
Code/Libraries/Source/ATL/atlcore.cpp,yes,0,0,0,0
Code/Libraries/Source/ATL/atlimage.cpp,no,5,2,0,0
Code/Libraries/Source/ATL/cstringt.cpp,no,2,0,1,0
Code/Libraries/Source/ATL/cstringt_case.cpp,no,1,0,0,0
Code/Libraries/Source/ATL/cstringt_compare.cpp,no,1,0,0,0
Code/Libraries/Source/Apt/AptActionInterpreterBitwise.cpp,no,5,0,0,0
Code/Libraries/Source/Apt/AptActionInterpreterRandomBFME2.cpp,no,4,0,0,0
Code/Libraries/Source/Apt/AptAnimationPoolDataBIL.cpp,no,2,0,0,0
Code/Libraries/Source/Apt/AptBasePtrStackInit.cpp,no,4,0,0,0
Code/Libraries/Source/Apt/AptBasePtrStackPopAndPush.cpp,no,6,0,0,0
Code/Libraries/Source/Apt/AptBasePtrStackPush.cpp,no,2,0,0,0
Code/Libraries/Source/Apt/AptCIHEventHandlers.cpp,yes,0,0,0,0
Code/Libraries/Source/Apt/AptCIHLevel006E0B80.cpp,no,3,0,0,0
Code/Libraries/Source/Apt/AptCharacterAnimationSwfVersion.cpp,yes,0,0,0,0
Code/Libraries/Source/Apt/AptDate.cpp,no,1,0,0,0
Code/Libraries/Source/Apt/AptDateCalendar.cpp,no,3,0,0,0
Code/Libraries/Source/Apt/AptDateClock.cpp,yes,0,0,0,0
Code/Libraries/Source/Apt/AptDateGetters.cpp,no,2,0,0,0
Code/Libraries/Source/Apt/AptDateSetters.cpp,no,4,0,0,0
Code/Libraries/Source/Apt/AptDateString.cpp,no,1,0,0,0
Code/Libraries/Source/Apt/AptDateStringCallback.cpp,no,1,0,1,0
Code/Libraries/Source/Apt/AptDisplayList.cpp,no,2,0,0,0
Code/Libraries/Source/Apt/AptInterpreterCtor.cpp,yes,0,0,0,0
Code/Libraries/Source/Apt/AptInterpreterDebugStack.cpp,no,4,0,0,0
Code/Libraries/Source/Apt/AptIntervalTimerParams.cpp,no,2,0,0,0
Code/Libraries/Source/Apt/AptMathClipStack.cpp,no,5,0,0,2
Code/Libraries/Source/Apt/AptNativeHashBFME2.cpp,no,4,0,0,0
Code/Libraries/Source/Apt/AptNativeHashMark.cpp,no,1,0,0,0
Code/Libraries/Source/Apt/AptNativeHashRva0070B180.cpp,no,3,0,0,0
Code/Libraries/Source/Apt/AptObject/AptScriptFunctionStatic.cpp,no,7,0,0,0
Code/Libraries/Source/Apt/AptRenderingContextStacks.cpp,no,3,0,0,0
Code/Libraries/Source/Apt/AptValue/AptValueAnimationInstBFME2.cpp,no,2,0,0,0
Code/Libraries/Source/Apt/AptValue/AptValueArrayAt.cpp,no,3,0,0,0
Code/Libraries/Source/Apt/AptValue/AptValueCheckedCastsBFME2.cpp,no,2,0,0,0
Code/Libraries/Source/Apt/AptValue/AptValueConstructorBFME2.cpp,no,2,0,0,0
Code/Libraries/Source/Apt/AptValue/AptValueDonorBitsBFME2.cpp,yes,0,0,0,0
Code/Libraries/Source/Apt/AptValue/AptValueForceDelete.cpp,yes,0,0,0,0
Code/Libraries/Source/Apt/AptValue/AptValueGCRootBFME2.cpp,no,2,0,0,0
Code/Libraries/Source/Apt/AptValue/AptValuePredicate006DBFA0.cpp,no,2,0,0,0
Code/Libraries/Source/Apt/AptValue/AptValueSetString.cpp,yes,0,0,0,0
Code/Libraries/Source/Apt/AptValue/AptValueSetTypeBFME2.cpp,no,2,0,0,0
Code/Libraries/Source/Apt/AptValue/AptValueSwitchPredicateBFME2.cpp,yes,0,0,0,0
Code/Libraries/Source/Apt/AptValue/AptValueTypePredicatesBFME2.cpp,no,2,0,0,0
Code/Libraries/Source/Apt/AptValue/AptValueUndefinedBFME2.cpp,no,2,0,0,0
Code/Libraries/Source/Apt/AptValue/AptValueVector.cpp,no,4,0,0,0
Code/Libraries/Source/Apt/AptValue/AptValueVectorReleaseBFME2.cpp,no,7,0,0,0
Code/Libraries/Source/Apt/AptValue/AptValueVectorRva006CC350.cpp,no,1,0,0,0
Code/Libraries/Source/Apt/AptValue/AptValueXmlPredicatesBFME2.cpp,no,2,0,0,0
Code/Libraries/Source/Apt/AptValue/Rva006DE350Dtor.cpp,no,2,0,0,0
Code/Libraries/Source/Apt/AptValuePtrStackTop.cpp,no,2,0,0,0
Code/Libraries/Source/Apt/AptValueSetHas.cpp,yes,0,0,0,0
Code/Libraries/Source/Apt/BfmeThingXSApply.cpp,yes,0,0,0,0
Code/Libraries/Source/Apt/DogmaPoolBytes.cpp,yes,0,0,0,0
Code/Libraries/Source/Apt/DogmaPoolFree.cpp,no,2,0,0,0
Code/Libraries/Source/Apt/DogmaPoolFreeBlock.cpp,no,3,0,0,0
Code/Libraries/Source/Apt/EAStringCSetSize.cpp,no,2,0,0,0
Code/Libraries/Source/Apt/Rva006D6360Ctor.cpp,no,4,0,1,0
Code/Libraries/Source/Apt/Rva006D63C0Dtor.cpp,no,1,0,0,0
Code/Libraries/Source/Apt/Rva006D6D20Ctor.cpp,no,2,0,2,0
Code/Libraries/Source/Apt/Rva006D6D20Dtor.cpp,no,0,1,0,0
Code/Libraries/Source/Apt/Rva006DCC00Forwarder.cpp,yes,0,0,0,0
Code/Libraries/Source/Apt/Rva006E0920Getter.cpp,yes,0,0,0,0
Code/Libraries/Source/Apt/Rva006E0D60Add.cpp,no,2,0,0,0
Code/Libraries/Source/Apt/Rva006E0DE0Remove.cpp,no,2,0,0,1
Code/Libraries/Source/Apt/Rva006E3230Validate.cpp,no,4,0,0,0
Code/Libraries/Source/Apt/Rva006E3410.cpp,no,2,0,0,0
Code/Libraries/Source/Apt/Rva006E34D0.cpp,no,0,0,0,3
Code/Libraries/Source/Apt/Rva006E3710Check.cpp,yes,0,0,0,0
Code/Libraries/Source/Apt/Rva006E3BF0.cpp,no,0,0,0,1
Code/Libraries/Source/Apt/Rva006E3C80.cpp,no,2,0,0,0
Code/Libraries/Source/Apt/Rva006FE400Chain.cpp,yes,0,0,0,0
Code/Libraries/Source/Apt/Rva006FE460Dtor.cpp,yes,0,0,0,0
Code/Libraries/Source/Apt/string/EAStringCompare.cpp,yes,0,0,0,0
Code/Libraries/Source/Benchmark/AllocateMemory.cpp,yes,0,0,0,0
Code/Libraries/Source/Benchmark/emfloat.cpp,no,4,0,0,0
Code/Libraries/Source/Benchmark/nbench0.cpp,yes,0,0,0,0
Code/Libraries/Source/Benchmark/nbench1.cpp,no,7,0,0,0
Code/Libraries/Source/CRT/RtcGetErrorFunc.cpp,no,1,1,1,0
Code/Libraries/Source/Compression/CompressionManager_decompressData.cpp,yes,0,0,0,0
Code/Libraries/Source/Compression/EAC/REFEncodeRetail.cpp,no,1,1,1,0
Code/Libraries/Source/Compression/EAC/btreedecode.cpp,yes,0,0,0,0
Code/Libraries/Source/Compression/EAC/btreeencode.cpp,yes,0,0,0,0
Code/Libraries/Source/Compression/EAC/huffdecode.cpp,yes,0,0,0,0
Code/Libraries/Source/Compression/EAC/huffencode.cpp,yes,0,0,0,0
Code/Libraries/Source/Compression/EAC/refdecode.cpp,yes,0,0,0,0
Code/Libraries/Source/Compression/EAC/refencode.cpp,no,1,1,0,0
Code/Libraries/Source/Compression/LZHCompress/CompLibSource/Huff.cpp,yes,0,0,0,0
Code/Libraries/Source/Compression/LZHCompress/CompLibSource/LZHLApi.cpp,yes,0,0,0,0
Code/Libraries/Source/Compression/LZHCompress/CompLibSource/Lz.cpp,yes,0,0,0,0
Code/Libraries/Source/Compression/LZHCompress/CompLibSource/Rva006918B0ClearStats.cpp,yes,0,0,0,0
Code/Libraries/Source/Compression/LZHCompress/NoxCompress.cpp,yes,0,0,0,0
Code/Libraries/Source/Compression/LZHCompress/Rva0068A780BothPresent.cpp,yes,0,0,0,0
Code/Libraries/Source/Compression/ZLib/adler32.c,yes,0,0,0,0
Code/Libraries/Source/Compression/ZLib/compress.c,yes,0,0,0,0
Code/Libraries/Source/Compression/ZLib/deflate.c,yes,0,0,0,0
Code/Libraries/Source/Compression/ZLib/infblock.c,yes,0,0,0,0
Code/Libraries/Source/Compression/ZLib/infcodes.c,yes,0,0,0,0
Code/Libraries/Source/Compression/ZLib/inffast.c,yes,0,0,0,0
Code/Libraries/Source/Compression/ZLib/inflate.c,yes,0,0,0,0
Code/Libraries/Source/Compression/ZLib/inftrees.c,yes,0,0,0,0
Code/Libraries/Source/Compression/ZLib/infutil.c,yes,0,0,0,0
Code/Libraries/Source/Compression/ZLib/trees.c,yes,0,0,0,0
Code/Libraries/Source/Compression/ZLib/uncompr.c,yes,0,0,0,0
Code/Libraries/Source/Compression/ZLib/zutil.c,yes,0,0,0,0
Code/Libraries/Source/DirtySock/BfmeDirtyBaseDerived.cpp,yes,0,0,0,0
Code/Libraries/Source/DirtySock/BfmeDirtyBaseDtor.cpp,no,0,1,1,0
Code/Libraries/Source/DirtySock/ProtoSSLParseCertificate.c,no,1,0,0,0
Code/Libraries/Source/DirtySock/Rva006560E0Deleter.cpp,no,0,0,1,0
Code/Libraries/Source/DirtySock/Rva0065D1D0Deleter.cpp,no,0,0,1,0
Code/Libraries/Source/DirtySock/Rva0065E7D0Deleter.cpp,no,0,0,1,0
Code/Libraries/Source/DirtySock/Rva0065F140Deleter.cpp,yes,0,0,0,0
Code/Libraries/Source/DirtySock/Rva00666BA0Derived.cpp,yes,0,0,0,0
Code/Libraries/Source/DirtySock/Rva00666BA0Dtor.cpp,no,0,1,0,0
Code/Libraries/Source/DirtySock/Rva007F0000Allocator.cpp,no,3,0,0,0
Code/Libraries/Source/DirtySock/Rva007FDFF0Connect.cpp,yes,0,0,0,0
Code/Libraries/Source/DirtySock/Rva0080ADE0Reset.cpp,yes,0,0,0,0
Code/Libraries/Source/DirtySock/Rva00813100ConnectionSetup.cpp,no,3,0,0,0
Code/Libraries/Source/DirtySock/Rva00819630TapiTransport.cpp,no,6,0,0,0
Code/Libraries/Source/DirtySock/Rva00819F50Comm.cpp,yes,0,0,0,0
Code/Libraries/Source/DirtySock/Rva0081A6A0Comm.cpp,yes,0,0,0,0
Code/Libraries/Source/DirtySock/Rva0081A740Comm.cpp,yes,0,0,0,0
Code/Libraries/Source/DirtySock/Rva0081B010CommWorker.cpp,no,0,0,0,1
Code/Libraries/Source/DirtySock/Rva0081B700CommReset.cpp,yes,0,0,0,0
Code/Libraries/Source/DirtySock/Rva0081B9B0Shutdown.cpp,yes,0,0,0,0
Code/Libraries/Source/DirtySock/Y2NetConn.cpp,no,16,0,0,0
Code/Libraries/Source/DirtySock/Y2ProtoMangleHelpers.cpp,no,16,0,0,0
Code/Libraries/Source/DirtySock/Y2ProtoMangleNextProbe.cpp,yes,0,0,0,0
Code/Libraries/Source/DirtySock/Y2ProtoMangleTagField.cpp,yes,0,0,0,0
Code/Libraries/Source/DirtySock/Y2Rva007EBAE0Module.cpp,no,12,0,0,0
Code/Libraries/Source/DirtySock/Y2Rva00806580Module.cpp,no,15,0,0,1
Code/Libraries/Source/DirtySock/Y2Rva00807900Module.cpp,no,13,0,0,0
Code/Libraries/Source/DirtySock/Y2ScalarDeleters.cpp,no,31,0,0,0
Code/Libraries/Source/DirtySock/Y4BoundedCopy.c,yes,0,0,0,0
Code/Libraries/Source/DirtySock/Y4CivilTime.c,no,2,0,0,0
Code/Libraries/Source/DirtySock/Y4CommAlloc.c,no,3,0,0,0
Code/Libraries/Source/DirtySock/Y4CommDigest.c,yes,0,0,0,0
Code/Libraries/Source/DirtySock/Y4CommRingIdle.c,no,4,0,0,0
Code/Libraries/Source/DirtySock/Y4CommSequencedRing.c,yes,0,0,0,0
Code/Libraries/Source/DirtySock/Y4CommTable.c,no,7,0,0,0
Code/Libraries/Source/DirtySock/Y4CommTapi.cpp,no,1,0,0,0
Code/Libraries/Source/DirtySock/Y4CommTickIdle.c,no,21,0,0,0
Code/Libraries/Source/DirtySock/Y4CommTransportLife.c,no,25,0,0,0
Code/Libraries/Source/DirtySock/Y4DirtySockAddrText.c,yes,0,0,0,0
Code/Libraries/Source/DirtySock/Y4DirtySockDate.cpp,no,0,3,0,0
Code/Libraries/Source/DirtySock/Y4DirtySockDateParse.cpp,yes,0,0,0,0
Code/Libraries/Source/DirtySock/Y4DirtySockDebug.c,no,1,0,0,0
Code/Libraries/Source/DirtySock/Y4DirtySockSocketWrappers.c,no,38,0,0,0
Code/Libraries/Source/DirtySock/Y4LookupTables.c,no,1,0,0,0
Code/Libraries/Source/DirtySock/Y4MultiPrecision.c,yes,0,0,0,0
Code/Libraries/Source/DirtySock/Y4TextToValue.c,no,8,0,0,0
Code/Libraries/Source/DirtySock/Y5SmallHelpers.c,no,21,0,0,0
Code/Libraries/Source/DirtySock/commsrp.cpp,no,1,0,0,0
Code/Libraries/Source/DirtySock/commtcp.cpp,yes,0,0,0,0
Code/Libraries/Source/DirtySock/commudp.cpp,no,4,0,0,0
Code/Libraries/Source/DirtySock/cryptrsa.c,yes,0,0,0,0
Code/Libraries/Source/DirtySock/cryptsha1.c,yes,0,0,0,0
Code/Libraries/Source/DirtySock/netgameutil.cpp,yes,0,0,0,0
Code/Libraries/Source/EA/Apt/AptString/EAStringAppendBounded.cpp,no,1,0,0,0
Code/Libraries/Source/EA/Apt/AptString/EAStringCAssign.cpp,no,1,0,0,0
Code/Libraries/Source/EA/Apt/AptString/EAStringCChangeBuffer.cpp,no,3,0,0,0
Code/Libraries/Source/EA/Apt/AptString/EAStringCFind.cpp,no,2,0,0,0
Code/Libraries/Source/EA/Apt/AptString/EAStringCRefCount.cpp,no,6,0,0,1
Code/Libraries/Source/EA/Apt/AptString/EAStringCRva00620090.cpp,yes,0,0,0,0
Code/Libraries/Source/EA/Apt/AptString/EAStringCUtf8Encode.cpp,yes,0,0,0,0
Code/Libraries/Source/EA/Apt/AptString/EAStringCase.cpp,yes,0,0,0,0
Code/Libraries/Source/EA/Apt/AptString/Utf8EncodedLength.cpp,no,2,0,0,0
Code/Libraries/Source/EA/Apt/AptStringMethodLookup.cpp,no,2,0,0,0
Code/Libraries/Source/EA/Apt/Bfme5PrefixCheck8C5680.cpp,no,1,0,0,0
Code/Libraries/Source/EA/Apt/Rva00702B40ExpandPrototype.cpp,no,1,0,0,0
Code/Libraries/Source/EA/Apt/Rva0070B4F0GetString.cpp,no,3,0,0,0
Code/Libraries/Source/EA/Apt/Rva008A51B0MathRandom.cpp,no,2,0,0,0
Code/Libraries/Source/EA/Apt/Rva008A5360PackedKeyField.cpp,no,2,0,0,0
Code/Libraries/Source/EA/Apt/Rva008AE450AptHelperDispatch.cpp,no,1,0,0,0
Code/Libraries/Source/EA/Apt/Rva008AE470AptHelperDispatch.cpp,no,1,0,0,0
Code/Libraries/Source/EA/Apt/Rva008B4260StringCompare.cpp,yes,0,0,0,0
Code/Libraries/Source/EA/Apt/Rva008B8F80AtoiOrZero.cpp,yes,0,0,0,0
Code/Libraries/Source/EA/Apt/Rva8D0D80TableAddIfAbsent.cpp,no,2,0,0,0
Code/Libraries/Source/GdiPlus/gdiplusbitmap.cpp,no,14,13,0,0
Code/Libraries/Source/GdiPlus/gdiplusbitmap_dtor.cpp,no,14,13,2,0
Code/Libraries/Source/GdiPlus/gdiplusgraphics.cpp,no,2,0,0,0
Code/Libraries/Source/Lua/lapi.c,yes,0,0,0,0
Code/Libraries/Source/Lua/lauxlib.c,yes,0,0,0,0
Code/Libraries/Source/Lua/lbaselib.c,yes,0,0,0,0
Code/Libraries/Source/Lua/lbaselibSmall.c,yes,0,0,0,0
Code/Libraries/Source/Lua/lcode.c,yes,0,0,0,0
Code/Libraries/Source/Lua/ldblib.c,yes,0,0,0,0
Code/Libraries/Source/Lua/ldebug.c,yes,0,0,0,0
Code/Libraries/Source/Lua/ldo.c,yes,0,0,0,0
Code/Libraries/Source/Lua/lfunc.c,yes,0,0,0,0
Code/Libraries/Source/Lua/lgc.c,yes,0,0,0,0
Code/Libraries/Source/Lua/liolib.c,no,3,1,0,0
Code/Libraries/Source/Lua/liolib_bfme1.c,no,3,1,0,0
Code/Libraries/Source/Lua/llex.c,yes,0,0,0,0
Code/Libraries/Source/Lua/lmathlib.c,yes,0,0,0,0
Code/Libraries/Source/Lua/lmem.c,yes,0,0,0,0
Code/Libraries/Source/Lua/lobject.c,yes,0,0,0,0
Code/Libraries/Source/Lua/lparser.c,yes,0,0,0,0
Code/Libraries/Source/Lua/lstate.c,no,1,0,0,0
Code/Libraries/Source/Lua/lstring.c,yes,0,0,0,0
Code/Libraries/Source/Lua/lstrlib.c,yes,0,0,0,0
Code/Libraries/Source/Lua/ltable.c,yes,0,0,0,0
Code/Libraries/Source/Lua/ltm.c,yes,0,0,0,0
Code/Libraries/Source/Lua/luaB_print.cpp,no,1,0,0,0
Code/Libraries/Source/Lua/luaB_tostring.c,yes,0,0,0,0
Code/Libraries/Source/Lua/lundump.c,yes,0,0,0,0
Code/Libraries/Source/Lua/lvm.c,yes,0,0,0,0
Code/Libraries/Source/Lua/lzio.c,yes,0,0,0,0
Code/Libraries/Source/STLport/CtypeWideFindIf.cpp,yes,0,0,0,0
Code/Libraries/Source/STLport/FstreamDefaultProtectionNameCtors.cpp,no,11,1,23,0
Code/Libraries/Source/STLport/IosBaseCopyState.cpp,no,2,0,2,0
Code/Libraries/Source/STLport/LocaleUnshiftStrwcmp.c,yes,0,0,0,0
Code/Libraries/Source/STLport/NamedException.cpp,no,0,1,0,0
Code/Libraries/Source/STLport/Open2381C0Impl_invoke.cpp,yes,0,0,0,0
Code/Libraries/Source/STLport/Rva008312E0StringReplace.cpp,no,1,0,0,0
Code/Libraries/Source/STLport/Rva008314E0StringReplace.cpp,no,4,0,2,0
Code/Libraries/Source/STLport/Rva0084AC60Open.cpp,yes,0,0,0,0
Code/Libraries/Source/STLport/Rva0084AD00Open.cpp,yes,0,0,0,0
Code/Libraries/Source/STLport/Rva0084DE40DateFormat.c,no,1,0,0,0
Code/Libraries/Source/Theora/CopyBlock.c,yes,0,0,0,0
Code/Libraries/Source/Theora/IDct1.c,yes,0,0,0,0
Code/Libraries/Source/VP6/Huffman.cpp,yes,0,0,0,0
Code/Libraries/Source/VP6/boolhuff.cpp,yes,0,0,0,0
Code/Libraries/Source/VP6/debug.cpp,yes,0,0,0,0
Code/Libraries/Source/VP6/decodembs.cpp,no,10,0,0,0
Code/Libraries/Source/VP6/quantize.cpp,no,1,0,0,0
Code/Libraries/Source/WWVegas/WW3D2/AABoxBoundingSphere.cpp,no,0,1,3,0
Code/Libraries/Source/WWVegas/WW3D2/AABoxRenderObjClone.cpp,no,0,1,1,0
Code/Libraries/Source/WWVegas/WW3D2/AABoxRenderObjDefaultCtor.cpp,no,12,2,8,0
Code/Libraries/Source/WWVegas/WW3D2/AABoxRenderObjFromAABox.cpp,no,12,3,8,0
Code/Libraries/Source/WWVegas/WW3D2/AABoxRenderObjFromDef.cpp,no,12,2,8,0
Code/Libraries/Source/WWVegas/WW3D2/AABoxUpdateCachedBox.cpp,no,0,1,3,0
Code/Libraries/Source/WWVegas/WW3D2/AdaptiveDeltaLoadW3D.cpp,no,0,1,1,0
Code/Libraries/Source/WWVegas/WW3D2/AggregateDefBuildSubobjectList.cpp,no,0,1,2,0
Code/Libraries/Source/WWVegas/WW3D2/AggregateDefReadHeader.cpp,yes,0,0,0,0
Code/Libraries/Source/WWVegas/WW3D2/AggregateDefReadSubobject.cpp,yes,0,0,0,0
Code/Libraries/Source/WWVegas/WW3D2/AggregateDefRva001A3930.cpp,yes,0,0,0,0
Code/Libraries/Source/WWVegas/WW3D2/AggregateDefSaveClassInfo.cpp,yes,0,0,0,0
Code/Libraries/Source/WWVegas/WW3D2/AggregateDefSaveW3D.cpp,yes,0,0,0,0
Code/Libraries/Source/WWVegas/WW3D2/Animatable3DObjClassRva001A5460.cpp,yes,0,0,0,0
Code/Libraries/Source/WWVegas/WW3D2/Animatable3DObjIsAnimationComplete.cpp,no,0,1,1,0
Code/Libraries/Source/WWVegas/WW3D2/Animatable3DObjPeekAnimationAndInfo.cpp,no,0,1,1,0
Code/Libraries/Source/WWVegas/WW3D2/Animatable3DObjRelease.cpp,no,0,1,2,0
Code/Libraries/Source/WWVegas/WW3D2/Animatable3DObjSetAnimationBlend.cpp,no,0,1,1,0
Code/Libraries/Source/WWVegas/WW3D2/Animatable3DObjSetAnimationCombo.cpp,no,0,1,1,0
Code/Libraries/Source/WWVegas/WW3D2/Animatable3DObjSetAnimationMH.cpp,no,0,1,1,0
Code/Libraries/Source/WWVegas/WW3D2/AnimatableFrameProgress.cpp,yes,0,0,0,0
Code/Libraries/Source/WWVegas/WW3D2/AnimatableGetBoneTransform.cpp,no,0,0,1,0
Code/Libraries/Source/WWVegas/WW3D2/BFME2Encoding0MotionChannelCtor.cpp,no,1,0,0,0
Code/Libraries/Source/WWVegas/WW3D2/BFME2MotionChannelCtor.cpp,no,1,0,0,0
Code/Libraries/Source/WWVegas/WW3D2/BFME2MotionChannelFactory.cpp,no,9,0,0,0
Code/Libraries/Source/WWVegas/WW3D2/BFME2ParticleTextureHandleGetName.cpp,no,0,2,1,0
Code/Libraries/Source/WWVegas/WW3D2/BFME2ScopedRenderEvent.cpp,yes,0,0,0,0
Code/Libraries/Source/WWVegas/WW3D2/BFME2ScopedRenderEventDtor.cpp,yes,0,0,0,0
Code/Libraries/Source/WWVegas/WW3D2/BFME2StreamMotionChannelCtor.cpp,no,1,0,0,0
Code/Libraries/Source/WWVegas/WW3D2/BfmeApplyTextureRef_Apply.cpp,no,4,0,0,0
Code/Libraries/Source/WWVegas/WW3D2/BfmeDX8Callbacks.cpp,no,2,0,0,0
Code/Libraries/Source/WWVegas/WW3D2/BfmeDX8ThreadLock.cpp,no,6,0,0,0
Code/Libraries/Source/WWVegas/WW3D2/BfmeHelper71BA0.cpp,yes,0,0,0,0
Code/Libraries/Source/WWVegas/WW3D2/BfmeLineRendererTextureGet.cpp,no,1,1,1,0
Code/Libraries/Source/WWVegas/WW3D2/BfmeLineRendererTextureShimGet.cpp,no,0,1,1,0
Code/Libraries/Source/WWVegas/WW3D2/BfmeNonRefSceneList_dtor.cpp,yes,0,0,0,0
Code/Libraries/Source/WWVegas/WW3D2/BfmeRefSceneListDtor.cpp,no,0,0,2,0
Code/Libraries/Source/WWVegas/WW3D2/BfmeResetShaderRefAssign.cpp,no,1,0,0,0
Code/Libraries/Source/WWVegas/WW3D2/BfmeResetTextureBackendCreateTexture.cpp,yes,0,0,0,0
Code/Libraries/Source/WWVegas/WW3D2/BfmeResetTextureCreateHelper.cpp,no,2,0,0,0
Code/Libraries/Source/WWVegas/WW3D2/BfmeResetTextureRefAssign.cpp,no,1,0,0,1
Code/Libraries/Source/WWVegas/WW3D2/BfmeResetTextureRefClear.cpp,no,1,0,0,0
Code/Libraries/Source/WWVegas/WW3D2/BfmeThingVNQ.cpp,yes,0,0,0,0
Code/Libraries/Source/WWVegas/WW3D2/BitChannelLoadW3D.cpp,no,0,2,2,0
Code/Libraries/Source/WWVegas/WW3D2/BoxDynamicVBAccessClassDestructor.cpp,no,4,0,0,0
Code/Libraries/Source/WWVegas/WW3D2/BoxRenderObjClassCtor.cpp,no,10,2,6,0
Code/Libraries/Source/WWVegas/WW3D2/BoxRenderObjClassDefaultCtor.cpp,no,1,1,3,0
Code/Libraries/Source/WWVegas/WW3D2/BoxRenderObjInit.cpp,no,0,2,10,0
Code/Libraries/Source/WWVegas/WW3D2/CameraAdditionalTransformSetter.cpp,yes,0,0,0,0
Code/Libraries/Source/WWVegas/WW3D2/CameraSetViewportO1.cpp,no,0,0,2,0
Code/Libraries/Source/WWVegas/WW3D2/ClassicEnvironmentMapperClassCalculate.cpp,no,0,0,1,0
Code/Libraries/Source/WWVegas/WW3D2/CollectionClassCopyCtor.cpp,no,0,2,4,0
Code/Libraries/Source/WWVegas/WW3D2/ColorSpaceO1Inlines.cpp,no,0,0,5,0
Code/Libraries/Source/WWVegas/WW3D2/DX8CapsDepthFormat.cpp,yes,0,0,0,0
Code/Libraries/Source/WWVegas/WW3D2/DX8CapsRecreate.cpp,no,4,0,0,0
Code/Libraries/Source/WWVegas/WW3D2/DX8Caps_constructors.cpp,no,0,1,2,0
Code/Libraries/Source/WWVegas/WW3D2/DX8ConvertColorVector3O1.cpp,no,0,0,1,0
Code/Libraries/Source/WWVegas/WW3D2/DX8ConvertColorVector4O1.cpp,no,0,0,2,0
Code/Libraries/Source/WWVegas/WW3D2/DX8DrawTrianglesDispatch.cpp,no,1,0,0,0
Code/Libraries/Source/WWVegas/WW3D2/DX8FVFCategoryFindMatchingMaterialBFME.cpp,no,1,1,2,0
Code/Libraries/Source/WWVegas/WW3D2/DX8FVFCategoryFindMatchingTextureBFME.cpp,no,1,0,1,0
Code/Libraries/Source/WWVegas/WW3D2/DX8InsertTextureCategory.cpp,no,1,1,2,0
Code/Libraries/Source/WWVegas/WW3D2/DX8MeshRendererClassDtor.cpp,no,0,1,1,0
Code/Libraries/Source/WWVegas/WW3D2/DX8MeshRendererClass_Flush.cpp,no,0,1,1,0
Code/Libraries/Source/WWVegas/WW3D2/DX8MeshRendererClass_Invalidate_Thunk.cpp,no,2,1,3,0
Code/Libraries/Source/WWVegas/WW3D2/DX8MeshRendererClearPendingDeleteLists.cpp,no,0,2,2,0
Code/Libraries/Source/WWVegas/WW3D2/DX8MeshRendererCtor.cpp,no,0,1,3,0
Code/Libraries/Source/WWVegas/WW3D2/DX8MeshRendererUnregisterMeshType.cpp,no,0,1,1,0
Code/Libraries/Source/WWVegas/WW3D2/DX8PolygonRendererCopyCtor.cpp,no,0,2,2,0
Code/Libraries/Source/WWVegas/WW3D2/DX8PolygonRendererCtor.cpp,no,0,2,2,0
Code/Libraries/Source/WWVegas/WW3D2/DX8RenderProceduralMaterialPasses.cpp,no,0,0,3,0
Code/Libraries/Source/WWVegas/WW3D2/DX8RigidDelayedMaterialPass.cpp,no,2,1,0,0
Code/Libraries/Source/WWVegas/WW3D2/DX8RigidMaterialPassAppend.cpp,no,2,0,0,0
Code/Libraries/Source/WWVegas/WW3D2/DX8SetDynamicVertexBuffer.cpp,no,0,2,2,0
Code/Libraries/Source/WWVegas/WW3D2/DX8SkinClearVisibleList.cpp,no,0,3,6,0
Code/Libraries/Source/WWVegas/WW3D2/DX8TextureCategoryCtor.cpp,no,1,1,3,0
Code/Libraries/Source/WWVegas/WW3D2/DX8TextureCategoryDtor.cpp,no,2,1,2,0
Code/Libraries/Source/WWVegas/WW3D2/DX8TextureCategoryRemovePolygonRenderer.cpp,no,0,1,1,0
Code/Libraries/Source/WWVegas/WW3D2/DX8WebBrowser_Is_Browser_Open.cpp,no,1,0,0,0
Code/Libraries/Source/WWVegas/WW3D2/DX8WrapperBeginSceneInner.cpp,no,4,0,1,0
Code/Libraries/Source/WWVegas/WW3D2/DX8WrapperClampColor.cpp,no,0,1,1,0
Code/Libraries/Source/WWVegas/WW3D2/DX8WrapperDeviceQueries.cpp,no,1,0,0,0
Code/Libraries/Source/WWVegas/WW3D2/DX8WrapperEndSceneHelper.cpp,no,2,0,0,0
Code/Libraries/Source/WWVegas/WW3D2/DX8WrapperGetRenderStateValueName.cpp,no,0,1,1,0
Code/Libraries/Source/WWVegas/WW3D2/DX8WrapperGetTextureStageStateValueName.cpp,no,0,1,1,0
Code/Libraries/Source/WWVegas/WW3D2/DX8WrapperO1Inlines.cpp,no,0,0,3,0
Code/Libraries/Source/WWVegas/WW3D2/DX8WrapperSetDX8States.cpp,no,0,2,2,0
Code/Libraries/Source/WWVegas/WW3D2/DX8Wrapper_Create_DX8_Surface.cpp,no,2,1,0,0
Code/Libraries/Source/WWVegas/WW3D2/DX8Wrapper_D3DCalls.cpp,no,4,3,3,0
Code/Libraries/Source/WWVegas/WW3D2/DX8Wrapper_Do_Onetime_Device_Dependent_Inits.cpp,no,10,1,1,0
Code/Libraries/Source/WWVegas/WW3D2/DX8Wrapper_Set_Render_Target_Depth.cpp,no,7,1,1,0
Code/Libraries/Source/WWVegas/WW3D2/DX8Wrapper_Set_Render_Target_Surface.cpp,no,7,1,0,0
Code/Libraries/Source/WWVegas/WW3D2/DX8Wrapper_Set_Render_Target_SwapChain_Thunk.cpp,no,0,1,1,1
Code/Libraries/Source/WWVegas/WW3D2/DebugStatisticsBegin.cpp,yes,0,0,0,0
Code/Libraries/Source/WWVegas/WW3D2/DebugStatisticsEnd.cpp,yes,0,0,0,0
Code/Libraries/Source/WWVegas/WW3D2/DebugStatisticsGetters.cpp,yes,0,0,0,0
Code/Libraries/Source/WWVegas/WW3D2/DebugStatisticsRecordPolys.cpp,no,2,0,0,0
Code/Libraries/Source/WWVegas/WW3D2/DebugStatisticsRecordTexture.cpp,no,4,1,6,0
Code/Libraries/Source/WWVegas/WW3D2/DebugStatisticsRecordTextureEnd.cpp,no,2,2,7,0
Code/Libraries/Source/WWVegas/WW3D2/DebugStatisticsSkin.cpp,yes,0,0,0,0
Code/Libraries/Source/WWVegas/WW3D2/DebugStatisticsSorting.cpp,yes,0,0,0,0
Code/Libraries/Source/WWVegas/WW3D2/DebugStatisticsTextureGetters.cpp,yes,0,0,0,0
Code/Libraries/Source/WWVegas/WW3D2/DebugStatisticsTextureMode.cpp,yes,0,0,0,0
Code/Libraries/Source/WWVegas/WW3D2/DebugStatisticsTextureString.cpp,yes,0,0,0,0
Code/Libraries/Source/WWVegas/WW3D2/DescriptorTextureGetter.cpp,yes,0,0,0,0
Code/Libraries/Source/WWVegas/WW3D2/DynamicIBAccessWriteLock.cpp,no,1,2,2,0
Code/Libraries/Source/WWVegas/WW3D2/DynamicVBAccessClassDeinit.cpp,no,10,0,0,0
Code/Libraries/Source/WWVegas/WW3D2/DynamicVectorBfmeHandleCtor.cpp,no,0,0,1,1
Code/Libraries/Source/WWVegas/WW3D2/EdgeTextureMapperCalculate.cpp,no,0,0,1,0
Code/Libraries/Source/WWVegas/WW3D2/FVFCategoryListDtor.cpp,yes,0,0,0,0
Code/Libraries/Source/WWVegas/WW3D2/Filename_From_Asset_Name.cpp,no,0,0,4,0
Code/Libraries/Source/WWVegas/WW3D2/FontCharsClassBfmeBufferCtor.cpp,yes,0,0,0,0
Code/Libraries/Source/WWVegas/WW3D2/FontCharsClassBlitChar.cpp,no,0,1,1,0
Code/Libraries/Source/WWVegas/WW3D2/FontCharsClassConstructorBFME.cpp,no,1,1,2,1
Code/Libraries/Source/WWVegas/WW3D2/FontCharsClassEnsureCharPage.cpp,yes,0,0,0,0
Code/Libraries/Source/WWVegas/WW3D2/FontCharsClassFreeCharacterArrays.cpp,no,0,1,1,0
Code/Libraries/Source/WWVegas/WW3D2/FontCharsClassGdiState_Ctor.cpp,yes,0,0,0,0
Code/Libraries/Source/WWVegas/WW3D2/FontCharsClassGetCharData.cpp,no,1,1,1,0
Code/Libraries/Source/WWVegas/WW3D2/FontCharsClassGetCharSpacingThunk.cpp,yes,0,0,0,0
Code/Libraries/Source/WWVegas/WW3D2/FontCharsClassIsFont.cpp,yes,0,0,0,0
Code/Libraries/Source/WWVegas/WW3D2/FontCharsClassLoadCharacterData.cpp,no,3,0,0,0
Code/Libraries/Source/WWVegas/WW3D2/FontCharsClassRva001588A0.cpp,no,1,0,0,0
Code/Libraries/Source/WWVegas/WW3D2/FontCharsClass_Get_Char_Metric.cpp,yes,0,0,0,0
Code/Libraries/Source/WWVegas/WW3D2/FontCharsClass_Initialize_GDI_Font_BFME.cpp,yes,0,0,0,0
Code/Libraries/Source/WWVegas/WW3D2/FrameGrabClassGetBuffer.cpp,no,1,1,1,0
Code/Libraries/Source/WWVegas/WW3D2/FrustumCtorO1.cpp,no,0,0,4,0
Code/Libraries/Source/WWVegas/WW3D2/GenBase009EB7D0Ctor.cpp,no,1,0,0,0
Code/Libraries/Source/WWVegas/WW3D2/GenRva001808B0.cpp,yes,0,0,0,0
Code/Libraries/Source/WWVegas/WW3D2/Gen_0093E730.cpp,yes,0,0,0,0
Code/Libraries/Source/WWVegas/WW3D2/Gen_009431F0.cpp,yes,0,0,0,0
Code/Libraries/Source/WWVegas/WW3D2/Gen_dtor_00970f60.cpp,no,10,1,0,0
Code/Libraries/Source/WWVegas/WW3D2/Gen_dtor_00970f60Rva0018037B.cpp,yes,0,0,0,0
Code/Libraries/Source/WWVegas/WW3D2/Gen_dtor_00972460.cpp,no,10,1,0,0
Code/Libraries/Source/WWVegas/WW3D2/Gen_dtor_00972460Rva00180782.cpp,yes,0,0,0,0
Code/Libraries/Source/WWVegas/WW3D2/GetHTree.cpp,no,3,0,0,0
Code/Libraries/Source/WWVegas/WW3D2/GridClassicEnvironmentMapperClone.cpp,no,0,1,2,0
Code/Libraries/Source/WWVegas/WW3D2/GridEnvironmentMapperClone.cpp,no,0,1,2,0
Code/Libraries/Source/WWVegas/WW3D2/GridTextureMapperCalculate.cpp,no,0,2,3,0
Code/Libraries/Source/WWVegas/WW3D2/GridTextureMapperClassCopyCtor.cpp,no,2,3,8,0
Code/Libraries/Source/WWVegas/WW3D2/GridTextureMapperClassInitialize.cpp,no,1,1,4,0
Code/Libraries/Source/WWVegas/WW3D2/GridTextureMapperClassUpdateTemporalState.cpp,no,1,1,2,0
Code/Libraries/Source/WWVegas/WW3D2/HAnimComboBFME1.cpp,no,1,31,43,0
Code/Libraries/Source/WWVegas/WW3D2/HAnimComboClassGetMotion.cpp,no,0,2,3,0
Code/Libraries/Source/WWVegas/WW3D2/HAnimComboDataPoolAllocateObjectMemory.cpp,no,1,0,2,0
Code/Libraries/Source/WWVegas/WW3D2/HAnimPrototypeOwnerAssign.cpp,no,2,0,0,0
Code/Libraries/Source/WWVegas/WW3D2/HAnimPrototypeOwnerCtor.cpp,no,1,0,0,0
Code/Libraries/Source/WWVegas/WW3D2/HCompressedAdaptiveDeltaReadChannel.cpp,no,0,1,1,0
Code/Libraries/Source/WWVegas/WW3D2/HCompressedAnimFree.cpp,yes,0,0,0,0
Code/Libraries/Source/WWVegas/WW3D2/HCompressedAnimGetters.cpp,yes,0,0,0,0
Code/Libraries/Source/WWVegas/WW3D2/HCompressedAnimMemory.cpp,yes,0,0,0,0
Code/Libraries/Source/WWVegas/WW3D2/HCompressedAnimTransform.cpp,no,0,1,2,0
Code/Libraries/Source/WWVegas/WW3D2/HLodAddLodModel.cpp,no,0,1,2,0
Code/Libraries/Source/WWVegas/WW3D2/HLodAttachSubObject.cpp,no,0,1,2,0
Code/Libraries/Source/WWVegas/WW3D2/HLodCastRay.cpp,no,0,1,2,0
Code/Libraries/Source/WWVegas/WW3D2/HLodClassDetachAdditional.cpp,yes,0,0,0,0
Code/Libraries/Source/WWVegas/WW3D2/HLodDefClass_Load_W3D_Bool_Local.cpp,yes,0,0,0,0
Code/Libraries/Source/WWVegas/WW3D2/HLodDefClass_Save_Bool_Local.cpp,no,0,0,1,0
Code/Libraries/Source/WWVegas/WW3D2/HLodDefClass_read_proxy_array.cpp,no,0,1,3,0
Code/Libraries/Source/WWVegas/WW3D2/HLodGetProxy.cpp,no,0,1,4,0
Code/Libraries/Source/WWVegas/WW3D2/HLodModelArrayDeletingDtor.cpp,no,0,1,2,0
Code/Libraries/Source/WWVegas/WW3D2/HLodModelNodeAssign.cpp,yes,0,0,0,0
Code/Libraries/Source/WWVegas/WW3D2/HLodModelNodeCopy.cpp,yes,0,0,0,0
Code/Libraries/Source/WWVegas/WW3D2/HLodModelNodeFill.cpp,yes,0,0,0,0
Code/Libraries/Source/WWVegas/WW3D2/HLodModelNodeVectorResize.cpp,no,0,0,2,0
Code/Libraries/Source/WWVegas/WW3D2/HLodUpdateSubObjectTransforms.cpp,no,0,1,4,0
Code/Libraries/Source/WWVegas/WW3D2/HRawLoadW3D.cpp,no,0,5,2,0
Code/Libraries/Source/WWVegas/WW3D2/HRawReadBitChannel.cpp,no,0,1,1,0
Code/Libraries/Source/WWVegas/WW3D2/HTreeClassBoneLookup.cpp,no,0,3,3,0
Code/Libraries/Source/WWVegas/WW3D2/HTreeClassCopyConstructor.cpp,no,2,1,2,0
Code/Libraries/Source/WWVegas/WW3D2/HTreeClassDestructor.cpp,no,0,1,1,0
Code/Libraries/Source/WWVegas/WW3D2/HTreeClassFree.cpp,no,1,0,0,0
Code/Libraries/Source/WWVegas/WW3D2/HTreeClassInitDefault.cpp,no,0,1,2,0
Code/Libraries/Source/WWVegas/WW3D2/HTreeClassIsBoneCaptured.cpp,no,0,1,1,0
Code/Libraries/Source/WWVegas/WW3D2/HTreeClassReleaseBone.cpp,no,1,1,1,0
Code/Libraries/Source/WWVegas/WW3D2/HTreeClassScale.cpp,no,0,1,1,0
Code/Libraries/Source/WWVegas/WW3D2/HTreePivotClass.cpp,no,0,2,2,0
Code/Libraries/Source/WWVegas/WW3D2/HTreePrototypeOwnerAssign.cpp,no,2,0,0,0
Code/Libraries/Source/WWVegas/WW3D2/HTreePrototypeOwnerCtor.cpp,no,1,0,0,0
Code/Libraries/Source/WWVegas/WW3D2/HashMapPeekValue.cpp,no,1,0,0,0
Code/Libraries/Source/WWVegas/WW3D2/LightEnvironmentClassConstructor.cpp,no,0,1,2,0
Code/Libraries/Source/WWVegas/WW3D2/LightEnvironmentClass_CopyAssign.cpp,yes,0,0,0,0
Code/Libraries/Source/WWVegas/WW3D2/Line3DClassClone.cpp,yes,0,0,0,0
Code/Libraries/Source/WWVegas/WW3D2/Line3DClassCopyCtor.cpp,no,1,0,1,0
Code/Libraries/Source/WWVegas/WW3D2/Line3DClassCtor.cpp,no,11,1,9,0
Code/Libraries/Source/WWVegas/WW3D2/Line3DClassRender.cpp,no,5,1,11,0
Code/Libraries/Source/WWVegas/WW3D2/LineGroupClassDefaultCtor.cpp,no,0,1,1,0
Code/Libraries/Source/WWVegas/WW3D2/LineGroupClassDeletingDestructor.cpp,no,0,1,1,0
Code/Libraries/Source/WWVegas/WW3D2/LineGroupClassDestructor.cpp,no,0,1,2,0
Code/Libraries/Source/WWVegas/WW3D2/LineGroupClassSetArrays.cpp,no,0,1,0,0
Code/Libraries/Source/WWVegas/WW3D2/LinearOffsetTextureMapperCalculate.cpp,no,0,0,3,0
Code/Libraries/Source/WWVegas/WW3D2/Log_DX8_ErrorCode.cpp,no,1,2,1,0
Code/Libraries/Source/WWVegas/WW3D2/MatBufferCleanup.cpp,no,0,2,2,0
Code/Libraries/Source/WWVegas/WW3D2/MatInfoPeekVertexMaterialO1.cpp,no,0,0,1,0
Code/Libraries/Source/WWVegas/WW3D2/MatInfoUVBufferO1Inlines.cpp,no,3,0,12,0
Code/Libraries/Source/WWVegas/WW3D2/MatPassTaskPoolAllocateObjectMemory.cpp,no,1,0,2,0
Code/Libraries/Source/WWVegas/WW3D2/MaterialCollectorAddTexture.cpp,no,1,0,2,0
Code/Libraries/Source/WWVegas/WW3D2/MaterialCollectorClassCtor.cpp,no,1,1,1,3
Code/Libraries/Source/WWVegas/WW3D2/MaterialCollectorDestructor.cpp,no,1,2,11,0
Code/Libraries/Source/WWVegas/WW3D2/MaterialInfoClassCtor.cpp,no,0,1,2,2
Code/Libraries/Source/WWVegas/WW3D2/MaterialInfoCopyCtor.cpp,no,0,1,3,2
Code/Libraries/Source/WWVegas/WW3D2/MaterialInfoDtor.cpp,no,2,1,4,0
Code/Libraries/Source/WWVegas/WW3D2/MaterialInfoFree.cpp,no,0,1,1,0
Code/Libraries/Source/WWVegas/WW3D2/MaterialInfoGetTextureIndex.cpp,no,0,1,1,0
Code/Libraries/Source/WWVegas/WW3D2/MaterialInfoTextureHandles.cpp,no,0,1,0,0
Code/Libraries/Source/WWVegas/WW3D2/MaterialInfoTextureMappers.cpp,no,0,0,1,0
Code/Libraries/Source/WWVegas/WW3D2/MaterialPassClassCtorThunk.cpp,no,3,1,3,0
Code/Libraries/Source/WWVegas/WW3D2/MaterialPassClassDestructor.cpp,no,2,1,2,0
Code/Libraries/Source/WWVegas/WW3D2/MaterialRemapTexture.cpp,no,1,0,1,0
Code/Libraries/Source/WWVegas/WW3D2/MaterialRemapperClassCtor.cpp,no,0,1,3,0
Code/Libraries/Source/WWVegas/WW3D2/MaterialRemapperClassDtor.cpp,no,0,1,1,0
Code/Libraries/Source/WWVegas/WW3D2/Matrix4FromMatrix3DO1.cpp,no,0,0,3,0
Code/Libraries/Source/WWVegas/WW3D2/MeshClassMakeUnique.cpp,no,0,1,1,0
Code/Libraries/Source/WWVegas/WW3D2/MeshGeometryBoneLinkRuns.cpp,no,0,1,1,0
Code/Libraries/Source/WWVegas/WW3D2/MeshGeometryBoneLinks.cpp,no,0,2,1,0
Code/Libraries/Source/WWVegas/WW3D2/MeshGeometryClassBaseDestructor.cpp,no,0,1,1,0
Code/Libraries/Source/WWVegas/WW3D2/MeshGeometryClassGetPlanes.cpp,no,0,1,1,0
Code/Libraries/Source/WWVegas/WW3D2/MeshGeometryClass_Intersect_OBBox_BruteForce.cpp,no,0,1,2,0
Code/Libraries/Source/WWVegas/WW3D2/MeshGeometryClass_read_user_text_Thunk.cpp,no,0,1,1,0
Code/Libraries/Source/WWVegas/WW3D2/MeshGeometryCopy.cpp,no,0,0,4,0
Code/Libraries/Source/WWVegas/WW3D2/MeshGeometryLoadW3D.cpp,no,1,0,1,0
Code/Libraries/Source/WWVegas/WW3D2/MeshGeometryReadAABTree.cpp,no,0,0,2,0
Code/Libraries/Source/WWVegas/WW3D2/MeshGeometryReadTriangles.cpp,no,0,0,2,0
Code/Libraries/Source/WWVegas/WW3D2/MeshGeometryReset.cpp,no,0,3,5,0
Code/Libraries/Source/WWVegas/WW3D2/MeshGeometryShareBufferInstantiations.cpp,no,0,7,1,0
Code/Libraries/Source/WWVegas/WW3D2/MeshGeometrySlot64ShareBuffer.cpp,yes,0,0,0,0
Code/Libraries/Source/WWVegas/WW3D2/MeshLoadContextAddLegacyMaterial.cpp,no,1,2,2,0
Code/Libraries/Source/WWVegas/WW3D2/MeshLoadContextCtor.cpp,no,0,2,7,1
Code/Libraries/Source/WWVegas/WW3D2/MeshMatDescBufferAccessors.cpp,no,1,1,2,0
Code/Libraries/Source/WWVegas/WW3D2/MeshMatDescClassGetColorArray.cpp,no,0,1,1,0
Code/Libraries/Source/WWVegas/WW3D2/MeshMatDescComputeRamSize.cpp,yes,0,0,0,0
Code/Libraries/Source/WWVegas/WW3D2/MeshMatDescDefaultCtor.cpp,no,0,0,8,0
Code/Libraries/Source/WWVegas/WW3D2/MeshMatDescDisableBackfaceCulling.cpp,no,0,1,1,0
Code/Libraries/Source/WWVegas/WW3D2/MeshMatDescGetUVArrayByIndex.cpp,no,0,1,1,0
Code/Libraries/Source/WWVegas/WW3D2/MeshMatDescGetUVArrayRva000D1F1A.cpp,no,0,1,1,0
Code/Libraries/Source/WWVegas/WW3D2/MeshMatDescInstallUVArray.cpp,no,0,2,4,0
Code/Libraries/Source/WWVegas/WW3D2/MeshMatDescOpaqueBuffer.cpp,yes,0,0,0,0
Code/Libraries/Source/WWVegas/WW3D2/MeshMatDescOpaqueSetters.cpp,no,0,0,1,0
Code/Libraries/Source/WWVegas/WW3D2/MeshMatDescRendererState.cpp,no,0,0,3,0
Code/Libraries/Source/WWVegas/WW3D2/MeshMatDescReset.cpp,no,0,0,1,0
Code/Libraries/Source/WWVegas/WW3D2/MeshMatDescSingleTexture.cpp,yes,0,0,0,0
Code/Libraries/Source/WWVegas/WW3D2/MeshMatDescTextureHandles.cpp,no,1,0,2,0
Code/Libraries/Source/WWVegas/WW3D2/MeshMatDescTextureSetters.cpp,no,0,0,1,0
Code/Libraries/Source/WWVegas/WW3D2/MeshModelClassCloneMaterials.cpp,yes,0,0,0,0
Code/Libraries/Source/WWVegas/WW3D2/MeshModelClassCopyCtor.cpp,no,1,1,0,0
Code/Libraries/Source/WWVegas/WW3D2/MeshModelClassDefaultCtor.cpp,no,1,1,1,0
Code/Libraries/Source/WWVegas/WW3D2/MeshModelClassDtor.cpp,no,5,0,0,0
Code/Libraries/Source/WWVegas/WW3D2/MeshModelClassGetSortFlagsPass.cpp,no,0,1,5,0
Code/Libraries/Source/WWVegas/WW3D2/MeshModelClassMakeGeometryUnique.cpp,no,0,2,6,0
Code/Libraries/Source/WWVegas/WW3D2/MeshModelClass_ComputeRamSize.cpp,yes,0,0,0,0
Code/Libraries/Source/WWVegas/WW3D2/MeshModelGetShaderO1.cpp,no,0,0,2,0
Code/Libraries/Source/WWVegas/WW3D2/MeshModelInitNPatch.cpp,no,2,2,7,0
Code/Libraries/Source/WWVegas/WW3D2/MeshModelInstallAlternate.cpp,no,0,1,1,0
Code/Libraries/Source/WWVegas/WW3D2/MeshModelLegacyMaterials.cpp,no,3,2,2,0
Code/Libraries/Source/WWVegas/WW3D2/MeshModelMaterialLoading.cpp,no,1,0,0,0
Code/Libraries/Source/WWVegas/WW3D2/MeshModelPostProcess.cpp,no,0,1,3,0
Code/Libraries/Source/WWVegas/WW3D2/MeshModelPostProcessFog.cpp,no,1,1,3,0
Code/Libraries/Source/WWVegas/WW3D2/MeshModelReadDcg.cpp,no,0,1,7,0
Code/Libraries/Source/WWVegas/WW3D2/MeshModelReadDig.cpp,no,0,1,6,0
Code/Libraries/Source/WWVegas/WW3D2/MeshModelReadMaterialPass.cpp,yes,0,0,0,0
Code/Libraries/Source/WWVegas/WW3D2/MeshModelReadPrelitMaterial.cpp,yes,0,0,0,0
Code/Libraries/Source/WWVegas/WW3D2/MeshModelReadRva00188AF0.cpp,yes,0,0,0,0
Code/Libraries/Source/WWVegas/WW3D2/MeshModelReadShaderIds.cpp,no,1,0,1,0
Code/Libraries/Source/WWVegas/WW3D2/MeshModelReadShaders.cpp,no,0,0,1,0
Code/Libraries/Source/WWVegas/WW3D2/MeshModelReadTexcoords.cpp,no,0,1,2,0
Code/Libraries/Source/WWVegas/WW3D2/MeshModelReadTextureIds.cpp,no,3,0,1,0
Code/Libraries/Source/WWVegas/WW3D2/MeshModelReadTextureStage.cpp,no,0,1,0,0
Code/Libraries/Source/WWVegas/WW3D2/MeshModelReadTextures.cpp,no,1,0,4,0
Code/Libraries/Source/WWVegas/WW3D2/MeshModelReadVertexMaterialIds.cpp,no,0,0,1,0
Code/Libraries/Source/WWVegas/WW3D2/MeshModelReadVertexMaterials.cpp,yes,0,0,0,0
Code/Libraries/Source/WWVegas/WW3D2/MeshModelReset.cpp,no,4,0,1,0
Code/Libraries/Source/WWVegas/WW3D2/MeshModelSingleTexture.cpp,yes,0,0,0,0
Code/Libraries/Source/WWVegas/WW3D2/MeshModelTextureReplacement.cpp,no,2,0,3,0
Code/Libraries/Source/WWVegas/WW3D2/MeshModelVertexColors.cpp,no,0,4,9,0
Code/Libraries/Source/WWVegas/WW3D2/MeshTextureReplacement.cpp,no,0,2,3,0
Code/Libraries/Source/WWVegas/WW3D2/Null3DObjClassCopyCtor.cpp,no,9,3,19,0
Code/Libraries/Source/WWVegas/WW3D2/OBBoxRenderObjClone.cpp,no,0,1,1,0
Code/Libraries/Source/WWVegas/WW3D2/OBBoxRenderObjFromOBBox.cpp,no,12,2,7,0
Code/Libraries/Source/WWVegas/WW3D2/OBBoxTransformO1.cpp,no,0,0,3,0
Code/Libraries/Source/WWVegas/WW3D2/OBBoxUpdateCachedBox.cpp,no,0,1,3,0
Code/Libraries/Source/WWVegas/WW3D2/ParticleEmitterClassSaveBool.cpp,yes,0,0,0,0
Code/Libraries/Source/WWVegas/WW3D2/ParticleEmitterDefClassSaveHeaderBool.cpp,yes,0,0,0,0
Code/Libraries/Source/WWVegas/WW3D2/ParticleEmitterDefClassSaveInfoBool.cpp,yes,0,0,0,0
Code/Libraries/Source/WWVegas/WW3D2/ParticleEmitterDefClassSaveInfoV2Bool.cpp,yes,0,0,0,0
Code/Libraries/Source/WWVegas/WW3D2/ParticleEmitterDefClassSaveLinePropertiesBool.cpp,yes,0,0,0,0
Code/Libraries/Source/WWVegas/WW3D2/ParticleEmitterDefClassSaveUserDataBool.cpp,no,0,0,1,0
Code/Libraries/Source/WWVegas/WW3D2/ParticleEmitterDefClassSaveW3DBool.cpp,yes,0,0,0,0
Code/Libraries/Source/WWVegas/WW3D2/ParticleEmitterDefSetName.cpp,yes,0,0,0,0
Code/Libraries/Source/WWVegas/WW3D2/ParticleEmitterGetTexture.cpp,no,1,0,0,0
Code/Libraries/Source/WWVegas/WW3D2/ParticleEmitterSetName.cpp,no,0,1,1,0
Code/Libraries/Source/WWVegas/WW3D2/ParticleEmitterVisibilityWrappers.cpp,no,0,1,1,0
Code/Libraries/Source/WWVegas/WW3D2/PendingSurfaceStructAssignmentBFME.cpp,no,1,1,1,0
Code/Libraries/Source/WWVegas/WW3D2/PendingSurfaceStructCtor.cpp,no,6,1,1,0
Code/Libraries/Source/WWVegas/WW3D2/PendingSurfaceStructResize.cpp,no,1,1,5,0
Code/Libraries/Source/WWVegas/WW3D2/PlaneO1Inlines.cpp,no,0,0,5,0
Code/Libraries/Source/WWVegas/WW3D2/PointGroupClassDestructor.cpp,no,0,1,2,0
Code/Libraries/Source/WWVegas/WW3D2/PointGroupClassPrepareShader.cpp,yes,0,0,0,0
Code/Libraries/Source/WWVegas/WW3D2/PointGroupClassShutdown.cpp,no,4,0,1,0
Code/Libraries/Source/WWVegas/WW3D2/PointGroupClassUpdateArrays00917B10.cpp,no,4,0,0,0
Code/Libraries/Source/WWVegas/WW3D2/PointInTriangle2DO1.cpp,no,0,0,3,0
Code/Libraries/Source/WWVegas/WW3D2/RandomTextureMapperCalculate.cpp,no,0,0,2,0
Code/Libraries/Source/WWVegas/WW3D2/RayCollisionConstructor.cpp,no,0,1,3,0
Code/Libraries/Source/WWVegas/WW3D2/RayCollisionCopyCtor.cpp,no,0,1,2,0
Code/Libraries/Source/WWVegas/WW3D2/Register_Aggregate_Prototype.cpp,no,1,0,0,0
Code/Libraries/Source/WWVegas/WW3D2/Register_HTree_Prototype.cpp,yes,0,0,0,0
Code/Libraries/Source/WWVegas/WW3D2/RegistryPrototypeLookup.cpp,no,3,0,0,0
Code/Libraries/Source/WWVegas/WW3D2/Render2DClassAddOutline.cpp,no,0,1,1,0
Code/Libraries/Source/WWVegas/WW3D2/Render2DClassConstructor.cpp,no,6,0,1,0
Code/Libraries/Source/WWVegas/WW3D2/Render2DClassConvertVert.cpp,no,1,0,0,0
Code/Libraries/Source/WWVegas/WW3D2/Render2DClassReset.cpp,no,0,2,4,0
Code/Libraries/Source/WWVegas/WW3D2/Render2DSentenceClass_Release_Pending_Surfaces.cpp,no,0,1,1,0
Code/Libraries/Source/WWVegas/WW3D2/Render2DSentenceClass_Reset.cpp,no,0,1,3,0
Code/Libraries/Source/WWVegas/WW3D2/Render2DSentenceClass_Reset_Sentence_Data.cpp,no,0,1,1,0
Code/Libraries/Source/WWVegas/WW3D2/RenderObjAccessors.cpp,no,0,1,2,0
Code/Libraries/Source/WWVegas/WW3D2/RenderObjAssign.cpp,no,0,0,1,0
Code/Libraries/Source/WWVegas/WW3D2/RenderObjBounds.cpp,no,0,0,2,0
Code/Libraries/Source/WWVegas/WW3D2/RenderObjClassDerivedDtors.cpp,no,10,0,4,0
Code/Libraries/Source/WWVegas/WW3D2/RenderObjCollision.cpp,no,0,0,2,0
Code/Libraries/Source/WWVegas/WW3D2/RenderObjCopy.cpp,no,10,0,4,0
Code/Libraries/Source/WWVegas/WW3D2/RenderObjCtor.cpp,no,10,0,8,0
Code/Libraries/Source/WWVegas/WW3D2/RenderObjIntersectSphere.cpp,no,0,0,3,0
Code/Libraries/Source/WWVegas/WW3D2/RenderObjO1Inlines.cpp,no,0,0,5,0
Code/Libraries/Source/WWVegas/WW3D2/RenderObjSceneAndCost.cpp,no,2,1,3,0
Code/Libraries/Source/WWVegas/WW3D2/RenderObjScreenSize.cpp,no,0,0,3,0
Code/Libraries/Source/WWVegas/WW3D2/RenderObjSetForceVisible.cpp,no,0,1,2,0
Code/Libraries/Source/WWVegas/WW3D2/RenderObjSubObjectByName.cpp,no,0,0,2,0
Code/Libraries/Source/WWVegas/WW3D2/RenderObjTransform.cpp,no,0,0,1,0
Code/Libraries/Source/WWVegas/WW3D2/RotateTextureMapperCalculate.cpp,no,0,0,2,0
Code/Libraries/Source/WWVegas/WW3D2/Rva0006EE7ABitSet.cpp,yes,0,0,0,0
Code/Libraries/Source/WWVegas/WW3D2/Rva001188A0Reset.cpp,no,1,0,0,0
Code/Libraries/Source/WWVegas/WW3D2/Rva00118990Init.cpp,no,6,0,0,0
Code/Libraries/Source/WWVegas/WW3D2/Rva00118A90Stencil.cpp,no,2,0,0,0
Code/Libraries/Source/WWVegas/WW3D2/Rva00118B50State.cpp,no,7,0,0,0
Code/Libraries/Source/WWVegas/WW3D2/Rva00122190Delete.cpp,no,1,0,0,0
Code/Libraries/Source/WWVegas/WW3D2/Rva00126350Assign.cpp,yes,0,0,0,0
Code/Libraries/Source/WWVegas/WW3D2/Rva00131259Load.cpp,yes,0,0,0,0
Code/Libraries/Source/WWVegas/WW3D2/Rva00131BE5Dtor.cpp,no,0,1,0,0
Code/Libraries/Source/WWVegas/WW3D2/Rva00131D7DSet.cpp,yes,0,0,0,0
Code/Libraries/Source/WWVegas/WW3D2/Rva00135E00Set.cpp,yes,0,0,0,0
Code/Libraries/Source/WWVegas/WW3D2/Rva00135E86Assign.cpp,no,0,0,0,1
Code/Libraries/Source/WWVegas/WW3D2/Rva00136032Factory.cpp,no,3,0,0,0
Code/Libraries/Source/WWVegas/WW3D2/Rva00141D00VectorDeletingDtor.cpp,yes,0,0,0,0
Code/Libraries/Source/WWVegas/WW3D2/Rva00141DC0CreateNode.cpp,no,1,0,0,0
Code/Libraries/Source/WWVegas/WW3D2/Rva00143F60ArrayHolderDeleters.cpp,yes,0,0,0,0
Code/Libraries/Source/WWVegas/WW3D2/Rva00144690Dtor.cpp,yes,0,0,0,0
Code/Libraries/Source/WWVegas/WW3D2/Rva001447B0Dtor.cpp,yes,0,0,0,0
Code/Libraries/Source/WWVegas/WW3D2/Rva0014CDCBReleaseTree.cpp,yes,0,0,0,0
Code/Libraries/Source/WWVegas/WW3D2/Rva0014CE16AnimExists.cpp,no,2,0,0,0
Code/Libraries/Source/WWVegas/WW3D2/Rva0014CF01Factory.cpp,no,2,0,0,0
Code/Libraries/Source/WWVegas/WW3D2/Rva0014CF5FGetAnimTree.cpp,no,3,0,0,0
Code/Libraries/Source/WWVegas/WW3D2/Rva0015145CCtor.cpp,no,1,0,0,0
Code/Libraries/Source/WWVegas/WW3D2/Rva0015148DGetter.cpp,yes,0,0,0,0
Code/Libraries/Source/WWVegas/WW3D2/Rva001514D0Getter.cpp,yes,0,0,0,0
Code/Libraries/Source/WWVegas/WW3D2/Rva001514F5Factory.cpp,no,2,0,0,0
Code/Libraries/Source/WWVegas/WW3D2/Rva001553C0Clear.cpp,yes,0,0,0,0
Code/Libraries/Source/WWVegas/WW3D2/Rva001553C0TreeFree.cpp,yes,0,0,0,0
Code/Libraries/Source/WWVegas/WW3D2/Rva0017FC1EFactory.cpp,no,2,0,0,0
Code/Libraries/Source/WWVegas/WW3D2/Rva00180054Factory.cpp,no,3,0,0,0
Code/Libraries/Source/WWVegas/WW3D2/Rva001805AEAssign.cpp,no,0,0,0,1
Code/Libraries/Source/WWVegas/WW3D2/Rva00180649Ctor.cpp,no,0,0,1,0
Code/Libraries/Source/WWVegas/WW3D2/Rva002BF198Cast.cpp,no,0,0,6,0
Code/Libraries/Source/WWVegas/WW3D2/Rva003F7E83Forward.cpp,yes,0,0,0,0
Code/Libraries/Source/WWVegas/WW3D2/Rva003F7EC7Dtor.cpp,no,0,1,0,0
Code/Libraries/Source/WWVegas/WW3D2/Rva0053FDE6Init.cpp,no,2,0,0,0
Code/Libraries/Source/WWVegas/WW3D2/Rva0073B700VectorDeletingDtor.cpp,yes,0,0,0,0
Code/Libraries/Source/WWVegas/WW3D2/Rva0090F8C0RefPtrSet4.cpp,no,0,0,1,0
Code/Libraries/Source/WWVegas/WW3D2/Rva0093C4A0TargetCheck.cpp,no,0,0,0,1
Code/Libraries/Source/WWVegas/WW3D2/Rva0093C870ChildCheck.cpp,yes,0,0,0,0
Code/Libraries/Source/WWVegas/WW3D2/Rva0093D050CopySurfaceRects.cpp,no,1,0,0,0
Code/Libraries/Source/WWVegas/WW3D2/Rva00945720PairSetter.cpp,yes,0,0,0,0
Code/Libraries/Source/WWVegas/WW3D2/Rva00945FE0AddTail.cpp,yes,0,0,0,0
Code/Libraries/Source/WWVegas/WW3D2/Rva00958200BfmeThingTXACtor.cpp,no,8,0,0,0
Code/Libraries/Source/WWVegas/WW3D2/Rva00972A30AddPrototype.cpp,no,1,0,0,0
Code/Libraries/Source/WWVegas/WW3D2/Rva009794F0PackedSize.cpp,yes,0,0,0,0
Code/Libraries/Source/WWVegas/WW3D2/Rva009A9370InterpRows.cpp,yes,0,0,0,0
Code/Libraries/Source/WWVegas/WW3D2/Rva943E10CompressedAnimFree.cpp,yes,0,0,0,0
Code/Libraries/Source/WWVegas/WW3D2/ScaleTextureMapperCalculate.cpp,no,0,0,2,0
Code/Libraries/Source/WWVegas/WW3D2/SceneOwnership.cpp,no,0,9,16,0
Code/Libraries/Source/WWVegas/WW3D2/ScreenMapperClone.cpp,no,0,1,4,0
Code/Libraries/Source/WWVegas/WW3D2/SegLineRendererClassAssign.cpp,no,0,1,1,0
Code/Libraries/Source/WWVegas/WW3D2/SegLineRendererClassCopyCtor.cpp,no,1,0,1,0
Code/Libraries/Source/WWVegas/WW3D2/SegLineTileFactorAltClass.cpp,yes,0,0,0,0
Code/Libraries/Source/WWVegas/WW3D2/SegmentedLineRenderSegLineThunk.cpp,yes,0,0,0,0
Code/Libraries/Source/WWVegas/WW3D2/SegmentedLineRva0015E3E0.cpp,yes,0,0,0,0
Code/Libraries/Source/WWVegas/WW3D2/ShaderClassApply.cpp,no,3,4,5,0
Code/Libraries/Source/WWVegas/WW3D2/ShareBufferClassBaseCtor.cpp,no,3,0,0,0
Code/Libraries/Source/WWVegas/WW3D2/ShareBufferClassTextureCopyCtor.cpp,no,0,1,3,0
Code/Libraries/Source/WWVegas/WW3D2/ShareBufferClassUnsignedCtor.cpp,no,0,0,4,0
Code/Libraries/Source/WWVegas/WW3D2/ShareBufferClassVertexMaterialCopyCtor.cpp,no,0,0,2,0
Code/Libraries/Source/WWVegas/WW3D2/SimpleDynVecDeleteO1.cpp,no,0,0,3,0
Code/Libraries/Source/WWVegas/WW3D2/SimpleSceneClass_Post_Render_Processing.cpp,no,0,1,1,0
Code/Libraries/Source/WWVegas/WW3D2/SimpleSceneClass_dtor.cpp,no,2,1,2,0
Code/Libraries/Source/WWVegas/WW3D2/SimpleSceneCreateIterator.cpp,no,0,1,2,0
Code/Libraries/Source/WWVegas/WW3D2/SimpleSceneDeletingDestructor.cpp,no,0,1,2,0
Code/Libraries/Source/WWVegas/WW3D2/SimpleSceneDerivedDtors.cpp,no,0,1,0,0
Code/Libraries/Source/WWVegas/WW3D2/SimpleSceneIteratorDeletingDestructor.cpp,no,0,2,2,0
Code/Libraries/Source/WWVegas/WW3D2/SimpleVecResize0096E1B0.cpp,yes,0,0,0,0
Code/Libraries/Source/WWVegas/WW3D2/SimpleVecVector3O1.cpp,no,0,0,7,0
Code/Libraries/Source/WWVegas/WW3D2/SimpleVecVector3ResizeO1.cpp,no,0,0,7,0
Code/Libraries/Source/WWVegas/WW3D2/SineLinearOffsetTextureMapperCalculate.cpp,no,0,0,2,0
Code/Libraries/Source/WWVegas/WW3D2/Small03eFontAdvance.cpp,yes,0,0,0,0
Code/Libraries/Source/WWVegas/WW3D2/SortingNodeStructDtor.cpp,no,0,1,4,0
Code/Libraries/Source/WWVegas/WW3D2/SortingRendererBFME1.cpp,no,8,14,13,0
Code/Libraries/Source/WWVegas/WW3D2/SortingRendererInsertTrianglesNoSphere.cpp,no,0,1,2,0
Code/Libraries/Source/WWVegas/WW3D2/StepLinearOffsetTextureMapperCalculate.cpp,no,0,0,3,0
Code/Libraries/Source/WWVegas/WW3D2/StreakLineCtor.cpp,no,0,2,11,0
Code/Libraries/Source/WWVegas/WW3D2/StreakLineDestructor.cpp,no,0,1,10,0
Code/Libraries/Source/WWVegas/WW3D2/StreakLineSetPoints.cpp,no,0,2,3,0
Code/Libraries/Source/WWVegas/WW3D2/StreakRendererCtor.cpp,no,1,5,3,0
Code/Libraries/Source/WWVegas/WW3D2/StreakRendererSetTextureBFME1.cpp,no,7,9,48,0
Code/Libraries/Source/WWVegas/WW3D2/SubObjTransformsDirtyO1.cpp,no,0,0,3,0
Code/Libraries/Source/WWVegas/WW3D2/SurfaceByteSize.cpp,yes,0,0,0,0
Code/Libraries/Source/WWVegas/WW3D2/TexBufferClassCopyCtor.cpp,no,0,2,3,0
Code/Libraries/Source/WWVegas/WW3D2/TexBufferClassCtor.cpp,no,1,2,3,0
Code/Libraries/Source/WWVegas/WW3D2/TextureBaseReleaseRefThunk.cpp,yes,0,0,0,0
Code/Libraries/Source/WWVegas/WW3D2/TextureCategoryListDtor.cpp,yes,0,0,0,0
Code/Libraries/Source/WWVegas/WW3D2/TextureHandleAssignment.cpp,yes,0,0,0,0
Code/Libraries/Source/WWVegas/WW3D2/TextureMapperApply.cpp,no,2,0,3,0
Code/Libraries/Source/WWVegas/WW3D2/TextureMaterialShaderBooking.cpp,no,0,0,1,0
Code/Libraries/Source/WWVegas/WW3D2/TextureRvaGetters.cpp,yes,0,0,0,0
Code/Libraries/Source/WWVegas/WW3D2/TextureStatisticsVector.cpp,no,5,2,0,0
Code/Libraries/Source/WWVegas/WW3D2/TextureStatisticsVectorID.cpp,no,5,2,8,0
Code/Libraries/Source/WWVegas/WW3D2/TextureStatisticsVectorResize.cpp,no,0,1,4,0
Code/Libraries/Source/WWVegas/WW3D2/TextureStatisticsVectorWide.cpp,no,6,2,0,0
Code/Libraries/Source/WWVegas/WW3D2/TextureStatisticsVectorWideExtras.cpp,no,6,2,9,0
Code/Libraries/Source/WWVegas/WW3D2/TextureSurfaceMemory.cpp,yes,0,0,0,0
Code/Libraries/Source/WWVegas/WW3D2/TextureVectorBaseCtor.cpp,no,1,0,1,1
Code/Libraries/Source/WWVegas/WW3D2/Textures_Material_And_Shader_Booking_Struct.cpp,no,3,1,1,0
Code/Libraries/Source/WWVegas/WW3D2/UVBufferClassDtor.cpp,no,0,1,0,0
Code/Libraries/Source/WWVegas/WW3D2/VectorClassProxyAssign.cpp,no,1,0,14,0
Code/Libraries/Source/WWVegas/WW3D2/VectorClass_ID_ptr_Thunk.cpp,yes,0,0,0,0
Code/Libraries/Source/WWVegas/WW3D2/VertexBufferLockClasses.cpp,no,1,0,1,0
Code/Libraries/Source/WWVegas/WW3D2/VertexMaterialApply.cpp,no,2,1,7,0
Code/Libraries/Source/WWVegas/WW3D2/VertexMaterialClass_Init_Thunk.cpp,no,0,2,1,0
Code/Libraries/Source/WWVegas/WW3D2/VertexMaterialClone0092EF30.cpp,no,0,1,1,0
Code/Libraries/Source/WWVegas/WW3D2/VertexMaterialComputeRamSize.cpp,yes,0,0,0,0
Code/Libraries/Source/WWVegas/WW3D2/VertexMaterialInitFromMaterial3.cpp,no,0,7,1,0
Code/Libraries/Source/WWVegas/WW3D2/VertexMaterialLoadW3D.cpp,yes,0,0,0,0
Code/Libraries/Source/WWVegas/WW3D2/VertexMaterialParseStruct.cpp,no,0,7,1,0
Code/Libraries/Source/WWVegas/WW3D2/VertexSplitTableConstructorBFME.cpp,no,2,0,1,0
Code/Libraries/Source/WWVegas/WW3D2/VertexSplitTablePeekShader.cpp,no,0,1,2,0
Code/Libraries/Source/WWVegas/WW3D2/VertexSplitTablePeekTexture.cpp,no,2,0,1,0
Code/Libraries/Source/WWVegas/WW3D2/W3dUtilityConvertShader.cpp,no,0,1,1,0
Code/Libraries/Source/WWVegas/WW3D2/W3d_Shader_Reset.cpp,no,0,1,1,0
Code/Libraries/Source/WWVegas/WW3D2/WW3D_EnableSorting.cpp,no,2,1,1,0
Code/Libraries/Source/WWVegas/WW3D2/WW3D_Get_Render_Target_Resolution.cpp,no,5,0,0,0
Code/Libraries/Source/WWVegas/WW3D2/WW3D_Init_Bfme.cpp,yes,0,0,0,0
Code/Libraries/Source/WWVegas/WW3D2/WW3D_RegistryDeviceWrappers.cpp,yes,0,0,0,0
Code/Libraries/Source/WWVegas/WW3D2/WW3D_SetNPatchesLevelThunk.cpp,no,2,1,1,0
Code/Libraries/Source/WWVegas/WW3D2/WW3D_Set_Device_Resolution.cpp,yes,0,0,0,0
Code/Libraries/Source/WWVegas/WW3D2/WW3D_Set_Render_Device.cpp,yes,0,0,0,0
Code/Libraries/Source/WWVegas/WW3D2/WaterRenderObjGridTransform.cpp,yes,0,0,0,0
Code/Libraries/Source/WWVegas/WW3D2/ZigZagLinearOffsetTextureMapperCalculate.cpp,no,0,0,2,0
Code/Libraries/Source/WWVegas/WW3D2/aabtree.cpp,no,2,0,5,0
Code/Libraries/Source/WWVegas/WW3D2/aabtreebuilder.cpp,no,0,0,2,0
Code/Libraries/Source/WWVegas/WW3D2/agg_def.cpp,no,8,1,1,0
Code/Libraries/Source/WWVegas/WW3D2/animobj.cpp,no,17,6,6,0
Code/Libraries/Source/WWVegas/WW3D2/bfme2_mesh_material_pass.cpp,no,4,1,6,0
Code/Libraries/Source/WWVegas/WW3D2/bfme2_particle_texture_accessor.cpp,no,1,0,0,0
Code/Libraries/Source/WWVegas/WW3D2/bfme2_polygon_render.cpp,no,1,1,2,0
Code/Libraries/Source/WWVegas/WW3D2/bfme2_polygon_render_sorted.cpp,no,2,1,2,0
Code/Libraries/Source/WWVegas/WW3D2/bfme2_renderobj_inherited_data.cpp,yes,0,0,0,0
Code/Libraries/Source/WWVegas/WW3D2/bfme2_texture_binding.cpp,no,3,0,0,0
Code/Libraries/Source/WWVegas/WW3D2/bfme2_texture_category_ref.cpp,no,1,0,0,0
Code/Libraries/Source/WWVegas/WW3D2/bfme_begin_resource_enumeration.cpp,yes,0,0,0,0
Code/Libraries/Source/WWVegas/WW3D2/bfme_invoke_resource_enumeration.cpp,yes,0,0,0,0
Code/Libraries/Source/WWVegas/WW3D2/bfme_reset_shader_ref_device.cpp,yes,0,0,0,0
Code/Libraries/Source/WWVegas/WW3D2/bfme_reset_shader_ref_recreate_device.cpp,yes,0,0,0,0
Code/Libraries/Source/WWVegas/WW3D2/bfme_reset_texture_ref_device.cpp,yes,0,0,0,0
Code/Libraries/Source/WWVegas/WW3D2/bfme_reset_texture_ref_recreate_device.cpp,yes,0,0,0,0
Code/Libraries/Source/WWVegas/WW3D2/bfmedynamicvertexbuffer.cpp,no,12,1,3,1
Code/Libraries/Source/WWVegas/WW3D2/boxrobj.cpp,no,19,17,42,0
Code/Libraries/Source/WWVegas/WW3D2/camera.cpp,no,11,0,13,0
Code/Libraries/Source/WWVegas/WW3D2/camera_projection.cpp,no,3,0,2,0
Code/Libraries/Source/WWVegas/WW3D2/collect.cpp,no,20,3,36,0
Code/Libraries/Source/WWVegas/WW3D2/coltest.cpp,no,2,0,5,0
Code/Libraries/Source/WWVegas/WW3D2/composite.cpp,no,10,1,13,0
Code/Libraries/Source/WWVegas/WW3D2/decalmsh.cpp,no,6,2,8,0
Code/Libraries/Source/WWVegas/WW3D2/decalsys.cpp,no,8,0,0,0
Code/Libraries/Source/WWVegas/WW3D2/distlod.cpp,no,12,0,28,0
Code/Libraries/Source/WWVegas/WW3D2/dx8caps.cpp,no,0,1,2,0
Code/Libraries/Source/WWVegas/WW3D2/dx8fvf.cpp,no,1,0,1,0
Code/Libraries/Source/WWVegas/WW3D2/dx8indexbuffer.cpp,no,5,4,1,0
Code/Libraries/Source/WWVegas/WW3D2/dx8polygonrenderer.cpp,no,0,3,0,0
Code/Libraries/Source/WWVegas/WW3D2/dx8renderer.cpp,no,16,21,25,0
Code/Libraries/Source/WWVegas/WW3D2/dx8rendererdebugger.cpp,no,0,0,2,0
Code/Libraries/Source/WWVegas/WW3D2/dx8vertexbuffer_engine_ref.cpp,yes,0,0,0,0
Code/Libraries/Source/WWVegas/WW3D2/dx8wrapper.cpp,no,59,33,21,2
Code/Libraries/Source/WWVegas/WW3D2/dx8wrapper_draw_prim.cpp,yes,0,0,0,0
Code/Libraries/Source/WWVegas/WW3D2/dx8wrapper_names.cpp,no,0,20,0,0
Code/Libraries/Source/WWVegas/WW3D2/dx8wrapper_set_light_environment.cpp,no,1,2,5,0
Code/Libraries/Source/WWVegas/WW3D2/dynamesh.cpp,no,23,4,35,0
Code/Libraries/Source/WWVegas/WW3D2/hanim.cpp,no,1,29,10,0
Code/Libraries/Source/WWVegas/WW3D2/hanim_HAnimComboClass_ctor.cpp,no,0,2,13,0
Code/Libraries/Source/WWVegas/WW3D2/hanim_vector_float_ctor.cpp,no,0,0,2,0
Code/Libraries/Source/WWVegas/WW3D2/hanim_vector_hanimcombo_ctor.cpp,no,0,0,13,0
Code/Libraries/Source/WWVegas/WW3D2/hanim_weight_vector_add.cpp,no,0,2,2,0
Code/Libraries/Source/WWVegas/WW3D2/hanim_weight_vector_resize.cpp,no,0,1,1,0
Code/Libraries/Source/WWVegas/WW3D2/hanimmgr.cpp,no,4,1,5,0
Code/Libraries/Source/WWVegas/WW3D2/hanimmgr_GetAnim.cpp,no,0,1,1,0
Code/Libraries/Source/WWVegas/WW3D2/hcanim.cpp,no,1,2,4,0
Code/Libraries/Source/WWVegas/WW3D2/hlod.cpp,no,13,8,14,0
Code/Libraries/Source/WWVegas/WW3D2/hlod_read_header.cpp,no,1,1,2,0
Code/Libraries/Source/WWVegas/WW3D2/hrawanim.cpp,no,4,5,7,0
Code/Libraries/Source/WWVegas/WW3D2/htree.cpp,no,2,10,18,0
Code/Libraries/Source/WWVegas/WW3D2/htree_control.cpp,no,0,1,1,0
Code/Libraries/Source/WWVegas/WW3D2/layer.cpp,no,0,0,1,0
Code/Libraries/Source/WWVegas/WW3D2/light.cpp,no,18,2,30,0
Code/Libraries/Source/WWVegas/WW3D2/light_notify.cpp,no,0,0,1,0
Code/Libraries/Source/WWVegas/WW3D2/lightenvironment.cpp,no,0,1,13,0
Code/Libraries/Source/WWVegas/WW3D2/linegrp.cpp,no,4,6,14,0
Code/Libraries/Source/WWVegas/WW3D2/linegrp_float_setters.cpp,no,0,2,2,0
Code/Libraries/Source/WWVegas/WW3D2/mapper.cpp,no,5,7,4,0
Code/Libraries/Source/WWVegas/WW3D2/matinfo.cpp,no,4,11,3,0
Code/Libraries/Source/WWVegas/WW3D2/matpass.cpp,no,0,0,5,0
Code/Libraries/Source/WWVegas/WW3D2/mesh.cpp,no,18,4,32,0
Code/Libraries/Source/WWVegas/WW3D2/mesh_compute_bounds.cpp,no,0,1,4,0
Code/Libraries/Source/WWVegas/WW3D2/mesh_generate_culling_tree.cpp,no,0,1,1,0
Code/Libraries/Source/WWVegas/WW3D2/mesh_get_shade_indices.cpp,no,0,2,2,0
Code/Libraries/Source/WWVegas/WW3D2/mesh_get_vert_normals.cpp,no,0,1,2,0
Code/Libraries/Source/WWVegas/WW3D2/meshbuild.cpp,no,1,0,14,0
Code/Libraries/Source/WWVegas/WW3D2/meshgeometry.cpp,no,0,11,22,0
Code/Libraries/Source/WWVegas/WW3D2/meshmatdesc.cpp,no,0,10,3,0
Code/Libraries/Source/WWVegas/WW3D2/meshmdl.cpp,yes,0,0,0,0
Code/Libraries/Source/WWVegas/WW3D2/meshmdl_sidehash.cpp,no,0,2,1,0
Code/Libraries/Source/WWVegas/WW3D2/meshmdlio.cpp,no,6,12,18,0
Code/Libraries/Source/WWVegas/WW3D2/motchan.cpp,no,0,3,1,0
Code/Libraries/Source/WWVegas/WW3D2/nullrobj.cpp,no,12,3,27,0
Code/Libraries/Source/WWVegas/WW3D2/part_buf.cpp,no,16,7,16,0
Code/Libraries/Source/WWVegas/WW3D2/part_emt.cpp,no,11,16,49,0
Code/Libraries/Source/WWVegas/WW3D2/part_emt_is_stopped.cpp,no,0,1,1,0
Code/Libraries/Source/WWVegas/WW3D2/part_emt_start.cpp,no,0,1,4,0
Code/Libraries/Source/WWVegas/WW3D2/part_emt_update_cached.cpp,no,0,1,3,0
Code/Libraries/Source/WWVegas/WW3D2/part_ldr.cpp,no,6,7,8,0
Code/Libraries/Source/WWVegas/WW3D2/particle_buffer_render_line.cpp,no,0,1,3,0
Code/Libraries/Source/WWVegas/WW3D2/particle_emitter_build_definition.cpp,no,0,3,5,0
Code/Libraries/Source/WWVegas/WW3D2/particle_emitter_constructor.cpp,no,10,0,19,0
Code/Libraries/Source/WWVegas/WW3D2/particle_emitter_convert_version.cpp,no,3,3,3,0
Code/Libraries/Source/WWVegas/WW3D2/particle_emitter_copy.cpp,no,9,1,19,0
Code/Libraries/Source/WWVegas/WW3D2/particle_emitter_create.cpp,no,0,1,3,0
Code/Libraries/Source/WWVegas/WW3D2/particle_emitter_create_from_definition.cpp,no,1,2,10,0
Code/Libraries/Source/WWVegas/WW3D2/particle_emitter_definition_assignment.cpp,no,0,1,1,0
Code/Libraries/Source/WWVegas/WW3D2/particle_emitter_definition_constructor.cpp,no,0,1,8,0
Code/Libraries/Source/WWVegas/WW3D2/particle_emitter_definition_copy.cpp,no,0,1,8,0
Code/Libraries/Source/WWVegas/WW3D2/particle_emitter_definition_destructor.cpp,no,0,1,3,0
Code/Libraries/Source/WWVegas/WW3D2/particle_emitter_destructor.cpp,no,9,1,20,0
Code/Libraries/Source/WWVegas/WW3D2/particle_emitter_emit.cpp,no,0,1,4,0
Code/Libraries/Source/WWVegas/WW3D2/particle_emitter_frame.cpp,no,0,1,4,0
Code/Libraries/Source/WWVegas/WW3D2/particle_emitter_initialize.cpp,no,0,1,4,0
Code/Libraries/Source/WWVegas/WW3D2/particle_emitter_load.cpp,no,1,2,1,0
Code/Libraries/Source/WWVegas/WW3D2/particle_emitter_read_blur_keyframes.cpp,no,0,0,1,0
Code/Libraries/Source/WWVegas/WW3D2/particle_emitter_read_extra_info.cpp,no,0,0,1,0
Code/Libraries/Source/WWVegas/WW3D2/particle_emitter_read_frame_keyframes.cpp,no,0,0,1,0
Code/Libraries/Source/WWVegas/WW3D2/particle_emitter_read_header.cpp,no,0,0,1,0
Code/Libraries/Source/WWVegas/WW3D2/particle_emitter_read_info.cpp,no,0,0,1,0
Code/Libraries/Source/WWVegas/WW3D2/particle_emitter_read_info_v2.cpp,no,0,0,1,0
Code/Libraries/Source/WWVegas/WW3D2/particle_emitter_read_line_properties.cpp,no,0,0,1,0
Code/Libraries/Source/WWVegas/WW3D2/particle_emitter_read_props.cpp,no,1,2,2,0
Code/Libraries/Source/WWVegas/WW3D2/particle_emitter_read_rotation_keyframes.cpp,no,0,0,1,0
Code/Libraries/Source/WWVegas/WW3D2/particle_emitter_read_user_data.cpp,no,0,0,1,0
Code/Libraries/Source/WWVegas/WW3D2/particle_emitter_save_blur_time_keyframes.cpp,no,0,0,1,0
Code/Libraries/Source/WWVegas/WW3D2/particle_emitter_save_frame_keyframes.cpp,no,0,0,1,0
Code/Libraries/Source/WWVegas/WW3D2/particle_emitter_save_rotation_keyframes.cpp,no,0,0,1,0
Code/Libraries/Source/WWVegas/WW3D2/particle_emitter_scale.cpp,no,0,0,2,0
Code/Libraries/Source/WWVegas/WW3D2/particle_emitter_update_visibility.cpp,no,0,1,1,0
Code/Libraries/Source/WWVegas/WW3D2/pivot.cpp,no,0,2,4,0
Code/Libraries/Source/WWVegas/WW3D2/pointgr.cpp,no,0,2,9,0
Code/Libraries/Source/WWVegas/WW3D2/pot.cpp,no,0,0,1,0
Code/Libraries/Source/WWVegas/WW3D2/promoted__Reset_HAnimComboClass_QAEXXZ_00974DC0.cpp,no,1,2,4,0
Code/Libraries/Source/WWVegas/WW3D2/render2d.cpp,no,10,1,8,0
Code/Libraries/Source/WWVegas/WW3D2/render2dsentence.cpp,no,7,9,4,0
Code/Libraries/Source/WWVegas/WW3D2/renderobjectrecycler.cpp,no,2,1,10,0
Code/Libraries/Source/WWVegas/WW3D2/rendobj_notify_removed.cpp,yes,0,0,0,0
Code/Libraries/Source/WWVegas/WW3D2/rinfo.cpp,no,0,0,1,0
Code/Libraries/Source/WWVegas/WW3D2/ringobj.cpp,no,19,1,66,0
Code/Libraries/Source/WWVegas/WW3D2/scene.cpp,no,1,17,6,0
Code/Libraries/Source/WWVegas/WW3D2/segline.cpp,no,10,0,18,0
Code/Libraries/Source/WWVegas/WW3D2/seglinerenderer.cpp,no,1,2,7,0
Code/Libraries/Source/WWVegas/WW3D2/shader.cpp,no,0,4,4,0
Code/Libraries/Source/WWVegas/WW3D2/sharebuf_float_ctor.cpp,no,0,1,2,0
Code/Libraries/Source/WWVegas/WW3D2/shattersystem.cpp,no,4,1,19,0
Code/Libraries/Source/WWVegas/WW3D2/sortingrenderer.cpp,no,7,15,3,0
Code/Libraries/Source/WWVegas/WW3D2/sphereobj.cpp,no,19,1,74,0
Code/Libraries/Source/WWVegas/WW3D2/static_sort_list.cpp,no,1,0,5,0
Code/Libraries/Source/WWVegas/WW3D2/streak.cpp,no,11,5,33,0
Code/Libraries/Source/WWVegas/WW3D2/streakRender.cpp,no,5,15,14,0
Code/Libraries/Source/WWVegas/WW3D2/surfaceclass_constructor.cpp,yes,0,0,0,0
Code/Libraries/Source/WWVegas/WW3D2/texproject.cpp,no,13,1,11,0
Code/Libraries/Source/WWVegas/WW3D2/texture.cpp,no,25,0,20,0
Code/Libraries/Source/WWVegas/WW3D2/vertmaterial.cpp,no,13,15,6,0
Code/Libraries/Source/WWVegas/WW3D2/vertmaterial_get_opacity.cpp,no,0,1,1,0
Code/Libraries/Source/WWVegas/WW3D2/w3d_dep.cpp,no,1,0,0,0
Code/Libraries/Source/WWVegas/WW3D2/w3d_util.cpp,no,0,2,12,0
Code/Libraries/Source/WWVegas/WW3D2/ww3d.cpp,no,18,4,2,0
Code/Libraries/Source/WWVegas/WW3D2/ww3dformat_bits.cpp,yes,0,0,0,0
Code/Libraries/Source/WWVegas/WWDebug/AssertCrashDialogProc.cpp,no,2,0,0,0
Code/Libraries/Source/WWVegas/WWDebug/AtexitThunk.cpp,yes,0,0,0,0
Code/Libraries/Source/WWVegas/WWDebug/DebugCmdInterfaceDebugCtor.cpp,no,0,1,5,0
Code/Libraries/Source/WWVegas/WWDebug/DebugCmdInterfaceDebug_Execute.cpp,yes,0,0,0,0
Code/Libraries/Source/WWVegas/WWDebug/DebugConstructor.cpp,no,0,1,2,0
Code/Libraries/Source/WWVegas/WWDebug/DebugCopyDialogReport.cpp,no,2,0,0,0
Code/Libraries/Source/WWVegas/WWDebug/DebugCopyToClipboard.cpp,yes,0,0,0,0
Code/Libraries/Source/WWVegas/WWDebug/DebugDestructorThunk.cpp,no,1,0,1,0
Code/Libraries/Source/WWVegas/WWDebug/DebugExceptionFilter.cpp,no,8,0,1,0
Code/Libraries/Source/WWVegas/WWDebug/DebugExceptionGetType.cpp,yes,0,0,0,0
Code/Libraries/Source/WWVegas/WWDebug/DebugExceptionhandler_LogFPURegisters.cpp,yes,0,0,0,0
Code/Libraries/Source/WWVegas/WWDebug/DebugExceptionhandler_LogRegisters.cpp,yes,0,0,0,0
Code/Libraries/Source/WWVegas/WWDebug/DebugExecCommand.cpp,yes,0,0,0,0
Code/Libraries/Source/WWVegas/WWDebug/DebugGetOutputBuffer.cpp,yes,0,0,0,0
Code/Libraries/Source/WWVegas/WWDebug/DebugHeapAbort.cpp,yes,0,0,0,0
Code/Libraries/Source/WWVegas/WWDebug/DebugIONetConstructorThunk.cpp,no,0,2,5,0
Code/Libraries/Source/WWVegas/WWDebug/DebugIONetPipeDestructorThunk.cpp,no,0,0,2,0
Code/Libraries/Source/WWVegas/WWDebug/DebugIONet_Create.cpp,no,0,3,7,0
Code/Libraries/Source/WWVegas/WWDebug/DebugIOOdsCtor.cpp,no,0,1,5,0
Code/Libraries/Source/WWVegas/WWDebug/DebugIOOds_Create.cpp,no,0,1,7,0
Code/Libraries/Source/WWVegas/WWDebug/DebugIsDebuggerAttached.cpp,yes,0,0,0,0
Code/Libraries/Source/WWVegas/WWDebug/DebugIsWindowedWrapper.cpp,yes,0,0,0,0
Code/Libraries/Source/WWVegas/WWDebug/DebugOperatorHResult.cpp,no,0,1,0,0
Code/Libraries/Source/WWVegas/WWDebug/DebugPostStaticInit.cpp,no,1,1,3,0
Code/Libraries/Source/WWVegas/WWDebug/DebugPreStaticInit.cpp,no,0,1,1,0
Code/Libraries/Source/WWVegas/WWDebug/DebugRaiseExceptionHook.cpp,yes,0,0,0,0
Code/Libraries/Source/WWVegas/WWDebug/DebugSetBuildInfo.cpp,yes,0,0,0,0
Code/Libraries/Source/WWVegas/WWDebug/DebugSimpleMatch.cpp,no,0,1,1,0
Code/Libraries/Source/WWVegas/WWDebug/DebugStaticExit.cpp,no,1,1,1,0
Code/Libraries/Source/WWVegas/WWDebug/Debug_AddFrameEntry.cpp,no,0,1,1,0
Code/Libraries/Source/WWVegas/WWDebug/Debug_AddLogGroup_0088A020.cpp,no,0,1,1,0
Code/Libraries/Source/WWVegas/WWDebug/Debug_AddPatternEntry.cpp,yes,0,0,0,0
Code/Libraries/Source/WWVegas/WWDebug/Debug_AssertDone.cpp,no,5,1,0,0
Code/Libraries/Source/WWVegas/WWDebug/Debug_CheckBegin.cpp,no,0,1,1,0
Code/Libraries/Source/WWVegas/WWDebug/Debug_Command.cpp,yes,0,0,0,0
Code/Libraries/Source/WWVegas/WWDebug/Debug_CrashBegin.cpp,no,0,0,1,0
Code/Libraries/Source/WWVegas/WWDebug/Debug_CrashDone.cpp,no,4,1,0,0
Code/Libraries/Source/WWVegas/WWDebug/Debug_FrameStatus.cpp,no,1,0,1,5
Code/Libraries/Source/WWVegas/WWDebug/Debug_GetFrameEntry.cpp,no,1,1,2,0
Code/Libraries/Source/WWVegas/WWDebug/Debug_GetInput_00889E10.cpp,yes,0,0,0,0
Code/Libraries/Source/WWVegas/WWDebug/Debug_IsLogEnabled.cpp,no,1,0,1,0
Code/Libraries/Source/WWVegas/WWDebug/Debug_LogBegin_0088B8F0.cpp,no,0,0,0,2
Code/Libraries/Source/WWVegas/WWDebug/Debug_LogDescriptionCtor.cpp,no,0,2,1,0
Code/Libraries/Source/WWVegas/WWDebug/Debug_OperatorInteger.cpp,no,0,2,2,0
Code/Libraries/Source/WWVegas/WWDebug/Debug_OperatorRepeatChar.cpp,yes,0,0,0,0
Code/Libraries/Source/WWVegas/WWDebug/Debug_Update_0088C3F0.cpp,no,1,0,0,0
Code/Libraries/Source/WWVegas/WWDebug/ErrorExit.cpp,yes,0,0,0,0
Code/Libraries/Source/WWVegas/WWDebug/Rva006C4CD0InitDbghelp.cpp,yes,0,0,0,0
Code/Libraries/Source/WWVegas/WWDebug/Rva00889BF0EntryInsert.cpp,no,1,0,0,0
Code/Libraries/Source/WWVegas/WWDebug/Rva0088A7E0UpdateFrameStatus.cpp,yes,0,0,0,0
Code/Libraries/Source/WWVegas/WWDebug/Rva0088E090ResumeOtherThreads.cpp,no,2,0,0,0
Code/Libraries/Source/WWVegas/WWDebug/Rva0088E100DialogWatchdog.cpp,no,3,0,0,0
Code/Libraries/Source/WWVegas/WWDebug/Rva0088E1A0ShowAssertCrashDialog.cpp,no,11,0,0,0
Code/Libraries/Source/WWVegas/WWDebug/Rva0088FAA0DebugIOInterfaceDestructor.cpp,no,1,1,0,0
Code/Libraries/Source/WWVegas/WWDebug/Rva0088FAA0DebugIOOdsDestructor.cpp,no,1,2,5,0
Code/Libraries/Source/WWVegas/WWDebug/Rva00891540DebugIOConCreate.cpp,no,0,0,1,0
Code/Libraries/Source/WWVegas/WWDebug/debug_debug.cpp,no,0,1,0,0
Code/Libraries/Source/WWVegas/WWDebug/debug_io_flat.cpp,no,1,0,1,0
Code/Libraries/Source/WWVegas/WWDebug/debug_io_net.cpp,no,1,4,1,0
Code/Libraries/Source/WWVegas/WWDebug/debug_operator_bool.cpp,yes,0,0,0,0
Code/Libraries/Source/WWVegas/WWDebug/debug_operator_long.cpp,yes,0,0,0,0
Code/Libraries/Source/WWVegas/WWDebug/debug_stack.cpp,no,2,0,0,0
Code/Libraries/Source/WWVegas/WWDownload/CDownloadDownloadFile.cpp,yes,0,0,0,0
Code/Libraries/Source/WWVegas/WWDownload/CDownloadDtor.cpp,no,4,1,2,0
Code/Libraries/Source/WWVegas/WWDownload/CftpAsyncGetHostByName.cpp,yes,0,0,0,0
Code/Libraries/Source/WWVegas/WWDownload/CftpConnectToServer.cpp,no,9,0,0,0
Code/Libraries/Source/WWVegas/WWDownload/CftpDisconnectFromServer.cpp,no,1,0,0,0
Code/Libraries/Source/WWVegas/WWDownload/CftpGetNextFileBlock.cpp,no,4,0,0,0
Code/Libraries/Source/WWVegas/WWDownload/CftpLoginToServer.cpp,no,1,0,0,2
Code/Libraries/Source/WWVegas/WWDownload/CftpRecvReply.cpp,no,2,0,0,0
Code/Libraries/Source/WWVegas/WWDownload/CftpSendNewPort.cpp,no,7,0,0,0
Code/Libraries/Source/WWVegas/WWDownload/CftpUseNonBlockingMode.cpp,yes,0,0,0,0
Code/Libraries/Source/WWVegas/WWDownload/FTPPrepareDirectories.cpp,yes,0,0,0,0
Code/Libraries/Source/WWVegas/WWDownload/MyIPAddress.cpp,no,4,0,0,0
Code/Libraries/Source/WWVegas/WWDownload/ftp_constructor.cpp,yes,0,0,0,0
Code/Libraries/Source/WWVegas/WWDownload/ftp_zero_stuff.cpp,yes,0,0,0,0
Code/Libraries/Source/WWVegas/WWLib/AsciiFromUnicode.cpp,no,1,0,3,0
Code/Libraries/Source/WWVegas/WWLib/AsciiStringLess.cpp,no,0,1,1,0
Code/Libraries/Source/WWVegas/WWLib/AsciiStringPairLess.cpp,no,0,1,0,0
Code/Libraries/Source/WWVegas/WWLib/AsciiStringPairLessFunctor.cpp,yes,0,0,0,0
Code/Libraries/Source/WWVegas/WWLib/BFMEPoolCriticalSectionLock.cpp,yes,0,0,0,0
Code/Libraries/Source/WWVegas/WWLib/BFMEPoolYield.cpp,yes,0,0,0,0
Code/Libraries/Source/WWVegas/WWLib/BadAllocDestructor.cpp,no,0,1,2,0
Code/Libraries/Source/WWVegas/WWLib/Base64PipeDeletingDestructor.cpp,no,0,0,2,0
Code/Libraries/Source/WWVegas/WWLib/BfmeAssignRecord172Assign.cpp,no,0,1,1,0
Code/Libraries/Source/WWVegas/WWLib/BufferedFileClassConstructor.cpp,no,1,1,0,0
Code/Libraries/Source/WWVegas/WWLib/Coord3DVectorDefaultResizeThunk.cpp,no,1,2,0,0
Code/Libraries/Source/WWVegas/WWLib/FXListFillN.cpp,yes,0,0,0,0
Code/Libraries/Source/WWVegas/WWLib/FamilyDeletingDtorsO2.cpp,no,2,9,17,0
Code/Libraries/Source/WWVegas/WWLib/FamilyVectorDtors_new.cpp,no,2,0,14,0
Code/Libraries/Source/WWVegas/WWLib/FastCriticalSectionLockCtor.cpp,no,0,1,1,0
Code/Libraries/Source/WWVegas/WWLib/FastCriticalSectionSpin.cpp,yes,0,0,0,0
Code/Libraries/Source/WWVegas/WWLib/FunctorRefInvoke001531F2.cpp,no,1,0,0,0
Code/Libraries/Source/WWVegas/WWLib/FunctorRefInvoke00222947.cpp,no,1,0,0,0
Code/Libraries/Source/WWVegas/WWLib/FunctorRefInvoke002229B2.cpp,no,1,0,0,0
Code/Libraries/Source/WWVegas/WWLib/FunctorRefInvoke0057CC15.cpp,no,1,0,0,0
Code/Libraries/Source/WWVegas/WWLib/Get_RDTSC_CPU_Speed.cpp,yes,0,0,0,0
Code/Libraries/Source/WWVegas/WWLib/INIClassShutdown.cpp,no,0,1,1,0
Code/Libraries/Source/WWVegas/WWLib/INIGetWideString.cpp,no,0,1,2,0
Code/Libraries/Source/WWVegas/WWLib/INIPutWideString.cpp,no,0,0,1,0
Code/Libraries/Source/WWVegas/WWLib/IosBaseRva0083F090Index.cpp,no,2,0,0,0
Code/Libraries/Source/WWVegas/WWLib/LadderListFindLadder.cpp,yes,0,0,0,0
Code/Libraries/Source/WWVegas/WWLib/LadderPrefCompare.cpp,yes,0,0,0,0
Code/Libraries/Source/WWVegas/WWLib/LocaleComposeName.c,yes,0,0,0,0
Code/Libraries/Source/WWVegas/WWLib/LocomotorPairVectorDtor.cpp,no,0,0,3,0
Code/Libraries/Source/WWVegas/WWLib/MixFileCreatorFileInfoStructAssign.cpp,no,1,3,2,0
Code/Libraries/Source/WWVegas/WWLib/MixFileCreator_FileInfoStruct_VectorDtor.cpp,no,0,0,1,0
Code/Libraries/Source/WWVegas/WWLib/MixFileCreator_FileInfoStruct_dtor.cpp,no,1,1,1,0
Code/Libraries/Source/WWVegas/WWLib/MultiListObjectDerivedDtors.cpp,yes,0,0,0,0
Code/Libraries/Source/WWVegas/WWLib/NumPutUnsignedDigits.cpp,yes,0,0,0,0
Code/Libraries/Source/WWVegas/WWLib/Object156Copy.cpp,yes,0,0,0,0
Code/Libraries/Source/WWVegas/WWLib/Object260Copy.cpp,yes,0,0,0,0
Code/Libraries/Source/WWVegas/WWLib/Object872Copy.cpp,yes,0,0,0,0
Code/Libraries/Source/WWVegas/WWLib/ObjectPoolAllocateObjectMemory.cpp,no,1,0,2,0
Code/Libraries/Source/WWVegas/WWLib/OpaqueRefDequePop57151.cpp,yes,0,0,0,0
Code/Libraries/Source/WWVegas/WWLib/OpaqueRefOwnership.cpp,yes,0,0,0,0
Code/Libraries/Source/WWVegas/WWLib/OwnedRecord492Copy.cpp,no,1,0,75,0
Code/Libraries/Source/WWVegas/WWLib/OwnedRecord840Copy.cpp,no,2,2,60,0
Code/Libraries/Source/WWVegas/WWLib/OwnedRecord900Copy.cpp,no,0,1,14,0
Code/Libraries/Source/WWVegas/WWLib/OwnedRecord900TreeCleanup.cpp,yes,0,0,0,0
Code/Libraries/Source/WWVegas/WWLib/OwnedRecord900TreeCopy.cpp,no,0,2,3,0
Code/Libraries/Source/WWVegas/WWLib/QueueDefaultCtorAnchors.cpp,yes,0,0,0,0
Code/Libraries/Source/WWVegas/WWLib/RefMultiListRenderObjPeekHead.cpp,no,0,1,1,0
Code/Libraries/Source/WWVegas/WWLib/RefMultiListRenderObjRemove.cpp,no,0,2,2,0
Code/Libraries/Source/WWVegas/WWLib/RefMultiListRenderObjResetList.cpp,no,0,1,0,0
Code/Libraries/Source/WWVegas/WWLib/RegistryDeleteValues.cpp,no,0,0,9,0
Code/Libraries/Source/WWVegas/WWLib/Rva00020570Drop.cpp,yes,0,0,0,0
Code/Libraries/Source/WWVegas/WWLib/Rva0002C4FDCtor.cpp,no,1,0,0,0
Code/Libraries/Source/WWVegas/WWLib/Rva00053DC5.cpp,yes,0,0,0,0
Code/Libraries/Source/WWVegas/WWLib/Rva00055864Free.cpp,yes,0,0,0,0
Code/Libraries/Source/WWVegas/WWLib/Rva00056CF8Erase.cpp,no,0,0,1,0
Code/Libraries/Source/WWVegas/WWLib/Rva00065964ObjectPoolFree.cpp,yes,0,0,0,0
Code/Libraries/Source/WWVegas/WWLib/Rva0006EFC8Grow.cpp,yes,0,0,0,0
Code/Libraries/Source/WWVegas/WWLib/Rva00080221Ctor.cpp,no,0,0,0,1
Code/Libraries/Source/WWVegas/WWLib/Rva00087A5CCopy.cpp,yes,0,0,0,0
Code/Libraries/Source/WWVegas/WWLib/Rva00090034SimpleVecDtors.cpp,no,0,2,2,0
Code/Libraries/Source/WWVegas/WWLib/Rva000BDCEFDestroyPairs.cpp,no,0,0,6,0
Code/Libraries/Source/WWVegas/WWLib/Rva000BDD08Destroy.cpp,yes,0,0,0,0
Code/Libraries/Source/WWVegas/WWLib/Rva000C065BClear.cpp,yes,0,0,0,0
Code/Libraries/Source/WWVegas/WWLib/Rva000C2085Dtor.cpp,yes,0,0,0,0
Code/Libraries/Source/WWVegas/WWLib/Rva000C20A3Dtor.cpp,yes,0,0,0,0
Code/Libraries/Source/WWVegas/WWLib/Rva000C2438Copy.cpp,yes,0,0,0,0
Code/Libraries/Source/WWVegas/WWLib/Rva000C245EFill.cpp,yes,0,0,0,0
Code/Libraries/Source/WWVegas/WWLib/Rva000C24EAAssign.cpp,no,1,0,25,0
Code/Libraries/Source/WWVegas/WWLib/Rva000C24EACopy.cpp,yes,0,0,0,0
Code/Libraries/Source/WWVegas/WWLib/Rva00136794Ctor.cpp,no,1,0,0,0
Code/Libraries/Source/WWVegas/WWLib/Rva0015168CHeroContains.cpp,yes,0,0,0,0
Code/Libraries/Source/WWVegas/WWLib/Rva00151E30Assign.cpp,yes,0,0,0,0
Code/Libraries/Source/WWVegas/WWLib/Rva00151FA8RamSize.cpp,yes,0,0,0,0
Code/Libraries/Source/WWVegas/WWLib/Rva00152004Copy.cpp,yes,0,0,0,0
Code/Libraries/Source/WWVegas/WWLib/Rva0015229CEraseRange.cpp,yes,0,0,0,0
Code/Libraries/Source/WWVegas/WWLib/Rva001531E6Dec.cpp,yes,0,0,0,0
Code/Libraries/Source/WWVegas/WWLib/Rva00153252Assign.cpp,yes,0,0,0,0
Code/Libraries/Source/WWVegas/WWLib/Rva00153252Copy.cpp,yes,0,0,0,0
Code/Libraries/Source/WWVegas/WWLib/Rva001532E1Erase.cpp,no,1,0,1,0
Code/Libraries/Source/WWVegas/WWLib/Rva0015334FCtor.cpp,yes,0,0,0,0
Code/Libraries/Source/WWVegas/WWLib/Rva00153425Copy.cpp,yes,0,0,0,0
Code/Libraries/Source/WWVegas/WWLib/Rva0015344BFillN.cpp,yes,0,0,0,0
Code/Libraries/Source/WWVegas/WWLib/Rva0015354EAddScience.cpp,yes,0,0,0,0
Code/Libraries/Source/WWVegas/WWLib/Rva00153565Register.cpp,no,2,0,1,0
Code/Libraries/Source/WWVegas/WWLib/Rva00153729Dtor.cpp,yes,0,0,0,0
Code/Libraries/Source/WWVegas/WWLib/Rva00153D16Dtor.cpp,no,0,0,3,0
Code/Libraries/Source/WWVegas/WWLib/Rva00155940Vector.cpp,yes,0,0,0,0
Code/Libraries/Source/WWVegas/WWLib/Rva0016E400Ctor.cpp,no,0,0,18,0
Code/Libraries/Source/WWVegas/WWLib/Rva00171024Ctor.cpp,no,0,0,7,0
Code/Libraries/Source/WWVegas/WWLib/Rva001D25F0VectorInsertOverflow.cpp,no,4,0,0,0
Code/Libraries/Source/WWVegas/WWLib/Rva001D28F0ElementDtor.cpp,no,2,0,0,0
Code/Libraries/Source/WWVegas/WWLib/Rva001DE556Insert.cpp,no,1,0,0,0
Code/Libraries/Source/WWVegas/WWLib/Rva001DE6E1Ctor.cpp,yes,0,0,0,0
Code/Libraries/Source/WWVegas/WWLib/Rva001DE727Assign.cpp,no,0,0,16,0
Code/Libraries/Source/WWVegas/WWLib/Rva001DE906Copy.cpp,yes,0,0,0,0
Code/Libraries/Source/WWVegas/WWLib/Rva001E7E25Clear.cpp,no,0,0,3,0
Code/Libraries/Source/WWVegas/WWLib/Rva001EB984Init.cpp,no,2,0,0,0
Code/Libraries/Source/WWVegas/WWLib/Rva001EB9ACCreateNode.cpp,no,1,0,0,0
Code/Libraries/Source/WWVegas/WWLib/Rva001EBFE5Dtor.cpp,no,1,2,5,0
Code/Libraries/Source/WWVegas/WWLib/Rva001EC311Ctor.cpp,no,2,0,0,0
Code/Libraries/Source/WWVegas/WWLib/Rva001EC349Dtor.cpp,no,0,1,8,0
Code/Libraries/Source/WWVegas/WWLib/Rva001ED0DEDtor.cpp,no,0,1,9,0
Code/Libraries/Source/WWVegas/WWLib/Rva001F84A7Put.cpp,yes,0,0,0,0
Code/Libraries/Source/WWVegas/WWLib/Rva001F8810Put.cpp,yes,0,0,0,0
Code/Libraries/Source/WWVegas/WWLib/Rva001FD751Copy.cpp,no,1,0,0,0
Code/Libraries/Source/WWVegas/WWLib/Rva001FD7C4Copy.cpp,no,1,0,0,0
Code/Libraries/Source/WWVegas/WWLib/Rva001FD837Find.cpp,yes,0,0,0,0
Code/Libraries/Source/WWVegas/WWLib/Rva0020E493Copy.cpp,yes,0,0,0,0
Code/Libraries/Source/WWVegas/WWLib/Rva0020E72ALoop.cpp,yes,0,0,0,0
Code/Libraries/Source/WWVegas/WWLib/Rva0020E794Loop.cpp,yes,0,0,0,0
Code/Libraries/Source/WWVegas/WWLib/Rva0020E7E8Loop.cpp,yes,0,0,0,0
Code/Libraries/Source/WWVegas/WWLib/Rva0020E89CFetch.cpp,no,1,2,1,0
Code/Libraries/Source/WWVegas/WWLib/Rva0020E8DBFetch.cpp,yes,0,0,0,0
Code/Libraries/Source/WWVegas/WWLib/Rva0020E9D0Contains.cpp,yes,0,0,0,0
Code/Libraries/Source/WWVegas/WWLib/Rva0020EDD5Fetch.cpp,no,1,2,1,0
Code/Libraries/Source/WWVegas/WWLib/Rva0020EE8FGet.cpp,yes,0,0,0,0
Code/Libraries/Source/WWVegas/WWLib/Rva0020LocaleFlags.c,yes,0,0,0,0
Code/Libraries/Source/WWVegas/WWLib/Rva00212354NewNode.cpp,no,1,0,0,0
Code/Libraries/Source/WWVegas/WWLib/Rva0021294ACreate.cpp,no,0,0,10,0
Code/Libraries/Source/WWVegas/WWLib/Rva002129A1PushBack.cpp,no,0,0,10,0
Code/Libraries/Source/WWVegas/WWLib/Rva0023E8D8Ctor.cpp,no,1,0,0,0
Code/Libraries/Source/WWVegas/WWLib/Rva0023FBDBDestroy.cpp,yes,0,0,0,0
Code/Libraries/Source/WWVegas/WWLib/Rva00257464Dtor.cpp,no,1,0,0,0
Code/Libraries/Source/WWVegas/WWLib/Rva0025753FDtor.cpp,yes,0,0,0,0
Code/Libraries/Source/WWVegas/WWLib/Rva002635C2ObjectPoolAllocate.cpp,yes,0,0,0,0
Code/Libraries/Source/WWVegas/WWLib/Rva0026F684Assign.cpp,yes,0,0,0,0
Code/Libraries/Source/WWVegas/WWLib/Rva0026F684Ctor.cpp,no,1,2,0,0
Code/Libraries/Source/WWVegas/WWLib/Rva0026F684Dtor.cpp,no,0,1,8,0
Code/Libraries/Source/WWVegas/WWLib/Rva00282FE0CreateNode.cpp,no,0,0,19,0
Code/Libraries/Source/WWVegas/WWLib/Rva00285A3BObjectPoolAllocate.cpp,yes,0,0,0,0
Code/Libraries/Source/WWVegas/WWLib/Rva00285AC4ObjectPoolAllocate.cpp,yes,0,0,0,0
Code/Libraries/Source/WWVegas/WWLib/Rva00288A5CAssign.cpp,yes,0,0,0,0
Code/Libraries/Source/WWVegas/WWLib/Rva00289218PushBack.cpp,no,0,0,7,0
Code/Libraries/Source/WWVegas/WWLib/Rva0028951FFind.cpp,no,0,0,25,0
Code/Libraries/Source/WWVegas/WWLib/Rva002897A8Find.cpp,no,0,0,0,1
Code/Libraries/Source/WWVegas/WWLib/Rva00297360ElementCopy.cpp,yes,0,0,0,0
Code/Libraries/Source/WWVegas/WWLib/Rva002983DAEraseRange.cpp,no,1,0,5,0
Code/Libraries/Source/WWVegas/WWLib/Rva002A8D2DFree.cpp,yes,0,0,0,0
Code/Libraries/Source/WWVegas/WWLib/Rva002ABB20PoolFree.cpp,no,1,0,0,0
Code/Libraries/Source/WWVegas/WWLib/Rva002B9349.cpp,no,0,0,1,0
Code/Libraries/Source/WWVegas/WWLib/Rva002B9386.cpp,no,1,0,0,0
Code/Libraries/Source/WWVegas/WWLib/Rva002BBBE7.cpp,yes,0,0,0,0
Code/Libraries/Source/WWVegas/WWLib/Rva002BC39D.cpp,yes,0,0,0,0
Code/Libraries/Source/WWVegas/WWLib/Rva002CF120Copy.cpp,yes,0,0,0,0
Code/Libraries/Source/WWVegas/WWLib/Rva002CF13BCopy.cpp,yes,0,0,0,0
Code/Libraries/Source/WWVegas/WWLib/Rva002CF2D5Erase.cpp,yes,0,0,0,0
Code/Libraries/Source/WWVegas/WWLib/Rva002CF302Erase.cpp,yes,0,0,0,0
Code/Libraries/Source/WWVegas/WWLib/Rva002CF32FErase.cpp,yes,0,0,0,0
Code/Libraries/Source/WWVegas/WWLib/Rva002CF35CCopy.cpp,yes,0,0,0,0
Code/Libraries/Source/WWVegas/WWLib/Rva002CF36ECopy.cpp,yes,0,0,0,0
Code/Libraries/Source/WWVegas/WWLib/Rva002CF7B5Clear.cpp,yes,0,0,0,0
Code/Libraries/Source/WWVegas/WWLib/Rva002CF7DEClear.cpp,yes,0,0,0,0
Code/Libraries/Source/WWVegas/WWLib/Rva002CF807Clear.cpp,yes,0,0,0,0
Code/Libraries/Source/WWVegas/WWLib/Rva002CF84DCreate.cpp,yes,0,0,0,0
Code/Libraries/Source/WWVegas/WWLib/Rva002CF86FCreate.cpp,yes,0,0,0,0
Code/Libraries/Source/WWVegas/WWLib/Rva002CF9DCCreate.cpp,no,1,0,0,0
Code/Libraries/Source/WWVegas/WWLib/Rva002CFA30Clone.cpp,yes,0,0,0,0
Code/Libraries/Source/WWVegas/WWLib/Rva002CFA4EClone.cpp,yes,0,0,0,0
Code/Libraries/Source/WWVegas/WWLib/Rva002CFC7BCopy.cpp,no,1,0,0,0
Code/Libraries/Source/WWVegas/WWLib/Rva002CFCEECopy.cpp,no,1,0,0,0
Code/Libraries/Source/WWVegas/WWLib/Rva002CFD61Erase.cpp,yes,0,0,0,0
Code/Libraries/Source/WWVegas/WWLib/Rva002CFD96Copy.cpp,no,1,0,0,0
Code/Libraries/Source/WWVegas/WWLib/Rva002D0136Assign.cpp,yes,0,0,0,0
Code/Libraries/Source/WWVegas/WWLib/Rva002D01A9Assign.cpp,yes,0,0,0,0
Code/Libraries/Source/WWVegas/WWLib/Rva002D021CAssign.cpp,yes,0,0,0,0
Code/Libraries/Source/WWVegas/WWLib/Rva002D02FDClear.cpp,yes,0,0,0,0
Code/Libraries/Source/WWVegas/WWLib/Rva002D9AD4Assign.cpp,yes,0,0,0,0
Code/Libraries/Source/WWVegas/WWLib/Rva002D9C2FAssign.cpp,yes,0,0,0,0
Code/Libraries/Source/WWVegas/WWLib/Rva002DBD05Get.cpp,no,2,0,0,0
Code/Libraries/Source/WWVegas/WWLib/Rva002E4F50VectorDtor28.cpp,no,1,0,0,0
Code/Libraries/Source/WWVegas/WWLib/Rva002EB416Release.cpp,no,0,0,0,2
Code/Libraries/Source/WWVegas/WWLib/Rva002EB46ERelease.cpp,no,0,0,0,2
Code/Libraries/Source/WWVegas/WWLib/Rva002EBB53SiftUp.cpp,yes,0,0,0,0
Code/Libraries/Source/WWVegas/WWLib/Rva002EE9E0Reset.cpp,no,0,0,0,2
Code/Libraries/Source/WWVegas/WWLib/Rva002EEA1DReset.cpp,no,0,0,0,2
Code/Libraries/Source/WWVegas/WWLib/Rva0030E8DFClear.cpp,no,1,0,0,0
Code/Libraries/Source/WWVegas/WWLib/Rva0032A438Set.cpp,no,0,1,0,0
Code/Libraries/Source/WWVegas/WWLib/Rva0032A46CSet.cpp,no,0,1,0,0
Code/Libraries/Source/WWVegas/WWLib/Rva0032C0CADestroyPairs.cpp,no,0,0,1,0
Code/Libraries/Source/WWVegas/WWLib/Rva00332EC8Copy.cpp,yes,0,0,0,0
Code/Libraries/Source/WWVegas/WWLib/Rva00333295Construct.cpp,yes,0,0,0,0
Code/Libraries/Source/WWVegas/WWLib/Rva0033331BCopy.cpp,yes,0,0,0,0
Code/Libraries/Source/WWVegas/WWLib/Rva0036CA00UninitCopy.cpp,yes,0,0,0,0
Code/Libraries/Source/WWVegas/WWLib/Rva00382A02Init.cpp,yes,0,0,0,0
Code/Libraries/Source/WWVegas/WWLib/Rva00382BA1Alloc.cpp,yes,0,0,0,0
Code/Libraries/Source/WWVegas/WWLib/Rva003A6F70UninitCopy.cpp,yes,0,0,0,0
Code/Libraries/Source/WWVegas/WWLib/Rva003F1EA8UninitCopy.cpp,no,1,0,0,0
Code/Libraries/Source/WWVegas/WWLib/Rva003F1F06Copy.cpp,yes,0,0,0,0
Code/Libraries/Source/WWVegas/WWLib/Rva003F1F38CopyBackward.cpp,yes,0,0,0,0
Code/Libraries/Source/WWVegas/WWLib/Rva003F44A9.cpp,yes,0,0,0,0
Code/Libraries/Source/WWVegas/WWLib/Rva003F498ALoops.cpp,yes,0,0,0,0
Code/Libraries/Source/WWVegas/WWLib/Rva003F4CC0Find.cpp,yes,0,0,0,0
Code/Libraries/Source/WWVegas/WWLib/Rva003F4DCAInnerSize.cpp,yes,0,0,0,0
Code/Libraries/Source/WWVegas/WWLib/Rva003F5970Ctor.cpp,no,0,0,9,0
Code/Libraries/Source/WWVegas/WWLib/Rva004152E6NewNode.cpp,no,1,0,0,0
Code/Libraries/Source/WWVegas/WWLib/Rva00422CA8Cmp.cpp,no,0,0,0,1
Code/Libraries/Source/WWVegas/WWLib/Rva00422D1CFind.cpp,no,0,0,5,1
Code/Libraries/Source/WWVegas/WWLib/Rva00423A4AFillN.cpp,yes,0,0,0,0
Code/Libraries/Source/WWVegas/WWLib/Rva00423A4AUninitCopy.cpp,yes,0,0,0,0
Code/Libraries/Source/WWVegas/WWLib/Rva00439325Erase.cpp,yes,0,0,0,0
Code/Libraries/Source/WWVegas/WWLib/Rva004393D6Copy.cpp,no,0,0,2,0
Code/Libraries/Source/WWVegas/WWLib/Rva004C7542DestroyPairs.cpp,no,0,0,6,0
Code/Libraries/Source/WWVegas/WWLib/Rva004DD73BObjectPoolAllocate.cpp,yes,0,0,0,0
Code/Libraries/Source/WWVegas/WWLib/Rva004E16D9RecordDeletingDtor.cpp,no,0,0,1,0
Code/Libraries/Source/WWVegas/WWLib/Rva004E5012Copy.cpp,no,0,0,8,0
Code/Libraries/Source/WWVegas/WWLib/Rva004E52FBConstruct.cpp,yes,0,0,0,0
Code/Libraries/Source/WWVegas/WWLib/Rva004FFC23Copy.cpp,no,1,0,0,0
Code/Libraries/Source/WWVegas/WWLib/Rva004FFC96Copy.cpp,no,1,0,0,0
Code/Libraries/Source/WWVegas/WWLib/Rva0050EE23Compare.cpp,no,1,0,0,0
Code/Libraries/Source/WWVegas/WWLib/Rva00523149Assign.cpp,no,0,0,9,0
Code/Libraries/Source/WWVegas/WWLib/Rva00523DB7Ctor.cpp,no,1,0,0,0
Code/Libraries/Source/WWVegas/WWLib/Rva00523EFFEqual.cpp,yes,0,0,0,0
Code/Libraries/Source/WWVegas/WWLib/Rva00524021Loop.cpp,no,1,0,0,0
Code/Libraries/Source/WWVegas/WWLib/Rva005242D7Chain.cpp,no,0,1,8,0
Code/Libraries/Source/WWVegas/WWLib/Rva00526275Ctor.cpp,no,1,0,8,0
Code/Libraries/Source/WWVegas/WWLib/Rva00526F46.cpp,yes,0,0,0,0
Code/Libraries/Source/WWVegas/WWLib/Rva00534E13Dtor.cpp,no,0,0,5,0
Code/Libraries/Source/WWVegas/WWLib/Rva00541021Construct.cpp,yes,0,0,0,0
Code/Libraries/Source/WWVegas/WWLib/Rva00541021CopyCtor.cpp,yes,0,0,0,0
Code/Libraries/Source/WWVegas/WWLib/Rva0054103EConstruct.cpp,yes,0,0,0,0
Code/Libraries/Source/WWVegas/WWLib/Rva0054103ECopy.cpp,yes,0,0,0,0
Code/Libraries/Source/WWVegas/WWLib/Rva0054103EFillN.cpp,yes,0,0,0,0
Code/Libraries/Source/WWVegas/WWLib/Rva0054103EUninitCopy.cpp,yes,0,0,0,0
Code/Libraries/Source/WWVegas/WWLib/Rva0054103EVectorInsertOverflow.cpp,no,3,0,2,0
Code/Libraries/Source/WWVegas/WWLib/Rva00548800Contains.cpp,yes,0,0,0,0
Code/Libraries/Source/WWVegas/WWLib/Rva00549D30Median.cpp,yes,0,0,0,0
Code/Libraries/Source/WWVegas/WWLib/Rva00549DCBCmp.cpp,yes,0,0,0,0
Code/Libraries/Source/WWVegas/WWLib/Rva00549F02Median.cpp,yes,0,0,0,0
Code/Libraries/Source/WWVegas/WWLib/Rva0054A037Insert.cpp,yes,0,0,0,0
Code/Libraries/Source/WWVegas/WWLib/Rva0054A0D8Insert.cpp,no,1,0,0,0
Code/Libraries/Source/WWVegas/WWLib/Rva0054A5EEPushHeap.cpp,yes,0,0,0,0
Code/Libraries/Source/WWVegas/WWLib/Rva0054A67BSiftUp.cpp,yes,0,0,0,0
Code/Libraries/Source/WWVegas/WWLib/Rva0054BBB5.cpp,no,0,0,1,0
Code/Libraries/Source/WWVegas/WWLib/Rva00550083Ctor.cpp,no,0,0,4,0
Code/Libraries/Source/WWVegas/WWLib/Rva0055011A00550041.cpp,no,0,0,8,0
Code/Libraries/Source/WWVegas/WWLib/Rva0055011A005504F9.cpp,no,1,0,30,0
Code/Libraries/Source/WWVegas/WWLib/Rva0055011ACtor.cpp,no,3,0,1,0
Code/Libraries/Source/WWVegas/WWLib/Rva005503B1Factory.cpp,yes,0,0,0,0
Code/Libraries/Source/WWVegas/WWLib/Rva00564C58FillN.cpp,yes,0,0,0,0
Code/Libraries/Source/WWVegas/WWLib/Rva00564DCBCopyAssign.cpp,yes,0,0,0,0
Code/Libraries/Source/WWVegas/WWLib/Rva0058431DInsert.cpp,no,1,0,0,0
Code/Libraries/Source/WWVegas/WWLib/Rva005843DACtor.cpp,no,2,0,0,0
Code/Libraries/Source/WWVegas/WWLib/Rva00584C42Ctor.cpp,no,1,0,0,0
Code/Libraries/Source/WWVegas/WWLib/Rva00584E02Inc.cpp,yes,0,0,0,0
Code/Libraries/Source/WWVegas/WWLib/Rva005859F3Fill.cpp,yes,0,0,0,0
Code/Libraries/Source/WWVegas/WWLib/Rva00585B16Dtor.cpp,no,0,0,5,0
Code/Libraries/Source/WWVegas/WWLib/Rva00585CE0Copy.cpp,yes,0,0,0,0
Code/Libraries/Source/WWVegas/WWLib/Rva00586B92Destroy.cpp,yes,0,0,0,0
Code/Libraries/Source/WWVegas/WWLib/Rva00586BABFree.cpp,yes,0,0,0,0
Code/Libraries/Source/WWVegas/WWLib/Rva00586D8ECtor.cpp,no,1,0,0,0
Code/Libraries/Source/WWVegas/WWLib/Rva00586D8EVSlot9.cpp,no,1,0,0,0
Code/Libraries/Source/WWVegas/WWLib/Rva00586D8EVSlots.cpp,yes,0,0,0,0
Code/Libraries/Source/WWVegas/WWLib/Rva00588B8AGet.cpp,yes,0,0,0,0
Code/Libraries/Source/WWVegas/WWLib/Rva005B2DDFLookup.cpp,yes,0,0,0,0
Code/Libraries/Source/WWVegas/WWLib/Rva005D521BCopy.cpp,yes,0,0,0,0
Code/Libraries/Source/WWVegas/WWLib/Rva005D5241FillN.cpp,yes,0,0,0,0
Code/Libraries/Source/WWVegas/WWLib/Rva00603925Next.cpp,yes,0,0,0,0
Code/Libraries/Source/WWVegas/WWLib/Rva00613B90Dtor.cpp,no,0,1,1,0
Code/Libraries/Source/WWVegas/WWLib/Rva00620390Cleanup.cpp,yes,0,0,0,0
Code/Libraries/Source/WWVegas/WWLib/Rva006206E0Clear.cpp,yes,0,0,0,0
Code/Libraries/Source/WWVegas/WWLib/Rva008320A0LocaleThrowRuntimeError.cpp,yes,0,0,0,0
Code/Libraries/Source/WWVegas/WWLib/Rva008403A0GuardTail.cpp,yes,0,0,0,0
Code/Libraries/Source/WWVegas/WWLib/Rva008406D0MaskPredicates.cpp,yes,0,0,0,0
Code/Libraries/Source/WWVegas/WWLib/Rva00844730DualDigitTables.cpp,yes,0,0,0,0
Code/Libraries/Source/WWVegas/WWLib/Rva00844F60DualRangeFind.cpp,yes,0,0,0,0
Code/Libraries/Source/WWVegas/WWLib/Rva0084D860IsSingleByte.cpp,no,0,1,0,0
Code/Libraries/Source/WWVegas/WWLib/Rva0084D890CodePointConversions.c,yes,0,0,0,0
Code/Libraries/Source/WWVegas/WWLib/Rva0084DBStringAndCodePage.cpp,no,1,1,0,0
Code/Libraries/Source/WWVegas/WWLib/Rva0084DD20SignPositions.c,yes,0,0,0,0
Code/Libraries/Source/WWVegas/WWLib/Rva008F9180DequeIncrement.cpp,no,1,0,0,0
Code/Libraries/Source/WWVegas/WWLib/Rva008FB570DequePushBackAux.cpp,no,3,0,0,0
Code/Libraries/Source/WWVegas/WWLib/Rva008FD0E0SetRenderDevice.cpp,yes,0,0,0,0
Code/Libraries/Source/WWVegas/WWLib/Rva00925030GetPlanesChecked.cpp,yes,0,0,0,0
Code/Libraries/Source/WWVegas/WWLib/Rva009E19A0OwnerGet.cpp,no,1,0,0,0
Code/Libraries/Source/WWVegas/WWLib/Rva009F39F0ResultCtor.cpp,yes,0,0,0,0
Code/Libraries/Source/WWVegas/WWLib/Rva009F3C00ResultAppend.cpp,yes,0,0,0,0
Code/Libraries/Source/WWVegas/WWLib/Rva009F3C70ResultAppend.cpp,yes,0,0,0,0
Code/Libraries/Source/WWVegas/WWLib/Rva00E03CE0RegistryInsert.cpp,no,0,0,7,0
Code/Libraries/Source/WWVegas/WWLib/RvaHashIndex00928620.cpp,no,0,0,7,0
Code/Libraries/Source/WWVegas/WWLib/RvaHashResize00927DE0.cpp,no,0,0,13,0
Code/Libraries/Source/WWVegas/WWLib/RvaMapIndexGenP12pod00928690.cpp,yes,0,0,0,0
Code/Libraries/Source/WWVegas/WWLib/RvaTreeFindGenP12pod00927790.cpp,yes,0,0,0,0
Code/Libraries/Source/WWVegas/WWLib/RvaTreeInsertUniqueGenP12pod00927CF0.cpp,no,0,0,2,0
Code/Libraries/Source/WWVegas/WWLib/RvaTreeMInsertGenP12pod0016DBC0.cpp,no,0,0,5,0
Code/Libraries/Source/WWVegas/WWLib/STLDebugAllocAllocate.cpp,no,1,0,0,0
Code/Libraries/Source/WWVegas/WWLib/STLDebugAllocDeallocate.cpp,yes,0,0,0,0
Code/Libraries/Source/WWVegas/WWLib/STLDebugNodeAllocDeallocate.cpp,no,1,0,0,0
Code/Libraries/Source/WWVegas/WWLib/STLMallocAlloc0Allocate.cpp,no,1,0,0,0
Code/Libraries/Source/WWVegas/WWLib/STLMallocAlloc0Deallocate.cpp,yes,0,0,0,0
Code/Libraries/Source/WWVegas/WWLib/STLMallocAlloc0OutOfMemory.cpp,no,1,0,0,0
Code/Libraries/Source/WWVegas/WWLib/STLSlGlobalBoolReverse.cpp,yes,0,0,0,0
Code/Libraries/Source/WWVegas/WWLib/STLSlGlobalBoolSpliceAfter3.cpp,yes,0,0,0,0
Code/Libraries/Source/WWVegas/WWLib/STL_new_alloc_allocateThunk.cpp,no,5,1,3,0
Code/Libraries/Source/WWVegas/WWLib/STL_node_alloc_refillThunk.cpp,no,1,0,1,0
Code/Libraries/Source/WWVegas/WWLib/STL_node_alloc_refill_single.cpp,no,1,0,0,0
Code/Libraries/Source/WWVegas/WWLib/StackProbeBodyThunk.cpp,yes,0,0,0,0
Code/Libraries/Source/WWVegas/WWLib/StlportAsciiStringVectorAssign.cpp,no,0,2,16,0
Code/Libraries/Source/WWVegas/WWLib/StlportAsciiStringVectorDtor.cpp,no,0,1,8,0
Code/Libraries/Source/WWVegas/WWLib/StlportConstructRva003F610F.cpp,yes,0,0,0,0
Code/Libraries/Source/WWVegas/WWLib/StlportCopyRva003F610F.cpp,no,0,0,13,0
Code/Libraries/Source/WWVegas/WWLib/StlportDeque2148Cleanup.cpp,no,1,0,1,0
Code/Libraries/Source/WWVegas/WWLib/StlportDeque40Iterators.cpp,no,1,0,1,0
Code/Libraries/Source/WWVegas/WWLib/StlportDequeIntAux.cpp,no,1,0,2,0
Code/Libraries/Source/WWVegas/WWLib/StlportFixedObject32Assign.cpp,yes,0,0,0,0
Code/Libraries/Source/WWVegas/WWLib/StlportFixedObject60Assign.cpp,no,3,0,23,0
Code/Libraries/Source/WWVegas/WWLib/StlportFixedObject60Construct.cpp,yes,0,0,0,0
Code/Libraries/Source/WWVegas/WWLib/StlportFixedObject60Copy.cpp,no,0,0,1,0
Code/Libraries/Source/WWVegas/WWLib/StlportFixedObject60Vector.cpp,no,3,0,1,0
Code/Libraries/Source/WWVegas/WWLib/StlportListInsertFootprints.cpp,no,0,0,10,0
Code/Libraries/Source/WWVegas/WWLib/StlportNarrowRecord0054FEF1DequeAux.cpp,no,0,0,5,0
Code/Libraries/Source/WWVegas/WWLib/StlportNestedWordDeque.cpp,no,2,0,1,0
Code/Libraries/Source/WWVegas/WWLib/StlportNestedWordDequeAuxV.cpp,no,0,0,2,0
Code/Libraries/Source/WWVegas/WWLib/StlportObject156Vector.cpp,no,2,0,1,0
Code/Libraries/Source/WWVegas/WWLib/StlportObject260Assign.cpp,no,0,0,5,0
Code/Libraries/Source/WWVegas/WWLib/StlportObject260Vector.cpp,no,0,0,2,0
Code/Libraries/Source/WWVegas/WWLib/StlportObject476Vector.cpp,no,4,0,1,0
Code/Libraries/Source/WWVegas/WWLib/StlportObject544Vector.cpp,no,1,0,1,0
Code/Libraries/Source/WWVegas/WWLib/StlportObject872Assign.cpp,no,2,0,4,0
Code/Libraries/Source/WWVegas/WWLib/StlportObject872Vector.cpp,no,2,0,14,0
Code/Libraries/Source/WWVegas/WWLib/StlportOwnedDeque.cpp,no,1,0,1,0
Code/Libraries/Source/WWVegas/WWLib/StlportOwnedRecord1408Destroy.cpp,no,1,0,0,0
Code/Libraries/Source/WWVegas/WWLib/StlportOwnedRecord1432Destroy.cpp,no,1,0,0,0
Code/Libraries/Source/WWVegas/WWLib/StlportOwnedRecordDeque.cpp,no,10,0,31,0
Code/Libraries/Source/WWVegas/WWLib/StlportOwner900VectorDtor.cpp,no,2,2,22,0
Code/Libraries/Source/WWVegas/WWLib/StlportReserveRva0047B35E.cpp,yes,0,0,0,0
Code/Libraries/Source/WWVegas/WWLib/StlportTreeClear0016D500.cpp,no,0,0,1,0
Code/Libraries/Source/WWVegas/WWLib/StlportTreeDtor0016DAA0.cpp,no,0,0,1,0
Code/Libraries/Source/WWVegas/WWLib/StlportTrivialDeque8Cleanup.cpp,no,1,0,1,0
Code/Libraries/Source/WWVegas/WWLib/StlportUnicodeStringVectorDtor.cpp,no,0,1,2,0
Code/Libraries/Source/WWVegas/WWLib/StlportVectorAllocateAndCopyRva002D0EDC.cpp,no,1,0,0,0
Code/Libraries/Source/WWVegas/WWLib/StlportVectorDtor004CC1AD.cpp,yes,0,0,0,0
Code/Libraries/Source/WWVegas/WWLib/StlportVectorDtorChains.cpp,no,2,1,1,0
Code/Libraries/Source/WWVegas/WWLib/StlportVectorDtorFamily.cpp,no,3,0,30,0
Code/Libraries/Source/WWVegas/WWLib/StlportVectorFillInsertRva0030E7FE.cpp,no,0,0,7,0
Code/Libraries/Source/WWVegas/WWLib/StlportVectorFillInsertRva005B1748.cpp,no,0,0,8,0
Code/Libraries/Source/WWVegas/WWLib/StlportVectorGrowthFootprints.cpp,no,14,1,52,0
Code/Libraries/Source/WWVegas/WWLib/StlportVectorInsertOverflowRva0004B22E.cpp,no,2,0,1,0
Code/Libraries/Source/WWVegas/WWLib/StlportVectorInsertOverflowRva000AFF6B.cpp,no,0,0,3,0
Code/Libraries/Source/WWVegas/WWLib/StlportVectorInsertOverflowRva00361680.cpp,no,0,1,4,0
Code/Libraries/Source/WWVegas/WWLib/StlportVectorInsertOverflowRva003A46FA.cpp,no,0,1,5,0
Code/Libraries/Source/WWVegas/WWLib/StlportVectorInsertOverflowRva003F610F.cpp,no,0,0,1,0
Code/Libraries/Source/WWVegas/WWLib/StlportVectorInsertOverflowRva00414BDB.cpp,no,2,0,1,0
Code/Libraries/Source/WWVegas/WWLib/StlportVectorInsertOverflowRva004E38DA.cpp,no,1,0,7,0
Code/Libraries/Source/WWVegas/WWLib/StlportVectorInsertOverflowRva0059B809.cpp,no,0,0,3,0
Code/Libraries/Source/WWVegas/WWLib/StlportVectorOverflowBfmeStringTailRecord144.cpp,no,0,0,7,0
Code/Libraries/Source/WWVegas/WWLib/StlportVectorOverflowRva000C828C.cpp,no,2,0,1,0
Code/Libraries/Source/WWVegas/WWLib/StlportVectorOverflowRva004DA181.cpp,no,1,0,1,0
Code/Libraries/Source/WWVegas/WWLib/StlportVectorOverflowRva00520211.cpp,no,2,0,1,0
Code/Libraries/Source/WWVegas/WWLib/StringBaseLockGetters.cpp,no,1,0,0,0
Code/Libraries/Source/WWVegas/WWLib/StringBaseLockGuardDtor.cpp,yes,0,0,0,0
Code/Libraries/Source/WWVegas/WWLib/StringBaseNarrowCharSourceConcat.cpp,no,1,0,0,0
Code/Libraries/Source/WWVegas/WWLib/StringBaseNarrowRemoveLastChar.cpp,no,0,0,0,1
Code/Libraries/Source/WWVegas/WWLib/StringBaseNarrowSet.cpp,yes,0,0,0,0
Code/Libraries/Source/WWVegas/WWLib/StringBaseNarrowStrLenSet.cpp,no,2,0,0,2
Code/Libraries/Source/WWVegas/WWLib/StringBaseNarrowToLower.cpp,no,0,0,0,1
Code/Libraries/Source/WWVegas/WWLib/StringBaseNarrowToUpper.cpp,no,0,0,0,1
Code/Libraries/Source/WWVegas/WWLib/StringBaseNarrowTrim.cpp,yes,0,0,0,0
Code/Libraries/Source/WWVegas/WWLib/StringBaseSkipSeps.cpp,no,1,0,0,0
Code/Libraries/Source/WWVegas/WWLib/StringBaseSkipSepsW.cpp,no,1,0,0,0
Code/Libraries/Source/WWVegas/WWLib/StringBaseWideCharSourceSet.cpp,no,1,0,0,1
Code/Libraries/Source/WWVegas/WWLib/StringBaseWideCopyCtor.cpp,yes,0,0,0,0
Code/Libraries/Source/WWVegas/WWLib/StringBaseWideReleaseBuffer.cpp,yes,0,0,0,0
Code/Libraries/Source/WWVegas/WWLib/StringBaseWideRemoveLastChar.cpp,no,0,0,0,1
Code/Libraries/Source/WWVegas/WWLib/StringBaseWideSet.cpp,yes,0,0,0,0
Code/Libraries/Source/WWVegas/WWLib/StringBaseWideStrLenSet.cpp,no,2,0,0,1
Code/Libraries/Source/WWVegas/WWLib/StringBaseWideToLower.cpp,no,0,0,0,1
Code/Libraries/Source/WWVegas/WWLib/StringBaseWideToUpper.cpp,no,0,0,0,1
Code/Libraries/Source/WWVegas/WWLib/StringBaseWideTrim.cpp,yes,0,0,0,0
Code/Libraries/Source/WWVegas/WWLib/StringSearch205A2B.cpp,yes,0,0,0,0
Code/Libraries/Source/WWVegas/WWLib/StringSearch205A8D.cpp,yes,0,0,0,0
Code/Libraries/Source/WWVegas/WWLib/StringUtf8Translation.cpp,no,2,0,0,0
Code/Libraries/Source/WWVegas/WWLib/TARGA.CPP,yes,0,0,0,0
Code/Libraries/Source/WWVegas/WWLib/ThreadClassCtor.cpp,no,1,1,2,0
Code/Libraries/Source/WWVegas/WWLib/ThreadClassLifecycle.cpp,no,1,4,0,0
Code/Libraries/Source/WWVegas/WWLib/TreeKey00242F5EFillN.cpp,no,1,0,1,0
Code/Libraries/Source/WWVegas/WWLib/TreeKey00242F5ELess.cpp,yes,0,0,0,0
Code/Libraries/Source/WWVegas/WWLib/TreeKey00242F5EUninitCopy.cpp,no,1,0,0,0
Code/Libraries/Source/WWVegas/WWLib/UnicodeFromAscii.cpp,no,1,0,2,0
Code/Libraries/Source/WWVegas/WWLib/Utf8Conversions.cpp,yes,0,0,0,0
Code/Libraries/Source/WWVegas/WWLib/Vector2Resize.cpp,no,0,0,2,0
Code/Libraries/Source/WWVegas/WWLib/VectorMemberRecordDtors.cpp,no,0,1,5,0
Code/Libraries/Source/WWVegas/WWLib/WideStringGetLength.cpp,yes,0,0,0,0
Code/Libraries/Source/WWVegas/WWLib/ascii_string.cpp,no,2,7,0,0
Code/Libraries/Source/WWVegas/WWLib/b64pipe.cpp,yes,0,0,0,0
Code/Libraries/Source/WWVegas/WWLib/b64straw.cpp,yes,0,0,0,0
Code/Libraries/Source/WWVegas/WWLib/base64.cpp,yes,0,0,0,0
Code/Libraries/Source/WWVegas/WWLib/buff.cpp,no,0,3,3,0
Code/Libraries/Source/WWVegas/WWLib/bufffile.cpp,no,1,1,0,0
Code/Libraries/Source/WWVegas/WWLib/chunkio.cpp,no,0,0,1,0
Code/Libraries/Source/WWVegas/WWLib/chunkio_load_ctor.cpp,no,0,0,1,0
Code/Libraries/Source/WWVegas/WWLib/cpudetect.cpp,no,0,1,1,0
Code/Libraries/Source/WWVegas/WWLib/cpudetect_cpuid.cpp,no,1,1,2,0
Code/Libraries/Source/WWVegas/WWLib/crc.cpp,no,0,0,1,0
Code/Libraries/Source/WWVegas/WWLib/cstraw.cpp,yes,0,0,0,0
Code/Libraries/Source/WWVegas/WWLib/ffactory.cpp,no,1,0,2,0
Code/Libraries/Source/WWVegas/WWLib/gcd_lcm.cpp,yes,0,0,0,0
Code/Libraries/Source/WWVegas/WWLib/hash.cpp,no,0,2,3,0
Code/Libraries/Source/WWVegas/WWLib/ini.cpp,no,1,6,5,0
Code/Libraries/Source/WWVegas/WWLib/ini_PutPKey.cpp,no,0,0,1,0
Code/Libraries/Source/WWVegas/WWLib/ini_duplicate_crc_error.cpp,no,0,1,0,0
Code/Libraries/Source/WWVegas/WWLib/md5.cpp,yes,0,0,0,0
Code/Libraries/Source/WWVegas/WWLib/mem_ops.cpp,no,0,2,0,0
Code/Libraries/Source/WWVegas/WWLib/mem_ops_new_array_tagged.cpp,yes,0,0,0,0
Code/Libraries/Source/WWVegas/WWLib/mixfile.cpp,no,4,2,1,0
Code/Libraries/Source/WWVegas/WWLib/mpmath.cpp,no,0,0,1,0
Code/Libraries/Source/WWVegas/WWLib/msgloop.cpp,no,2,0,1,0
Code/Libraries/Source/WWVegas/WWLib/multilist.cpp,no,0,1,3,0
Code/Libraries/Source/WWVegas/WWLib/mutex.cpp,no,0,2,2,0
Code/Libraries/Source/WWVegas/WWLib/node_alloc_M_deallocateThunk.cpp,no,3,0,1,0
Code/Libraries/Source/WWVegas/WWLib/nstrdup.cpp,no,0,0,0,1
Code/Libraries/Source/WWVegas/WWLib/pipe.cpp,no,0,0,1,0
Code/Libraries/Source/WWVegas/WWLib/pk.cpp,no,4,0,1,0
Code/Libraries/Source/WWVegas/WWLib/quoted_printable.cpp,no,0,4,2,0
Code/Libraries/Source/WWVegas/WWLib/quoted_printable_ascii.cpp,no,0,3,2,0
Code/Libraries/Source/WWVegas/WWLib/quoted_printable_encoders.cpp,no,0,5,6,0
Code/Libraries/Source/WWVegas/WWLib/quoted_printable_unicode.cpp,no,0,5,4,0
Code/Libraries/Source/WWVegas/WWLib/random.cpp,no,0,0,1,0
Code/Libraries/Source/WWVegas/WWLib/rawfile.cpp,no,2,3,5,0
Code/Libraries/Source/WWVegas/WWLib/readline.cpp,yes,0,0,0,0
Code/Libraries/Source/WWVegas/WWLib/realcrc.cpp,no,0,0,1,0
Code/Libraries/Source/WWVegas/WWLib/realcrc_one_arg.cpp,no,1,0,0,0
Code/Libraries/Source/WWVegas/WWLib/registry.cpp,no,0,1,1,0
Code/Libraries/Source/WWVegas/WWLib/sharebuf_float_dtor.cpp,no,0,1,1,0
Code/Libraries/Source/WWVegas/WWLib/sharebuf_refcount_pointer_copy_ctor.cpp,yes,0,0,0,0
Code/Libraries/Source/WWVegas/WWLib/sharebuf_shader_copy_ctor.cpp,no,0,1,4,0
Code/Libraries/Source/WWVegas/WWLib/sharebuf_unsigned_copy_ctor.cpp,no,0,0,2,0
Code/Libraries/Source/WWVegas/WWLib/sharebuf_vector2_copy_ctor.cpp,no,0,0,3,0
Code/Libraries/Source/WWVegas/WWLib/sharebuf_vector2_ctor.cpp,no,0,0,5,0
Code/Libraries/Source/WWVegas/WWLib/sharebuf_vector3_copy_ctor.cpp,no,0,1,2,0
Code/Libraries/Source/WWVegas/WWLib/sharebuf_vector3_resize.cpp,no,0,0,1,0
Code/Libraries/Source/WWVegas/WWLib/sharebuf_vector4_copy_ctor.cpp,no,0,1,2,0
Code/Libraries/Source/WWVegas/WWLib/simpledynvec_uint_add.cpp,no,1,0,0,0
Code/Libraries/Source/WWVegas/WWLib/simpledynvec_vector3_add.cpp,no,1,0,1,0
Code/Libraries/Source/WWVegas/WWLib/simplevec_float_cleanup.cpp,no,0,0,13,0
Code/Libraries/Source/WWVegas/WWLib/simplevec_vector3_dtor.cpp,no,0,2,10,0
Code/Libraries/Source/WWVegas/WWLib/stlport_BaseBitset32DoOr.cpp,yes,0,0,0,0
Code/Libraries/Source/WWVegas/WWLib/stlport_BaseBitset32IsAny.cpp,yes,0,0,0,0
Code/Libraries/Source/WWVegas/WWLib/stlport_CodecvtWideNarrow.cpp,yes,0,0,0,0
Code/Libraries/Source/WWVegas/WWLib/stlport_EnumLocalesProcA.cpp,no,0,1,0,0
Code/Libraries/Source/WWVegas/WWLib/stlport_IosBaseCallbackArrayGrow.cpp,yes,0,0,0,0
Code/Libraries/Source/WWVegas/WWLib/stlport_LocaleCodePageQueries.c,no,1,0,0,8
Code/Libraries/Source/WWVegas/WWLib/stlport_LocaleCtypeCase.c,yes,0,0,0,0
Code/Libraries/Source/WWVegas/WWLib/stlport_LocaleFacets.cpp,no,0,1,0,0
Code/Libraries/Source/WWVegas/WWLib/stlport_LocaleMbtowc.c,yes,0,0,0,0
Code/Libraries/Source/WWVegas/WWLib/stlport_LocaleStrcmp.c,yes,0,0,0,0
Code/Libraries/Source/WWVegas/WWLib/stlport_LocaleTranslateToSystem.c,no,1,0,0,0
Code/Libraries/Source/WWVegas/WWLib/stlport_LocaleWctomb.c,yes,0,0,0,0
Code/Libraries/Source/WWVegas/WWLib/stlport_Rva0028C570.cpp,yes,0,0,0,0
Code/Libraries/Source/WWVegas/WWLib/stlport_Rva00843F20CopyWidenNarrow.cpp,yes,0,0,0,0
Code/Libraries/Source/WWVegas/WWLib/stlport_X4TimeFacets.cpp,no,4,1,6,0
Code/Libraries/Source/WWVegas/WWLib/stlport_adjust_float_buffer.cpp,no,0,1,0,0
Code/Libraries/Source/WWVegas/WWLib/stlport_adjust_heap_rva00204bb8.cpp,yes,0,0,0,0
Code/Libraries/Source/WWVegas/WWLib/stlport_adjust_heap_s4sortelem8.cpp,yes,0,0,0,0
Code/Libraries/Source/WWVegas/WWLib/stlport_adjust_heap_s4sortelem8_desc.cpp,yes,0,0,0,0
Code/Libraries/Source/WWVegas/WWLib/stlport_asciistring_nocase_less.cpp,yes,0,0,0,0
Code/Libraries/Source/WWVegas/WWLib/stlport_asciistring_record_bodies.cpp,no,2,11,7,0
Code/Libraries/Source/WWVegas/WWLib/stlport_asciistring_set_base.cpp,no,0,0,22,0
Code/Libraries/Source/WWVegas/WWLib/stlport_assign_record84_00586BC9.cpp,no,0,1,4,0
Code/Libraries/Source/WWVegas/WWLib/stlport_basic_ifstream_char_default_ctor.cpp,no,0,0,3,0
Code/Libraries/Source/WWVegas/WWLib/stlport_basic_ios_copyfmt.cpp,no,0,0,1,0
Code/Libraries/Source/WWVegas/WWLib/stlport_basic_ios_copyfmt_w.cpp,no,0,0,1,0
Code/Libraries/Source/WWVegas/WWLib/stlport_basic_ios_init.cpp,no,4,1,14,0
Code/Libraries/Source/WWVegas/WWLib/stlport_basic_ofstream_char_default_ctor.cpp,no,0,0,3,0
Code/Libraries/Source/WWVegas/WWLib/stlport_bfmeassignrecord32_adjust_heap.cpp,yes,0,0,0,0
Code/Libraries/Source/WWVegas/WWLib/stlport_bfmeassignrecord32_copy.cpp,no,0,0,1,0
Code/Libraries/Source/WWVegas/WWLib/stlport_bfmeassignrecord32_destroy.cpp,no,0,1,0,0
Code/Libraries/Source/WWVegas/WWLib/stlport_bfmeassignrecord32_dtor.cpp,no,0,1,1,0
Code/Libraries/Source/WWVegas/WWLib/stlport_bfmeassignrecord32_insertion_sort.cpp,yes,0,0,0,0
Code/Libraries/Source/WWVegas/WWLib/stlport_bfmeassignrecord32_insertion_sort_aux.cpp,yes,0,0,0,0
Code/Libraries/Source/WWVegas/WWLib/stlport_bfmeassignrecord32_linear_insert.cpp,yes,0,0,0,0
Code/Libraries/Source/WWVegas/WWLib/stlport_bfmeassignrecord32_make_heap.cpp,yes,0,0,0,0
Code/Libraries/Source/WWVegas/WWLib/stlport_bfmeassignrecord32_push_heap.cpp,yes,0,0,0,0
Code/Libraries/Source/WWVegas/WWLib/stlport_byte_allocator.cpp,yes,0,0,0,0
Code/Libraries/Source/WWVegas/WWLib/stlport_byte_vector_resize_value.cpp,yes,0,0,0,0
Code/Libraries/Source/WWVegas/WWLib/stlport_char_find_0060CB2B.cpp,yes,0,0,0,0
Code/Libraries/Source/WWVegas/WWLib/stlport_char_streambuf_pubimbue.cpp,no,1,0,0,0
Code/Libraries/Source/WWVegas/WWLib/stlport_classic_locale.cpp,no,23,7,96,0
Code/Libraries/Source/WWVegas/WWLib/stlport_collate_virtuals.cpp,yes,0,0,0,0
Code/Libraries/Source/WWVegas/WWLib/stlport_construct_asciistring.cpp,no,1,1,1,0
Code/Libraries/Source/WWVegas/WWLib/stlport_construct_deque_string.cpp,no,1,0,52,0
Code/Libraries/Source/WWVegas/WWLib/stlport_construct_fxlist.cpp,no,0,0,2,0
Code/Libraries/Source/WWVegas/WWLib/stlport_construct_game_structs.cpp,no,0,0,1,0
Code/Libraries/Source/WWVegas/WWLib/stlport_construct_game_structs2.cpp,yes,0,0,0,0
Code/Libraries/Source/WWVegas/WWLib/stlport_construct_game_structs3.cpp,no,2,0,0,0
Code/Libraries/Source/WWVegas/WWLib/stlport_construct_narrow_string.cpp,no,1,0,25,0
Code/Libraries/Source/WWVegas/WWLib/stlport_construct_nested_pair.cpp,no,0,0,2,0
Code/Libraries/Source/WWVegas/WWLib/stlport_construct_pE12_holder.cpp,no,1,0,0,0
Code/Libraries/Source/WWVegas/WWLib/stlport_construct_pod196_wrapper.cpp,no,1,1,1,0
Code/Libraries/Source/WWVegas/WWLib/stlport_construct_pod52_rva.cpp,no,1,0,1,0
Code/Libraries/Source/WWVegas/WWLib/stlport_construct_pod88_rva.cpp,no,1,0,1,0
Code/Libraries/Source/WWVegas/WWLib/stlport_construct_rva585B16.cpp,yes,0,0,0,0
Code/Libraries/Source/WWVegas/WWLib/stlport_construct_stl_types.cpp,no,0,0,46,0
Code/Libraries/Source/WWVegas/WWLib/stlport_construct_stl_types2.cpp,no,0,0,10,0
Code/Libraries/Source/WWVegas/WWLib/stlport_construct_throw_spec.cpp,no,0,3,1,0
Code/Libraries/Source/WWVegas/WWLib/stlport_construct_unicode_string.cpp,no,0,1,1,0
Code/Libraries/Source/WWVegas/WWLib/stlport_copy_backward_e12.cpp,yes,0,0,0,0
Code/Libraries/Source/WWVegas/WWLib/stlport_copy_buildlistinfo.cpp,yes,0,0,0,0
Code/Libraries/Source/WWVegas/WWLib/stlport_copy_camera_marker.cpp,no,1,0,4,0
Code/Libraries/Source/WWVegas/WWLib/stlport_copy_narrow_string.cpp,no,1,0,27,0
Code/Libraries/Source/WWVegas/WWLib/stlport_copy_rva00297360.cpp,yes,0,0,0,0
Code/Libraries/Source/WWVegas/WWLib/stlport_create_filebuf.cpp,no,13,14,53,0
Code/Libraries/Source/WWVegas/WWLib/stlport_cstring_tree_erase_00603A00.cpp,no,0,0,1,0
Code/Libraries/Source/WWVegas/WWLib/stlport_cstring_tree_find_00603A2D.cpp,no,1,0,0,0
Code/Libraries/Source/WWVegas/WWLib/stlport_cstring_tree_less.cpp,yes,0,0,0,0
Code/Libraries/Source/WWVegas/WWLib/stlport_cstring_tree_lookup_00603C0F.cpp,no,2,0,1,0
Code/Libraries/Source/WWVegas/WWLib/stlport_ctype_char_ctor.cpp,no,1,0,0,0
Code/Libraries/Source/WWVegas/WWLib/stlport_ctype_wchar_scan_not.cpp,yes,0,0,0,0
Code/Libraries/Source/WWVegas/WWLib/stlport_deque_destroy_pod.cpp,yes,0,0,0,0
Code/Libraries/Source/WWVegas/WWLib/stlport_deque_e12_copy_backward.cpp,no,0,0,1,0
Code/Libraries/Source/WWVegas/WWLib/stlport_deque_e12_lower_bound.cpp,yes,0,0,0,0
Code/Libraries/Source/WWVegas/WWLib/stlport_deque_e12_new_elements.cpp,no,1,0,18,0
Code/Libraries/Source/WWVegas/WWLib/stlport_deque_e12_o1.cpp,no,1,0,2,0
Code/Libraries/Source/WWVegas/WWLib/stlport_deque_e12_partition.cpp,yes,0,0,0,0
Code/Libraries/Source/WWVegas/WWLib/stlport_deque_e12_postdec.cpp,yes,0,0,0,0
Code/Libraries/Source/WWVegas/WWLib/stlport_deque_e12_sort.cpp,yes,0,0,0,0
Code/Libraries/Source/WWVegas/WWLib/stlport_deque_e16_o1.cpp,no,1,0,1,0
Code/Libraries/Source/WWVegas/WWLib/stlport_deque_e32_initmap.cpp,no,1,0,0,0
Code/Libraries/Source/WWVegas/WWLib/stlport_deque_e8_initmap.cpp,no,1,0,139,0
Code/Libraries/Source/WWVegas/WWLib/stlport_deque_e8_o1.cpp,no,1,0,1,0
Code/Libraries/Source/WWVegas/WWLib/stlport_deque_e8_o2.cpp,no,1,0,140,0
Code/Libraries/Source/WWVegas/WWLib/stlport_deque_e8_pushback_aux.cpp,no,1,0,1,0
Code/Libraries/Source/WWVegas/WWLib/stlport_deque_int.cpp,no,1,0,6,0
Code/Libraries/Source/WWVegas/WWLib/stlport_deque_pod16_base.cpp,no,0,0,4,0
Code/Libraries/Source/WWVegas/WWLib/stlport_deque_pod20_initmap.cpp,no,1,0,20,0
Code/Libraries/Source/WWVegas/WWLib/stlport_deque_pod28_base.cpp,no,0,0,3,0
Code/Libraries/Source/WWVegas/WWLib/stlport_deque_pod8_base.cpp,no,0,0,2,0
Code/Libraries/Source/WWVegas/WWLib/stlport_deque_ptr_o1.cpp,no,1,0,4,0
Code/Libraries/Source/WWVegas/WWLib/stlport_deque_ptr_od.cpp,no,1,0,96,0
Code/Libraries/Source/WWVegas/WWLib/stlport_deque_sighting_initmap.cpp,no,1,0,15,0
Code/Libraries/Source/WWVegas/WWLib/stlport_deque_str_aux.cpp,yes,0,0,0,0
Code/Libraries/Source/WWVegas/WWLib/stlport_deque_str_pushback.cpp,yes,0,0,0,0
Code/Libraries/Source/WWVegas/WWLib/stlport_destroy_0032B580.cpp,yes,0,0,0,0
Code/Libraries/Source/WWVegas/WWLib/stlport_destroy_004e1ad5.cpp,yes,0,0,0,0
Code/Libraries/Source/WWVegas/WWLib/stlport_destroy_004e1fcc.cpp,yes,0,0,0,0
Code/Libraries/Source/WWVegas/WWLib/stlport_destroy_aux_0032A3A9.cpp,yes,0,0,0,0
Code/Libraries/Source/WWVegas/WWLib/stlport_destroy_member20_2bb6be.cpp,no,1,0,0,0
Code/Libraries/Source/WWVegas/WWLib/stlport_destroy_range_0040B52E.cpp,no,0,0,5,0
Code/Libraries/Source/WWVegas/WWLib/stlport_equal_00050E1C.cpp,yes,0,0,0,0
Code/Libraries/Source/WWVegas/WWLib/stlport_file_stream_name_ctors.cpp,no,0,0,9,0
Code/Libraries/Source/WWVegas/WWLib/stlport_filebuf_base.cpp,yes,0,0,0,0
Code/Libraries/Source/WWVegas/WWLib/stlport_filebuf_instantiations.cpp,no,0,0,2,0
Code/Libraries/Source/WWVegas/WWLib/stlport_filebuf_open.cpp,yes,0,0,0,0
Code/Libraries/Source/WWVegas/WWLib/stlport_fill_e12.cpp,yes,0,0,0,0
Code/Libraries/Source/WWVegas/WWLib/stlport_final_insertion_sort_s4sortelem8.cpp,yes,0,0,0,0
Code/Libraries/Source/WWVegas/WWLib/stlport_final_insertion_sort_s4sortelem8_desc.cpp,yes,0,0,0,0
Code/Libraries/Source/WWVegas/WWLib/stlport_find_asciistring.cpp,yes,0,0,0,0
Code/Libraries/Source/WWVegas/WWLib/stlport_float_format.cpp,no,1,2,9,0
Code/Libraries/Source/WWVegas/WWLib/stlport_hash_map_int.cpp,yes,0,0,0,0
Code/Libraries/Source/WWVegas/WWLib/stlport_hash_map_int_next_size.cpp,no,0,0,61,0
Code/Libraries/Source/WWVegas/WWLib/stlport_hash_map_int_resize.cpp,no,0,0,4,0
Code/Libraries/Source/WWVegas/WWLib/stlport_hash_map_string_uint_resize.cpp,no,1,0,57,0
Code/Libraries/Source/WWVegas/WWLib/stlport_hash_string.cpp,no,0,1,1,0
Code/Libraries/Source/WWVegas/WWLib/stlport_hashtable_armor_bkt_num_key.cpp,no,0,0,1,0
Code/Libraries/Source/WWVegas/WWLib/stlport_hashtable_asciistring.cpp,no,0,1,38,0
Code/Libraries/Source/WWVegas/WWLib/stlport_hashtable_hint_00058ead.cpp,yes,0,0,0,0
Code/Libraries/Source/WWVegas/WWLib/stlport_hashtable_int_insert_twins.cpp,no,11,0,0,0
Code/Libraries/Source/WWVegas/WWLib/stlport_hashtable_str_insert.cpp,no,1,0,0,0
Code/Libraries/Source/WWVegas/WWLib/stlport_hashtable_stringrecord_00054F57.cpp,no,0,0,1,0
Code/Libraries/Source/WWVegas/WWLib/stlport_heap_s4sortelem24.cpp,yes,0,0,0,0
Code/Libraries/Source/WWVegas/WWLib/stlport_hero_integer_vector_tree.cpp,no,0,0,17,0
Code/Libraries/Source/WWVegas/WWLib/stlport_hero_integer_vector_tree_insert.cpp,no,0,0,2,0
Code/Libraries/Source/WWVegas/WWLib/stlport_hero_registry_find.cpp,yes,0,0,0,0
Code/Libraries/Source/WWVegas/WWLib/stlport_hero_registry_remove_copy.cpp,yes,0,0,0,0
Code/Libraries/Source/WWVegas/WWLib/stlport_horde_rank_set.cpp,no,0,0,19,0
Code/Libraries/Source/WWVegas/WWLib/stlport_ifstream_name_ctor_0084C300.cpp,no,0,0,1,0
Code/Libraries/Source/WWVegas/WWLib/stlport_insert_grouping.cpp,yes,0,0,0,0
Code/Libraries/Source/WWVegas/WWLib/stlport_insertion_sort_s4sortelem8.cpp,yes,0,0,0,0
Code/Libraries/Source/WWVegas/WWLib/stlport_insertion_sort_s4sortelem8_desc.cpp,yes,0,0,0,0
Code/Libraries/Source/WWVegas/WWLib/stlport_int_algorithm_bodies.cpp,no,0,0,6,0
Code/Libraries/Source/WWVegas/WWLib/stlport_int_introsort_loop.cpp,no,0,0,8,0
Code/Libraries/Source/WWVegas/WWLib/stlport_int_introsort_loop_greater.cpp,no,0,0,7,0
Code/Libraries/Source/WWVegas/WWLib/stlport_int_introsort_loop_rva00422ca8.cpp,yes,0,0,0,0
Code/Libraries/Source/WWVegas/WWLib/stlport_int_linear_insert.cpp,no,0,0,2,0
Code/Libraries/Source/WWVegas/WWLib/stlport_int_reverse.cpp,yes,0,0,0,0
Code/Libraries/Source/WWVegas/WWLib/stlport_introsort_loop_s4sortelem8.cpp,yes,0,0,0,0
Code/Libraries/Source/WWVegas/WWLib/stlport_introsort_loop_s4sortelem8_desc.cpp,yes,0,0,0,0
Code/Libraries/Source/WWVegas/WWLib/stlport_ios_base_ctor.cpp,no,0,1,0,0
Code/Libraries/Source/WWVegas/WWLib/stlport_ios_base_dtor.cpp,no,1,1,1,0
Code/Libraries/Source/WWVegas/WWLib/stlport_ios_base_imbue.cpp,yes,0,0,0,0
Code/Libraries/Source/WWVegas/WWLib/stlport_ios_base_iword.cpp,no,2,0,0,0
Code/Libraries/Source/WWVegas/WWLib/stlport_ios_base_uninitialize.cpp,no,17,14,31,0
Code/Libraries/Source/WWVegas/WWLib/stlport_ios_base_word_array_grow.cpp,yes,0,0,0,0
Code/Libraries/Source/WWVegas/WWLib/stlport_ios_failure_ctor.cpp,yes,0,0,0,0
Code/Libraries/Source/WWVegas/WWLib/stlport_ios_failure_dtor.cpp,yes,0,0,0,0
Code/Libraries/Source/WWVegas/WWLib/stlport_ios_throw_failure.cpp,yes,0,0,0,0
Code/Libraries/Source/WWVegas/WWLib/stlport_linear_insert_s4sortelem8.cpp,yes,0,0,0,0
Code/Libraries/Source/WWVegas/WWLib/stlport_linear_insert_s4sortelem8_desc.cpp,yes,0,0,0,0
Code/Libraries/Source/WWVegas/WWLib/stlport_list_001ea478_insert.cpp,no,0,0,4,0
Code/Libraries/Source/WWVegas/WWLib/stlport_list_00239B46_insert.cpp,no,2,0,4,0
Code/Libraries/Source/WWVegas/WWLib/stlport_list_002b4dc1_append.cpp,yes,0,0,0,0
Code/Libraries/Source/WWVegas/WWLib/stlport_list_002b4dc1_insert.cpp,no,2,0,5,0
Code/Libraries/Source/WWVegas/WWLib/stlport_list_00415f34_insert.cpp,no,2,0,4,0
Code/Libraries/Source/WWVegas/WWLib/stlport_list_asciistring_create_node.cpp,no,1,0,12,0
Code/Libraries/Source/WWVegas/WWLib/stlport_list_asciistring_insert.cpp,no,0,0,12,0
Code/Libraries/Source/WWVegas/WWLib/stlport_list_asciistring_remove.cpp,no,0,0,6,0
Code/Libraries/Source/WWVegas/WWLib/stlport_list_b757d_insert.cpp,no,1,1,4,0
Code/Libraries/Source/WWVegas/WWLib/stlport_list_buddymessage_erase.cpp,yes,0,0,0,0
Code/Libraries/Source/WWVegas/WWLib/stlport_list_cameramarker_clear.cpp,no,2,0,6,0
Code/Libraries/Source/WWVegas/WWLib/stlport_list_cameramarker_erase.cpp,no,2,0,4,0
Code/Libraries/Source/WWVegas/WWLib/stlport_list_create_node_vecuint.cpp,yes,0,0,0,0
Code/Libraries/Source/WWVegas/WWLib/stlport_list_create_nodes.cpp,yes,0,0,0,0
Code/Libraries/Source/WWVegas/WWLib/stlport_list_create_nodes2.cpp,no,2,0,0,0
Code/Libraries/Source/WWVegas/WWLib/stlport_list_float4_469c61_insert.cpp,no,2,0,4,0
Code/Libraries/Source/WWVegas/WWLib/stlport_list_global_transfer.cpp,yes,0,0,0,0
Code/Libraries/Source/WWVegas/WWLib/stlport_list_int.cpp,yes,0,0,0,0
Code/Libraries/Source/WWVegas/WWLib/stlport_list_int_dtor.cpp,no,0,0,4,0
Code/Libraries/Source/WWVegas/WWLib/stlport_list_int_insert.cpp,no,0,0,59,0
Code/Libraries/Source/WWVegas/WWLib/stlport_list_int_o1.cpp,no,0,0,59,0
Code/Libraries/Source/WWVegas/WWLib/stlport_list_int_remove_guard.cpp,no,0,0,8,0
Code/Libraries/Source/WWVegas/WWLib/stlport_list_objectptr_construct.cpp,no,0,0,14,0
Code/Libraries/Source/WWVegas/WWLib/stlport_list_objectptr_copy.cpp,yes,0,0,0,0
Code/Libraries/Source/WWVegas/WWLib/stlport_list_objectptr_filln.cpp,yes,0,0,0,0
Code/Libraries/Source/WWVegas/WWLib/stlport_list_objectptr_insert.cpp,no,0,0,24,0
Code/Libraries/Source/WWVegas/WWLib/stlport_list_opaqueref_erase.cpp,no,2,0,3,0
Code/Libraries/Source/WWVegas/WWLib/stlport_list_pod196_insert.cpp,no,0,0,4,0
Code/Libraries/Source/WWVegas/WWLib/stlport_list_pod264_insert.cpp,no,0,0,4,0
Code/Libraries/Source/WWVegas/WWLib/stlport_list_rva001EA443_clear.cpp,no,2,0,5,0
Code/Libraries/Source/WWVegas/WWLib/stlport_list_rva0036ca00str_insert.cpp,no,2,1,5,0
Code/Libraries/Source/WWVegas/WWLib/stlport_list_rva005F8F96_clear.cpp,no,0,0,3,0
Code/Libraries/Source/WWVegas/WWLib/stlport_list_s_o1.cpp,no,0,0,3,0
Code/Libraries/Source/WWVegas/WWLib/stlport_list_string_erase_00424363.cpp,no,1,0,70,0
Code/Libraries/Source/WWVegas/WWLib/stlport_list_treehintopaque_00436e3b.cpp,no,1,0,3,0
Code/Libraries/Source/WWVegas/WWLib/stlport_list_treekey00242f5e_create_node.cpp,no,1,0,4,0
Code/Libraries/Source/WWVegas/WWLib/stlport_list_treekey00242f5e_insert.cpp,no,1,0,6,0
Code/Libraries/Source/WWVegas/WWLib/stlport_list_unicodestring_create_node.cpp,no,0,2,13,0
Code/Libraries/Source/WWVegas/WWLib/stlport_list_unicodestring_insert.cpp,no,0,2,10,0
Code/Libraries/Source/WWVegas/WWLib/stlport_loc_init.cpp,no,1,0,0,0
Code/Libraries/Source/WWVegas/WWLib/stlport_locale.cpp,no,1,4,1,0
Code/Libraries/Source/WWVegas/WWLib/stlport_locale_equal.cpp,no,2,0,1,0
Code/Libraries/Source/WWVegas/WWLib/stlport_locale_facet_dtor.cpp,no,0,1,1,0
Code/Libraries/Source/WWVegas/WWLib/stlport_locale_facet_subclass_dtors.cpp,no,15,0,0,0
Code/Libraries/Source/WWVegas/WWLib/stlport_locale_global.cpp,no,3,4,1,0
Code/Libraries/Source/WWVegas/WWLib/stlport_locale_ids.cpp,yes,0,0,0,0
Code/Libraries/Source/WWVegas/WWLib/stlport_locale_impl_ctor.cpp,no,2,1,1,0
Code/Libraries/Source/WWVegas/WWLib/stlport_locale_impl_dtor.cpp,yes,0,0,0,0
Code/Libraries/Source/WWVegas/WWLib/stlport_locale_name.cpp,yes,0,0,0,0
Code/Libraries/Source/WWVegas/WWLib/stlport_locale_not_equal.cpp,yes,0,0,0,0
Code/Libraries/Source/WWVegas/WWLib/stlport_locomotor_map_assign_002D0E69.cpp,yes,0,0,0,0
Code/Libraries/Source/WWVegas/WWLib/stlport_locomotor_map_copy.cpp,no,1,0,1,0
Code/Libraries/Source/WWVegas/WWLib/stlport_locomotor_map_copy_002D0DA1.cpp,yes,0,0,0,0
Code/Libraries/Source/WWVegas/WWLib/stlport_lower_bound_uint.cpp,no,0,0,3,0
Code/Libraries/Source/WWVegas/WWLib/stlport_make_heap_fwd_rva00204bb8.cpp,yes,0,0,0,0
Code/Libraries/Source/WWVegas/WWLib/stlport_make_heap_fwd_s4sortelem8.cpp,yes,0,0,0,0
Code/Libraries/Source/WWVegas/WWLib/stlport_make_heap_fwd_s4sortelem8_desc.cpp,yes,0,0,0,0
Code/Libraries/Source/WWVegas/WWLib/stlport_make_heap_rva00204bb8.cpp,yes,0,0,0,0
Code/Libraries/Source/WWVegas/WWLib/stlport_make_heap_s4sortelem8.cpp,yes,0,0,0,0
Code/Libraries/Source/WWVegas/WWLib/stlport_make_heap_s4sortelem8_desc.cpp,yes,0,0,0,0
Code/Libraries/Source/WWVegas/WWLib/stlport_map_asciistring_index.cpp,no,1,1,1,0
Code/Libraries/Source/WWVegas/WWLib/stlport_map_asciistring_nocase4_insert.cpp,no,0,0,4,0
Code/Libraries/Source/WWVegas/WWLib/stlport_map_int_asciistring_clone.cpp,no,0,1,4,0
Code/Libraries/Source/WWVegas/WWLib/stlport_map_int_int.cpp,no,0,0,2,0
Code/Libraries/Source/WWVegas/WWLib/stlport_map_int_int_copy.cpp,no,1,0,1,0
Code/Libraries/Source/WWVegas/WWLib/stlport_map_int_int_copy_002B61FB.cpp,yes,0,0,0,0
Code/Libraries/Source/WWVegas/WWLib/stlport_map_int_int_copy_0041848D.cpp,yes,0,0,0,0
Code/Libraries/Source/WWVegas/WWLib/stlport_map_int_int_copy_00418E05.cpp,yes,0,0,0,0
Code/Libraries/Source/WWVegas/WWLib/stlport_map_int_int_copy_004E1D95.cpp,yes,0,0,0,0
Code/Libraries/Source/WWVegas/WWLib/stlport_map_int_int_copy_005F230E.cpp,yes,0,0,0,0
Code/Libraries/Source/WWVegas/WWLib/stlport_map_int_int_copy_006008E6.cpp,yes,0,0,0,0
Code/Libraries/Source/WWVegas/WWLib/stlport_map_int_int_copy_os.cpp,yes,0,0,0,0
Code/Libraries/Source/WWVegas/WWLib/stlport_map_int_int_create_node.cpp,no,0,0,72,0
Code/Libraries/Source/WWVegas/WWLib/stlport_map_int_int_os.cpp,no,1,0,75,0
Code/Libraries/Source/WWVegas/WWLib/stlport_map_int_pod16_subscript.cpp,no,0,0,3,0
Code/Libraries/Source/WWVegas/WWLib/stlport_map_int_pod52_o1.cpp,no,0,0,8,0
Code/Libraries/Source/WWVegas/WWLib/stlport_map_int_pod52_tree_dtor.cpp,no,0,0,9,0
Code/Libraries/Source/WWVegas/WWLib/stlport_map_int_ptr_insert.cpp,no,0,0,3,0
Code/Libraries/Source/WWVegas/WWLib/stlport_map_int_ptr_insert_hint.cpp,no,0,0,2,0
Code/Libraries/Source/WWVegas/WWLib/stlport_map_int_ptr_lower.cpp,no,0,0,6,0
Code/Libraries/Source/WWVegas/WWLib/stlport_map_int_ptr_o1.cpp,no,0,0,4,0
Code/Libraries/Source/WWVegas/WWLib/stlport_map_int_ptr_tree_copy.cpp,no,0,0,2,0
Code/Libraries/Source/WWVegas/WWLib/stlport_map_int_ptr_tree_copy2.cpp,no,0,0,2,0
Code/Libraries/Source/WWVegas/WWLib/stlport_map_int_ptr_tree_copy3.cpp,no,0,0,2,0
Code/Libraries/Source/WWVegas/WWLib/stlport_map_int_ptr_tree_copy4.cpp,no,0,0,2,0
Code/Libraries/Source/WWVegas/WWLib/stlport_map_int_ptr_tree_dtor.cpp,no,0,0,1,0
Code/Libraries/Source/WWVegas/WWLib/stlport_map_int_sbserver.cpp,no,1,0,4,0
Code/Libraries/Source/WWVegas/WWLib/stlport_map_long_ladderpref.cpp,no,1,0,10,0
Code/Libraries/Source/WWVegas/WWLib/stlport_map_namekey_pristinebone.cpp,no,0,0,45,0
Code/Libraries/Source/WWVegas/WWLib/stlport_map_rva00407E28.cpp,no,0,0,22,0
Code/Libraries/Source/WWVegas/WWLib/stlport_map_uint_image_insert.cpp,no,0,0,6,0
Code/Libraries/Source/WWVegas/WWLib/stlport_median_rva00204bb8.cpp,yes,0,0,0,0
Code/Libraries/Source/WWVegas/WWLib/stlport_messages_ctors.cpp,yes,0,0,0,0
Code/Libraries/Source/WWVegas/WWLib/stlport_messages_dtors.cpp,no,3,0,0,0
Code/Libraries/Source/WWVegas/WWLib/stlport_messages_virtuals.cpp,no,0,0,10,0
Code/Libraries/Source/WWVegas/WWLib/stlport_moduledatavector_push.cpp,no,1,0,9,0
Code/Libraries/Source/WWVegas/WWLib/stlport_modulefactory_map_copy.cpp,yes,0,0,0,0
Code/Libraries/Source/WWVegas/WWLib/stlport_modulefactory_map_copy_00413E73.cpp,yes,0,0,0,0
Code/Libraries/Source/WWVegas/WWLib/stlport_modulefactory_map_copyctor_00413EE6.cpp,no,0,0,2,0
Code/Libraries/Source/WWVegas/WWLib/stlport_modulefactory_map_insert_unique.cpp,no,0,0,6,0
Code/Libraries/Source/WWVegas/WWLib/stlport_money_get.cpp,no,1,1,15,0
Code/Libraries/Source/WWVegas/WWLib/stlport_money_get_wide.cpp,no,3,0,29,0
Code/Libraries/Source/WWVegas/WWLib/stlport_money_put.cpp,no,1,1,15,0
Code/Libraries/Source/WWVegas/WWLib/stlport_money_put_long_double.cpp,no,2,1,17,0
Code/Libraries/Source/WWVegas/WWLib/stlport_money_put_wide.cpp,no,3,0,29,0
Code/Libraries/Source/WWVegas/WWLib/stlport_moneypunct_ctors.cpp,no,29,0,0,0
Code/Libraries/Source/WWVegas/WWLib/stlport_moneypunct_dtors.cpp,no,29,0,0,0
Code/Libraries/Source/WWVegas/WWLib/stlport_moneypunct_virtuals.cpp,yes,0,0,0,0
Code/Libraries/Source/WWVegas/WWLib/stlport_mutex_acquire.cpp,no,0,1,0,0
Code/Libraries/Source/WWVegas/WWLib/stlport_mutex_spin.cpp,yes,0,0,0,0
Code/Libraries/Source/WWVegas/WWLib/stlport_narrow_codecvt_virtuals.cpp,yes,0,0,0,0
Code/Libraries/Source/WWVegas/WWLib/stlport_narrow_copy_digits.cpp,yes,0,0,0,0
Code/Libraries/Source/WWVegas/WWLib/stlport_narrow_copy_float_and_fill.cpp,yes,0,0,0,0
Code/Libraries/Source/WWVegas/WWLib/stlport_narrow_copy_grouped_digits.cpp,yes,0,0,0,0
Code/Libraries/Source/WWVegas/WWLib/stlport_narrow_copy_integer_and_fill.cpp,no,0,0,2,0
Code/Libraries/Source/WWVegas/WWLib/stlport_narrow_copy_sign.cpp,yes,0,0,0,0
Code/Libraries/Source/WWVegas/WWLib/stlport_narrow_ctype_virtuals.cpp,yes,0,0,0,0
Code/Libraries/Source/WWVegas/WWLib/stlport_narrow_do_get_integer_int64.cpp,yes,0,0,0,0
Code/Libraries/Source/WWVegas/WWLib/stlport_narrow_do_get_integer_long.cpp,yes,0,0,0,0
Code/Libraries/Source/WWVegas/WWLib/stlport_narrow_do_get_integer_uint16.cpp,yes,0,0,0,0
Code/Libraries/Source/WWVegas/WWLib/stlport_narrow_do_get_integer_uint64.cpp,yes,0,0,0,0
Code/Libraries/Source/WWVegas/WWLib/stlport_narrow_do_get_integer_ulong.cpp,yes,0,0,0,0
Code/Libraries/Source/WWVegas/WWLib/stlport_narrow_filebuf.cpp,no,8,1,0,0
Code/Libraries/Source/WWVegas/WWLib/stlport_narrow_filebuf_allocate.cpp,no,0,0,1,0
Code/Libraries/Source/WWVegas/WWLib/stlport_narrow_filebuf_mmap_underflow.cpp,no,1,0,2,0
Code/Libraries/Source/WWVegas/WWLib/stlport_narrow_filebuf_overflow.cpp,no,0,1,1,0
Code/Libraries/Source/WWVegas/WWLib/stlport_narrow_filebuf_seek_return.cpp,no,0,0,1,0
Code/Libraries/Source/WWVegas/WWLib/stlport_narrow_filebuf_underflow.cpp,no,8,0,47,0
Code/Libraries/Source/WWVegas/WWLib/stlport_narrow_fstream.cpp,no,10,0,13,0
Code/Libraries/Source/WWVegas/WWLib/stlport_narrow_get_base_or_zero.cpp,no,0,0,1,0
Code/Libraries/Source/WWVegas/WWLib/stlport_narrow_get_decimal_long.cpp,yes,0,0,0,0
Code/Libraries/Source/WWVegas/WWLib/stlport_narrow_get_decimal_long_double.cpp,no,1,0,1,0
Code/Libraries/Source/WWVegas/WWLib/stlport_narrow_get_decimal_reader.cpp,no,1,0,0,0
Code/Libraries/Source/WWVegas/WWLib/stlport_narrow_get_formatted_time.cpp,no,0,0,4,0
Code/Libraries/Source/WWVegas/WWLib/stlport_narrow_get_integer_int64.cpp,yes,0,0,0,0
Code/Libraries/Source/WWVegas/WWLib/stlport_narrow_get_integer_long.cpp,yes,0,0,0,0
Code/Libraries/Source/WWVegas/WWLib/stlport_narrow_get_integer_long_double.cpp,yes,0,0,0,0
Code/Libraries/Source/WWVegas/WWLib/stlport_narrow_get_integer_uint16.cpp,yes,0,0,0,0
Code/Libraries/Source/WWVegas/WWLib/stlport_narrow_get_integer_uint64.cpp,yes,0,0,0,0
Code/Libraries/Source/WWVegas/WWLib/stlport_narrow_get_integer_ulong.cpp,yes,0,0,0,0
Code/Libraries/Source/WWVegas/WWLib/stlport_narrow_get_monetary_value.cpp,no,0,0,2,0
Code/Libraries/Source/WWVegas/WWLib/stlport_narrow_ifstream.cpp,no,10,0,13,0
Code/Libraries/Source/WWVegas/WWLib/stlport_narrow_ios.cpp,no,3,0,8,0
Code/Libraries/Source/WWVegas/WWLib/stlport_narrow_ios_imbue.cpp,no,3,0,20,0
Code/Libraries/Source/WWVegas/WWLib/stlport_narrow_istream.cpp,no,3,0,8,0
Code/Libraries/Source/WWVegas/WWLib/stlport_narrow_istreambuf_iterator.cpp,yes,0,0,0,0
Code/Libraries/Source/WWVegas/WWLib/stlport_narrow_istreambuf_iterator_equal.cpp,no,0,0,1,0
Code/Libraries/Source/WWVegas/WWLib/stlport_narrow_istreambuf_iterator_getc.cpp,no,0,0,1,0
Code/Libraries/Source/WWVegas/WWLib/stlport_narrow_mismatch.cpp,no,0,1,4,0
Code/Libraries/Source/WWVegas/WWLib/stlport_narrow_money_get_long_double.cpp,no,2,0,21,0
Code/Libraries/Source/WWVegas/WWLib/stlport_narrow_money_get_string.cpp,no,2,3,22,0
Code/Libraries/Source/WWVegas/WWLib/stlport_narrow_money_put_string.cpp,no,3,4,17,0
Code/Libraries/Source/WWVegas/WWLib/stlport_narrow_num_get.cpp,no,1,4,26,0
Code/Libraries/Source/WWVegas/WWLib/stlport_narrow_num_get_bool.cpp,no,1,2,11,0
Code/Libraries/Source/WWVegas/WWLib/stlport_narrow_num_get_double.cpp,no,0,2,0,0
Code/Libraries/Source/WWVegas/WWLib/stlport_narrow_num_get_long_double.cpp,no,0,1,0,0
Code/Libraries/Source/WWVegas/WWLib/stlport_narrow_num_put.cpp,no,3,5,5,0
Code/Libraries/Source/WWVegas/WWLib/stlport_narrow_num_put_bool.cpp,no,2,2,12,0
Code/Libraries/Source/WWVegas/WWLib/stlport_narrow_num_put_voidptr.cpp,no,0,1,1,0
Code/Libraries/Source/WWVegas/WWLib/stlport_narrow_ofstream.cpp,no,10,0,13,0
Code/Libraries/Source/WWVegas/WWLib/stlport_narrow_ostream.cpp,no,2,0,8,0
Code/Libraries/Source/WWVegas/WWLib/stlport_narrow_ostream_put_num.cpp,no,2,0,110,0
Code/Libraries/Source/WWVegas/WWLib/stlport_narrow_ostringstream.cpp,no,9,0,17,0
Code/Libraries/Source/WWVegas/WWLib/stlport_narrow_ostringstream_ctor.cpp,no,9,0,65,0
Code/Libraries/Source/WWVegas/WWLib/stlport_narrow_ostringstream_dtor.cpp,no,9,0,81,0
Code/Libraries/Source/WWVegas/WWLib/stlport_narrow_put_integer.cpp,no,0,2,2,0
Code/Libraries/Source/WWVegas/WWLib/stlport_narrow_read_float.cpp,yes,0,0,0,0
Code/Libraries/Source/WWVegas/WWLib/stlport_narrow_streambuf_defaults.cpp,no,0,0,3,0
Code/Libraries/Source/WWVegas/WWLib/stlport_narrow_streambuf_dtor.cpp,no,0,0,1,0
Code/Libraries/Source/WWVegas/WWLib/stlport_narrow_streambuf_snextc_aux.cpp,yes,0,0,0,0
Code/Libraries/Source/WWVegas/WWLib/stlport_narrow_streambuf_uflow.cpp,no,0,3,0,0
Code/Libraries/Source/WWVegas/WWLib/stlport_narrow_streambuf_xs.cpp,no,0,2,2,0
Code/Libraries/Source/WWVegas/WWLib/stlport_narrow_streambuf_xsputnc_vendor.cpp,no,0,1,1,0
Code/Libraries/Source/WWVegas/WWLib/stlport_narrow_string.cpp,no,2,1,1,0
Code/Libraries/Source/WWVegas/WWLib/stlport_narrow_string_allocate_block.cpp,yes,0,0,0,0
Code/Libraries/Source/WWVegas/WWLib/stlport_narrow_string_allocator_ctor.cpp,no,0,0,2,0
Code/Libraries/Source/WWVegas/WWLib/stlport_narrow_string_assign_copy.cpp,no,0,0,1,0
Code/Libraries/Source/WWVegas/WWLib/stlport_narrow_string_assign_dispatch.cpp,yes,0,0,0,0
Code/Libraries/Source/WWVegas/WWLib/stlport_narrow_string_base_dtor.cpp,no,1,0,1,0
Code/Libraries/Source/WWVegas/WWLib/stlport_narrow_string_copy.cpp,no,0,0,1,0
Code/Libraries/Source/WWVegas/WWLib/stlport_narrow_string_copy_ctor.cpp,no,0,0,1,0
Code/Libraries/Source/WWVegas/WWLib/stlport_narrow_string_cstr_ctor.cpp,no,0,0,2,0
Code/Libraries/Source/WWVegas/WWLib/stlport_narrow_string_default_ctor.cpp,no,0,0,1,0
Code/Libraries/Source/WWVegas/WWLib/stlport_narrow_string_fill_ctor.cpp,no,0,0,2,0
Code/Libraries/Source/WWVegas/WWLib/stlport_narrow_string_insert.cpp,yes,0,0,0,0
Code/Libraries/Source/WWVegas/WWLib/stlport_narrow_string_insert_aux.cpp,no,0,0,3,0
Code/Libraries/Source/WWVegas/WWLib/stlport_narrow_string_not_equal.cpp,yes,0,0,0,0
Code/Libraries/Source/WWVegas/WWLib/stlport_narrow_string_push_back.cpp,yes,0,0,0,0
Code/Libraries/Source/WWVegas/WWLib/stlport_narrow_string_range_ctors.cpp,no,3,0,4,0
Code/Libraries/Source/WWVegas/WWLib/stlport_narrow_string_range_init.cpp,yes,0,0,0,0
Code/Libraries/Source/WWVegas/WWLib/stlport_narrow_string_range_init_2arg.cpp,no,0,1,0,0
Code/Libraries/Source/WWVegas/WWLib/stlport_narrow_string_reserve.cpp,no,0,0,1,0
Code/Libraries/Source/WWVegas/WWLib/stlport_narrow_stringbuf.cpp,no,8,0,15,0
Code/Libraries/Source/WWVegas/WWLib/stlport_narrow_stringbuf_dtor.cpp,no,1,0,3,0
Code/Libraries/Source/WWVegas/WWLib/stlport_narrow_stringbuf_overflow_setbuf.cpp,no,8,0,77,0
Code/Libraries/Source/WWVegas/WWLib/stlport_narrow_time_get_ctor.cpp,yes,0,0,0,0
Code/Libraries/Source/WWVegas/WWLib/stlport_narrow_time_get_dtor.cpp,no,0,1,1,0
Code/Libraries/Source/WWVegas/WWLib/stlport_narrow_time_get_names.cpp,yes,0,0,0,0
Code/Libraries/Source/WWVegas/WWLib/stlport_narrow_time_get_readers.cpp,no,0,2,6,0
Code/Libraries/Source/WWVegas/WWLib/stlport_narrow_time_put_ctor.cpp,yes,0,0,0,0
Code/Libraries/Source/WWVegas/WWLib/stlport_narrow_time_put_do_put.cpp,no,0,0,3,0
Code/Libraries/Source/WWVegas/WWLib/stlport_narrow_time_put_dtor.cpp,no,0,0,2,0
Code/Libraries/Source/WWVegas/WWLib/stlport_nocase_asciistring_set_cleanup.cpp,no,0,0,4,0
Code/Libraries/Source/WWVegas/WWLib/stlport_numpunct_virtuals.cpp,no,5,0,25,0
Code/Libraries/Source/WWVegas/WWLib/stlport_ofstream_fd_ctor.cpp,no,0,0,3,0
Code/Libraries/Source/WWVegas/WWLib/stlport_ostreambuf_iterator.cpp,yes,0,0,0,0
Code/Libraries/Source/WWVegas/WWLib/stlport_ostreambuf_iterator_assign.cpp,no,0,0,2,0
Code/Libraries/Source/WWVegas/WWLib/stlport_ostrstream_dtor.cpp,yes,0,0,0,0
Code/Libraries/Source/WWVegas/WWLib/stlport_pair_treehintopaque_00436e3b.cpp,no,1,2,0,0
Code/Libraries/Source/WWVegas/WWLib/stlport_partial_sort_pub_rva00204bb8.cpp,yes,0,0,0,0
Code/Libraries/Source/WWVegas/WWLib/stlport_partial_sort_rva00204bb8.cpp,yes,0,0,0,0
Code/Libraries/Source/WWVegas/WWLib/stlport_partial_sort_s4sortelem8.cpp,yes,0,0,0,0
Code/Libraries/Source/WWVegas/WWLib/stlport_partial_sort_s4sortelem8_desc.cpp,yes,0,0,0,0
Code/Libraries/Source/WWVegas/WWLib/stlport_pod28_vector_resize_value.cpp,yes,0,0,0,0
Code/Libraries/Source/WWVegas/WWLib/stlport_pod44_vector_resize_value.cpp,yes,0,0,0,0
Code/Libraries/Source/WWVegas/WWLib/stlport_pod52_fill_insert_1de5d2.cpp,no,1,0,7,0
Code/Libraries/Source/WWVegas/WWLib/stlport_pod52_vector_resize_value.cpp,yes,0,0,0,0
Code/Libraries/Source/WWVegas/WWLib/stlport_pod60_copy_backward.cpp,yes,0,0,0,0
Code/Libraries/Source/WWVegas/WWLib/stlport_pod60_vector_resize_value.cpp,no,2,0,0,0
Code/Libraries/Source/WWVegas/WWLib/stlport_pod8_resize_byvalue.cpp,no,0,0,3,0
Code/Libraries/Source/WWVegas/WWLib/stlport_pod_deque_bodies.cpp,no,1,0,2,0
Code/Libraries/Source/WWVegas/WWLib/stlport_pod_hash_bodies.cpp,no,0,0,35,0
Code/Libraries/Source/WWVegas/WWLib/stlport_pod_large_bodies.cpp,no,1,0,3,0
Code/Libraries/Source/WWVegas/WWLib/stlport_pod_list_bodies.cpp,no,0,1,3,0
Code/Libraries/Source/WWVegas/WWLib/stlport_pod_map_bodies.cpp,no,0,0,6,0
Code/Libraries/Source/WWVegas/WWLib/stlport_pod_map_insert_unique.cpp,no,0,0,3,0
Code/Libraries/Source/WWVegas/WWLib/stlport_pod_map_mcopy.cpp,no,0,0,2,0
Code/Libraries/Source/WWVegas/WWLib/stlport_pod_noexc_bodies.cpp,no,1,0,143,0
Code/Libraries/Source/WWVegas/WWLib/stlport_pod_vector_bodies.cpp,no,1,0,20,0
Code/Libraries/Source/WWVegas/WWLib/stlport_pod_vector_malloc_bodies.cpp,no,1,0,45,0
Code/Libraries/Source/WWVegas/WWLib/stlport_pod_vector_o2_bodies.cpp,no,1,0,49,0
Code/Libraries/Source/WWVegas/WWLib/stlport_pop_fwd_rva00204bb8.cpp,yes,0,0,0,0
Code/Libraries/Source/WWVegas/WWLib/stlport_pop_heap_aux_s4sortelem8.cpp,yes,0,0,0,0
Code/Libraries/Source/WWVegas/WWLib/stlport_pop_heap_aux_s4sortelem8_desc.cpp,yes,0,0,0,0
Code/Libraries/Source/WWVegas/WWLib/stlport_pop_heap_public_s4sortelem8.cpp,yes,0,0,0,0
Code/Libraries/Source/WWVegas/WWLib/stlport_pop_heap_public_s4sortelem8_desc.cpp,yes,0,0,0,0
Code/Libraries/Source/WWVegas/WWLib/stlport_pop_heap_rva00204bb8.cpp,yes,0,0,0,0
Code/Libraries/Source/WWVegas/WWLib/stlport_pop_heap_s4sortelem24.cpp,yes,0,0,0,0
Code/Libraries/Source/WWVegas/WWLib/stlport_pop_heap_s4sortelem8.cpp,yes,0,0,0,0
Code/Libraries/Source/WWVegas/WWLib/stlport_pop_heap_s4sortelem8_desc.cpp,yes,0,0,0,0
Code/Libraries/Source/WWVegas/WWLib/stlport_pop_wrapper_rva00204bb8.cpp,yes,0,0,0,0
Code/Libraries/Source/WWVegas/WWLib/stlport_prereq_destroy_3b46c7.cpp,no,0,0,1,0
Code/Libraries/Source/WWVegas/WWLib/stlport_push_heap_rva00204bb8.cpp,yes,0,0,0,0
Code/Libraries/Source/WWVegas/WWLib/stlport_push_heap_rva00422ca8.cpp,no,2,0,0,0
Code/Libraries/Source/WWVegas/WWLib/stlport_push_heap_s4sortelem24.cpp,yes,0,0,0,0
Code/Libraries/Source/WWVegas/WWLib/stlport_push_heap_s4sortelem8.cpp,yes,0,0,0,0
Code/Libraries/Source/WWVegas/WWLib/stlport_push_heap_s4sortelem8_desc.cpp,yes,0,0,0,0
Code/Libraries/Source/WWVegas/WWLib/stlport_rb_tree_10byte_key_568fe4_insert.cpp,yes,0,0,0,0
Code/Libraries/Source/WWVegas/WWLib/stlport_rb_tree_10byte_key_helpers.cpp,yes,0,0,0,0
Code/Libraries/Source/WWVegas/WWLib/stlport_rb_tree_BfmeStringRecord004071F7_insert.cpp,no,1,0,1,0
Code/Libraries/Source/WWVegas/WWLib/stlport_rb_tree_BfmeStringRecord00448113_insert.cpp,no,0,0,3,0
Code/Libraries/Source/WWVegas/WWLib/stlport_rb_tree_BfmeStringRecord00448113_lower.cpp,yes,0,0,0,0
Code/Libraries/Source/WWVegas/WWLib/stlport_rb_tree_BfmeStringRecord004D05B8_insert.cpp,no,0,0,3,0
Code/Libraries/Source/WWVegas/WWLib/stlport_rb_tree_BfmeStringRecord004D05B8_insert_hint.cpp,no,0,0,3,0
Code/Libraries/Source/WWVegas/WWLib/stlport_rb_tree_bfme001DD3BC_assign.cpp,no,0,0,5,0
Code/Libraries/Source/WWVegas/WWLib/stlport_rb_tree_bfme001DD3BC_clone.cpp,no,0,0,1,0
Code/Libraries/Source/WWVegas/WWLib/stlport_rb_tree_bfme001DD3BC_copyctor.cpp,no,0,0,3,0
Code/Libraries/Source/WWVegas/WWLib/stlport_rb_tree_bfme001DD3BC_dtor.cpp,no,0,0,3,0
Code/Libraries/Source/WWVegas/WWLib/stlport_rb_tree_bfme001DD3BC_erase.cpp,yes,0,0,0,0
Code/Libraries/Source/WWVegas/WWLib/stlport_rb_tree_bfme0021A940_assign.cpp,no,0,0,6,0
Code/Libraries/Source/WWVegas/WWLib/stlport_rb_tree_bfme0021A940_clone.cpp,no,0,0,2,0
Code/Libraries/Source/WWVegas/WWLib/stlport_rb_tree_bfme0021A940_erase.cpp,yes,0,0,0,0
Code/Libraries/Source/WWVegas/WWLib/stlport_rb_tree_bfme0021A940_insert.cpp,no,0,0,3,0
Code/Libraries/Source/WWVegas/WWLib/stlport_rb_tree_bfmepod20_insert.cpp,no,0,0,5,0
Code/Libraries/Source/WWVegas/WWLib/stlport_rb_tree_clone_node_nocase4_002CFE27.cpp,no,0,0,5,0
Code/Libraries/Source/WWVegas/WWLib/stlport_rb_tree_copy_ctors_bfmealloc.cpp,no,0,0,10,0
Code/Libraries/Source/WWVegas/WWLib/stlport_rb_tree_copy_nocase4_002D0399.cpp,no,0,0,15,0
Code/Libraries/Source/WWVegas/WWLib/stlport_rb_tree_create_node_nocase4_002CFA8E.cpp,no,1,0,1,0
Code/Libraries/Source/WWVegas/WWLib/stlport_rb_tree_create_node_uintbool.cpp,no,0,0,1,0
Code/Libraries/Source/WWVegas/WWLib/stlport_rb_tree_create_nodes.cpp,no,0,0,7,0
Code/Libraries/Source/WWVegas/WWLib/stlport_rb_tree_create_nodes2.cpp,no,3,0,0,0
Code/Libraries/Source/WWVegas/WWLib/stlport_rb_tree_hint_00058ead.cpp,no,0,0,1,0
Code/Libraries/Source/WWVegas/WWLib/stlport_rb_tree_hint_00218022.cpp,no,0,1,2,0
Code/Libraries/Source/WWVegas/WWLib/stlport_rb_tree_hint_002181dd.cpp,no,0,0,1,0
Code/Libraries/Source/WWVegas/WWLib/stlport_rb_tree_hint_00221e3a.cpp,no,0,1,3,0
Code/Libraries/Source/WWVegas/WWLib/stlport_rb_tree_hint_00222C5A.cpp,no,0,1,1,0
Code/Libraries/Source/WWVegas/WWLib/stlport_rb_tree_hint_00242f5e.cpp,no,0,1,0,0
Code/Libraries/Source/WWVegas/WWLib/stlport_rb_tree_hint_002a40c6.cpp,no,0,0,1,0
Code/Libraries/Source/WWVegas/WWLib/stlport_rb_tree_hint_002a5895.cpp,no,1,0,1,0
Code/Libraries/Source/WWVegas/WWLib/stlport_rb_tree_hint_002c6c93.cpp,no,0,0,5,0
Code/Libraries/Source/WWVegas/WWLib/stlport_rb_tree_hint_00301883.cpp,no,0,0,5,0
Code/Libraries/Source/WWVegas/WWLib/stlport_rb_tree_hint_00302081.cpp,no,0,0,1,0
Code/Libraries/Source/WWVegas/WWLib/stlport_rb_tree_hint_00304bef.cpp,no,1,0,1,0
Code/Libraries/Source/WWVegas/WWLib/stlport_rb_tree_hint_0032cb55.cpp,no,0,1,0,0
Code/Libraries/Source/WWVegas/WWLib/stlport_rb_tree_hint_0038d58c.cpp,no,1,0,25,0
Code/Libraries/Source/WWVegas/WWLib/stlport_rb_tree_hint_00410eab.cpp,no,0,0,1,0
Code/Libraries/Source/WWVegas/WWLib/stlport_rb_tree_hint_00436e3b.cpp,no,0,2,1,0
Code/Libraries/Source/WWVegas/WWLib/stlport_rb_tree_hint_004e2aab.cpp,no,0,0,1,0
Code/Libraries/Source/WWVegas/WWLib/stlport_rb_tree_hint_005109b7.cpp,no,0,1,7,0
Code/Libraries/Source/WWVegas/WWLib/stlport_rb_tree_hint_005b3a2a.cpp,no,0,0,1,0
Code/Libraries/Source/WWVegas/WWLib/stlport_rb_tree_hint_005ca999.cpp,no,1,0,1,0
Code/Libraries/Source/WWVegas/WWLib/stlport_rb_tree_hint_asciistring_pair.cpp,no,0,2,12,0
Code/Libraries/Source/WWVegas/WWLib/stlport_rb_tree_hint_asciistring_set.cpp,no,1,0,17,0
Code/Libraries/Source/WWVegas/WWLib/stlport_rb_tree_increment.cpp,yes,0,0,0,0
Code/Libraries/Source/WWVegas/WWLib/stlport_rb_tree_insert_unique_nocase.cpp,no,1,3,2,0
Code/Libraries/Source/WWVegas/WWLib/stlport_rb_tree_int_colormap.cpp,no,0,0,16,0
Code/Libraries/Source/WWVegas/WWLib/stlport_rb_tree_int_colormap_erase.cpp,no,0,0,6,0
Code/Libraries/Source/WWVegas/WWLib/stlport_rb_tree_int_pod16_insert.cpp,no,0,0,3,0
Code/Libraries/Source/WWVegas/WWLib/stlport_rb_tree_locomotor_create_node.cpp,no,0,0,23,0
Code/Libraries/Source/WWVegas/WWLib/stlport_rb_tree_pod_insert_g7.cpp,no,0,0,1,0
Code/Libraries/Source/WWVegas/WWLib/stlport_rb_tree_rebalance.cpp,yes,0,0,0,0
Code/Libraries/Source/WWVegas/WWLib/stlport_rb_tree_rebalance_erase.cpp,yes,0,0,0,0
Code/Libraries/Source/WWVegas/WWLib/stlport_rb_tree_rva0027EA49_create_node.cpp,no,0,0,1,0
Code/Libraries/Source/WWVegas/WWLib/stlport_rb_tree_rva0027EA49_erase.cpp,no,1,0,3,0
Code/Libraries/Source/WWVegas/WWLib/stlport_rb_tree_string_int_erase.cpp,no,0,0,8,0
Code/Libraries/Source/WWVegas/WWLib/stlport_rope_char.cpp,no,3,0,2,0
Code/Libraries/Source/WWVegas/WWLib/stlport_rva005de5b5_foreach.cpp,yes,0,0,0,0
Code/Libraries/Source/WWVegas/WWLib/stlport_rva005de96b_apply.cpp,no,1,0,0,0
Code/Libraries/Source/WWVegas/WWLib/stlport_rva005ec594_clear.cpp,yes,0,0,0,0
Code/Libraries/Source/WWVegas/WWLib/stlport_set_int_tree_copy_ctor.cpp,no,0,0,2,0
Code/Libraries/Source/WWVegas/WWLib/stlport_set_int_wrapper.cpp,no,0,0,13,0
Code/Libraries/Source/WWVegas/WWLib/stlport_set_pair_key_insert.cpp,yes,0,0,0,0
Code/Libraries/Source/WWVegas/WWLib/stlport_set_ptr_Rva001408C0.cpp,no,0,0,22,0
Code/Libraries/Source/WWVegas/WWLib/stlport_set_record_001dd3bc_insert.cpp,yes,0,0,0,0
Code/Libraries/Source/WWVegas/WWLib/stlport_side_faction_copy.cpp,no,0,0,27,0
Code/Libraries/Source/WWVegas/WWLib/stlport_sort_e16_helpers.cpp,yes,0,0,0,0
Code/Libraries/Source/WWVegas/WWLib/stlport_sort_e16_partition.cpp,no,1,0,0,0
Code/Libraries/Source/WWVegas/WWLib/stlport_sort_heap_rva00204bb8.cpp,yes,0,0,0,0
Code/Libraries/Source/WWVegas/WWLib/stlport_sort_heap_s4sortelem8.cpp,yes,0,0,0,0
Code/Libraries/Source/WWVegas/WWLib/stlport_sort_heap_s4sortelem8_desc.cpp,yes,0,0,0,0
Code/Libraries/Source/WWVegas/WWLib/stlport_sort_s4sortelem8.cpp,yes,0,0,0,0
Code/Libraries/Source/WWVegas/WWLib/stlport_sort_s4sortelem8_desc.cpp,yes,0,0,0,0
Code/Libraries/Source/WWVegas/WWLib/stlport_stdexcept_dtors.cpp,no,0,10,10,0
Code/Libraries/Source/WWVegas/WWLib/stlport_stdexcept_dtors_od.cpp,no,0,11,0,0
Code/Libraries/Source/WWVegas/WWLib/stlport_stdio_streambuf.cpp,no,3,0,0,0
Code/Libraries/Source/WWVegas/WWLib/stlport_stl_atod.cpp,no,0,0,1,0
Code/Libraries/Source/WWVegas/WWLib/stlport_string_bktnum.cpp,yes,0,0,0,0
Code/Libraries/Source/WWVegas/WWLib/stlport_string_delete_00423FBD.cpp,no,0,0,1,0
Code/Libraries/Source/WWVegas/WWLib/stlport_string_find_0060CAEA.cpp,no,0,0,2,0
Code/Libraries/Source/WWVegas/WWLib/stlport_string_hash.cpp,yes,0,0,0,0
Code/Libraries/Source/WWVegas/WWLib/stlport_string_list_cleanup.cpp,no,0,1,9,0
Code/Libraries/Source/WWVegas/WWLib/stlport_string_list_pair_cleanup.cpp,no,0,0,9,0
Code/Libraries/Source/WWVegas/WWLib/stlport_string_list_pair_construct.cpp,no,0,0,16,0
Code/Libraries/Source/WWVegas/WWLib/stlport_string_list_tree_erase.cpp,no,0,0,9,0
Code/Libraries/Source/WWVegas/WWLib/stlport_string_pair_cleanup.cpp,no,0,1,3,0
Code/Libraries/Source/WWVegas/WWLib/stlport_string_to_double.cpp,yes,0,0,0,0
Code/Libraries/Source/WWVegas/WWLib/stlport_string_to_float.cpp,yes,0,0,0,0
Code/Libraries/Source/WWVegas/WWLib/stlport_stringtailrecord144_dtor.cpp,no,1,0,0,0
Code/Libraries/Source/WWVegas/WWLib/stlport_strstreambuf.cpp,yes,0,0,0,0
Code/Libraries/Source/WWVegas/WWLib/stlport_strstreambuf_dtor.cpp,no,7,0,0,0
Code/Libraries/Source/WWVegas/WWLib/stlport_swap_e12.cpp,yes,0,0,0,0
Code/Libraries/Source/WWVegas/WWLib/stlport_target_list_73eee0.cpp,yes,0,0,0,0
Code/Libraries/Source/WWVegas/WWLib/stlport_target_list_73eee0_insert.cpp,no,0,0,1,0
Code/Libraries/Source/WWVegas/WWLib/stlport_time_get_locale_ctor.cpp,no,0,4,18,0
Code/Libraries/Source/WWVegas/WWLib/stlport_time_get_match.cpp,no,0,0,6,0
Code/Libraries/Source/WWVegas/WWLib/stlport_time_info_ctor.cpp,no,0,1,0,0
Code/Libraries/Source/WWVegas/WWLib/stlport_time_info_dtor.cpp,no,1,1,2,0
Code/Libraries/Source/WWVegas/WWLib/stlport_time_put.cpp,no,0,2,9,0
Code/Libraries/Source/WWVegas/WWLib/stlport_time_put_wide.cpp,no,0,0,9,0
Code/Libraries/Source/WWVegas/WWLib/stlport_timeinfo.cpp,no,1,1,0,0
Code/Libraries/Source/WWVegas/WWLib/stlport_tree_004e1f62.cpp,yes,0,0,0,0
Code/Libraries/Source/WWVegas/WWLib/stlport_tree_asciistring_key_insert.cpp,no,0,0,6,0
Code/Libraries/Source/WWVegas/WWLib/stlport_tree_dtor_00357C6A.cpp,no,0,0,1,0
Code/Libraries/Source/WWVegas/WWLib/stlport_tree_erase_0016CB50.cpp,no,0,0,1,0
Code/Libraries/Source/WWVegas/WWLib/stlport_tree_erase_002B60F9.cpp,no,0,0,1,0
Code/Libraries/Source/WWVegas/WWLib/stlport_tree_erase_00357153.cpp,no,0,0,1,0
Code/Libraries/Source/WWVegas/WWLib/stlport_tree_erase_00434E94.cpp,no,0,1,1,0
Code/Libraries/Source/WWVegas/WWLib/stlport_tree_erase_00462D08.cpp,no,0,0,6,0
Code/Libraries/Source/WWVegas/WWLib/stlport_tree_erase_00462D35.cpp,no,0,0,6,0
Code/Libraries/Source/WWVegas/WWLib/stlport_tree_erase_004D1B38.cpp,yes,0,0,0,0
Code/Libraries/Source/WWVegas/WWLib/stlport_tree_erase_004e1f97.cpp,yes,0,0,0,0
Code/Libraries/Source/WWVegas/WWLib/stlport_treehint_setter_005c96a9.cpp,yes,0,0,0,0
Code/Libraries/Source/WWVegas/WWLib/stlport_unguarded_insertion_sort_fwd_s4sortelem8.cpp,yes,0,0,0,0
Code/Libraries/Source/WWVegas/WWLib/stlport_unguarded_insertion_sort_fwd_s4sortelem8_desc.cpp,yes,0,0,0,0
Code/Libraries/Source/WWVegas/WWLib/stlport_unguarded_insertion_sort_s4sortelem8.cpp,yes,0,0,0,0
Code/Libraries/Source/WWVegas/WWLib/stlport_unguarded_insertion_sort_s4sortelem8_desc.cpp,yes,0,0,0,0
Code/Libraries/Source/WWVegas/WWLib/stlport_unguarded_partition_int_funptr.cpp,yes,0,0,0,0
Code/Libraries/Source/WWVegas/WWLib/stlport_unguarded_partition_rva0021915B.cpp,no,0,1,0,0
Code/Libraries/Source/WWVegas/WWLib/stlport_unguarded_partition_rva00422ca8.cpp,yes,0,0,0,0
Code/Libraries/Source/WWVegas/WWLib/stlport_unguarded_partition_rva00568721.cpp,no,1,0,0,0
Code/Libraries/Source/WWVegas/WWLib/stlport_unguarded_partition_s4sortelem8.cpp,yes,0,0,0,0
Code/Libraries/Source/WWVegas/WWLib/stlport_unguarded_partition_s4sortelem8_desc.cpp,yes,0,0,0,0
Code/Libraries/Source/WWVegas/WWLib/stlport_unicode_string_compare.cpp,no,0,0,2,0
Code/Libraries/Source/WWVegas/WWLib/stlport_unicode_string_set.cpp,no,0,1,13,0
Code/Libraries/Source/WWVegas/WWLib/stlport_uninitialized_copy.cpp,yes,0,0,0,0
Code/Libraries/Source/WWVegas/WWLib/stlport_uninitialized_copy12.cpp,no,0,0,1,0
Code/Libraries/Source/WWVegas/WWLib/stlport_uninitialized_copy_narrow_string.cpp,no,0,0,2,0
Code/Libraries/Source/WWVegas/WWLib/stlport_uninitialized_copy_sciencevec.cpp,yes,0,0,0,0
Code/Libraries/Source/WWVegas/WWLib/stlport_uninitialized_copy_stringrecord_00204a30.cpp,yes,0,0,0,0
Code/Libraries/Source/WWVegas/WWLib/stlport_uninitialized_copy_vector.cpp,yes,0,0,0,0
Code/Libraries/Source/WWVegas/WWLib/stlport_uninitialized_fill_n.cpp,no,0,0,8,0
Code/Libraries/Source/WWVegas/WWLib/stlport_uninitialized_fill_n12.cpp,yes,0,0,0,0
Code/Libraries/Source/WWVegas/WWLib/stlport_uninitialized_fill_n_asciistring.cpp,yes,0,0,0,0
Code/Libraries/Source/WWVegas/WWLib/stlport_valarray_int.cpp,no,1,1,0,0
Code/Libraries/Source/WWVegas/WWLib/stlport_valid_grouping.cpp,yes,0,0,0,0
Code/Libraries/Source/WWVegas/WWLib/stlport_vector_4b_assign_0026f4f4.cpp,no,1,0,53,0
Code/Libraries/Source/WWVegas/WWLib/stlport_vector_Rva0040CB11_allocate_copy.cpp,no,2,0,1,0
Code/Libraries/Source/WWVegas/WWLib/stlport_vector_Rva004F69C3_dtor.cpp,no,1,2,2,0
Code/Libraries/Source/WWVegas/WWLib/stlport_vector_asciistring_reserve.cpp,no,0,1,9,0
Code/Libraries/Source/WWVegas/WWLib/stlport_vector_base_pod48.cpp,no,0,0,2,0
Code/Libraries/Source/WWVegas/WWLib/stlport_vector_bfmeassignrecord32_allocate_copy.cpp,no,1,0,31,0
Code/Libraries/Source/WWVegas/WWLib/stlport_vector_bfmeassignrecord32_erase.cpp,no,0,1,1,0
Code/Libraries/Source/WWVegas/WWLib/stlport_vector_bool.cpp,no,1,0,0,0
Code/Libraries/Source/WWVegas/WWLib/stlport_vector_bool_assignment.cpp,no,1,0,47,0
Code/Libraries/Source/WWVegas/WWLib/stlport_vector_bool_clear.cpp,no,0,0,14,0
Code/Libraries/Source/WWVegas/WWLib/stlport_vector_bool_copy.cpp,no,0,0,31,0
Code/Libraries/Source/WWVegas/WWLib/stlport_vector_bool_ctor.cpp,no,0,0,19,0
Code/Libraries/Source/WWVegas/WWLib/stlport_vector_bool_empty.cpp,no,0,0,2,0
Code/Libraries/Source/WWVegas/WWLib/stlport_vector_bool_insert_aux.cpp,no,0,0,30,0
Code/Libraries/Source/WWVegas/WWLib/stlport_vector_bool_o1.cpp,no,0,0,35,0
Code/Libraries/Source/WWVegas/WWLib/stlport_vector_bool_reserve.cpp,no,0,0,24,0
Code/Libraries/Source/WWVegas/WWLib/stlport_vector_cameramarker_clear.cpp,no,1,0,1,0
Code/Libraries/Source/WWVegas/WWLib/stlport_vector_container_record_2cf46e_allocate_copy.cpp,no,2,1,2,0
Code/Libraries/Source/WWVegas/WWLib/stlport_vector_coord3d_count_fill.cpp,no,0,0,9,0
Code/Libraries/Source/WWVegas/WWLib/stlport_vector_e12_allocate_copy.cpp,no,1,0,19,0
Code/Libraries/Source/WWVegas/WWLib/stlport_vector_e12_o1.cpp,no,1,0,1,0
Code/Libraries/Source/WWVegas/WWLib/stlport_vector_e16_ctor00524415.cpp,no,0,0,4,0
Code/Libraries/Source/WWVegas/WWLib/stlport_vector_e16_noexc.cpp,no,1,0,7,0
Code/Libraries/Source/WWVegas/WWLib/stlport_vector_e16_o1.cpp,no,1,0,1,0
Code/Libraries/Source/WWVegas/WWLib/stlport_vector_e8_allocate_copy.cpp,no,1,0,7,0
Code/Libraries/Source/WWVegas/WWLib/stlport_vector_e8_o1.cpp,no,1,0,1,0
Code/Libraries/Source/WWVegas/WWLib/stlport_vector_elem36_push_back.cpp,no,0,0,1,0
Code/Libraries/Source/WWVegas/WWLib/stlport_vector_fileinfo_allocate_copy.cpp,no,1,0,1,0
Code/Libraries/Source/WWVegas/WWLib/stlport_vector_float4_469c61.cpp,no,1,0,1,0
Code/Libraries/Source/WWVegas/WWLib/stlport_vector_geometryshape_base.cpp,no,2,0,33,0
Code/Libraries/Source/WWVegas/WWLib/stlport_vector_int.cpp,no,1,0,0,0
Code/Libraries/Source/WWVegas/WWLib/stlport_vector_int_insert_overflow.cpp,no,1,0,15,0
Code/Libraries/Source/WWVegas/WWLib/stlport_vector_moduledatalist_insert.cpp,no,0,0,1,0
Code/Libraries/Source/WWVegas/WWLib/stlport_vector_narrow_string_destroy.cpp,no,1,0,6,0
Code/Libraries/Source/WWVegas/WWLib/stlport_vector_narrow_string_insert_overflow.cpp,no,0,0,11,0
Code/Libraries/Source/WWVegas/WWLib/stlport_vector_narrowrecord_79c23_copy.cpp,yes,0,0,0,0
Code/Libraries/Source/WWVegas/WWLib/stlport_vector_narrowrecord_79c23_fill.cpp,no,2,0,26,0
Code/Libraries/Source/WWVegas/WWLib/stlport_vector_narrowrecord_bfdc7_fill.cpp,no,3,0,26,0
Code/Libraries/Source/WWVegas/WWLib/stlport_vector_nocasepair_allocate_copy.cpp,yes,0,0,0,0
Code/Libraries/Source/WWVegas/WWLib/stlport_vector_nocasepair_assign.cpp,yes,0,0,0,0
Code/Libraries/Source/WWVegas/WWLib/stlport_vector_opaque_mclear.cpp,no,0,0,5,0
Code/Libraries/Source/WWVegas/WWLib/stlport_vector_pE12_holder_00423A4A.cpp,yes,0,0,0,0
Code/Libraries/Source/WWVegas/WWLib/stlport_vector_pE12_range.cpp,yes,0,0,0,0
Code/Libraries/Source/WWVegas/WWLib/stlport_vector_pair.cpp,no,1,0,3,0
Code/Libraries/Source/WWVegas/WWLib/stlport_vector_pod104_allocate_copy.cpp,no,1,0,7,0
Code/Libraries/Source/WWVegas/WWLib/stlport_vector_pod128_allocate_copy.cpp,no,1,0,7,0
Code/Libraries/Source/WWVegas/WWLib/stlport_vector_pod1372_allocator.cpp,yes,0,0,0,0
Code/Libraries/Source/WWVegas/WWLib/stlport_vector_pod1408_allocator.cpp,yes,0,0,0,0
Code/Libraries/Source/WWVegas/WWLib/stlport_vector_pod1432_allocator.cpp,yes,0,0,0,0
Code/Libraries/Source/WWVegas/WWLib/stlport_vector_pod144_allocator.cpp,no,0,0,1,0
Code/Libraries/Source/WWVegas/WWLib/stlport_vector_pod160_allocator.cpp,no,0,0,1,0
Code/Libraries/Source/WWVegas/WWLib/stlport_vector_pod172_allocate_copy.cpp,no,1,0,7,0
Code/Libraries/Source/WWVegas/WWLib/stlport_vector_pod1928_allocator.cpp,yes,0,0,0,0
Code/Libraries/Source/WWVegas/WWLib/stlport_vector_pod20_allocate_copy.cpp,no,1,0,19,0
Code/Libraries/Source/WWVegas/WWLib/stlport_vector_pod2148_allocator.cpp,yes,0,0,0,0
Code/Libraries/Source/WWVegas/WWLib/stlport_vector_pod24_allocate_copy.cpp,no,1,0,7,0
Code/Libraries/Source/WWVegas/WWLib/stlport_vector_pod24_overflow.cpp,no,1,0,19,0
Code/Libraries/Source/WWVegas/WWLib/stlport_vector_pod28_allocate_copy.cpp,no,1,0,7,0
Code/Libraries/Source/WWVegas/WWLib/stlport_vector_pod28_allocator.cpp,no,0,0,3,0
Code/Libraries/Source/WWVegas/WWLib/stlport_vector_pod32_allocate_copy.cpp,no,1,0,7,0
Code/Libraries/Source/WWVegas/WWLib/stlport_vector_pod340_allocate_copy.cpp,no,1,0,7,0
Code/Libraries/Source/WWVegas/WWLib/stlport_vector_pod3580_allocator.cpp,yes,0,0,0,0
Code/Libraries/Source/WWVegas/WWLib/stlport_vector_pod3592_allocator.cpp,yes,0,0,0,0
Code/Libraries/Source/WWVegas/WWLib/stlport_vector_pod40_allocator.cpp,no,0,0,1,0
Code/Libraries/Source/WWVegas/WWLib/stlport_vector_pod40_lower_bound.cpp,no,1,0,19,0
Code/Libraries/Source/WWVegas/WWLib/stlport_vector_pod40_overflow.cpp,no,0,0,8,0
Code/Libraries/Source/WWVegas/WWLib/stlport_vector_pod44_allocate_copy.cpp,no,1,0,7,0
Code/Libraries/Source/WWVegas/WWLib/stlport_vector_pod48_allocator.cpp,no,0,0,1,0
Code/Libraries/Source/WWVegas/WWLib/stlport_vector_pod72_allocator.cpp,yes,0,0,0,0
Code/Libraries/Source/WWVegas/WWLib/stlport_vector_pod80_allocator.cpp,no,0,0,1,0
Code/Libraries/Source/WWVegas/WWLib/stlport_vector_pod900_overflow.cpp,no,0,0,4,0
Code/Libraries/Source/WWVegas/WWLib/stlport_vector_pod96_allocator.cpp,yes,0,0,0,0
Code/Libraries/Source/WWVegas/WWLib/stlport_vector_poolref10_mclear.cpp,yes,0,0,0,0
Code/Libraries/Source/WWVegas/WWLib/stlport_vector_prerequnitrec_allocate_copy.cpp,no,1,0,18,0
Code/Libraries/Source/WWVegas/WWLib/stlport_vector_record_2154f3_allocate_copy.cpp,no,4,2,20,0
Code/Libraries/Source/WWVegas/WWLib/stlport_vector_record_bdf17_allocate_copy.cpp,no,3,1,2,0
Code/Libraries/Source/WWVegas/WWLib/stlport_vector_rva00064640_fill_n.cpp,no,0,0,1,0
Code/Libraries/Source/WWVegas/WWLib/stlport_vector_rva00079554_destroy.cpp,yes,0,0,0,0
Code/Libraries/Source/WWVegas/WWLib/stlport_vector_rva0007bb16_destroy.cpp,no,1,1,1,0
Code/Libraries/Source/WWVegas/WWLib/stlport_vector_rva0007bb16_dtor.cpp,no,0,1,0,0
Code/Libraries/Source/WWVegas/WWLib/stlport_vector_rva000bb491_allocate_copy.cpp,no,2,0,1,0
Code/Libraries/Source/WWVegas/WWLib/stlport_vector_rva000bb4ac_allocate_copy.cpp,no,2,0,1,0
Code/Libraries/Source/WWVegas/WWLib/stlport_vector_rva000bedf0_destroy.cpp,no,0,0,3,0
Code/Libraries/Source/WWVegas/WWLib/stlport_vector_rva000bedf0_mclear.cpp,no,0,0,3,0
Code/Libraries/Source/WWVegas/WWLib/stlport_vector_rva00151dab_clear.cpp,yes,0,0,0,0
Code/Libraries/Source/WWVegas/WWLib/stlport_vector_rva00151dab_destroy.cpp,yes,0,0,0,0
Code/Libraries/Source/WWVegas/WWLib/stlport_vector_rva00151dab_dtor.cpp,yes,0,0,0,0
Code/Libraries/Source/WWVegas/WWLib/stlport_vector_rva00153729_clear.cpp,no,1,0,1,0
Code/Libraries/Source/WWVegas/WWLib/stlport_vector_rva00153729_destroy.cpp,yes,0,0,0,0
Code/Libraries/Source/WWVegas/WWLib/stlport_vector_rva00153729_dtor.cpp,no,0,0,3,0
Code/Libraries/Source/WWVegas/WWLib/stlport_vector_rva001ec349_destroy.cpp,no,0,0,3,0
Code/Libraries/Source/WWVegas/WWLib/stlport_vector_rva001ed0de_destroy.cpp,no,0,0,3,0
Code/Libraries/Source/WWVegas/WWLib/stlport_vector_rva00255d17_destroy.cpp,yes,0,0,0,0
Code/Libraries/Source/WWVegas/WWLib/stlport_vector_rva0027EA49_destroy.cpp,yes,0,0,0,0
Code/Libraries/Source/WWVegas/WWLib/stlport_vector_rva0027EA49_dtor.cpp,yes,0,0,0,0
Code/Libraries/Source/WWVegas/WWLib/stlport_vector_rva002dfc30_clear.cpp,no,1,1,0,0
Code/Libraries/Source/WWVegas/WWLib/stlport_vector_rva002dfc30_dtor.cpp,no,1,1,0,0
Code/Libraries/Source/WWVegas/WWLib/stlport_vector_rva0036CA00_allocate_copy.cpp,yes,0,0,0,0
Code/Libraries/Source/WWVegas/WWLib/stlport_vector_rva0036CA00_reserve.cpp,no,1,0,0,0
Code/Libraries/Source/WWVegas/WWLib/stlport_vector_rva003a6f70_overflow.cpp,no,0,0,1,0
Code/Libraries/Source/WWVegas/WWLib/stlport_vector_rva003a6f70_pushback.cpp,no,0,0,4,0
Code/Libraries/Source/WWVegas/WWLib/stlport_vector_rva00423a4a_single.cpp,yes,0,0,0,0
Code/Libraries/Source/WWVegas/WWLib/stlport_vector_rva0048130e_construct.cpp,no,1,0,1,0
Code/Libraries/Source/WWVegas/WWLib/stlport_vector_rva0048130e_destroy.cpp,no,1,0,6,0
Code/Libraries/Source/WWVegas/WWLib/stlport_vector_rva0052bde6_overflow.cpp,no,0,0,1,0
Code/Libraries/Source/WWVegas/WWLib/stlport_vector_rva0052bde6_pushback.cpp,no,0,0,5,0
Code/Libraries/Source/WWVegas/WWLib/stlport_vector_rva0052bef0_overflow.cpp,no,0,0,1,0
Code/Libraries/Source/WWVegas/WWLib/stlport_vector_rva0052bef0_pushback.cpp,no,0,0,5,0
Code/Libraries/Source/WWVegas/WWLib/stlport_vector_rva00541021_allocate_copy.cpp,no,2,0,1,0
Code/Libraries/Source/WWVegas/WWLib/stlport_vector_rva005F8F96_destroy.cpp,yes,0,0,0,0
Code/Libraries/Source/WWVegas/WWLib/stlport_vector_rva005F8F96_dtor.cpp,no,1,0,1,0
Code/Libraries/Source/WWVegas/WWLib/stlport_vector_rva005de5b5_dtor.cpp,no,0,1,0,0
Code/Libraries/Source/WWVegas/WWLib/stlport_vector_rva00b6cf1_destroy.cpp,no,1,0,0,0
Code/Libraries/Source/WWVegas/WWLib/stlport_vector_rva00b9ac2_destroy.cpp,no,1,0,0,0
Code/Libraries/Source/WWVegas/WWLib/stlport_vector_s_o1.cpp,no,1,0,1,0
Code/Libraries/Source/WWVegas/WWLib/stlport_vector_scalar_copy.cpp,no,0,0,15,0
Code/Libraries/Source/WWVegas/WWLib/stlport_vector_sciencevec_allocate_copy.cpp,yes,0,0,0,0
Code/Libraries/Source/WWVegas/WWLib/stlport_vector_stringrecord_00204a30_allocate_copy.cpp,no,2,1,1,0
Code/Libraries/Source/WWVegas/WWLib/stlport_vector_stringrecord_111acf_allocate_copy.cpp,no,2,2,2,0
Code/Libraries/Source/WWVegas/WWLib/stlport_vector_stringrecord_2cf4c6_allocate_copy.cpp,no,2,1,2,0
Code/Libraries/Source/WWVegas/WWLib/stlport_vector_stringrecord_2cf4c6_allocator.cpp,no,0,1,2,0
Code/Libraries/Source/WWVegas/WWLib/stlport_vector_stringrecord_2cf5b1_allocate_copy.cpp,no,2,1,2,0
Code/Libraries/Source/WWVegas/WWLib/stlport_vector_stringrecord_331962_allocate_copy.cpp,no,2,1,2,0
Code/Libraries/Source/WWVegas/WWLib/stlport_vector_stringrecord_331962_insert_overflow.cpp,no,0,1,4,0
Code/Libraries/Source/WWVegas/WWLib/stlport_vector_stringrecord_3b3f78_allocate_copy.cpp,no,2,1,2,0
Code/Libraries/Source/WWVegas/WWLib/stlport_vector_stringrecord_426a5b_allocate_copy.cpp,no,2,1,3,0
Code/Libraries/Source/WWVegas/WWLib/stlport_vector_stringrecord_568ce0_allocate_copy.cpp,no,2,1,2,0
Code/Libraries/Source/WWVegas/WWLib/stlport_vector_stringrecord_568ce0_insert_overflow_g7.cpp,no,0,1,4,0
Code/Libraries/Source/WWVegas/WWLib/stlport_vector_stringrecord_5ddd40_allocate_copy.cpp,no,3,1,2,0
Code/Libraries/Source/WWVegas/WWLib/stlport_vector_stringrecord_5de5b5_dtor.cpp,no,1,1,4,0
Code/Libraries/Source/WWVegas/WWLib/stlport_vector_stringrecord_5ed5f3_allocate_copy.cpp,no,3,1,5,0
Code/Libraries/Source/WWVegas/WWLib/stlport_vector_stringrecord_63be4_allocator.cpp,no,0,1,2,0
Code/Libraries/Source/WWVegas/WWLib/stlport_vector_stringrecord_allocate_copy.cpp,no,2,1,2,0
Code/Libraries/Source/WWVegas/WWLib/stlport_vector_stringrecord_b94d2_allocate_copy.cpp,no,1,2,2,0
Code/Libraries/Source/WWVegas/WWLib/stlport_vector_stringrecord_b950f_allocate_copy.cpp,no,2,1,2,0
Code/Libraries/Source/WWVegas/WWLib/stlport_vector_stringrecord_b9534_allocate_copy.cpp,no,2,1,2,0
Code/Libraries/Source/WWVegas/WWLib/stlport_vector_stringrecord_b9534_allocator.cpp,no,0,1,2,0
Code/Libraries/Source/WWVegas/WWLib/stlport_vector_stringrecord_b9534_vector_base.cpp,no,2,1,15,0
Code/Libraries/Source/WWVegas/WWLib/stlport_vector_uint.cpp,no,1,0,4,0
Code/Libraries/Source/WWVegas/WWLib/stlport_vector_unicode_fill.cpp,no,1,0,4,0
Code/Libraries/Source/WWVegas/WWLib/stlport_vector_unicode_push_back.cpp,no,0,0,3,0
Code/Libraries/Source/WWVegas/WWLib/stlport_vector_unicode_reserve.cpp,no,0,0,2,0
Code/Libraries/Source/WWVegas/WWLib/stlport_vector_voidptr.cpp,no,1,0,25,0
Code/Libraries/Source/WWVegas/WWLib/stlport_vector_voidptr_alloc.cpp,no,1,0,36,0
Code/Libraries/Source/WWVegas/WWLib/stlport_vector_voidptr_opt.cpp,no,1,0,62,0
Code/Libraries/Source/WWVegas/WWLib/stlport_vector_wide_record_5fdec7.cpp,no,4,3,2,0
Code/Libraries/Source/WWVegas/WWLib/stlport_vector_word_o1.cpp,no,1,1,18,0
Code/Libraries/Source/WWVegas/WWLib/stlport_vector_word_o1_resize.cpp,no,0,1,1,0
Code/Libraries/Source/WWVegas/WWLib/stlport_wide_copy_digits.cpp,yes,0,0,0,0
Code/Libraries/Source/WWVegas/WWLib/stlport_wide_copy_float_and_fill.cpp,yes,0,0,0,0
Code/Libraries/Source/WWVegas/WWLib/stlport_wide_copy_grouped_digits.cpp,yes,0,0,0,0
Code/Libraries/Source/WWVegas/WWLib/stlport_wide_copy_integer_and_fill.cpp,no,0,0,1,0
Code/Libraries/Source/WWVegas/WWLib/stlport_wide_copy_sign.cpp,yes,0,0,0,0
Code/Libraries/Source/WWVegas/WWLib/stlport_wide_ctype_virtuals.cpp,yes,0,0,0,0
Code/Libraries/Source/WWVegas/WWLib/stlport_wide_do_get_integer_int64.cpp,no,1,0,0,0
Code/Libraries/Source/WWVegas/WWLib/stlport_wide_do_get_integer_long.cpp,no,1,0,0,0
Code/Libraries/Source/WWVegas/WWLib/stlport_wide_do_get_integer_uint16.cpp,no,1,0,0,0
Code/Libraries/Source/WWVegas/WWLib/stlport_wide_do_get_integer_uint64.cpp,no,1,0,0,0
Code/Libraries/Source/WWVegas/WWLib/stlport_wide_do_get_integer_ulong.cpp,no,1,0,0,0
Code/Libraries/Source/WWVegas/WWLib/stlport_wide_filebuf.cpp,no,1,0,1,0
Code/Libraries/Source/WWVegas/WWLib/stlport_wide_filebuf_allocate.cpp,no,0,0,1,0
Code/Libraries/Source/WWVegas/WWLib/stlport_wide_filebuf_seek_return.cpp,no,0,0,1,0
Code/Libraries/Source/WWVegas/WWLib/stlport_wide_filebuf_underflow.cpp,no,1,0,48,0
Code/Libraries/Source/WWVegas/WWLib/stlport_wide_find.cpp,yes,0,0,0,0
Code/Libraries/Source/WWVegas/WWLib/stlport_wide_fstream.cpp,no,4,1,16,0
Code/Libraries/Source/WWVegas/WWLib/stlport_wide_get_base_or_zero.cpp,no,0,0,1,0
Code/Libraries/Source/WWVegas/WWLib/stlport_wide_get_decimal_long.cpp,yes,0,0,0,0
Code/Libraries/Source/WWVegas/WWLib/stlport_wide_get_decimal_long_double.cpp,no,1,0,1,0
Code/Libraries/Source/WWVegas/WWLib/stlport_wide_get_decimal_reader.cpp,no,1,0,0,0
Code/Libraries/Source/WWVegas/WWLib/stlport_wide_get_fdigit.cpp,yes,0,0,0,0
Code/Libraries/Source/WWVegas/WWLib/stlport_wide_get_formatted_time.cpp,no,0,0,4,0
Code/Libraries/Source/WWVegas/WWLib/stlport_wide_get_integer_int64.cpp,no,0,0,1,0
Code/Libraries/Source/WWVegas/WWLib/stlport_wide_get_integer_long.cpp,no,0,0,1,0
Code/Libraries/Source/WWVegas/WWLib/stlport_wide_get_integer_long_double.cpp,yes,0,0,0,0
Code/Libraries/Source/WWVegas/WWLib/stlport_wide_get_integer_uint16.cpp,no,0,0,1,0
Code/Libraries/Source/WWVegas/WWLib/stlport_wide_get_integer_uint64.cpp,no,0,0,1,0
Code/Libraries/Source/WWVegas/WWLib/stlport_wide_get_integer_ulong.cpp,no,0,0,1,0
Code/Libraries/Source/WWVegas/WWLib/stlport_wide_get_monetary_value.cpp,no,0,0,2,0
Code/Libraries/Source/WWVegas/WWLib/stlport_wide_ifstream.cpp,no,4,1,16,0
Code/Libraries/Source/WWVegas/WWLib/stlport_wide_initialize_get_float.cpp,yes,0,0,0,0
Code/Libraries/Source/WWVegas/WWLib/stlport_wide_ios.cpp,no,4,1,8,0
Code/Libraries/Source/WWVegas/WWLib/stlport_wide_ios_imbue.cpp,no,4,1,20,0
Code/Libraries/Source/WWVegas/WWLib/stlport_wide_istream.cpp,no,3,1,8,0
Code/Libraries/Source/WWVegas/WWLib/stlport_wide_istreambuf_iterator_equal.cpp,yes,0,0,0,0
Code/Libraries/Source/WWVegas/WWLib/stlport_wide_mismatch.cpp,no,0,0,4,0
Code/Libraries/Source/WWVegas/WWLib/stlport_wide_money_get_long_double.cpp,no,4,0,33,0
Code/Libraries/Source/WWVegas/WWLib/stlport_wide_money_put_long_double.cpp,no,0,1,1,0
Code/Libraries/Source/WWVegas/WWLib/stlport_wide_num_get.cpp,no,1,4,21,0
Code/Libraries/Source/WWVegas/WWLib/stlport_wide_num_get_bool.cpp,no,0,2,5,0
Code/Libraries/Source/WWVegas/WWLib/stlport_wide_num_get_double.cpp,no,0,1,0,0
Code/Libraries/Source/WWVegas/WWLib/stlport_wide_num_get_float.cpp,no,0,1,0,0
Code/Libraries/Source/WWVegas/WWLib/stlport_wide_num_get_long_double.cpp,no,0,1,0,0
Code/Libraries/Source/WWVegas/WWLib/stlport_wide_num_put.cpp,no,3,2,12,0
Code/Libraries/Source/WWVegas/WWLib/stlport_wide_num_put_bool.cpp,no,2,2,9,0
Code/Libraries/Source/WWVegas/WWLib/stlport_wide_num_put_double.cpp,yes,0,0,0,0
Code/Libraries/Source/WWVegas/WWLib/stlport_wide_num_put_long_double.cpp,yes,0,0,0,0
Code/Libraries/Source/WWVegas/WWLib/stlport_wide_num_put_voidptr.cpp,no,0,1,1,0
Code/Libraries/Source/WWVegas/WWLib/stlport_wide_ofstream.cpp,no,4,1,16,0
Code/Libraries/Source/WWVegas/WWLib/stlport_wide_ofstream_name_ctor_0084BF70.cpp,no,0,0,6,0
Code/Libraries/Source/WWVegas/WWLib/stlport_wide_put_float.cpp,yes,0,0,0,0
Code/Libraries/Source/WWVegas/WWLib/stlport_wide_put_integer.cpp,yes,0,0,0,0
Code/Libraries/Source/WWVegas/WWLib/stlport_wide_read_float.cpp,yes,0,0,0,0
Code/Libraries/Source/WWVegas/WWLib/stlport_wide_streambuf.cpp,no,1,1,0,0
Code/Libraries/Source/WWVegas/WWLib/stlport_wide_streambuf_iterators.cpp,yes,0,0,0,0
Code/Libraries/Source/WWVegas/WWLib/stlport_wide_streambuf_pubimbue.cpp,no,1,1,0,0
Code/Libraries/Source/WWVegas/WWLib/stlport_wide_string.cpp,no,2,0,0,0
Code/Libraries/Source/WWVegas/WWLib/stlport_wide_string_allocate_block.cpp,no,1,0,0,0
Code/Libraries/Source/WWVegas/WWLib/stlport_wide_string_append.cpp,no,1,0,3,0
Code/Libraries/Source/WWVegas/WWLib/stlport_wide_string_append_O1.cpp,no,0,0,5,0
Code/Libraries/Source/WWVegas/WWLib/stlport_wide_string_assign_dispatch.cpp,yes,0,0,0,0
Code/Libraries/Source/WWVegas/WWLib/stlport_wide_string_copy_ctor.cpp,no,0,0,1,0
Code/Libraries/Source/WWVegas/WWLib/stlport_wide_string_cstr_ctor.cpp,no,0,0,2,0
Code/Libraries/Source/WWVegas/WWLib/stlport_wide_string_default_ctor.cpp,no,1,0,1,0
Code/Libraries/Source/WWVegas/WWLib/stlport_wide_string_insert_aux.cpp,no,1,0,3,0
Code/Libraries/Source/WWVegas/WWLib/stlport_wide_string_range_init.cpp,yes,0,0,0,0
Code/Libraries/Source/WWVegas/WWLib/stlport_wide_string_range_init_mutable.cpp,no,1,0,0,0
Code/Libraries/Source/WWVegas/WWLib/stlport_wide_string_reserve.cpp,no,1,0,1,0
Code/Libraries/Source/WWVegas/WWLib/stlport_wide_string_uninitialized_copy.cpp,yes,0,0,0,0
Code/Libraries/Source/WWVegas/WWLib/stlport_wide_stringbuf.cpp,no,1,0,1,0
Code/Libraries/Source/WWVegas/WWLib/stlport_wide_time_get_ctor.cpp,yes,0,0,0,0
Code/Libraries/Source/WWVegas/WWLib/stlport_wide_time_get_dtor.cpp,no,0,0,1,0
Code/Libraries/Source/WWVegas/WWLib/stlport_wide_time_get_names.cpp,yes,0,0,0,0
Code/Libraries/Source/WWVegas/WWLib/stlport_wide_time_get_readers.cpp,no,0,2,2,0
Code/Libraries/Source/WWVegas/WWLib/stlport_wide_time_put_ctor.cpp,yes,0,0,0,0
Code/Libraries/Source/WWVegas/WWLib/stlport_wide_time_put_dtor.cpp,no,0,0,2,0
Code/Libraries/Source/WWVegas/WWLib/stlport_write_decimal_backward_64.cpp,no,0,0,1,0
Code/Libraries/Source/WWVegas/WWLib/stlport_write_decimal_backward_long.cpp,no,0,0,1,0
Code/Libraries/Source/WWVegas/WWLib/stlport_write_decimal_backward_u64.cpp,no,0,0,1,0
Code/Libraries/Source/WWVegas/WWLib/stlport_write_formatted_time.cpp,yes,0,0,0,0
Code/Libraries/Source/WWVegas/WWLib/stlport_write_integer_backward.cpp,no,0,0,2,0
Code/Libraries/Source/WWVegas/WWLib/stlport_write_integer_backward_64.cpp,no,0,0,1,0
Code/Libraries/Source/WWVegas/WWLib/stlport_write_integer_backward_int64.cpp,no,0,0,1,0
Code/Libraries/Source/WWVegas/WWLib/straw.cpp,no,0,1,1,0
Code/Libraries/Source/WWVegas/WWLib/straw_get.cpp,no,0,1,1,0
Code/Libraries/Source/WWVegas/WWLib/strdup.cpp,yes,0,0,0,0
Code/Libraries/Source/WWVegas/WWLib/string_base.cpp,no,2,3,0,0
Code/Libraries/Source/WWVegas/WWLib/string_base_clear.cpp,yes,0,0,0,0
Code/Libraries/Source/WWVegas/WWLib/string_base_compare_nocase.cpp,yes,0,0,0,0
Code/Libraries/Source/WWVegas/WWLib/string_base_compare_range.cpp,no,0,2,2,0
Code/Libraries/Source/WWVegas/WWLib/string_base_inline.cpp,no,2,1,2,0
Code/Libraries/Source/WWVegas/WWLib/string_base_peek.cpp,yes,0,0,0,0
Code/Libraries/Source/WWVegas/WWLib/string_base_starts_with_nocase.cpp,no,0,1,1,0
Code/Libraries/Source/WWVegas/WWLib/string_base_vector_dtor.cpp,yes,0,0,0,0
Code/Libraries/Source/WWVegas/WWLib/string_inline.cpp,yes,0,0,0,0
Code/Libraries/Source/WWVegas/WWLib/strtok_r.cpp,no,0,0,1,0
Code/Libraries/Source/WWVegas/WWLib/systimer.cpp,no,0,0,2,0
Code/Libraries/Source/WWVegas/WWLib/thread.cpp,no,3,3,5,0
Code/Libraries/Source/WWVegas/WWLib/trim.cpp,no,0,0,1,0
Code/Libraries/Source/WWVegas/WWLib/unicode_string.cpp,no,1,7,0,0
Code/Libraries/Source/WWVegas/WWLib/vector.cpp,no,2,0,0,0
Code/Libraries/Source/WWVegas/WWLib/vector_class_resize.cpp,yes,0,0,0,0
Code/Libraries/Source/WWVegas/WWLib/vector_class_vector3_ctor.cpp,no,0,0,13,0
Code/Libraries/Source/WWVegas/WWLib/widestring.cpp,no,1,3,3,0
Code/Libraries/Source/WWVegas/WWLib/widestring_free_string.cpp,no,1,2,2,1
Code/Libraries/Source/WWVegas/WWLib/wwfont.cpp,no,1,0,6,0
Code/Libraries/Source/WWVegas/WWLib/wwlib_pod_container_bodies.cpp,yes,0,0,0,0
Code/Libraries/Source/WWVegas/WWLib/wwmath.cpp,yes,0,0,0,0
Code/Libraries/Source/WWVegas/WWLib/wwstring.cpp,no,1,6,4,1
Code/Libraries/Source/WWVegas/WWLib/wwstring_assign_cstr.cpp,no,0,2,1,0
Code/Libraries/Source/WWVegas/WWLib/wwstring_ctor_int_bool.cpp,no,0,2,1,0
Code/Libraries/Source/WWVegas/WWLib/wwstring_ctor_pbd_bool.cpp,no,0,2,1,0
Code/Libraries/Source/WWVegas/WWLib/wwstring_free_string.cpp,no,1,2,2,1
Code/Libraries/Source/WWVegas/WWLib/wwstring_get_string.cpp,no,1,1,1,1
Code/Libraries/Source/WWVegas/WWLib/xpipe.cpp,no,0,0,1,0
Code/Libraries/Source/WWVegas/WWLib/xstraw.cpp,no,0,0,1,0
Code/Libraries/Source/WWVegas/WWLib/xsurface.cpp,no,2,0,0,0
Code/Libraries/Source/WWVegas/WWMath/AABTreeCullO1Inlines.cpp,no,0,0,14,0
Code/Libraries/Source/WWVegas/WWMath/ColMathPlaneGetFarExtent.cpp,no,0,1,1,0
Code/Libraries/Source/WWVegas/WWMath/CollisionMathLineBox.cpp,no,0,0,3,0
Code/Libraries/Source/WWVegas/WWMath/CollisionMathMovingAABox.cpp,no,0,0,2,0
Code/Libraries/Source/WWVegas/WWMath/GridCullSystemDeletingDtor.cpp,no,0,1,2,0
Code/Libraries/Source/WWVegas/WWMath/GridCullSystemDtor.cpp,no,0,1,3,0
Code/Libraries/Source/WWVegas/WWMath/GridLinkPoolAllocateObjectMemory.cpp,no,1,0,2,0
Code/Libraries/Source/WWVegas/WWMath/LineSegVectorCtor.cpp,no,0,1,1,0
Code/Libraries/Source/WWVegas/WWMath/Matrix3DTransformAABox.cpp,no,0,2,2,0
Code/Libraries/Source/WWVegas/WWMath/Matrix3DUnmatchedSSE.cpp,no,0,9,29,0
Code/Libraries/Source/WWVegas/WWMath/Matrix3D_Set_Matrix3_Vector3.cpp,no,0,1,2,0
Code/Libraries/Source/WWVegas/WWMath/Matrix3RowsCtorO1.cpp,no,0,0,2,0
Code/Libraries/Source/WWVegas/WWMath/PlaneTwoVectorCtorO1.cpp,no,0,0,2,0
Code/Libraries/Source/WWVegas/WWMath/Rva0007671FCtor.cpp,no,0,0,1,0
Code/Libraries/Source/WWVegas/WWMath/Rva009F4070DistanceSquared.cpp,yes,0,0,0,0
Code/Libraries/Source/WWVegas/WWMath/Rva009F40A0DistanceSquared.cpp,yes,0,0,0,0
Code/Libraries/Source/WWVegas/WWMath/SphereClassAddSphere.cpp,no,0,1,4,0
Code/Libraries/Source/WWVegas/WWMath/SphereClassReCenter.cpp,no,0,0,5,0
Code/Libraries/Source/WWVegas/WWMath/U4RotateYMatrix3.cpp,no,0,0,3,0
Code/Libraries/Source/WWVegas/WWMath/Vector2_Normalize.cpp,no,0,1,0,0
Code/Libraries/Source/WWVegas/WWMath/Vector3HollowSphereRandomizerClassID.cpp,no,0,1,0,0
Code/Libraries/Source/WWVegas/WWMath/Vector3HollowSphereRandomizerClone.cpp,no,1,1,2,0
Code/Libraries/Source/WWVegas/WWMath/Vector3RandomizerDeletingDestructors.cpp,no,0,1,2,0
Code/Libraries/Source/WWVegas/WWMath/Vector3SolidSphereRandomizerClone.cpp,no,1,1,2,0
Code/Libraries/Source/WWVegas/WWMath/Vector3SolidSphereRandomizerExtent.cpp,no,0,1,0,0
Code/Libraries/Source/WWVegas/WWMath/WWMathInit.cpp,no,0,0,1,0
Code/Libraries/Source/WWVegas/WWMath/WWMathO1Inlines.cpp,no,0,0,3,0
Code/Libraries/Source/WWVegas/WWMath/aabox.cpp,no,0,0,1,0
Code/Libraries/Source/WWVegas/WWMath/aabtreecull.cpp,no,0,2,2,0
Code/Libraries/Source/WWVegas/WWMath/bfme2_quaternion_nlerp.cpp,yes,0,0,0,0
Code/Libraries/Source/WWVegas/WWMath/colmath.cpp,yes,0,0,0,0
Code/Libraries/Source/WWVegas/WWMath/colmathaabox.cpp,no,1,0,3,0
Code/Libraries/Source/WWVegas/WWMath/colmathaabtri.cpp,no,0,0,4,0
Code/Libraries/Source/WWVegas/WWMath/colmathfrustum.cpp,no,0,0,2,0
Code/Libraries/Source/WWVegas/WWMath/colmathline.cpp,no,0,0,2,0
Code/Libraries/Source/WWVegas/WWMath/colmathobbobb.cpp,no,0,0,4,0
Code/Libraries/Source/WWVegas/WWMath/colmathobbox.cpp,no,0,0,2,0
Code/Libraries/Source/WWVegas/WWMath/colmathobbtri.cpp,no,0,0,4,0
Code/Libraries/Source/WWVegas/WWMath/colmathplane.cpp,no,0,0,2,0
Code/Libraries/Source/WWVegas/WWMath/colmathsphere.cpp,no,1,0,5,0
Code/Libraries/Source/WWVegas/WWMath/color.cpp,no,0,2,0,0
Code/Libraries/Source/WWVegas/WWMath/color_rgbcolor_ctor.cpp,yes,0,0,0,0
Code/Libraries/Source/WWVegas/WWMath/coord2d.cpp,no,0,3,0,0
Code/Libraries/Source/WWVegas/WWMath/coord2d_rotate.cpp,yes,0,0,0,0
Code/Libraries/Source/WWVegas/WWMath/coord3d.cpp,no,0,7,0,0
Code/Libraries/Source/WWVegas/WWMath/coord3d_crossproduct.cpp,yes,0,0,0,0
Code/Libraries/Source/WWVegas/WWMath/coord3d_lengthestimate.cpp,yes,0,0,0,0
Code/Libraries/Source/WWVegas/WWMath/cullsys.cpp,no,1,0,2,0
Code/Libraries/Source/WWVegas/WWMath/curve.cpp,no,4,0,7,0
Code/Libraries/Source/WWVegas/WWMath/frustum.cpp,no,0,0,11,0
Code/Libraries/Source/WWVegas/WWMath/frustum_copy.cpp,no,0,0,2,0
Code/Libraries/Source/WWVegas/WWMath/frustum_init.cpp,no,0,0,6,0
Code/Libraries/Source/WWVegas/WWMath/gridcull.cpp,no,0,1,2,0
Code/Libraries/Source/WWVegas/WWMath/icoord.cpp,yes,0,0,0,0
Code/Libraries/Source/WWVegas/WWMath/lineseg.cpp,no,0,0,6,0
Code/Libraries/Source/WWVegas/WWMath/lookuptable.cpp,no,3,2,1,0
Code/Libraries/Source/WWVegas/WWMath/matrix3.cpp,no,0,0,4,0
Code/Libraries/Source/WWVegas/WWMath/matrix3d.cpp,no,0,13,2,0
Code/Libraries/Source/WWVegas/WWMath/matrix3d_equal.cpp,no,0,0,1,0
Code/Libraries/Source/WWVegas/WWMath/matrix3d_inverse.cpp,no,0,0,3,0
Code/Libraries/Source/WWVegas/WWMath/matrix3d_multiply.cpp,no,0,0,1,0
Code/Libraries/Source/WWVegas/WWMath/matrix4.cpp,no,0,0,1,0
Code/Libraries/Source/WWVegas/WWMath/matrix4_notequal.cpp,no,0,0,1,0
Code/Libraries/Source/WWVegas/WWMath/matrix4d.cpp,yes,0,0,0,0
Code/Libraries/Source/WWVegas/WWMath/matrix4d_axis_angle.cpp,yes,0,0,0,0
Code/Libraries/Source/WWVegas/WWMath/matrix4x4.cpp,no,0,0,2,0
Code/Libraries/Source/WWVegas/WWMath/obbox.cpp,no,1,0,3,0
Code/Libraries/Source/WWVegas/WWMath/ode.cpp,no,0,0,1,0
Code/Libraries/Source/WWVegas/WWMath/plane_set.cpp,no,0,1,6,0
Code/Libraries/Source/WWVegas/WWMath/quat.cpp,no,1,1,6,0
Code/Libraries/Source/WWVegas/WWMath/quat_BuildMatrix3.cpp,no,0,0,1,0
Code/Libraries/Source/WWVegas/WWMath/quat_BuildMatrix4.cpp,no,0,0,1,0
Code/Libraries/Source/WWVegas/WWMath/region.cpp,no,0,7,0,0
Code/Libraries/Source/WWVegas/WWMath/slerp_setup.cpp,no,0,1,2,0
Code/Libraries/Source/WWVegas/WWMath/tcbspline.cpp,no,15,0,5,0
Code/Libraries/Source/WWVegas/WWMath/tri.cpp,no,0,0,2,0
Code/Libraries/Source/WWVegas/WWMath/tri_compute_normal.cpp,no,0,0,6,0
Code/Libraries/Source/WWVegas/WWMath/v3_rnd.cpp,no,1,5,1,0
Code/Libraries/Source/WWVegas/WWMath/vector3.cpp,no,0,0,16,0
Code/Libraries/Source/WWVegas/WWMath/vehiclecurve.cpp,no,3,0,4,0
Code/Libraries/Source/WWVegas/WWMath/vp.cpp,no,0,0,2,0
Code/Libraries/Source/WWVegas/WWMath/wwmath.cpp,yes,0,0,0,0
Code/Libraries/Source/WWVegas/WWSaveLoad/Rva0093E4D0VectorResize.cpp,no,2,0,0,0
Code/Libraries/Source/WWVegas/WWSaveLoad/twiddler.cpp,no,11,0,9,0
Code/Libraries/Source/WWVegas/wwshade/ShdDefFactoryClassDelete.cpp,no,1,0,0,0
Code/Libraries/Source/assetmanager/Rva009EF6B0.cpp,no,2,0,0,0
Code/Libraries/Source/assetmanager/assetmanager_impl.cpp,no,6,0,13,0
Code/Libraries/Source/assetmanager/q1_registry_forwards.cpp,yes,0,0,0,0
Code/Libraries/Source/debug/BfmeDebugFlag9F57.cpp,yes,0,0,0,0
Code/Libraries/Source/debug/DebugAllocMemory.cpp,no,1,2,1,0
Code/Libraries/Source/debug/DebugIOConConstructor.cpp,no,0,1,2,0
Code/Libraries/Source/debug/DebugIOConDestructorThunk.cpp,no,0,1,2,0
Code/Libraries/Source/debug/DebugReAllocMemory.cpp,no,1,2,1,0
Code/Libraries/Source/debug/Debug_FrameCommands.cpp,no,1,0,0,0
Code/Libraries/Source/debug/Rva00889300DebugForwarders.cpp,no,1,0,0,0
Code/Libraries/Source/debug/debug_debug.cpp,no,2,14,2,0
Code/Libraries/Source/debug/debug_internal.cpp,no,0,2,0,0
Code/Libraries/Source/debug/debug_io_con.cpp,no,1,2,1,0
Code/Libraries/Source/debug/debug_io_ods.cpp,no,1,3,1,0
Code/Libraries/Source/profile/ProfileClockCycles.cpp,yes,0,0,0,0
Code/Libraries/Source/profile/ProfileCmdAddResultFunction.cpp,no,2,0,0,0
Code/Libraries/Source/profile/ProfileFuncLevelTracerFrameEnd.cpp,no,0,0,0,1
Code/Libraries/Source/profile/ProfileHookGate.cpp,no,0,0,0,1
Code/Libraries/Source/profile/ProfileIdFrames.cpp,no,6,0,1,0
Code/Libraries/Source/profile/ProfileReAllocMemory.cpp,no,1,1,0,0
Code/Libraries/Source/profile/ProfileRemovePatternEntry.cpp,no,2,0,0,0
Code/Libraries/Source/profile/ProfileResultCreate.cpp,yes,0,0,0,0
Code/Libraries/Source/profile/ProfileSmallFunctions.cpp,no,4,0,0,0
Code/Libraries/Source/profile/ProfileStartRange.cpp,no,6,1,0,0
Code/Libraries/Source/profile/ProfileStopRange.cpp,no,4,0,0,0
Code/Libraries/Source/profile/profile_alloc_memory.cpp,no,1,2,0,0
Code/Libraries/Source/profile/profile_cmd_run_result_functions.cpp,no,0,1,0,0
Code/Libraries/Source/profile/profile_result_deletes.cpp,yes,0,0,0,0
Code/Libraries/Source/profile/profile_result_filecsv_ctor.cpp,no,3,0,0,0
Code/Libraries/Source/profile/profile_result_filedot_ctor.cpp,no,2,0,0,0
Code/Libraries/Source/profile/profile_result_filegtt_ctor.cpp,no,3,0,0,0
Code/Libraries/Source/string/StringBaseWideScan.cpp,yes,0,0,0,0
Code/Libraries/Source/subsystem/SubsystemInterface.cpp,no,9,5,4,0
Code/Libraries/Source/subsystem/SubsystemInterfaceCopy.cpp,no,1,1,1,0
Code/Libraries/Source/subsystem/SubsystemInterfaceSetName.cpp,no,0,1,1,0
Code/Libraries/Source/xfer/Rva0060C5FACtor.cpp,no,0,0,0,1
Code/Libraries/Source/xfer/XferSaveChain.cpp,yes,0,0,0,0
Code/Libraries/Source/xfer/XferSaveDeletingDtor.cpp,no,3,0,0,0
Code/Libraries/Source/xfer/XferSaveOpen.cpp,no,0,0,7,0
Code/Libraries/Source/xfer/xfer_crc.cpp,no,1,0,0,0
Code/Libraries/Source/xfer/xfer_load.cpp,no,2,0,0,0
Code/Libraries/Source/xfer/xfer_save.cpp,no,2,0,0,0
Code/gen_small/imports_000.cpp,yes,0,0,0,0
Code/gen_small/uw_gen_000.cpp,no,76,0,0,0
Code/gen_small/uw_gen_001.cpp,no,71,0,0,0
Code/gen_small/uw_gen_002.cpp,no,2,0,0,0
Code/gen_small/uw_gen_003.cpp,no,3,0,0,0
Code/gen_small/uw_gen_004.cpp,no,5,0,0,0
Code/gen_small/uw_gen_005.cpp,no,37,0,0,0
Code/gen_small/uw_gen_006.cpp,no,76,0,0,0
Code/gen_small/uw_gen_007.cpp,no,2,0,0,0
Code/gen_small/uw_gen_008.cpp,no,113,0,0,0
Code/gen_small/uw_gen_009.cpp,no,71,0,0,0
Code/gen_small/uw_gen_010.cpp,no,249,0,0,0
Code/gen_small/uw_gen_011.cpp,no,111,0,0,0
Code/gen_small/uw_gen_012.cpp,no,2,0,0,0
Code/gen_small/uw_gen_013.cpp,no,133,0,0,0
Code/gen_small/uw_gen_014.cpp,no,173,0,0,19
Code/stlport/BasicStringNarrowSizeCtor.cpp,no,0,0,1,0
Code/stlport/CtypeCharFindIf.cpp,yes,0,0,0,0
Code/stlport/CtypeCharFindIfNot.cpp,yes,0,0,0,0
Code/stlport/FileSizeHelper.cpp,yes,0,0,0,0
Code/stlport/LocaleTimeDestroy.c,yes,0,0,0,0
Code/stlport/NarrowFilebufInputError.cpp,no,0,0,1,0
